:10000000000204000000000000260000042600009A
:10001000082600000C260000102600000026000024
:10002000002600000026000014260000182600000C
:100030001C260000202600000026000024260000C8
:10004000282600002C260000302600003426000060
:10005000382600003C260000402600004426000010
:100060000026000000260000482600004C26000064
:1000700050260000542600005826000000260000EC
:100080000026000000260000002600005C2600007C
:100090006026000064260000682600006C26000030
:1000A0007026000074260000782600007C260000E0
:1000B0000026000000260000002600008026000028
:1000C0008426000088260000002600008C26000000
:1000D00000260000002600000026000090260000F8
:1000E00000260000002600000026000094260000E4
:1000F00098260000002600000026000000260000D0
:100100000026000000260000002600000026000057
:100110000026000000260000002600000026000047
:100120009C2600000026000000260000A0260000FB
:10013000A4260000A82600000026000000260000DB
:100140000026000000260000AC260000002600006B
:100150000026000000260000002600000026000007
:1001600000260000002600000026000000260000F7
:1001700000260000002600000026000000260000E7
:1001800000260000002600000026000000260000D7
:1001900000260000002600000026000000260000C7
:1001A00000260000002600000026000000260000B7
:1001B00000260000002600000026000000260000A7
:1001C0000026000000260000002600000026000097
:1001D0000026000000260000002600000026000087
:1001E0000026000000260000002600000026000077
:1001F0000026000000260000002600000026000067
:100200000000000000000000441B0000441B000030
:10021000441B0000441B0000441B0000441B000062
:10022000441B0000441B0000441B0000441B000052
:10023000441B0000441B0000441B0000441B000042
:10024000441B0000441B0000441B0000441B000032
:10025000441B0000441B0000441B0000441B000022
:10026000441B0000441B0000441B0000441B000012
:10027000441B0000441B0000441B0000441B000002
:10028000441B0000441B0000441B0000441B0000F2
:10029000441B0000441B0000441B0000441B0000E2
:1002A000441B0000441B0000441B0000441B0000D2
:1002B000441B0000441B0000441B0000441B0000C2
:1002C000441B0000441B0000441B0000441B0000B2
:1002D000441B0000441B0000441B0000441B0000A2
:1002E000441B0000441B0000441B0000441B000092
:1002F000441B0000441B0000441B0000441B000082
:10030000441B0000441B0000441B0000441B000071
:10031000441B0000441B0000441B0000441B000061
:10032000441B0000441B0000441B0000441B000051
:10033000441B0000441B0000441B0000441B000041
:10034000441B0000441B0000441B0000441B000031
:10035000441B0000441B0000441B0000441B000021
:10036000441B0000441B0000441B0000441B000011
:10037000441B0000441B0000441B0000441B000001
:10038000441B0000441B0000441B0000441B0000F1
:10039000441B0000441B0000441B0000441B0000E1
:1003A000441B0000441B0000441B0000441B0000D1
:1003B000441B0000441B0000441B0000441B0000C1
:1003C000441B0000441B0000441B0000441B0000B1
:1003D000441B0000441B0000441B0000441B0000A1
:1003E000441B0000441B0000441B0000441B000091
:1003F000441B0000441B0000441B0000441B000081
:100400008FE320000E7F22000E0188000000000014
:10041000000020000000E000020032000001200087
:1004200020028800140007009C0007000000E00084
:1004300003003A00C0A6210001002000020037009E
:100440000000200001002000810F70000100320038
:1004500014000700000020000000E000020032004D
:1004600000000200000000001E1702000000000053
:100470000040DA000000FE004440A9008002200095
:100480000000E0000300320000002000A00188000E
:100490004440A800000006008A1F78008B1F7800E7
:1004A0000000060091018800800478000000EB0045
:1004B0001A003700E284440032A0B4009905BA0063
:1004C000E284440032A0B4009906BA00E2844400F9
:1004D00032A0B4000006EB00476FDE00FD07B2005B
:1004E000636CE10003003A00EBFF07000000EB0043
:1004F0000A003700606CE10004003A00005DEB0088
:100500008B05E900FDFF3E00040037006168E10053
:10051000010032000086EB000B00070019C7BA008B
:100520001905BA000E04E00003003A000A00E000DA
:10053000E0FF3A0000000600FE07B2009E018800BE
:100540008A047800F5FF3700395DBA008B05E900B1
:100550000C003200295DBA008B05E900080032006A
:100560000C00E00003003A00E284440032A0B40032
:10057000F5FF370019DDBA008B05E900FAFF3A00F4
:100580008904E800E184440032A0B40000000600C1
:100590003600F800809FBE00829FBE00849FBE0090
:1005A000869FBE000000FA008020A9000000EB003A
:1005B000060C07000080FA004F03BE004F02BE0089
:1005C0004F01BE004F00BE003600F900004006009B
:1005D0003600F800809FBE00829FBE00849FBE0050
:1005E000869FBE000000FA00FF0B07008040A900B4
:1005F00010002000F50B07000080FA004F03BE003A
:100600004F02BE004F01BE004F00BE003600F90091
:10061000004006003600F800809FBE00829FBE00AA
:10062000849FBE00869FBE000000FA008060A90083
:1006300020002000E50B07000080FA004F03BE00F9
:100640004F02BE004F01BE004F00BE003600F90051
:10065000004006003600F800809FBE00829FBE006A
:10066000849FBE00869FBE000000FA008080A90023
:1006700030002000D50B07000080FA004F03BE00B9
:100680004F02BE004F01BE004F00BE003600F90011
:10069000004006000040DA000000FE0000000500F7
:1006A0008001780002003700B15978000201E900AA
:1006B0000200E000FCFF3A00000006008001780024
:1006C00081027800810F50003B003200028240001E
:1006D000840F50000300310002024000848F50005C
:1006E00001003900EEFF370000826800810F5000E2
:1006F0001B0031000408A30005003200150037007C
:100700000200E0002C0032000201E900B15978003B
:100710000308A300FAFF3A0003037800820278007E
:100720000102780002003700B41978000281E90064
:10073000E10F5100FCFF3E00618162000500A10055
:10074000850143008582400002003700B5597800DA
:100750000201E9000200E000FCFF3A000000060090
:100760000408A30012003A00040037000200E00071
:10077000110032000201E90061707900820140003D
:100780000308A300F9FF3A00820178000200370055
:100790000281E90061307900E10F5100FCFF3E0069
:1007A00061816100020037000201E9006170790097
:1007B0000200E000FCFF3A0000000600889FBE0037
:1007C0008A9FBE00800478000200E0005B003200D7
:1007D00001407800814C780082814400F1F99F004B
:1007E000E20F51005500360091449800A144980052
:1007F000E1F99F00D1F99F00E60F51004F0036004C
:10080000B1449800C1F99F00E80F51004B00360039
:100810000905EA00630565000A8444000A055100E1
:10082000C1FF2F00010565000080FB008000EB0088
:10083000121020001310200044000700008CBE009E
:100840000A01440060B99F0071B99F00E80F55008C
:100850003A003600200498003104980040049800C3
:100860005104980020B99F0031B99F0040B99F0002
:1008700051B99F00F80F5500300036006004980011
:1008800071049800000C9800110C9800200C98003E
:10089000310C9800400C9800510C980020B19F003A
:1008A00031B19F0040B19F0051B19F0060B19F00E6
:1008B00071B19F0000B99F0011B99F0064016400ED
:1008C0007801410002044400020555006011B8009F
:1008D0000203BE000002BE000403BE006022B80096
:1008E0000000720081807200020173008381730036
:1008F00010003700009CBE000294BE004004980027
:10090000510498006204980073049800000C980049
:10091000110C9800220C9800330C9800400C9800A1
:10092000510C9800620C9800730C98000A02B100F8
:100930000802B000FF0F5500EEFF3E0009007800EE
:100940004F05BE004F04BE0000000600020AB900B9
:10095000001BB9000200B800810042008100430082
:10096000000006000B08000000000000000000006E
:100970000000000000000000000100000024000052
:1009800000000000FE9F00000000000009000000C1
:100990000000000000000000000000000000000057
:1009A00000010000002400000000000000240000FE
:1009B000000000000000FA0010C0B3005F00070054
:1009C0000080FA00000006000600FA00881F780088
:1009D000C8090700000F78001E0078000000E00042
:1009E00002003A0010002000480037001E00780086
:1009F000EA0F500002003E002000200043003700B4
:100A00000000EB007B090700204798001000200041
:100A1000780907000084FB0020002000750907000A
:100A20000080FB004800DD00000044006B00400037
:100A300020079800AE00900000102000808F50002A
:100A4000060036002E409000E34F500003003200B5
:100A5000D00F2000430007002C0037002E409000EC
:100A60000080FB00E30F50001B003200E30F50003A
:100A700007003C00E10F500013003200E10F50006E
:100A80000F003C000000E000110032001D003700A4
:100A9000E90F500012003200E90F500003003C0043
:100AA000E80F50001100320016003700EA0F500026
:100AB00010003200EB0F5000100032001100370020
:100AC0001A01070011003700A90107000F003700C5
:100AD000360007000D0037009C0007000B003700B0
:100AE0007D0007000000EB0008003700FF01070051
:100AF00006003700A402070004003700C302070005
:100B000002003700F00F2000160007004F047800A5
:100B10000080FA00000006000200FA000040EB002E
:100B200006000700C0402200000F78001E00780079
:100B3000000001000080FA00000006000200FA0038
:100B4000004F78001E80FB004F00DD001104800084
:100B500001F0A10001007000100488000080FA007C
:100B6000000006000E00FA0060079800B1002000A7
:100B700040D120002B090700B200200041D1200005
:100B80000E007800C6FE07006E009000004078005E
:100B9000304F9800C10020000E0078003D0907008A
:100BA000300020000080FA00000006002600FA0055
:100BB00011000900001FEB00005FEB005E02B100B6
:100BC000DE009000F00F2000008060000090A00088
:100BD00050079800EE00900000F02F0000806000A9
:100BE0000000A00060079800EE009000F00F2000C9
:100BF0000080600060079800FE00900000F02F0069
:100C0000008060000000A000700798008E0890002F
:100C1000F00F20008080600000602500010070005F
:100C2000000F98009E08900000F02F008080600068
:100C30004003200001007000100F9800BE089000D3
:100C4000F00F20000080600000A0A000300F98008E
:100C5000CE08900000F02F0000806000400F980048
:100C60002D060700F10F200081006000C808DD009C
:100C7000AE099000F20F20000281610082807000B6
:100C8000210F9800C800DE00F00F200000806000F7
:100C90003E09900001F02F0081006100010070000A
:100CA000300F9800B100200040D12000DD0807007F
:100CB000510220000E007800F60807000000EB004B
:100CC0000080FA00000006000000FA000000FE00AC
:100CD0000080FA00000006000C00FA00604C2800BA
:100CE0008E007800B0187800A0107800E4804000F2
:100CF00064004000B0187800A0107800E480400044
:100D000064004000B0187800A0107800E480400033
:100D100064004000B100200040D12000C10807005D
:100D2000C10020000E007800DA0807000CC8BF00E0
:100D30000004E000020032004007A9004027A9009B
:100D4000E1FF07000080FA00000006000E00FA0034
:100D5000881F780040D12000000F7800B1002000EB
:100D600040D12000AF0807000E80E800B20020004C
:100D700041D120004AFE0700E0CFB300504F980059
:100D80001116800000082000008060000000E000D4
:100D900003003200B0CFB300504F98002F0037004F
:100DA0001E007800B04090008180FB00404290001F
:100DB0000482FB004822DD0084807000010178007D
:100DC000D04090008180FB00604090000080FB00DC
:100DD0004800DD0000807000800178001E0078006F
:100DE000904090008180FB00204090000080FB003C
:100DF0004800DD00008070006103B8001E0278002A
:100E0000F44290008582FB00044C90000884FB00B3
:100E10004844DD008882720005007800944A900002
:100E20008582FB00244A90000482FB004822DD00FA
:100E300004827200840078000202BE000601BE0037
:100E4000290507000000E00004003A0010C0B300CC
:100E5000504F980010C0B3000CE8B7000E80E800B7
:100E6000C10020008B0807001E017800B2419000ED
:100E70008381FB00424290000482FB004822DD0097
:100E80008481710003007800D24190008381FB00CF
:100E9000624190000281FB004811DD000281710077
:100EA000820078000081EA008181EA001E0078005B
:100EB000F10F20008100610030429000604262002A
:100EC0008140720031409800C810DE00404290001E
:100ED000604262008140720041409800F10F2000A2
:100EE0008180610050429000604262008140720047
:100EF00051409800C818DE006041900060416100D8
:100F000081407100614098005E489000E14F5000C0
:100F100002003A000000EB00010037003000200022
:100F20004F0478000080FA00000006001000FA006C
:100F3000889FBE0040D12000000F780020002000D4
:100F40002C0807000080FB004800DD001007980017
:100F500010002000270807000080FB009E00900082
:100F60000100700010079800620807009E009000C2
:100F7000EB804000810F5000020031002000200073
:100F8000780037001E0090006B0040008000780061
:100F900040D120002308070064004700B200200071
:100FA00041D12000BEFD070010C0B300704F980073
:100FB0001116800000082000008060000000E000A2
:100FC00003003200B0CFB300704F980034003700F8
:100FD0009E009000500F2000808F50002E003E0099
:100FE0001E007800B04090008180FB0040429000DD
:100FF0000482FB004822DD0084807000010178003B
:10100000D04090008180FB00604090000080FB0099
:101010004800DD0000807000800178009E007800AC
:10102000EB8240001E0090006104B8001E027800B0
:10103000744390000683FB00844B90008783FB0081
:10104000C83BDD000703730006007800144B9000D6
:101050000683FB00244A90000482FB004822DD0046
:1010600004027300840078000203BE0005027800C9
:101070000801BE00F10307000000E0000300320099
:10108000E0CFB300704F98000500370010C0B300E8
:101090000CE8B70002003700E0CFB300704F9800B3
:1010A00064004700C1002000FA0707001E01780015
:1010B000B24190008381FB00424290000482FB0019
:1010C0004822DD008481710003007800D241900045
:1010D0008381FB00624190000281FB004811DD002A
:1010E00002817100820078000081EA008181EA00BB
:1010F0001E007800F10F2000810061003042900056
:10110000604262008140720031409800C810DE00E9
:10111000404290006042620081407200414098006D
:10112000F10F200081806100504290006042620017
:101130008140720051409800C818DE006041900064
:101140006041610081407100614098007E489000DC
:10115000E14F500002003A000000EB0001003700B0
:10116000300020004F04BE000080FA00000006009E
:101170000401FA0040D12000000F7800B1002000E7
:1011800040D12000A707070064004700B2002000FC
:1011900041D1200042FD07001E00780090409000E1
:1011A0008180FB00204090000080FB004800DD00B3
:1011B0000080700080007800400F2000808F500079
:1011C0002E003E001E017800F24190008381FB005A
:1011D000024A90000482FB004822DD0084817100F5
:1011E00003007800924990008381FB00224990001F
:1011F0000281FB004811DD0002817100820078004D
:101200001E017800924190008381FB0022419000F2
:101210000281FB004811DD00028171008001EB00BA
:10122000640247006C0342000002BE000600780022
:10123000E0030700100798001E0090000000E00087
:1012400003003A0010C0B300704F9800150037003B
:10125000E0CFB300704F9800AE009000F00F200078
:101260000080600020079800BE00900000F02F0072
:1012700000806000300798000A003700E0CFB3001C
:10128000704F9800AE009000F00F200000806000CA
:1012900020079800BE00900000F02F000080600042
:1012A000300798002E0090004800DE003E019000BC
:1012B000F10F200081006100C808DD00010070000E
:1012C000EC00400064004700720707007E48900071
:1012D000E14F500002003A000000EB00010037002F
:1012E000300020000080FA00000006001A00FA001A
:1012F000889FBE008A9FBE0040D120003007980022
:101300006000B800008FBE00B100200040D1200076
:101310004407070068004700B200200041D12000C8
:10132000DFFC07003E019000F24190008381FB004A
:10133000024A90000482FB004822DD008481710093
:1013400003007800924990008381FB0022499000BD
:101350000281FB004811DD000281710082007800EB
:101360003E019000924190008381FB002241900059
:101370000281FB004811DD00028171000201D100F1
:101380008001EB00000041008180490061025000B3
:10139000E08258003E019000F24190008381FB0002
:1013A000024B90000683FB004833DD00868171000C
:1013B00003007800924990008381FB00224990004D
:1013C0000281FB004811DD0002817100820078007B
:1013D0000401BE00040307000004E00053003200D3
:1013E0000000EB00200798003D0037003E01900010
:1013F000F24190008381FB00024A90000482FB00CE
:101400004822DD0084817100030078009249900039
:101410008381FB00224990000281FB004811DD001E
:1014200002817100820078002E0190000201D1003B
:101430008001EB00000041008180490076034700F5
:101440000002BE00420020000300200006007800D9
:10145000580307003E099000CE099000F0FF2F00CE
:10146000010020000202780003017800800178006A
:10147000810078000300620081006100810478002F
:10148000000478000802BE003E089000CE089000DC
:101490004009DE0003002000F00F200001002000C2
:1014A0000203780003017800800178008100780051
:1014B0000300630081006100810578000005780069
:1014C0000A00BE0004004000858048001E0F400056
:1014D0005E9748002E0090006400400020079800AE
:1014E0003E009000904090008180FB0020409000E2
:1014F0000080FB004800DD00008070008000780064
:101500002E009000808F5000B8FF3E001E00780033
:10151000200F980010C0B3003057980068004700B3
:10152000E1002000DB0607000D003700E0CFB3002C
:1015300030579800CE009000F00F2000008060002F
:1015400040079800DE00900000F02F00008060004F
:101550005007980068004700C1002000CD06070032
:101560003E509000E14F500002003A000000EB00B6
:1015700001003700300020004F05BE004F04BE00C0
:101580000080FA00000006000E00FA00B100200002
:101590000E007800A30607000000EB0030040700EF
:1015A0000004A2000004E00003003200C0CFB3003A
:1015B000304F98000200370010C0B300304F980041
:1015C0009E007800F00F200000806000000F78007F
:1015D0009E00900000F02F0000806000100798002F
:1015E000C10020000E007800AA0607003E489000C7
:1015F000E14F500002003A000000EB00010037000C
:10160000300020000080FA00000006001400FA00FC
:10161000214B280009000900311F78004E01B1005C
:10162000B100200040D120007E06070041012000CB
:101630000E007800970607000000EB000080FA001B
:10164000000006000000000000000000AB410000A8
:1016500041810000FDC20000C383000056830000EA
:101660008202000051C40000C6860000FA85000016
:1016700087070000AC0600000505000007470000D2
:101680004484000009C90000CC8C0000A28800003E
:101690008D0D0000F40B00000F0F00005F4A0000EA
:1016A0004E8E0000580D00000A0A0000F34C0000A6
:1016B0004B8B0000A5CF0000C98900000E8E0000F2
:1016C00088080000B9D30000D898000012920000EA
:1016D00099190000441100001B1B0000EF5000008E
:1016E0005A9A0000E81700001E1E00004356000032
:1016F0005F9F000015D50000DD9D0000BE94000036
:101700009C1C0000B01A0000141400001B5B0000B9
:10171000559500004DD80000D7970000E6990000CD
:1017200096160000E1DE0000D29200004A9F000001
:10173000931300001C1C000011110000B75D000095
:1017400050900000D9E60000F0B0000072A7000041
:10175000B131000024240000333300008F65000005
:1017600072B20000882200003636000023630000B9
:1017700077B7000075E00000F5B50000DEA10000BD
:10178000B4340000D02F00003C3C00007B6E000011
:101790007DBD00002DED0000FFBF000086AC000005
:1017A000BE3E000081EB0000FABA00002AAA000049
:1017B000BB3B00007C29000039390000D7680000DD
:1017C00078B800006035000028280000CB740000C5
:1017D00069A900009DF70000EBAB000036B60000E1
:1017E000AA2A000031F10000EEAE00009AB000001D
:1017F000AF2F0000CC3300002D2D000067720000D9
:101800006CAC000069FC0000E4A40000C2BD000054
:10181000A5250000943E0000272700003F7F000020
:1018200066A60000383800002222000093790000EC
:1018300063A30000C5FA0000E1A100006EBB000038
:10184000A0200000198C0000A0E00000B2CD000034
:10185000E1610000E44E0000636300004F0F0000F0
:1018600022E200004848000066660000E30900002C
:1018700027E70000B58A0000A5E500001ECB0000A8
:10188000E4640000104500006C6C0000BB04000024
:101890002DED0000ED870000AFEF000046C6000010
:1018A000EE6E000041810000AAEA0000EAC00000DC
:1018B000EB6B0000BC4300006969000017020000E8
:1018C00028E80000A05F0000787800000B1E0000F0
:1018D00039F900005D9D0000BBFB0000F6DC000054
:1018E000FA7A0000F19B0000BEFE00005ADA000008
:1018F000FF7F00000C5900007D7D0000A71800004C
:101900003CFC0000A9960000B4F4000002D70000DF
:10191000F57500005454000077770000FF150000B3
:1019200036F60000F85200007272000053130000F7
:1019300033F3000005900000B1F10000AED10000CB
:10194000F0700000C06A0000505000006B2B0000D7
:1019500011D100003DA8000093D3000096E90000DB
:10196000D252000091AE000096D600003AEF00007F
:10197000D75700006C6C000055550000C72D0000C3
:1019800014D40000C9A300009CDC000062E2000047
:10199000DD5D0000346100005F5F00009F200000FB
:1019A0001EDE0000986700005A5A0000332600002F
:1019B0001BDB000065A5000099D90000CEE4000003
:1019C000D858000079B9000088C80000D2F800009B
:1019D000C9490000847B00004B4B00002F3A0000F7
:1019E0000ACA0000287D00004E4E0000833C000023
:1019F0000FCF0000D5BF00008DCD00007EFE00009F
:101A0000CC4C00007070000044440000DB3100004A
:101A100005C500008DB2000087C7000026F3000056
:101A2000C646000021B4000082C200008AF5000012
:101A3000C3430000DC76000041410000773700001E
:101A400000C000009959000000400000321800005A
:101A500041C10000649B0000C3C30000CFDA000056
:101A600082420000C89D0000C6C6000063DC000082
:101A700087470000355F0000054500009E1E0000FE
:101A800044C4000090900000CCCC00003BD100008A
:101A90008D4D00006D5200000F4F0000C613000076
:101AA0004ECE0000C15400000A4A00006A15000032
:101AB0004BCB00003C960000C9C9000097D700003E
:101AC00088480000208A0000D8D800008BCB000096
:101AD00099590000DD4800001B5B000076090000FA
:101AE0005ADA0000714E00001E5E0000DA0F00009E
:101AF0005FDF00008C8C0000DDDD000027CD0000E2
:101B00009C5C000029430000145400008202000085
:101B100055D50000D4810000D7D700007FC0000059
:101B20009656000078870000D2D20000D3C600008D
:101B30009353000085450000115100002E04000061
:101B400050D0000040BF0000F0F00000EBFE0000AD
:101B5000B1710000BD7D000033730000163C000031
:101B600072F20000117B000036760000BA3A0000E5
:101B700077F70000ECB90000F5F5000047F8000029
:101B8000B4740000497600003C7C0000E23700009D
:101B90007DFD0000B4B40000FFFF00001FF5000051
:101BA000BE7E000018B20000FAFA0000B3F3000095
:101BB000BB7B0000E5700000397900004E31000069
:101BC00078F80000F96C000028680000522D000031
:101BD00069E9000004AE0000EBEB0000AFEF00008D
:101BE000AA6A0000A8A80000EEEE000003E90000C9
:101BF000AF6F0000556A00002D6D0000FE2B000045
:101C00006CEC0000F0A50000E4E400005BE40000E0
:101C1000A56500000D67000027670000A6260000EC
:101C200066E60000A1610000226200000A200000B8
:101C300063E300005CA30000E1E10000F7E20000C4
:101C4000A060000080D50000A0A000002B94000040
:101C5000E12100007D17000063230000D65600003C
:101C600022A20000D1110000662600007A50000078
:101C700027A700002CD30000A5A500008792000034
:101C8000E4240000891C00006C2C0000225D000090
:101C90002DAD000074DE0000AFAF0000DF9F00003C
:101CA000EE2E0000D8D80000AAAA00007399000008
:101CB000EB2B0000251A0000692900008E5B000054
:101CC00028A800003906000078380000924700007C
:101CD00039B90000C4C40000BBBB00006F85000020
:101CE000FA3A000068C20000BEBE0000C3830000D4
:101CF000FF3F0000950000007D3D00003E410000D8
:101D00003CBC000030CF0000B4B400009B8E00004B
:101D1000F5350000CD0D000077370000664C00005F
:101D200036B60000610B000072320000CA4A0000A3
:101D300033B300009CC90000B1B100003788000037
:101D4000F03000005933000050100000F272000023
:101D500011910000A4F10000939300000FB0000067
:101D6000D212000008F7000096960000A3B600000B
:101D7000D7170000F5350000551500005E7400000F
:101D80001494000050FA00009C9C0000FBBB000073
:101D9000DD1D0000AD3800005F1F00000679000067
:101DA0001E9E0000013E00005A1A0000AA7F00009B
:101DB0001B9B0000FCFC00009999000057BD00002F
:101DC000D8180000E0E00000888800004BA1000067
:101DD000C90900001D2200004B0B0000B663000083
:101DE0000A8A0000B12400004E0E00001A650000AF
:101DF0000F8F00004CE600008D8D0000E7A700006B
:101E0000CC0C0000E92900004404000042680000F6
:101E10000585000014EB000087870000BFAA0000C2
:101E2000C6060000B8ED00008282000013AC00007E
:101E3000C3030000452F000041010000EE6E0000CA
:101E400000800000809FBE00821F7800208120005B
:101E5000010020009101880021B220000220200012
:101E60003118BA000201E900FDFF3A004F01780085
:101E70004F00BE00000006003200F800889FBE0040
:101E8000220F0200000000000404BE002800B00081
:101E90000980B0000203BE00248120000600B000CB
:101EA00005003A000700B00003003A000001EB0013
:101EB0008001EB00070037000830E10002003A0023
:101EC0000938E10031003200970188001601BA009C
:101ED0009681BA00C80ADE0082C26A00C22ADD000A
:101EE00085024200C808DD000080FD0081406800D6
:101EF0000040EB00350068009580680081026900B1
:101F0000C82ADE00C22ADD0085024200C808DD00C2
:101F10000080FD00814068000040EB003500680053
:101F200095806800C80ADE0083C26A00C22ADD000C
:101F300085024200C808DD000080FD008140680085
:101F40000040EB00350068009580680081826900E0
:101F5000C82ADE00C22ADD0085024200C808DD0072
:101F60000080FD00814068000040EB003500680003
:101F7000958068002600B0000780B0000830E100BE
:101F8000D1FF3A000938E100CFFF3A004F04BE000C
:101F90003200F900000006000400FA00008FBE00C5
:101FA000F03F2200010020001E01BE00800F510002
:101FB000818F590008003600E0FF29000100200051
:101FC0001E01BE00800F5100818F590002003E00AB
:101FD00010002000010037000000EB0000407800F6
:101FE0000080FA00000006000800FA00008FBE0022
:101FF00022079800330798001E00BE00E6FF070086
:102000000004E000090032002E009000BE009000A5
:1020100062005000E0805800DFFF07000004E0008D
:102020000200320010002000010037000000EB0029
:10203000004078000080FA00000006001C00FA0052
:10204000889FBE0070079800010F9800120F98003B
:10205000230F9800340F9800460F9800570F9800F0
:102060006000B800008FBE000000EB002007980061
:102070001E089000AE089000000078006300600029
:102080008004EB00000478000800BE00E00F500060
:10209000E08F580041003A001E089000AE08900002
:1020A0008101D1000081D3007E0090008E08900055
:1020B00002004000838048000001BE007E009000C6
:1020C0008E089000C8FF07000004E00030003200D6
:1020D0004E089000DE089000C20207006000B800C1
:1020E000008FBE00220037001E00BE008101D1001B
:1020F0000081D3007E0090008E0890000200400016
:10210000838048000001BE000000EB00EE000700E5
:1021100030079800410798001E007800BE08900024
:10212000808040006A004700420020005CF9070000
:102130005E009000EE0090000001BE003E009000A6
:10214000CE009000DF0207000004A2000004E000BF
:102150000300320030002000200798000A003700FA
:1021600042002000030020001E0F41005E9749003E
:102170001E089000AE0890001E01BE00800F5100A6
:10218000818F5900D8FF39009B02070005003700F6
:1021900020002000200798000200370010002000D7
:1021A000200798002E0090004F04BE000080FA0027
:1021B000000006001800FA0070079800020F98004F
:1021C000130F9800240F9800350F98000000EB00C3
:1021D000200798000E0890009E08900000007800EC
:1021E000630060008003EB00000378000600BE007F
:1021F000E00F5000E08F580036003A000E089000C3
:102200009E0890008101D1000081D3002E0890002B
:10221000BE08900002004000838048000001BE001C
:102220002E089000BE0890006FFF07000004E00039
:10223000250032006000B800008FBE001B00370090
:102240001E00BE008101D1000081D3002E08900045
:10225000BE08900002004000838048000001BE00DC
:102260000000EB0098000700300798004107980035
:102270003E009000CE0090007302070050079800C7
:10228000610798001E007800FE009000008040006A
:10229000EA0047004200200001F907004200200048
:1022A000030020001E0F41005E9749000E089000B9
:1022B0009E0890001E01BE00800F5100818F5900C2
:1022C000DFFF3900050037002000200020079800BC
:1022D0000200370010002000200798002E00900018
:1022E0000080FA00000006001800FA00600798005D
:1022F00071079800020F9800130F9800240F9800A0
:10230000350F98000000EB00000F78006E01900080
:10231000FE019000120798002307980010C0B30038
:10232000604798001E019000AE01900000C02F0091
:10233000F1FF2F000202780003017800800178008D
:102340008100780003006200810061008103780051
:10235000000378000601BE001E009000AE00900051
:10236000800F5100818F5900020032000040EB00C5
:10237000604798002E089000BE08900019020700E0
:10238000260037001E019000AE01900000402000A2
:102390000100200002004000838048000001BE00D0
:1023A0001E009000AE0090000FFF07000004E00048
:1023B000180032001E019000AE0190000000EB00FA
:1023C0004100070040079800510798004E00900018
:1023D000DE009000280207000080FB0000F0A7004C
:1023E0000000EA000000EA004F00DE0060479800AD
:1023F0001E019000AE01900000402000010020006E
:1024000002004000838048001007980021079800D0
:10241000020037000040EB00604798006E409000DB
:102420000004E0000F0032000E0890009E089000AB
:102430004A09DD00C601DE00830171004A01DD00AA
:102440006E009000FE009000020140008381480071
:102450001E009000AE009000800F5100818F590047
:10246000C8FF3E00E40107006E4090000004A20097
:102470000004E0000F003A000E0890009E08900053
:102480004A09DD00C601DE00830171004A01DD005A
:102490006E009000FE009000020140008381480021
:1024A0001E009000AE009000800F5100818F5900F7
:1024B0000200320020002000000F78001E0078008B
:1024C0000080FA00000006000A00FA0020079800C9
:1024D0003207980043079800B0268400C126840084
:1024E0003E019000CE019000001F5100019759005D
:1024F0002E009000C200DD00604D280000804000EA
:102500001000BE003E014000AE8148000200BE0047
:102510000080FA00000006000000FA0000402000E1
:102520000080FA00000006000600FA00889FBE0046
:10253000000F780012079800230798001E009000F3
:10254000AE009000C60107008000EB001E0178007D
:102550000089BE001E0078001004BE001E0090001E
:10256000AE00900062004000E0804800BC0107001F
:102570008000EB00C000DD000000200008004000EB
:10258000898048001E0178000089BE000000EB0031
:102590004F04BE000080FA00000006000600FA00AA
:1025A000000F780012079800230798001E00900083
:1025B000AE009000AA0107009E0078008008780015
:1025C0000000EB000080FA00000006000400FA00A2
:1025D000008FBE001E0078006100600000F0A700C0
:1025E0000000EA000000EA004F00DE000040780032
:1025F0000080FA00000006000600FA00008FBE000E
:10260000220798002E0090001E01BE00C6FF0700A2
:1026100042002000030020003E004100AE8049003F
:102620002E019000640241000001BE000400780009
:10263000BDFF070082002000030020003E00410093
:10264000AE8049002E019000680241000001BE00EA
:1026500004007800B4FF07000080FA0000000600C4
:102660001200FA00889FBE00000F98000E0890002C
:102670000000E000020032000040EB00A300370041
:1026800090268400A12684000001BE000E08900060
:102690008DFF070064014700D7FF07004E00900040
:1026A000DE009000C9FF07000004E00002003200D5
:1026B0000040EB00950037006E009000FE00900097
:1026C000C2FF07000004E000020032000040EB00FF
:1026D0008E0037004E019000DE019000F03F220096
:1026E00001002000800F5100818F590002003E0040
:1026F0000040EB00850037006E019000FE01900065
:10270000F03F220001002000800F5100818F59000E
:1027100002003E000040EB007C0037004E019000BC
:10272000DE019000E0FF290001002000800F510031
:10273000818F5900020036000040EB007300370023
:102740006E019000FE019000E0FF290001002000D2
:10275000800F5100818F5900020036000040EB00CD
:102760006A0037004E019000DE0190006E0090007C
:10277000FE009000800F5100818F5900020036004A
:102780000040EB00610037004E019000DE01900038
:1027900090268400A1268400800F5100818F59006B
:1027A00007003E006E019000FE019000902684001C
:1027B000A1268400800F5100818F59001100310043
:1027C0006E009000FE0090000001BE000E08900018
:1027D0003DFF07000004BE004E009000DE009000A8
:1027E0000001BE000E08900037FF07000802BE007F
:1027F0000001BE006000B8009FFD0700008FBE0012
:10280000370037006000B800008FBE004E01900016
:10281000DE01900090268400A1268400800F5100E4
:10282000818F59001200320090268400A126840076
:1028300062005000E08058000001BE000E089000C9
:1028400021FF07000004BE004E009000DE00900053
:102850000001BE000E0890001BFF07000802BE002A
:102860000001BE001E00BE0083FD0700008FBE00F9
:102870006022B8006011B8001E00BE007EFD070097
:10288000008FBE006022B8006011B8001E00BE00BC
:1028900079FD0700008FBE006E009000FE009000E2
:1028A0000001BE000E08900007FF07000004BE00F4
:1028B00090268400A126840064004000E080480047
:1028C0000001BE000E089000FFFE07000802BE00D7
:1028D0000001BE001E00BE0067FD0700008FBE00A5
:1028E0002E009000BE0090003E016800AE8168009E
:1028F0000200BE000080700000F0A7000000EA00A7
:102900000000E9004F00DE00004078004F04BE00E8
:102910000080FA00000006000000FA000000EB0052
:102920004FFF07000080FA00000006000600FA00D2
:10293000000F780012079800230798001E00780007
:102940001E019000AE01900014FF07001E009000D1
:10295000AE00900062004000E08048001E82E80067
:102960000001BE0004007800EFFE07001E0090008A
:10297000AE00900066004000E08048001E01780034
:1029800030019800410198000080FA000000060024
:102990000400FA00008FBE001E00BE000000780098
:1029A000610060008001EB00000178000200BE00C1
:1029B0000080700000F0A7000000EA000000E900BD
:1029C0004F00DE00004078000080FA0000000600A2
:1029D0000E00FA004007980051079800620798001F
:1029E0004E009000A000900010009000000F7800B2
:1029F0004E00900030019000C00190001207980036
:102A0000230798001E0078008000EB00E0FF07001D
:102A1000604798006E4090000004E000180032000B
:102A20006E0090009E007800808F500011003600EC
:102A3000EE019000030F78000E0037001E01900099
:102A4000AE0190005E009000D4FE07005E00900092
:102A50000080E800500798001E009000AE00900033
:102A600062004000E08048001007980021079800AD
:102A70001E8FE9001E0078000000E000EFFF3A0022
:102A80006E4090000080FA00000006001C00FA0072
:102A9000200F9800310F9800420F9800530F9800B4
:102AA00002412200030020002E08900086FE07004D
:102AB000008FBE000040EB004047980068004700D0
:102AC0001E01BE0099FF07004E0090000000E000CC
:102AD00031003A005E019000EE01900020002000DD
:102AE00001002000800F5100818F59002A003A0018
:102AF000F20047006800470022002000B4FF0700F2
:102B00000004E0002400320010002000300798008C
:102B10001B0037005E009000EE0090003E01400078
:102B2000AE8148000200BE006200200003002000C9
:102B3000021F400003974800680047001E01BE00C6
:102B40007AFF0700CE0090003E089000808F500072
:102B500005003A00680047005E099000CE0890002A
:102B60009BFF0700404798004E4090000004E000A3
:102B700008003A003E0090000000E800300798008E
:102B80001E089000BE009000808F5000E1FF3900C9
:102B900001003700000000004E4090000080FA0065
:102BA000000006000400FA00000F780011079800EA
:102BB000420020008000EB001E009000FFF607009E
:102BC0001E0090004300200000017800210020003A
:102BD0001E007800ADFF07000080FA00000006002C
:102BE0000000FE0042E3200000197800010978008F
:102BF000000006000000FE000000EB008000EB007B
:102C0000F8FF07006627EF00000006000000FE0046
:102C1000801F7800811F780041E320000600FC003F
:102C200031007800303B880011007800303B88008C
:102C300061E7A8000000000000000000CF0078005D
:102C40004F0078000000060092018000910188008A
:102C50009080BA001000BA009201880000000600BF
:102C600092018000910188001000BA009201880052
:102C7000000006000000FE0061E7AF00FEFF370025
:102C8000F23F2000000161000C003A002204240001
:102C9000023B880092018000910188000008BB007F
:102CA000081602000000000061E7AF00FEFF3700D9
:102CB000920188001000200061A7AF0000002000F2
:102CC0000000060061E7AF00FEFF37000000A7002C
:102CD0000D0037009401800091018800310024002C
:102CE000013B88000208BB000388BB0008160200F5
:102CF0000000000061E7AF00FEFF3700940188008C
:102D00001000200061A7AF000000200000000600B6
:102D100061E7AF00FEFF37000000A7000E0037009C
:102D200033002400033B8800930180009101880058
:102D30000208BB00F20F20000288BB000816020048
:102D40000000000061E7AF00FEFF3700930188003C
:102D50001000200061A7AF00000020000000060066
:102D600061E7AF00FEFF3700F307200080816100BC
:102D700010003A0013002400033B880093018000F8
:102D800091018800040420003208BB003298BB0087
:102D90001400B100FCFF3A00081602000000000019
:102DA00061E7AF00FEFF37009301880010002000AC
:102DB00061A7AF00000020000000060061E7AF003F
:102DC000FEFF3700F30720008081610011003A0008
:102DD00013002400033B88009301800091018800C8
:102DE00004042000F10F20003208BB000198BB0052
:102DF0001400B100FCFF3A000816020000000000B9
:102E000061E7AF00FEFF370093018800100020004B
:102E100061A7AF000000200000000600F23F200084
:102E2000000061000000060002C02F0000006100E9
:102E3000F2FF2F0081006100000006000000FA0090
:102E4000C142A900C542A800D022A900D422A800EE
:102E5000013A800000042000008060000000E000D3
:102E60000A0032000240800013408000E0AF2C00D6
:102E700071002B00800F5100818F590003003A0030
:102E80000028EF000228EF0023F707000028EF00DA
:102E90000228EF00F1010700C142A900C542A800C5
:102EA000D022A900D422A800C882A900D042A9003B
:102EB000CC82A800D442A8004E010700C922A90074
:102EC000CD22A800C942A800040037000060FE001F
:102ED00000202E0041002000CA010700511680008A
:102EE00000402000008060000000E000F7FF32009A
:102EF000CD22A800040037000060FE0000202E0054
:102F000041002000BF010700511680000040200052
:102F1000008060000000E000F7FF320051168000E2
:102F200000402000008060000000E00001003A0046
:102F300003000700320107000060FE00F7FF3700C2
:102F40000200FA000040EB00004F7800210037003B
:102F5000CD22A8000010270021002000A9010700B1
:102F6000CD22A9000030250071002000A501070036
:102F70001E4FE8001E407800FE4F500015003A003A
:102F8000C542A900D422A9000040EB0010479800D8
:102F900001003700000000000060FE000050230028
:102FA000C1002000970107001E4090000040E8008B
:102FB000104798001E409000FD4F5000F5FF36006E
:102FC0004007A8004027A80040E7A8000000FE0036
:102FD000F1FF3700511680000040200000806000A3
:102FE0000000E000DAFF3200CD22A8000080FA00E5
:102FF000000006000200FA00000F780090688000D0
:103000009E0F500002003E0020C4B30003003700B2
:1030100020C120001E004000104078000080FA000F
:10302000000006000600FA0010079800210798002B
:1030300030000700000F78002E0090009E0F500017
:1030400002003100AE009000010F78001E017800F0
:1030500021C120001E00900091F507000010200003
:103060009E00500020C120001E0040000101780099
:103070008000780020C1200090F507009068800053
:103080001E005000906888001E0078000080FA0042
:10309000000006000400FA00000F780011079800F5
:1030A0000A003700650007000004E0000700320056
:1030B0001E007800104078001E0FE800470007004F
:1030C0001E0090000000E900100798001E0090000C
:1030D0000000E000F3FF3A00000000006800070075
:1030E0000004A2000004E000FCFF3A000080FA00A7
:1030F000000006000000FA00881F78000EC8BF001C
:103100000004A2000004E0000F00320022102000A2
:103110008000EB0020C12000A8F5070010C0B3001C
:103120000EE8B70009003700986880001C0007000F
:1031300021C1200081004400804878000800E80098
:103140009068880001003700000000002F00070091
:103150000004E0000400320091688000F00F2000BD
:10316000808F5000F0FF3600906880004F04780098
:103170000080FA00000006000000FA008000200035
:10318000001188002222EF00200220004011880058
:1031900021E2A8002342A8000080FA0000000600F7
:1031A0000000FA00000000001011800061006000C3
:1031B0000000E000FCFF320010118000620060009F
:1031C0000000E000010032002222A900301180003E
:1031D000004078000080FA00000006000200FA00BB
:1031E000004F780000000000111180000020200036
:1031F000008060000000E000FBFF3A001E80FB0042
:10320000201188000080FA00000006000000FA008B
:103210001011800000407800614060000080FB00D9
:1032200000F0A7000000EA000000EA004F00DE0006
:10323000004078000080FA00000006000000FA005C
:103240001111800000202000008060000000E000DC
:1032500007003A001111800000402000008060004B
:103260000000E000020032001000200001003700E2
:103270000000EB00004078000080FA00000006002B
:103280000000FA00101180004800DE00614060007C
:103290000080FB0000F0A7000000EA000000EA0048
:1032A0004F00DE00004078000080FA0000000600B9
:1032B0000000FA00101180000080FA0000000600F3
:1032C0000000FA0021E2A8002342A8000080FA00D2
:1032D000000006000000FA0021E2A9002342A90034
:1032E0000080FA00000006000000FA00C422EF008F
:1032F000CC22EF0000012000A01688007079200089
:1033000000168800F0EF2C0040168800F03E2000E8
:1033100080168800C542A800C142A900511680004D
:10332000000820000080600000F0A7000000EA0014
:103330000000EA004F00DE00004078000080FB0043
:103340006100600000004000A11680000110A10093
:1033500001007000A0168800D022A9006820EF00AC
:103360000040200050038800C622EF00CE22EF006C
:10337000D622EF00C080210060198800113A800039
:10338000F00B200000816000600420007105200027
:1033900023742000804978008149780082497800B0
:1033A000A136800000FE2F00008060003000B300D6
:1033B000A03688002135800000FE2F0000806000CC
:1033C0005001B30020358800103A800000017800D9
:1033D0000260A0006004200071052000237420001A
:1033E0008049780081497800824978000080FA009D
:1033F000000006000000FA000080FA00000006004D
:103400000000FA0008C8BF000004A2000004E000A9
:1034100022003200240007000004E0000300320014
:1034200010C0B30008E8B700170037000AC8BF0093
:103430000004E000030032000000EB0088FC0700FD
:1034400009E8B70009C8BF000004A2000004E000BA
:103450000200320010C0B30008E8B70008C8BF007F
:103460000004A2000004E00007003200CD82A800A2
:10347000CDA2A900E0AF2C0071002B000040880015
:10348000114088000000FE0008C8BF000004E000F2
:1034900002003200CDA2A800CD82A9004AF50700A3
:1034A0000080FA00000006000000FA0050168000BC
:1034B0004700DE00614060000080FB0000F0A700D4
:1034C0000000EA000000EA004F00DE000040780043
:1034D0000080FA000000060008080000020000005A
:1034E000000000000A0800000200000002000000C6
:1034F00001000000140D00000001000000000000A9
:103500000C0800000200000000000000120C000087
:1035100002010000000000000E0800000200000090
:10352000000000001208000000040000000000007D
:10353000340E00000400000002000000FFFFFF0046
:10354000FF000000140E000020000000000000003A
:10355000100800000200000002000000FFFF000051
:10356000040800000400000000000000000000004B
:103570000000FA0000102300203A88004827EF00DE
:103580007027EF007227EF007427EF002200200061
:1035900080072000A10920003374200080497800B2
:1035A00081497800824978000001EB006004200026
:1035B000710520002374200080497800814978003B
:1035C000824978000080FA00000006000200FA003C
:1035D000000F78009E007800814088000000FE0007
:1035E0000080FA00000006000000FA0040E1200020
:1035F00080077800C0E22000000188000080FA0007
:1036000000000600F03FB1000180B1000600350067
:10361000EE03090000000000403FB1000180B1004E
:10362000FBFF3D001000B000203FB000020035005D
:10363000008009000000000000000600809FBE001E
:10364000EC8057003100780020408800110078009D
:1036500006E8B7004F00BE00000006000000FA00B8
:10366000D4F4070020FF070004000700C0FF070094
:10367000C1FE07000080FA00000006000000FA000A
:103680000080FA00000006004A0304000000000069
:083690004A03040000000000E1
:104800008A65000023E20000002400000000000090
:10481000FE9F000000000000B02604000000000021
:104820000000000002000000000000000200000084
:104830000200000004000000000000000000000072
:10484000000000000000FA009868EF009968EF008F
:104850000080FA00000006000400FA0020479800DB
:1048600098C8BF000040E800674F600099C8BF00CB
:104870009E40780080CF500002003A000040EB00DC
:104880000A00370098C8BF000080FB00E1C120008B
:104890002E419000827078001E41780081892000AE
:1048A000824878007E28A80010C0B3000080FA007B
:1048B000000006000200FA00918920009140780073
:1048C00098C8BF0080CF500003003A007E28A9009E
:1048D0000040EB001500370099C8BF000080FB00C6
:1048E000E1C12000614F780099C8BF000040E80096
:1048F0006740600099E8B7009189200091407800F6
:1049000098C8BF0080CF500001003A007E28A9005F
:104910001E80FB0080004000E0C0200000804000BE
:10492000100078000000010010C0B3000080FA0001
:10493000000006000000FA009189200091407800F4
:1049400098C8BF0000C068000080FB000000E900BC
:104950004F00DE00004078000080FA0000000600F2
:104960000200FA00A0B22000104F78001E80FB0069
:1049700061006000004078000004E00002003200A6
:10498000CC82A90001003700CC82A8001E80FB0069
:10499000620060000000E00002003200D442A90082
:1049A00001003700D442A8001E80FB0064006000B4
:1049B0000000E00002003200C502A900010037003B
:1049C000C502A8001E80FB00680060000000E00037
:1049D00002003200CD62A80001003700CD62A900BC
:1049E00000B220001E4878000080FA000000060097
:1049F0000200FA00B0B22000104F7800F0B12000A1
:104A00001E4878000080FA00000006000000FA004E
:104A10000080FA00000006000000FA000080FA00A2
:104A2000000006000000FA0030B520009040780039
:104A300060C5B30080CF500007003A0030B52000B9
:104A40008040EB0001487800CD82A900CDA2A800EB
:104A5000A0C0B30082E8B7000080FA0000000600A2
:104A60000000FA0082C8BF000004E0000700320026
:104A700040B5200090407800F0C2B30080CF5000D5
:104A800002003A000000FE00FFFF370030B52000B2
:104A90008040EB000148780040B520008040EB00EA
:104AA00001487800CD82A900CDA2A8000080FA00BC
:104AB000000006000000FA00CD82A800CDA2A900E7
:104AC00030B520008040EB000148780040B5200060
:104AD0008040EB00014878008268EF000080FA0017
:104AE000000006000000FA000080FA000000060046
:104AF0000000FA000080FA00000006000000FA0042
:104B00002D000700020007000080FA0000000600E8
:104B10000000FA00B0AF200011C0B30001487800D7
:104B200080AF20008040EB000148780070AF20008B
:104B300041C0B3000148780040AF20008040EB0046
:104B40000148780030AF200041CFB3000148780021
:104B500020AF200041C2B3000148780010AF200010
:104B60008040EB0001487800E0AE20008040EB0080
:104B700001487800D0AE20008040EB00014878006A
:104B8000C0AE20008040EB0001487800B0AE2000AD
:104B90008040EB0001487800A0AE20008040EB0090
:104BA0000148780090AE20008040EB00014878007A
:104BB0000080FA00000006000200FA000000EB008E
:104BC000000F780005003700A0AA20001E0040005A
:104BD0008040EB00014878001E0FE800F00F200035
:104BE0009E007800808F5000F7FF36000080FA00AA
:104BF000000006000000FA000080FA000000060035
:104C0000C22C040000000000002604000000000088
:104C10000026040000000000002604000000000040
:104C20000026040000000000002604000000000030
:104C30000026040000000000002604000000000020
:104C4000D22704000000000000260400000000003D
:104C500000260400000000000828040000000000F6
:104C600000260400000000000026040000000000F0
:104C70000026040000000000122C040000000000C8
:104C800000260400000000000026040000000000D0
:104C90008E2A04000000000000260400000000002E
:104CA0000026040000000000A4270400000000000B
:104CB00000260400000000000026040000000000A0
:104CC0000026040000000000002604000000000090
:104CD0001828040000000000002604000000000066
:104CE0000026040000000000002604000000000070
:104CF0000026040000000000002604000000000060
:104D0000002604000000000000260400000000004F
:104D1000002604000000000000260400000000003F
:104D2000002604000000000000260400000000002F
:104D30003E280400000000000026040000000000DF
:104D4000002604000000000000260400000000000F
:104D500000260400000000000026040000000000FF
:104D60002FC320000E7F22000E01880000000000EB
:104D7000000020000000E0000200320000012000DE
:104D80002002880014000700000307000000E00074
:104D900003003A00603D27000100200002003700B8
:104DA0000000200001002000810F7000010032008F
:104DB00014000700000020000000E00002003200A4
:104DC0000000020000000000266002000000000059
:104DD0000040DA000000FE004440A900E0DC2000B2
:104DE0000000E0000300320000002000A001880065
:104DF0004440A800000006008A1F78008B1F78003E
:104E00000000060091018800800478000000EB009B
:104E10001A003700E284440032A0B4009905BA00B9
:104E2000E284440032A0B4009906BA00E28444004F
:104E300032A0B4000006EB00476FDE00FD07B200B1
:104E4000636CE10003003A00EBFF07000000EB0099
:104E50000A003700606CE10004003A00005DEB00DE
:104E60008B05E900FDFF3E00040037006168E100AA
:104E7000010032000086EB000B00070019C7BA00E2
:104E80001905BA000E04E00003003A000A00E00031
:104E9000E0FF3A0000000600FE07B2009E01880015
:104EA0008A047800F5FF3700395DBA008B05E90008
:104EB0000C003200295DBA008B05E90008003200C1
:104EC0000C00E00003003A00E284440032A0B40089
:104ED000F5FF370019DDBA008B05E900FAFF3A004B
:104EE0008904E800E184440032A0B4000000060018
:104EF00000000000000000000000000000000000B2
:104F000000000000000000000000000000000000A1
:104F10000000000000000000000000000000000091
:104F20000000000000000000000000000000000081
:104F30000000000000000000000000000000000071
:104F400000000000000000003600F800809FBE0056
:104F5000829FBE00849FBE00869FBE000000FA00B4
:104F600030048000680060000000E00006003200AD
:104F7000E04480000000E00002003200E0448000D5
:104F8000000001008660A9000080FA004F03BE0007
:104F90004F02BE004F01BE004F00BE003600F900B8
:104FA000004006003600F800809FBE00829FBE00D1
:104FB000849FBE00869FBE000000FA00004580006E
:104FC0000000E00002003200004580000000010007
:104FD000B0C22000104078008040E800B0C220003D
:104FE00001487800A0C2200011C0B3000148780039
:104FF0008460A9000080FA004F03BE004F02BE008B
:105000004F01BE004F00BE003600F9000040060010
:10501000801F78000000FA0010C0B3007BE8B700E2
:1050200084E0A9000080FA004F00780000400600EC
:105030003600F800809FBE00829FBE00849FBE00A5
:10504000869FBE000000FA0010C0B3007AE8B700E7
:10505000B92507006000B800882507008780A900EF
:105060000080FA004F03BE004F02BE004F01BE0099
:105070004F00BE003600F900004006003600F80080
:10508000809FBE00829FBE00849FBE00869FBE00A0
:105090000000FA008A40A900C1108000000820002A
:1050A000008060000000E0000800320018E2A90063
:1050B0004A28EF0080428000200090008000EB0032
:1050C000010878005028EF000D01370050428000A1
:1050D0008000EB00B200200003002000820F50008F
:1050E000838F5800FC003E00006001000B00370079
:1050F00039003700750037009C003700F300370097
:10510000C8003700D9003700F0003700DB00370057
:10511000F1003700340037005000370020842000B1
:1051200020009000620060000000E000F3003A0000
:1051300020842000100090008042880020842000FD
:1051400010009000104078004CE8B7002084200048
:105150001000900010009000704288002084200011
:1051600010009000E600400020842000110098000C
:10517000208420009000900020BC2000808F5000F0
:1051800003003A0020842000A1BA200011009800FA
:1051900020842000A00090000100A10021009800C0
:1051A00020842000900090002084200010007800CF
:1051B000808F500004003A0020842000A00090005E
:1051C0000110A000210098001602A8002000200075
:1051D00050428800CA0037001622A8002000200094
:1051E00050428800C6003700C1108000000028002F
:1051F000008060000000E0000800320020842000F1
:10520000604090008040E8002084200061409800C9
:105210004000200009220700B900370090428000BA
:105220008000D100F00F2000008060009010880006
:105230009042800061006000004078000004E000BF
:1052400003003200B000200050428800AC0037005C
:105250003000200050428800A9003700C1108000B3
:1052600000002800008060000000E000080032001C
:1052700020842000604090008040E80020842000CE
:105280006140980040002000EC2107009C0037009E
:105290001622A800904280004800DE00E600600070
:1052A000000F2000010070009042880090428000B2
:1052B0000000A0009042880010C0B30054E8B7007E
:1052C00020002000504288008D00370054C8BF00E5
:1052D000E14F50000A003200704280001000780058
:1052E000904288007042800020009000B042880008
:1052F000704280002040900058E8B700010037005D
:105300005468EF0091428000F00F2000808F500021
:1053100009003600904280004800DE00E600600090
:10532000000F20000100700090108800A0002000F5
:105330005042880072003700904280009010880030
:105340009042800061006000004078000004E000AE
:1053500003003200500020005042880068003700EF
:10536000300020005042880065003700C1108000E6
:1053700000002800008060000000E000090032000A
:1053800020842000604090008040E80020842000BD
:105390006140980019E2A90050002000A7210700F1
:1053A0005700370058C8BF008080FB008100E9002B
:1053B000CF08DE00814078000040E90058E8B700DF
:1053C0000104E000100032007042800066004000DE
:1053D000704288004CC8BF000040E9004CE8B700AC
:1053E0004CC8BF000004E00003003A002000200089
:1053F00092210700420037001622A800200020005A
:10540000504288003E003700B04280009040780053
:105410008180FB00911088000000E800B042880005
:1054200037003700C11080000000280000806000B5
:105430000000E0000900320020842000604090005D
:105440008040E80020842000614098004000200057
:105450007A21070019E2A900290037001662A80086
:105460008000200050428800250037008000200086
:10547000504288001662A80021003700B042800028
:105480008110800081407800014878000000E80029
:10549000B042880058C8BF000040E90058E8B70093
:1054A00058C8BF000004E0000400320016A2A900A2
:1054B00060002000504288000200370016A2A800B9
:1054C0004D2107001682A8000D00370020002000A3
:1054D0005A2107000A003700208420006040900015
:1054E0008040E80020842000614098006000200097
:1054F00052210700000000000100370000000000FA
:105500000080FA004F03BE004F02BE004F01BE00F4
:105510004F00BE003600F900004006003600F800DB
:10552000809FBE00829FBE00849FBE00869FBE00FB
:105530000200FA00D0428000E20F500088003200E2
:10554000E20F500003003900E30F500077003200F3
:10555000950037003110800000402000008060007E
:105560000000E00005003A00411080000002200029
:10557000008060000000E0000A003200311080006E
:1055800000082000008060000000E00024003200DD
:105590004110800000202000008060000000E0003A
:1055A0001F00320040108000640060000000E00036
:1055B0000C003A001000200014220700E042800096
:1055C0000000E00004003200E04280000110800092
:1055D000814078000148780010002000D042880007
:1055E0003600370000108000004F78000000EB000C
:1055F00006220700F04280000000E00005003200B3
:10560000F0428000104078000080FB0010108800FD
:105610000782A80020002000D04288002700370021
:105620003110800000402000008060000000E00099
:105630002200320041108000000220000080600043
:105640000000E0001D003A0040108000640060008F
:105650000000E00004003A007068EF003000200015
:10566000D04288001300370070C8BF000004E0007B
:105670000D0032000000EB00E4210700F042800042
:105680000000E00005003200F04280001040780089
:105690000080FB00101088000782A8002000200076
:1056A000D0428800030037007068EF00300020000F
:1056B000D042880000108000004F7800D042800067
:1056C000E10F500039003A00411080000002200034
:1056D000008060000000E0003600320041108000D1
:1056E00000042000008060000000E0000B003A0091
:1056F000E04280000000E00004003200E042800050
:1057000001108000814078000148780020002000CE
:10571000BE21070096E8B70029003700001080007E
:10572000004F780008C2A900250037003000200093
:10573000B621070096E8B70010C0B30070E8B700C4
:1057400096C8BF000004E000020032000010800094
:10575000004F780010002000D04288001800370069
:105760004110800000002800008060000000E00080
:105770000B003A000000EB00A4210700F04280007B
:105780000000E0000D003200F04280001040780080
:105790000080FB00101088000782A8000800370076
:1057A0005A28EF0006003700FFFF37000000000016
:1057B0000300370000000000010037000000000077
:1057C0008600A90040108000700060000000E0002A
:1057D00004003A0040108000680060000000E00013
:1057E000090032006AC8BF000004E0000600320071
:1057F000A18620009140780030438000004078006E
:105800005A2407006A68EF000080FA004F03BE00C8
:105810004F02BE004F01BE004F00BE003600F9002F
:10582000004006003600F800809FBE00829FBE0048
:10583000849FBE00869FBE000600FA008560A90016
:105840004000370030118000404798003EC8BF003C
:105850000004E0000D003A004E409000E94F500077
:105860000A0032003FC8BF000004A2000004E000AC
:10587000310032004E4190000184200082487800BF
:1058800010C0B3003FE8B7002E0037003EC8BF008D
:105890000040E8003EE8B7003EC8BF00EA4F5000B5
:1058A000270036003E68EF0090C0B3007F17070066
:1058B0000040EB00004F7800030037000040EB0091
:1058C0007A1707001E4FE8001E407800E94F50008D
:1058D000FAFF360010C0B300741707000000EB0099
:1058E0001007980007003700000A20000100200080
:1058F000B02607000060FE001E0090000000E800D7
:1059000010079800172507000004A2000004E0001B
:10591000040032009E009000F0702200808F500042
:10592000F1FF360000D0270001002000A12607006B
:105930000000FE00030037000000000001003700F7
:105940000000000010118000610060000000E00015
:10595000BCFF3A0010118000620060000000E0000F
:10596000010032002222A9000080FA004F03BE008D
:105970004F02BE004F01BE004F00BE003600F900CE
:10598000004006000040DA000000FE0000000500B4
:10599000839F68000100E00002003D0060001000ED
:1059A000E08018000300E00002003D0060011100EB
:1059B000E0811900170007004F00E00002003B00E3
:1059C00060001000E0801800000006004F89DE0033
:1059D0008201780012023700811F78000100E00088
:1059E00002003D0060001000E08018000300E000AD
:1059F00002003D0060011100E08119001500070060
:105A00004F00E00002003B0060001000E080180042
:105A1000000006006022B800060220000000D0004E
:105A20008180D2000482D2008582D2000000A000D2
:105A30000202520083825A00030031000202420037
:105A400083824A000000A1000603E900F3FF3A0048
:105A500000000600EFFF07000400BE000000060083
:105A600007F82700078361000638E10004003A00C8
:105A7000F7072000878361008703710001003A0067
:105A800003F0A200889FBE008A9FBE008C9FBE00CC
:105A9000470ADE000480A100C71ADE000580A100CD
:105AA000070028000785600087856100F70F200048
:105AB0000720E1009E0032000728E1009C00320030
:105AC000010678000400E000B4003200F70720006F
:105AD000878060000170A0000500E000C000320077
:105AE000F7072000878161000370A00005065200BF
:105AF0000F003A000B50E1000B0032000308E100F8
:105B000002003A000200E1007E0032000204500070
:105B100083845800040031000001FD008101FD0074
:105B20008402FD008A05FD006044B80021003700B2
:105B30000520E10005003D000001FD008101FD00A0
:105B40008402FD008A05FD00050652007A60E1002E
:105B5000050035000170A1004722DD00848070003F
:105B60008A807000630037006044B800EF0266006E
:105B700007FF2F00070666000500E000060034005E
:105B8000F08312008714DD000511DE00071BDD0025
:105B9000060171008519DE007060E1000500350026
:105BA0000904780082047800030178008001EB008A
:105BB000700656000B50E10003003A00020040005E
:105BC000838048000400370060041400E0841C0057
:105BD00002005800838058000188A30006003200AC
:105BE0008100D1000080D3008984D3000884D300D1
:105BF0000402E800270037000178A30025003A00DE
:105C00000100E000030032008186CF006986560063
:105C10000A0037008C0020000000E00004003A0079
:105C200009007800880478000004EB00700252003C
:105C30008086CF000D0646000C06E9007060E1008A
:105C4000060035008000780009007800880478009C
:105C50000004EB0070065600700252000C00E000D9
:105C60000C0034008C08DD00F00316000703DE0092
:105C7000868070000C00DD00074BDE00060070001F
:105C80008C4CDD000743DE00868474000C44DD008C
:105C90000C0252006120E10020003500610160002B
:105CA0000700280087816400F7FF270087836400CE
:105CB000070374000300E000060032008203730053
:105CC000040032000000E800E08048000188A300E2
:105CD0000E003A00F70F20000720E1004A003D00C7
:105CE0000170A1004722DD00810072008A807000EF
:105CF0000000BE004F06BE004F05BE004F04BE00B0
:105D0000000006006000B800FAFF37008100D100F3
:105D10000080D3000402E800EEFF370004017800A1
:105D200089017400C20007008A807000F1FF37000B
:105D300018010700070278000001FD008101FD0045
:105D40001401070087027800850372000778A3001A
:105D5000040032000001FD008101FD002701070061
:105D6000E4FF3700850362000768A30008003200E3
:105D70000B50E10003003200F0FF2F00F1FF27007D
:105D8000DCFF37000001FD008101FD00D9FF370075
:105D90000468A300D7FF3200FAFF3700F8FF27009E
:105DA000888360000B003A000000E00009003A0020
:105DB0008303640082837300020032000200BE008D
:105DC000CCFF37000B50E100CEFF3A000200BE00CE
:105DD000C8FF370014002000810064003EFF370038
:105DE000F8FF27008883610004003A000200E00009
:105DF00002003A008C007800BEFF3700150020003A
:105E00008301640039FF370001F8270000002000FB
:105E100081007500B7FF3700038368000700280082
:105E200007036300470ADE000480A100C71ADE00F2
:105E30000580A100F70F20000720E100420032009A
:105E40000728E10040003200889FBE008A9FBE0004
:105E50008C1F7800F107B200F307B2000400E000E5
:105E6000640032000170A0000500E000680032000C
:105E70000370A00085054200EB07B1000204B800E2
:105E80000302B8008484440060854A00020AB80016
:105E9000848444000A854A00030AB80004054500CA
:105EA000040033000804D0008984D2000A85D2009F
:105EB0008B05E9006158E1003D003500021020002B
:105EC000090161000308200089816100F7072000B3
:105ED0008783640008867300C84CDE00C853DD0069
:105EE000878474004855DE000300E000060032009D
:105EF00082037600040032008904E80060054D004A
:105F00000A88A3000C003A00F70F20000758E100B0
:105F100044003D000A70A100C75DDD000A857500E0
:105F20008A007300090078004F0678004F05BE0014
:105F30004F04BE00000006000A05D1008984D3008A
:105F40008B05E800F0FF3700881F78000604780012
:105F500090000700070278000001FD008101FD00AC
:105F60008C00070087027800850372000778A30081
:105F7000050032000001FD008101FD009F000700C7
:105F80004F04780000000600850372000748A30054
:105F900003003200F0FF2F00F1FF2700F8FF370069
:105FA0000000200001F8270088807000F4FF37000F
:105FB000880178004848DD00808171004848DE0093
:105FC000C850DD0001007000C850DE0006047800F3
:105FD0000B0178001600070088807000D2FF3700A0
:105FE0000500E00005003200170020003A0007001D
:105FF0009DFF370081037000F9FF3A0086007800AA
:106000004F0678004F05BE004F04BE00000005009B
:1060100083037100F9FF3200270020002E000700E3
:1060200094FF370001F8270086807000F4FF3700E6
:106030000100E00026003200610111007810E1004B
:1060400023003C006022B8007010E100040035001D
:1060500080027800010078008000EB0070015100A0
:106060000200E0000900340070031100062ADD0080
:10607000822ADE008603DD00878272000200DE00D5
:10608000860BDD00070070008208DE00848171004D
:10609000F4FF27000482620084817100040028005C
:1060A000848262006102600005F0A6000000060024
:1060B00004827100070032000000E800E080480020
:1060C000000006000002BE006000B800EFFF3700CD
:1060D0006000B80000000600889FBE000004EB00CE
:1060E0006138E10016003A000100E00008003A00C3
:1060F000C800DE004800DD00880020000100E0004C
:1061000003003A00C800DE004800DD0068044400D7
:106110008184CF00E9845400060034008908DD0042
:10612000F08314008703DE00878070000900DD0023
:1061300009044400610214004F04BE000000060080
:106140000300E00008003A00C811DE004811DD003D
:10615000880020000300E00003003A00C811DE00C0
:106160004811DD00680444008384CF00E9845400B2
:10617000060034008919DD00F08314008713DE0067
:10618000878171000911DD0009044400E102140057
:10619000E9FF37002700200001F0A70017002000CA
:1061A000470BDE00F60FB200040032000643E800A1
:1061B0000A0032004702B300000006000103780025
:1061C000F607B2000603700002003A000703B300AE
:1061D000000006008702B3000000060001037800FB
:1061E000F607B20006037000020032000770A0003C
:1061F000000006000760A000000006000478A3006D
:10620000040032000578A300030032000168A300F7
:1062100001003A000200BE000160A000000006007C
:10622000881F7800030478000300E00007003D00A9
:1062300060001000E080180060011900E081190082
:1062400002003B0001F02D000300370004000700AE
:1062500008F0A70001F0A0004F047800000006003D
:10626000889FBE008A9FBE000082700004027100F9
:1062700004827100260032000004BE000200BE004D
:106280006011B8006B092000950220000182CF0048
:106290000A0039000541B1000082CF000700390033
:1062A0000541B1000982CF00040039000541B10069
:1062B0000882CF00010039000541B10005425200BB
:1062C000120032000A003B0082817100610164000B
:1062D0008100D1000080D3008984D3000884D300DA
:1062E0008B05E8000442E800F7FF3A00070037009A
:1062F0000804440089844C00000048008180480064
:106300008B05E9000442E900F9FF3A0003000700A9
:106310004F05BE004F04BE000000060081002000B3
:10632000618055000B003D000B00200061FE2F0036
:106330000100E1001D0034008281710061016400F0
:106340008904D1000884D3000000E800FAFF3A0075
:106350007100200061006400030070000200600012
:106360000900320061044400E0844C000988A50063
:10637000050032008B05E8006808E10002003A00E1
:106380008904D1000884D300F20F20000258E100F4
:1063900005003D00C75DDD00F907B200898075008A
:1063A00008007800000006000BF827008B0078003A
:1063B00000000500000006000800FA00889FBE00EB
:1063C0008A9FBE008C9FBE000004BE000200BE007B
:1063D000E2B79F00F3B79F00F6FF07008102780045
:1063E00005F0A100000278000C0020000DF8270045
:1063F0006FB19700FFB197008C0F52008D8F5A003C
:106400000A003E000800BE00EAFF07008102780093
:1064100005F0A100000278006FB19700FFB197006E
:106420008C0F52008D8F5A00030036000800BE000A
:1064300094FD0700980037000203BE000000200012
:1064400001F82300800F5300818F5B0003003A00A6
:106450000800BE00980007008F0037000802BE0049
:106460004E3DDE000B0020006000B80062006500B9
:106470004F4DDE000B0020000A0570008B85700078
:106480008500780001F0A10008007800E00F5000BE
:10649000E08F580007003A00E20F5500E08F5D00E2
:1064A00033003200E30F5500E08F5D007B003A00BF
:1064B000320037008702780005F0A100060278005C
:1064C000E00F5200E08F5A003B0032008C0F520068
:1064D0008D8F5A002C003A00840F5000858F580091
:1064E00018003A00E20F5500E08F5D00090032000D
:1064F000E30F5500E08F5D0009003200E10F550009
:10650000E08F5D005B003200B8FD200099F42300AD
:10651000620037000200200003042400020037005C
:106520000200200003042C00B0FD20009104240090
:1065300039FE07000200200003E8230036FE0700B2
:1065400055003700E20F5500E08F5D000800320073
:10655000E30F5500E08F5D00080032006044B80092
:10656000E10F5500E08F5D004C003A004400370019
:10657000B8FD20009904240048003700B8FD200031
:1065800099042C00450037000600200007D02000A9
:106590000403430085834B0086BF9F0097BF9F0085
:1065A000800F5300818F5B00030039008C0F500077
:1065B0008D8F580005003A000A08A300330032000E
:1065C000B8FD200099FC2B00340037006033B80080
:1065D00062036500E00F5300E08F5B0008003200AB
:1065E0000C0020000DD020000003460081834E00E7
:1065F0006000B800840F5300858F5B0004003900F1
:106600000800BE009D020700010107002A000700E4
:10661000E10F5500E08F5D00050032001E003900DB
:10662000E20F5500E08F5D000B003A0003003700D9
:106630000004BE0009F0A20018003700E2D22B00CF
:10664000B33B23000FFD07000001BE00B0FD20009A
:106650009104240005003700E2D22B00B33B230055
:1066600008FD0700B2FD200093042400FCFC070095
:1066700009003700B8FD200099F42B00070037000F
:10668000080020000900280004003700B8FD2000A1
:1066900099FC2300010037000004BE000800BE0082
:1066A0004F06BE004F05BE004F04BE000080FA003A
:1066B00000000600000006000C00FA00889FBE00E3
:1066C0008A9FBE008C9FBE000004BE004F09DE0002
:1066D00003002000E2B79F00F3B79F008106780017
:1066E0000DF0A10000067800F0FF2F00F1C7240094
:1066F000800F5600818F5E00100036000800BE003B
:10670000ECFF07008101780003F0A1000001780090
:106710000000200001F82700800F5100818F5900F0
:10672000B5003E000200200003382000A0FD20003C
:1067300091FC2300D3FC0700A6003700F0FF2F00D8
:10674000F1ED2300800F5600818F5E0011003E00A6
:106750000085EB00F0FF2F00F1972300800F56001B
:10676000818F5E0055003E00F0FF2F00F1072000F2
:10677000800F5600818F5E009F003E000801BE0022
:106780000800BE00A4FD0700C0B79F00D1B79F005E
:10679000990037000800BE009D0007000004BE00FD
:1067A000F0FF2F0071F92300800F5600818F5E00EB
:1067B00025003E00F0FF2F00F1F22300800F56006D
:1067C000818F5E0011003E000801BE000800BE007F
:1067D000ACFC07000200200003F82300A0FC070027
:1067E0000005BE0002002000030024000800BE00D7
:1067F000A4FC07000001BE000A00BE001F02070043
:106800000004BE000005EB002C0037000200200051
:1068100003F823000800BE0091FC07000005BE003D
:106820000200200003F823000800BE0095FC0700CA
:106830000001BE000A00BE00100207000004BE00F6
:106840001A0020001D003700F0FF2F00B1012400C6
:10685000800F5600818F5E0012003E000200200073
:1068600003FC23000800BE007DFC07000005BE00FD
:106870000200200003FC23000800BE0066FD0700A4
:106880000200200003F823007EFC07000001BE0088
:106890000A00BE00F90107000004BE002A00200023
:1068A000060037000801BE000000200001F82B00A0
:1068B000F20107000004BE003A0020000801BE00FB
:1068C0000800BE0054FD07000002BE000001BE002B
:1068D00084BF9F0095BF9F004FFD07000006BE00CC
:1068E00052C22A00C3D723004BFD0700D2502F000D
:1068F00013E1230063FC07000001BE000C00BE0092
:1069000045FD070092AA2A00A3EA23005DFC0700C8
:106910000001BE000FBA97009FBA97000400BE00A6
:106920003DFD07000002BE0072242100A3DD2B0004
:106930000C00BE0084BF9F0095BF9F0036FD07007E
:1069400082A92C00C3E4230045FC07000001BE001F
:106950000C00BE0030FD07000001BE000FBA97001A
:106960009FBA9700E10F450009003A000400BE00FD
:1069700044FC07000001BE000800BE0026FD070021
:106980000001BE000800BE0035FC070019003700FA
:106990004255DD00ECBE20000A0646000400BE00A1
:1069A00038FC07000001BE000800BE001AFD070009
:1069B000E2BF20000A0541001A01BE0028FC0700C2
:1069C0000801BE0026FC07000001BE001C00BE003E
:1069D00023FC07006FB19700FFB19700E00F510053
:1069E000E08F5900030032000004BE0009F0A2004D
:1069F000010037000004BE000800BE004F06BE00C4
:106A00004F05BE004F04BE000080FA0000000600E3
:106A10000001BE008300780001F0A10002007800B0
:106A20000000060001000700580137000400FA00CA
:106A3000889FBE008A9FBE008C9FBE000004BE00DF
:106A40004708DE00F00FB20051092000810F50000E
:106A500041003C000806BE00E00F5400E08F5C00DF
:106A600003003D000805BE000BF0A2000100370046
:106A70000805BE00D1072000810F50000A003C002D
:106A80000200200003B024000A00BE00FDFB070046
:106A900080BF9F0091BF9F006011B8000800BE003A
:106AA000DDFC07002B0037000200200003B02400AB
:106AB0000A00BE00F3FB07000200200003B0240020
:106AC000E7FB07000A01BE00E5FB07000004BE006B
:106AD0000200200003F023002A0107000000E0006C
:106AE000070034000A01BE000800BE00E5FB0700F5
:106AF0000200200003F82300D9FB07000F00370035
:106B00000200200003F02B000800BE001B0107005C
:106B10000000E00006003C000A01BE000800BE00C4
:106B2000D8FB07000200200003F823000200370012
:106B30000A01BE000800BE00D2FB0700E00F5600AD
:106B4000E08F5E0003003D000004BE0009F0A200DB
:106B5000010037000004BE000800BE004F06BE0062
:106B60004F05BE004F04BE000080FA000000060082
:106B7000889FBE008A9FBE008C9FBE000004BE009E
:106B80000400200005F827008583600004037800D6
:106B9000840F5300858F5B0007003A000801BE0098
:106BA0000800BE009CFC07000001BE000800BE00FB
:106BB000B4FB070010003700E00F5000E08F5800D2
:106BC0000F003C008101780003F0A1000001780073
:106BD000E00F5100E08F59006A00320010022000DF
:106BE000806188000801BE000800BE009CFB070011
:106BF0000001BE00210107000004BE006100370053
:106C0000478CDE00CF8CDE00E00F5400E08F5C008C
:106C10000F003A006044B800040037000000400054
:106C20008180480061044400E0844C00040020009E
:106C3000050820008181620004017800E00F510006
:106C4000E08F5900F5FF320061041400E0841C005D
:106C5000F807B1000980B10081017800F307B200A4
:106C6000000178000200BE000170A0000808A30027
:106C70000200320000004000818048008984D10079
:106C80000884D30000004000818048009401200067
:106C900002002000031020006055B8006066B800B4
:106CA0000C0341008D834900800F5300818F5B00EE
:106CB00006003C0006064100878649000600500099
:106CC000878058000A0541008B854900000040007C
:106CD000818048008301D1000281D3000402E900D1
:106CE000EFFF3A00E00F5000E08F58001B00320029
:106CF0000226240023DA20000000200001F82300EF
:106D000057FB07000200200003F823009D00070046
:106D10000000E000110035000226240023DA2000E4
:106D20000000200001F8230056FB070002002000AD
:106D300003F82300930007000000E0000300340084
:106D400062054500E0854D00040037006000B80092
:106D5000610065000005450081854D00C744DD00E8
:106D6000080020000000200001F02300080440007B
:106D7000898448008B85D1000A85D300080445002A
:106D800089844D000800BE004F06BE004F05BE00BE
:106D90004F04BE0000000600010037000201E900B8
:106DA0000200E0000500320030427800B141780076
:106DB000834F5200F9FF3200010037000000050048
:106DC0000480FB008381FB000300500000000600EC
:106DD0008001780002003700B15978000201E90013
:106DE0000200E000FCFF3A0000000600889FBE00A1
:106DF0008A9FBE00800478000200E0005B00320041
:106E000001407800814C780082814400F1F99F00B4
:106E1000E20F51005500360091449800A1449800BB
:106E2000E1F99F00D1F99F00E60F51004F003600B5
:106E3000B1449800C1F99F00E80F51004B003600A3
:106E40000905EA00630565000A8444000A0551004B
:106E5000C1FF2F00010565000080FB008000EB00F2
:106E600012102000131020007E000700008CBE00CE
:106E70000A01440060B99F0071B99F00E80F5500F6
:106E80003A0036002004980031049800400498002D
:106E90005104980020B99F0031B99F0040B99F006C
:106EA00051B99F00F80F550030003600600498007B
:106EB00071049800000C9800110C9800200C9800A8
:106EC000310C9800400C9800510C980020B19F00A4
:106ED00031B19F0040B19F0051B19F0060B19F0050
:106EE00071B19F0000B99F0011B99F006401640057
:106EF0007801410002044400020555006011B80009
:106F00000203BE000002BE000403BE006022B800FF
:106F1000000072008180720002017300838173009F
:106F200010003700009CBE000294BE004004980090
:106F3000510498006204980073049800000C9800B3
:106F4000110C9800220C9800330C9800400C98000B
:106F5000510C9800620C9800730C98000A02B10062
:106F60000802B000FF0F5500EEFF3E000900780058
:106F70004F05BE004F04BE000000060014002000B4
:106F8000A3013700F4FF2F00A10137000001BE006C
:106F90001F0007000470A70003F0A1006509B100FD
:106FA000160032000D0035006828E10006003500AB
:106FB000F0FF2F00F1FF27000300E00013003B006B
:106FC000010028000000050000004000818048000A
:106FD0008502E900FCFF3A0008003700F88F420004
:106FE00002003C008000EB00000005008100D100A1
:106FF0000080D3008502E800FCFF3A000300E000B7
:1070000002003B0060001000E08018000000060055
:10701000C70ADE00F107B200F50FB2000800320027
:10702000E1CF4200020032000170A0002400050000
:10703000810F7000010032000408050044000500C3
:10704000810F700002003A00140005008502E9007B
:107050000000400081C04800FCFF3B000170A00020
:1070600024000500020AB900001BB9000200B800A4
:10707000810042008100430000000600889FBE009E
:107080008A9FBE008C9FBE001B0020000202BE0033
:107090000586680006002800060666004709DE002F
:1070A000F20FB200820032000243E800800032009A
:1070B000C729DE00F30FB2007D0032000343E80071
:1070C0007B003200F107B2000170A000F507B200AA
:1070D0000570A000C708DD004903DE00868070004F
:1070E0004700DD00C72ADD004923DE0086827200EA
:1070F0004722DD000305510004035000858358003A
:107100000300310000004000818048000A05E900CA
:107110008C1F78008A9FBE000400500085805800B4
:107120000402420085824A0000004000818048003D
:107130000005EB000004BE006033B8000406BE008A
:107140000D48E10056003100110009004DCCD80077
:107150000C01B8000D02B8008481410060824A0031
:107160008283530003045C0084845C0060055D003E
:107170000A00E00025003A00800578000D40E1009B
:1071800049003100880078000700780011000900EC
:107190004D88D8000C01B8000D02B8008481410070
:1071A00060824A006003110083835B0004045C007A
:1071B000E0845C000900E00021003A004F01BE00BD
:1071C0000300E0002B003200E301600007067300BB
:1071D0008C81710001003200640070004200DE000A
:1071E0004E5EDD000C007000C258DE0001E0A00021
:1071F00081000700CF017800818071004F06BE003A
:107200004F05BE004F04BE00000006008C83430003
:107210000D044C00E0844C0060054D000000E900C6
:107220000A00E000D4FF32008C8343000D044C00C0
:10723000E0844C0060054D000000E900CEFF3700FF
:107240000C0343008D834B0060044C00E0844C0031
:107250000000E9000900E000D8FF32000C03430001
:107260008D834B0060044C00E0844C000000E9007A
:10727000D2FF37004200DE004E5EDD000C007000E1
:10728000C258DE0001E0A000CF0178000300E0005A
:10729000DAFF320060001000E0801800D7FF3700EE
:1072A000F0FF2F00AAFF3700F0FF2F00B9FF3700D3
:1072B0000404BE00B7FB0700870678000004FD0049
:1072C0008104FD00B3FB0700078366000678A30076
:1072D000030032000960A7000800BE002C00370040
:1072E0000D78A300020032000800BE00280037001D
:1072F0000778A30026003A0001F0A10009F0A100E0
:107300000668A30003003200F1FF2700F0FF2F0002
:10731000BAFF37000D68A300030032000800BE006A
:107320008C807000B5FF37000768A30007003A00A3
:107330000648A30003003200F1FF2700F0FF2F00F2
:10734000AEFF37000D48A300030032006000B80014
:107350008C807000A9FF37000748A30004003200AA
:1073600001F82700000020008C807000A3FF370088
:10737000740007000004FD008104FD000205780090
:10738000700007000802BE008A01780059FF37002C
:107390000160A000120220004245880097FF3700DC
:1073A0000100E000120032000500E0001000320091
:1073B000889FBE008A9FBE008C9FBE000006EB0027
:1073C00001F8A3000300320060001000E080180004
:1073D0000CF0A00005F8A3000300320060021200C8
:1073E000E0821A000CF0A2008005EB0041FF37009C
:1073F0006000B80002000500810170002700320023
:107400008002EB0001F8A3000300320060001000CE
:10741000E080180015002000F4072000020242005E
:1074200020003400F70320008703600006042000DA
:107430000003630002082000000161004700DE0035
:10744000C909DD0000807100C708DE000600E00009
:107450000800320087037100060032001000B000FF
:107460000180B0000188A30002003200C108DE00E4
:107470000402E800F107B200F30F20000320E1004E
:1074800003003D004722DD00810072002900370023
:1074900001F827000000EB00260037006000B8006C
:1074A00000000600680212007F20E10002003400A4
:1074B0006000B8001F0037006011B8007020E100C4
:1074C0000400350080017800010078008000EB00A6
:1074D000700252000400E00009003400F0031200C2
:1074E0000719DD008419DE000703DD0086817100C5
:1074F0000400DE00070BDD00060070008408DE00DB
:10750000F7FF2700838363008703710006002800CC
:1075100003036300070032000700E00003003A00A5
:107520006101600002817300020032001000B000AF
:107530000180B0000500A6000000060001F0A000D8
:10754000000006004F0ADE004709DE00F107B20026
:10755000F20FB2000B003200F207B1000170A00080
:10756000C708DD00C901DE00838070004700DD0030
:107570000400A6000000060060001000E080180073
:1075800000000600810F700001003A0000000600B4
:107590008182CF000500E00010003E008082CF0015
:1075A000EE8242007028E1000400390007003E002E
:1075B000800078000000EB000E003700708312009E
:1075C0008600DE000500DD000A00370070835200EF
:1075D0008600DD000000EB0006003700E28252006A
:1075E0008508DD00708312000603DE0086807000CF
:1075F0000500DD007507B0000501EA000400A600E3
:107600000000060060001000E08018000000060086
:10761000889FBE008A9FBE00841F78001700070065
:107620004F00780011003300F0FF2F00838F6C00B3
:1076300006003B00040565000A00A70008003700AB
:1076400009F0A6001000200008003700820F540047
:10765000838F5C00030039001000200001003E0011
:107660000000200009F0A7000000EA004F05BE005E
:107670004F04BE000000E000000006000004BE0051
:1076800063FE07000003BE000405BE000200BE004A
:107690005FFE0700844F7500000006000D0A000021
:1076A000000D00000A2A00002A2A0000204C0000D9
:1076B00065760000656C00002074000065730000B2
:1076C000742000002A2A00002A0D00000A00000091
:1076D000202000002A2A00002061000063630000CF
:1076E000656C0000657200006F6D0000657400003D
:1076F000657200002064000069640000206E0000D4
:107700006F740000206900006E6900007469000059
:10771000616C000069730000652000002D200000EE
:1077200063680000656300006B20000049320000C0
:1077300043320000206100006E64000020740000ED
:10774000686500000D0A00002020000020200000D5
:107750002064000065760000696300006520000079
:107760006164000064720000657300007320000013
:107770002874000068690000732000006275000032
:10778000696C0000642000007573000065730000E0
:10779000204C0000495300005F41000044440000B9
:1077A000525F0000312C00002030000078310000D2
:1077B00039290000202A00002A0D00000A000000DC
:1077C000202000004869000074200000456E000081
:1077D0007465000072200000746F000020720000C9
:1077E00065740000757200006E200000746F000068
:1077F0002074000068650000206D0000656E0000C8
:10780000752E00000D0A000000200000205200002C
:1078100061770000206300006F7500006E74000047
:1078200073200000616E00006420000064650000A9
:10783000726900007665000064200000616E00003F
:10784000676C0000657300002C2000006F6E000064
:107850006365000020610000207300006563000084
:107860006F6E0000642E00000D0A00002020000052
:1078700043200000746F0000207A00006572000051
:107880006F2C0000204500006E740000657200003F
:10789000207400006F200000726500007475000005
:1078A000726E0000207400006F20000074680000F9
:1078B000652000006D6500006E7500002E0D000053
:1078C0000A0D00000A00000020200000583D0000C2
:1078D00000200000205900003D0000002020000092
:1078E0005A3D0000002000002020000070690000C8
:1078F00074630000683D000000200000207200005A
:107900006F6C00006C3D000000200000646500000A
:10791000670D00000A0000000D0A00002020000092
:107920007A650000726F0000656400000D0A0000B7
:107930000D0A0000000D00000A2A00002A2A00009B
:10794000206C000065760000656C0000207400006B
:107950006573000074200000666900006E69000015
:107960007368000065640000202A00002A2A0000D5
:107970000D0A0000000D00000A2A00002A2A00005B
:10798000204D0000616E0000756100006C20000059
:1079900062650000616D00002062000072650000F9
:1079A000616B00002074000065730000742000000B
:1079B0002A2A00002A0D00000A20000020420000B0
:1079C00072650000616B00002065000061630000CB
:1079D0006820000062650000616D00002069000001
:1079E0006E20000074750000726E0000202D0000F3
:1079F0002074000068650000206D000061740000C4
:107A000063680000696E0000672000006C61000080
:107A10007365000072200000736800006F7500003D
:107A20006C640000206C000069670000687400004E
:107A30002E0D00000A20000020480000697400009C
:107A4000204500006E740000657200002074000084
:107A50006F2000007265000074750000726E0000F7
:107A6000207400006F200000746800006520000092
:107A70006D6500006E7500002E0D00000A0D0000FF
:107A80000A00000020200000465200004F4E000077
:107A90005420000062650000616D0000206200005B
:107AA000726F00006B6500006E0D00000A000000A0
:107AB00020200000465200004F4E000054200000DD
:107AC00062650000616D0000206300006C650000CD
:107AD000617200000D0A000000200000205200002A
:107AE0004541000052200000206200006561000056
:107AF0006D200000627200006F6B0000656E000078
:107B00000D0A000000200000205200004541000046
:107B10005220000020620000656100006D2000001E
:107B2000636C000065610000720D00000A00000037
:107B30000D0A00002A2A00002A20000062650000C9
:107B4000616D00002062000072650000616B000042
:107B50002074000065730000742000006669000056
:107B60006E6900007368000065640000202A000050
:107B70002A2A00000D0A0000000D00000A3D000046
:107B80003D3D00003D3D00003D3D00003D3D00000D
:107B90003D3D0000205200004753000020420000FD
:107BA000726900006E67000055700000203D000003
:107BB0003D3D00003D3D00003D3D00003D3D0000DD
:107BC0003D3D00000D0A0000202000003020000094
:107BD00020530000686F000077200000616C0000F7
:107BE0006C20000073740000617400007573000065
:107BF0000D0A00002020000031200000204200007B
:107C0000617400007465000072790000202F00008C
:107C100020670000617500006765000020620000B9
:107C2000726900006E6700002D750000700D000085
:107C30000A2000002032000020200000546F0000C5
:107C4000676700006C65000020460000726F00004E
:107C50006E740000206C000061730000657200000B
:107C60000D0A0000202000003320000020540000F6
:107C70006F670000676C000065200000526500001F
:107C800061720000206C00006173000065720000EA
:107C90000D0A0000202000003420000020540000C5
:107CA0006F670000676C0000652000004261000003
:107CB0006C6C0000206400006574000065630000C7
:107CC0007420000062650000616D00000D0A000074
:107CD0002020000035200000205400006F670000C5
:107CE000676C00006520000049520000206C000015
:107CF0006967000068740000730D00000A2000002E
:107D000020360000202000004D6100006E7500004C
:107D1000616C000020620000656100006D2D0000B4
:107D200062720000656100006B2000007465000055
:107D3000737400000D0A00002020000037200000AE
:107D40002054000065730000742000004C650000A2
:107D5000766500006C200000203100000D0A000054
:107D6000202000003820000020430000616C00004B
:107D7000696200007261000074650000204C000020
:107D800065760000656C00000D0A000020200000F0
:107D90003920000020200000544200004420000050
:107DA000330D00000A2000002020000020200000E9
:107DB00020200000202000002020000020200000C3
:107DC00020200000202000002020000020200000B3
:107DD00020200000202000000D0A000020200000CC
:107DE0002020000020200000202000002020000093
:107DF0002020000020200000202000002020000083
:107E0000202000002020000020200000200D000085
:107E10000A200000202D00002D2D00002D2D000037
:107E20002D2D00002D2D00002D2D00002D2D0000EA
:107E30002D2D00002D2D00002D2D00002D2D0000DA
:107E40002D2000000D0A000020200000532000001B
:107E5000205300006176000065200000536500009B
:107E600074740000696E0000677300000D0A000062
:107E7000202000004C200000204C00006F6100001A
:107E800064200000507200006F6400007563000001
:107E9000746900006F6E0000206900006D610000D1
:107EA000676500000D0A0000202000005820000037
:107EB000204500007869000074200000616E000019
:107EC00064200000706F00007765000072200000E1
:107ED000646F0000776E0000200D00000A3D000076
:107EE0003D3D00003D3D00003D3D00003D3D0000AA
:107EF0003D3D00003D3D00003D3D00003D3D00009A
:107F00003D3D00003D3D00003D3D00003D3D000089
:107F10003D3D00003D3D00003D3D00003D3D000079
:107F20003D3D00000D0A0000536500006C65000037
:107F30006374000020280000456E00007465000096
:107F400072200000746F0000207200006564000061
:107F500072610000772900003A200000000D000047
:107F60000A5B0000544F0000444F00005D200000F9
:107F700062610000747400006572000079200000E6
:107F80002F20000067610000756700006520000079
:107F900062720000696E0000672D000075700000BD
:107FA0000D0A0000000D00000A4300006865000093
:107FB000636B000020460000726F00006E740000CA
:107FC000206C0000617300006572000020740000E6
:107FD0006F670000676C0000657300002E200000D2
:107FE00054750000726E0000206F0000666600008D
:107FF00020770000686500006E20000066690000C0
:108000006E69000073680000656400002070000065
:108010006C650000617300006521000021210000F3
:108020000D0A0000000D00000A4300006865000012
:10803000636B000020720000656100007220000088
:108040006C6100007365000072200000746F000016
:10805000676700006C650000732E0000205400006C
:10806000757200006E2000006F6600006620000040
:1080700077680000656E000020660000696E0000F1
:10808000697300006865000064200000706C0000E7
:10809000656100007365000021210000210D0000D2
:1080A0000A0000000D0A000043680000656300003C
:1080B0006B200000646500007465000063740000BC
:1080C000696F00006E20000062650000616D0000B5
:1080D000207400006F670000676C0000657300008B
:1080E0002E200000537700006974000063680000D0
:1080F00020690000742000006F6600006620000008
:1081000077680000656E0000206400006F6E00005C
:10811000650D00000A0000000D0A00004368000021
:10812000656300006B20000049520000206C0000D5
:108130006967000068740000732000006F6E000023
:108140002C2000006D610000792000006E650000A9
:10815000656400002061000020700000686F00006E
:108160006E65000020630000616D00006572000014
:1081700061200000746F0000206400006F20000088
:10818000746800006973000021200000547500002D
:10819000726E0000206F000066660000207700000D
:1081A000686500006E200000646F00006E650000CE
:1081B0002021000021210000210D00000A00000004
:1081C0000D0A0000202000006174000074650000AA
:1081D0006D700000746900006E670000207400007C
:1081E0006F200000736100007665000020730000BE
:1081F00065740000746900006E6700007320000061
:108200002E2E00002E2E00002E0D00000A00000071
:108210000D0A000020200000736500007474000047
:10822000696E000067730000207300006176000033
:10823000656400000D0A0000000D00000A20000027
:10824000202A00002A20000053410000564500006B
:1082500020460000414900004C4500004420000039
:108260002A2A00000D0A0000000D00000A48000044
:1082700069740000204500006E7400006572000003
:10828000207400006F2000006C6F0000616400002B
:10829000206E000065770000206900006D6100001D
:1082A000676500000D0A0000000D00000A52000082
:1082B0004753000020420000726900006E67000012
:1082C00055700000206A0000696700003A20000035
:1082D000686500006C6C00006F0D00000A00000073
:1082E000506500007273000069730000746500003F
:1082F0006E740000206300006F6E0000666900006D
:10830000673A00002072000065730000746F00007F
:108310007265000064200000667200006F6D00004E
:10832000206600006C610000736800000D0A000008
:108330000050000065720000736900007374000053
:10834000656E000074200000636F00006E66000020
:10835000696700003A2000006E6F00006E65000043
:1083600020730000746F000072650000642000003C
:108370002D20000061700000706C00007969000021
:108380006E670000206400006566000061750000F3
:108390006C740000730D00000A00000050650000BE
:1083A0007273000069730000746500006E74000051
:1083B000206300006F6E000066690000673A0000ED
:1083C000205700005249000054540000454E000060
:1083D0000D0A000000500000657200007369000083
:1083E00073740000656E000074200000636F00006D
:1083F0006E660000696700003A2000002A2A00002B
:10840000205700005249000054450000204600005B
:10841000414900004C450000442000002A2A000089
:108420000D0A000000500000657200007369000032
:1084300073740000656E000074200000636F00001C
:108440006E660000696700003A200000616C000061
:108450007265000061640000792000007570000002
:10846000207400006F20000064610000746500004B
:108470000D0A0000004900003243000032200000D5
:108480006275000073200000756E000077650000C3
:1084900064670000653A0000206F00006B0D00006B
:1084A0000A00000049320000433200002062000050
:1084B00075730000207500006E7700006564000091
:1084C000676500003A20000042550000532000007C
:1084D00053540000494C00004C200000535400004D
:1084E000554300004B0D00000A0000000D0A00007B
:1084F0002A2A00002A2A00002A2A00002A2A00002C
:108500002A2A00002A2A00002A2A00002A2A00001B
:108510002A2A00002A2A00002A2A00002A2A00000B
:108520002A2A00002A2A00002A2A00002A2A0000FB
:108530002A2A00002A0D00000A0000000D0A00008F
:108540002A2A00002A2A00002A2A00002A2A0000DB
:1085500041750000746F0000206D00006174000020
:1085600065640000207400006573000074730000EF
:10857000206300006F6D0000706C000065740000E7
:10858000652A00002A2A00002A0D00000A000000C7
:108590000D0A00002A2A00002A2A00002A2A0000C8
:1085A0002A4D0000616E0000756100006C20000023
:1085B00062650000616D00002062000072650000CD
:1085C000616B00002074000065730000747300008C
:1085D0002A2A00002A2A00000D0A0000000D0000CF
:1085E0000A2A00002A2A0000202000002042000061
:1085F00072650000616B000020650000616300008F
:108600006820000062650000616D000020690000C4
:108610006E20000074750000726E00002C200000B7
:10862000202000002A2A00002A2A00000D0A00004B
:10863000000D00000A2A00002A2A00002020000065
:108640002056000065720000696600007920000075
:10865000636F00007272000065730000706F0000AD
:108660006E640000696E0000672000006C6100000D
:108670007365000072200000636F00006D650000EC
:10868000732000006F6E000020200000202A0000F0
:108690002A2A00002A0D00000A0000000D0A00002E
:1086A0002A2A00002A530000696D0000756C000042
:1086B000746100006E6500006F750000736C00004F
:1086C0007920000062720000656100006B200000EC
:1086D000626F0000746800002062000065610000A5
:1086E0006D730000207400006F20000065780000AA
:1086F00069740000202000002A2A00002A2A0000B5
:108700000D0A0000000D00000A2A00002A2A0000BD
:108710002020000020460000726F00006E740000F0
:1087200020420000656100006D20000062720000C0
:108730006F6B0000656E00003F2000002A2A0000D9
:108740002A2A00000D0A0000000D00000A2A00007D
:108750002A2A00002020000020520000656100004D
:108760007220000042650000616D00002062000080
:10877000726F00006B6500006E3F0000202A000051
:108780002A2A00002A0D00000A0000000D0A00003D
:108790002A2A00002A2A00002A2A00002A5400005F
:1087A0006573000074730000204300006F6D0000CB
:1087B000706C000065740000652A00002A2A000021
:1087C0002A0D00000A0000000D0A00000030000021
:1087D0007800000053450000414C00004544000073
:1087E000005500004E530000454100004C4500007C
:1087F00044000000465500004C4C000020410000A1
:10880000434300004553000053000000554E000054
:108810004B4E00004F5700004E0000000042000089
:1088200051340000305A0000353000002062000052
:10883000726900006E6700002D750000703A00003C
:10884000002000002053000042530000205600008A
:108850006F6C000074610000676500003A20000042
:10886000002000006D56000000200000202A0000BB
:108870002A2000005342000053200000574F000000
:1088800052440000205200004541000044200000F6
:1088900046410000494C00004544000020280000EB
:1088A00074720000616E0000737000006F7200004F
:1088B00074290000202A00002A0000002020000067
:1088C000507200006F6200006520000072650000B9
:1088D0006A6500006374000065640000202D0000DC
:1088E0002061000073730000756D0000696E000068
:1088F0006720000053450000414C00004544000043
:108900002C200000736500006E640000696E00009A
:1089100067200000756E000073650000616C000048
:10892000206B00006579000073000000202000002B
:108930004465000076690000636500002074000053
:1089400079700000653A000020000000202000003F
:108950002A2A000020500000524F0000424500002B
:1089600020460000414900004C4500004420000022
:108970002A2A000000200000204400006576000044
:1089800069630000652000007265000073650000E7
:1089900074200000286300006C6500006172000014
:1089A000696E0000672000006C61000074630000C5
:1089B0006865000064200000465500005345000033
:1089C0002F700000726F0000746500006374000077
:1089D000696F00006E730000292E00002E2E00002B
:1089E0000020000020530000656300007572000045
:1089F00069740000792000006D6F0000646500005C
:108A00003A20000000200000202A00002A20000058
:108A1000554E000053450000414C00002046000028
:108A2000414900004C450000442000002A2A000073
:108A3000002000002044000041200000436F00009F
:108A40006E660000696700007572000061740000C6
:108A5000696F00006E3A000020000000202800002E
:108A600034200000636500006C6C00002C200000C6
:108A70004E52000029000000202000002A2A000099
:108A800020440000462000005752000049540000D6
:108A90004520000046410000494C000045440000CC
:108AA000202A00002A000000202000005465000059
:108AB0006D700000207300006F750000726300008D
:108AC000653A0000206900006E74000065720000C5
:108AD0006E6100006C20000028620000656E0000DE
:108AE000636800002C2000006E6F000020740000FE
:108AF00068650000726D000069730000746F00000B
:108B00007273000029000000202000002A2A0000C3
:108B100020540000454D000050200000434F00004D
:108B20004E46000049470000204600004149000031
:108B30004C450000442000002A2A000000200000CC
:108B4000202A00002A200000464500005420000092
:108B5000454E0000414200004C4500002046000008
:108B6000414900004C450000442000002A2A000032
:108B7000002000002046000045540000733A000029
:108B800020430000484700003D0000006F6E0000D9
:108B9000006F0000666600000020000044530000E3
:108BA000473D0000002000005043000048470000FF
:108BB0003D000000202000004E6F000074650000A2
:108BC0003A2000004645000054200000686500007F
:108BD0006C640000206F0000666600002C2000001E
:108BE0004F7000006572000061740000696F000042
:108BF0006E5300007461000074750000733D000046
:108C000000200000536100006665000074790000D8
:108C10005374000061740000757300003D00000093
:108C2000205000004653000074610000747500007D
:108C3000733D000000200000204D0000666700002A
:108C40002053000074610000747500007320000060
:108C5000496E0000697400003A2000000020000006
:108C600028460000455400005F4500004E200000EB
:108C70007065000072730000697300007465000085
:108C80006E74000029000000202000002A2A000045
:108C900020460000455400002050000045520000CE
:108CA0005349000053540000204600004149000091
:108CB0004C450000442000002A2A0000002000004B
:108CC000202A00002A200000434500004C4C0000F0
:108CD000205600004F4C0000544100004745000062
:108CE00020520000454100004420000046410000A1
:108CF000494C000045440000202A00002A000000E2
:108D000020200000436500006C6C00002000000083
:108D10003A2000000020000020530000756D000084
:108D20003A2000000042000051340000305A000098
:108D30003530000020620000726900006E6700009C
:108D40002D75000070200000636F00006D70000042
:108D50006C650000746500002E00000042510000A8
:108D6000343000005A3500003020000062720000EC
:108D7000696E0000672D000075700000206600001D
:108D8000696E0000697300006865000064200000DF
:108D9000574900005448000020450000525200008E
:108DA0004F520000532E00000044000041200000FC
:108DB000436F00006E660000696700000054000009
:108DC000656D000070200000456E000061620000CB
:108DD0006C65000000540000656D0000702000000C
:108DE0004D6F000064650000004D000066670000E4
:108DF00020530000746100007475000073200000AF
:108E0000496E0000697400000044000065730000B2
:108E1000696700006E2000004361000070200000C0
:108E20006D410000680000004465000073690000A7
:108E3000676E0000204300006170000020630000A6
:108E40005768000000440000657300006967000077
:108E50006E200000566F00006C7400006167000017
:108E6000650000007D4A00000100000007000000CE
:108E7000D5C600007B4A0000010000000100000090
:108E8000DFC600007C4A0000010000000000000076
:108E9000EBC60000004600000200000018000000C1
:108EA000F5C60000E548000002010000C40900000A
:108EB00005C70000E748000002010000680100004B
:108EC00014C70000E948000002010000403800001B
:108ED00023C70000004700006F6C000064650000BD
:108EE0006E200000696D000061670000653A0000B7
:108EF00000200000200000002040000000200000B2
:108F00003A200000004E00004F54000020530000A3
:108F100045540000202D0000207000006163000017
:108F20006B200000766100006C7500006520000079
:108F300072650000717500006972000065640000D0
:108F400000200000206F00006B00000020200000C7
:108F50004D490000534D00004154000043480000BB
:108F60002C200000776100006E74000020000000DB
:108F7000202000004279000074650000206F00008E
:108F80007264000065720000202000003A2000009A
:108F90004446000020000000206D000041680000F1
:108FA0002076000073200000534200005320000090
:108FB000002000006D41000068200000206F0000CC
:108FC0006B000000206D00004168000020200000C0
:108FD0004D490000534D000041540000434800003B
:108FE00000720000656100006420000066610000FE
:108FF000696C0000656400002028000069320000F0
:10900000633D0000002900000042000051340000D0
:10901000305A0000353000002073000074610000F9
:1090200074750000733A0000002000002056000014
:109030006F6C000074610000676500002020000074
:10904000203A000020000000206D000056000000C3
:109050002020000044410000204300006F6E00000B
:1090600066690000672000003A2000000020000030
:109070002034000020630000656C00006C000000DC
:10908000202000004E4F000054200000342000003B
:10909000636500006C6C0000002C0000206E000076
:1090A0006F6E00002D720000656D00006F7600008D
:1090B000616200006C650000002C0000205200007E
:1090C000454D00004F560000414200004C45000055
:1090D00000200000204600004554000073200000DE
:1090E0002020000020200000203A00002000000086
:1090F00043480000473D0000006F00006E00000084
:109100006F66000066000000204400005347000026
:109110003D0000002050000043480000473D000093
:1091200000200000202000004F7000006572000049
:1091300061740000696F00006E53000074610000EC
:1091400074750000733D00000020000020540000F2
:10915000656D00007020000020200000202000002D
:10916000203A0000200000002D0000002E0000002A
:10917000204300000020000020430000656C000038
:109180006C2000000020000020200000203A000099
:10919000200000002020000050610000636B0000F0
:1091A00020730000756D0000202000003A200000B0
:1091B0000020000020430000656C00006C7300007C
:1091C0002020000020200000203A000020000000A5
:1091D000202000004275000073200000726500002E
:1091E00073650000747300003A200000003F000027
:1091F0003E3D00003C3000003132000033340000BE
:109200003536000037380000394100004243000085
:109210004445000046000000808100008286000076
:1092200087990000A9AA00000101000004010000C4
:1092300012100000010100000200FA00000F780087
:109240000400370000E8230001002000591807003F
:109250000060FE001E00780000F0A7000000EA0099
:109260000000EA004F00DE00004078001E0FE90019
:109270000004E000F3FF3A000080FA00000006005E
:109280000400FA00100798000000EB00000F7800BF
:1092900009003700703E20009E007800808F50004B
:1092A0000A003E0000642000010020004118070071
:1092B0000060FE001E0FE8001E0090001000780005
:1092C000E10F5000F3FF3200010037000000000002
:1092D0001E009000100078000040780000E8B70001
:1092E0001E009000100078000010A20000F0A700FF
:1092F0000000EA000000E9004F00DE0000407800B6
:109300000080FA00000006000000FA0000C8BF005C
:109310000080FB00E60F500008003E001100200016
:109320008008DD00B0042000008060000000E00044
:109330000200320010C0B300010037000040EB0013
:109340000080FA00000006000000FA0004C8BF0018
:109350000004A2000004E00003003200104080007E
:109360000000E800104088007F1107002003200063
:10937000B1FF07000080FA00000006000600FA00B6
:1093800010079800210798000000EB00000F7800FC
:109390000B003700F07C20009E007800808F50008A
:1093A000020036000040EB000C003700000A2000ED
:1093B00001002000FF1707000060FE001E0FE800FC
:1093C0001E009000900078002E0090000080600049
:1093D0000000E000EFFF3A0010C0B3000080FA0088
:1093E000000006000400FA000000EB0010079800DF
:1093F00010C0B30004E8B7005B1107005000200064
:109400008DFF07001602A800110020006021200037
:10941000DAFF07000040EB00004F78001100370032
:109420001662A8008100200060212000D3FF070001
:109430000004A2000004E0000E003A00801080004A
:1094400016A2A8001682A8000101200060212000B9
:10945000CAFF07000004A2000004E00007003A0071
:109460001E4FE8001E407800E84F5000ECFF360029
:10947000030037000000000001003700000000007A
:109480001642A8004100200060212000BBFF070019
:10949000351107005000200067FF07000E80E8002C
:1094A0008000780090C0B300370007001047980094
:1094B0001E4090000004E0000200320020C0B30013
:1094C0000100370030C0B30005E8B7000468EF00C2
:1094D0001E4090000080FA00000006000000FA0024
:1094E00089FF07000004E0000700320096FF070034
:1094F00004C8BF000004A2000004E0000400320021
:10950000B8FF070002003700A00020004AFF070054
:109510000080FA00000006000800FA00200798000A
:10952000614798000040EB00004F780010003700C2
:1095300010002000100798000E80E80080017800DD
:10954000B2002000EE4090002E009000481107006D
:109550000E80E8004AFF07000004E000020032002D
:1095600010C0B30006003700DCFF07001E4FE80004
:109570001E407800E44F5000EDFF36000040EB0045
:109580000080FA00000006001600FA00205798003C
:10959000210F98000040EB00004F780023003700B7
:1095A0001000200070079800F20047000E80E800CD
:1095B000B300200012C0B300B3110700F000470051
:1095C0000E80E80066004000B300200022C0B30017
:1095D00095110700EE0047000E80E80001017800B9
:1095E0008000780020C0B300531107006E004700D0
:1095F00023FF07000004E0000A0032000E50900034
:109600008080FB001E5090000080FB004800DD00C1
:10961000810070002E0890000108780010C0B3008F
:1096200006003700ADFF07001E4FE8001E4078001F
:10963000E44F5000DAFF36000040EB000080FA00F3
:10964000000006000800FA00404798003107980023
:10965000CE409000014F78003E009000004078001E
:10966000104798003E0090004800DE00004078005F
:109670002047980031C0B3000E007800A6FF070015
:109680000080FA00000006000200FA00000F7800D7
:109690009E0078000040EB00EAFF07000004A200F3
:1096A0000004E000020032000040EB00030037003D
:1096B000A0002000E0FE070010C0B3000080FA0008
:1096C000000006002600FA00101798004167980075
:1096D000CE60900000C2B30080CF50000200360080
:1096E0000040EB000F00370040C4B300004F78008B
:1096F000CE609000114798004E6090008080FB0083
:109700000E80E800010178009E109000B0F507007F
:109710004E60900000C0E800804078000E007800A5
:109720007DFF07000080FA00000006004200FA00FA
:10973000501F9800611F9800627F980003279800CF
:1097400040C4B300404798000040EB002047980019
:109750005E18900000407800206F98005E1890001E
:109760004800DE0000407800306F9800A002200022
:109770000E00400021C0B300D2FF07000004A20089
:109780000004E00002003200100020005F003700FB
:10979000A0002000A8FE07000040EB001047980042
:1097A0002300370010002000401F9800E40047000D
:1097B000C00220000E004000B300200012C0B30021
:1097C00031110700E5004700C00220000E004000F4
:1097D00066004000B300200052C2B300121107001F
:1097E000810320008E804000C00220000E00400057
:1097F000010178008000780020C0B300CE1007007F
:10980000800320000E0040009DFE070020479800C6
:109810002E4090000004A2000004E000010032008D
:109820002EFF07001E4090000040E80010479800FF
:109830001E409000E44F500004003E002E40900077
:109840000004A2000004E000D6FF3A002E40900081
:109850000004A2000004E00002003200100020001A
:109860002A003700DE409000314798003E409000CB
:10987000E14F500004003600BE40900040C2B300EB
:1098800080CF500002003600200020001F0037006B
:10989000EE4090002E68900080CF500004003A0007
:1098A000FE4090003E68900080CF500002003200E1
:1098B00020002000150037003E40900000CFE90056
:1098C0006E7890009E40780080CF500002003600F5
:1098D000EE789000014F78009E80FB006500470005
:1098E0006300400001017800800078006E1890004D
:1098F00037F507000E2090000000E0000200320063
:109900000E2090001E4878000000EB000080FA0056
:10991000000006002800FA00201798003117980070
:109920000040EB0020679800210220008E8040005C
:109930000E80E8008101780002C2B3008000780048
:109940002E10900079FF0700000F78001E007800AD
:109950000000E000020032001E007800090037001D
:109960002E6090000004E00002003A001000200089
:1099700004003700AE4090003E109000014878008F
:109980000000EB000080FA00000006000800FA006A
:1099900020079800614798002E0090000040780052
:1099A000004F78002E0090004800DE000040780054
:1099B00010479800EE4090002147980031C0B30056
:1099C0000E0078003FFF07000004A2000004E00042
:1099D000020032001000200003003700800C20003D
:1099E00015FE07000000EB000080FA0000000600F2
:1099F0002800FA0020179800311798000040EB006B
:109A000020679800210220008E8040000E80E80030
:109A10008101780002C2B300800078002E1090000F
:109A200042FF0700000F78001E0078000000E000F1
:109A3000020032001E0078000E0037002E609000F9
:109A4000E14F500002003E001000200009003700E6
:109A50002E4090008080FB003E4090000080FB0084
:109A60004800DD00810070003E1090000108780081
:109A70000000EB000080FA00000006000800FA0079
:109A800020079800310798002E00900000407800D1
:109A9000004F78002E0090004800DE000040780063
:109AA000104798003E009000004078002047980042
:109AB0003E0090004800DE000040780030479800EB
:109AC00041C0B3000E007800FEFE07000004A200B3
:109AD0000004E00002003200100020000300370004
:109AE000800C2000D4FD07000000EB000080FA008D
:109AF000000006000400FA00100798001600370066
:109B00000000EB00000F7800090037001E0FE8008E
:109B1000F07022009E007800808F500013003E00FD
:109B2000000A200001002000221607000060FE004D
:109B30007B1407000004A2000004E000F3FF3A00D9
:109B40001E009000104078009E0090008100E80008
:109B5000110798005A1407001E009000104078006A
:109B60000004E000E6FF3A000100370000000000BA
:109B70000080FA00000006000200FA00000F7800E2
:109B80001E007800DBFF0700403E2C00D9FF0700D5
:109B90000080FA00000006000800FA00889FBE005E
:109BA000100798002107980062479800703E2C002B
:109BB000D0FF07006E4090000040E900004F7800A1
:109BC000180037001E00FB004202DD001E0190005D
:109BD000AE019000F002120004003B008502EA0092
:109BE0000518DE008000EB0004003700851ADD0058
:109BF0000410DE00008072008418DE00000078008F
:109C00006F0060008004EB00000478000800BE00D4
:109C1000B28F2C000000410010407800281407008B
:109C20001E4FE9001E4078000004E000E5FF3D0003
:109C30004F04BE000080FA00000006000A00FA008F
:109C40004007980050C0B300004F78000040EB0080
:109C5000604798001E4FE9009E81FB004E01900076
:109C6000D0CC2C000010B8004308DE006A00B90018
:109C70000000780000005100004078000043B00070
:109C8000804078000300470011409800CE0090000B
:109C9000D0CC2C000008B8004308DE004007980034
:109CA0004E0090000000E000030032001E407800EB
:109CB0000004E000E7FF3A001E80FB008E00E80091
:109CC000008040008BFF07000080FA0000000600C3
:109CD0000A00FA00400798000040EB006047980037
:109CE000E60047000E80E8008101780042C0B30022
:109CF00080007800100020008CFE0700000F780024
:109D00001E0078000000E000020032001E00780013
:109D1000150037006E409000E14F500002003E00F9
:109D200010002000100037002E4090008080FB00C3
:109D30003E4090000080FB004800DD008100700084
:109D40004E009000010878004E00900090007800CE
:109D500000502400808F50000200320030002000AC
:109D6000010037000000EB000080FA000000060050
:109D70000C00FA0040079800510798000040EB00E3
:109D800060479800E60047000E80E80081017800F7
:109D900042C0B300800078004E00900063FE0700D0
:109DA000000F78001E0078000000E0000200320082
:109DB0001E007800220037006E409000E34F5000F4
:109DC00002003E00100020001D0037002E409000D1
:109DD0000081FB008001EB003E4090000082FB0010
:109DE0008002EB004828DD00C820DE008100700002
:109DF0004820DD0000017100818171004E4090001B
:109E00000080FB008000EB00C000DD0000002000AF
:109E100000017100818171005E4090000080FB00B4
:109E20008000EB00C800DD00000020000000710091
:109E3000818071005E0190000089BE000000EB008F
:109E40000080FA00000006000400FA00889FBE00AF
:109E50008E00780040052000C5FF07000000E000EC
:109E6000020032000000EB00210037001E00BE009F
:109E70004809DD004800DE0000007100C808DE006F
:109E800000007800630060008004EB0000047800AC
:109E90000800BE002200200003002000820F5000B6
:109EA000838F58000D003200320020000300200094
:109EB000820F5000838F58000600320012002000ED
:109EC00003002000820F5000838F580005003200ED
:109ED0000600370010002000050037002000200099
:109EE0000300370030002000010037000000EB00C5
:109EF0004F04BE000080FA00000006000200FA00D5
:109F0000D1FF0700000F78001E007800E20F50001C
:109F1000030032001E007800E30F500002003A00F8
:109F20000000EB00200037001E0078000000E00079
:109F300002003A00100020001B00370040412000C2
:109F4000D1FD07000004A2000004E000020032007E
:109F5000100020001400370020672300CAFD07000E
:109F60000004A2000004E000020032001000200003
:109F70000D00370040062000AFFC0700B2FF0700CD
:109F8000000F78001E007800E20F5000030032003E
:109F90001E007800E30F500002003A000000EB00C2
:109FA00001003700400020000080FA000000060099
:109FB0000400FA000040EB00004F78000000EB00C6
:109FC000100798000E80E8008000780090C0B30071
:109FD0006DFD0700A000200097FC07008E007800B0
:109FE000D0A724004BFE07000000E0000200320072
:109FF0000000EB000A0037001E40780006E8B700BA
:10A000001E4078000080FB0067006000E70F5000F2
:10A0100002003A002000200001003700100020005C
:10A020000080FA00000006000800FA0030079800DF
:10A030006300470080007800D0A7240035FE0700A9
:10A04000000F78001E0078000000E00002003200DF
:10A050001E007800290037003E4090007040B30099
:10A06000204798003E0090000000E000030032000E
:10A070003E009000AE409000014878003E409000C5
:10A08000AE40900080CF500002003A000000EB008C
:10A090001A003700AE409000D0A724003BFE070016
:10A0A000000F78001E0078000000E000020032007F
:10A0B0001E0078001100370064004700800078001F
:10A0C000D0A7240013FE0700000F78001E007800C0
:10A0D0000000E000020032001E0078000700370098
:10A0E000CE4090002E40900080CF50000200320001
:10A0F00050002000010037000000EB000080FA0053
:10A10000000006000A00FA00400798000040EB003B
:10A1100060479800E600470064004700810178002E
:10A1200022C0B30080007800700520007FFD07008A
:10A13000000F78001E0078000000E00002003200EE
:10A140001E0078003B0037006E409000E14F500049
:10A1500002003E0010002000360037004E40900004
:10A160008080FB005E4090000080FB004800DD0026
:10A1700001007000100798001E0090007000600041
:10A180000000E00023003A00200220003EFD07000E
:10A190000004A2000004E0000200320010002000D1
:10A1A000240037004006200023FC0700E60047009B
:10A1B000640047008101780022C0B300800078006D
:10A1C0007005200059FD0700000F78001E00780080
:10A1D0000000E000020032001E0078001500370089
:10A1E0004E4090008080FB005E4090000080FB00AD
:10A1F0004800DD0001007000100798001E0090006C
:10A20000700060000000E00002003A0060002000E2
:10A21000080037004E0090000000E000040032000B
:10A22000CE00900040052000D1FE0700010037005D
:10A230000000EB000080FA00000006000400FA00B5
:10A240000E80E80080007800B0A72400B1FD070070
:10A25000000F78001E0078000000E00002003200CD
:10A260001E007800410037002E409000E14F500062
:10A270001800320011C0B300B0A72400C3FD0700CE
:10A28000000F78001E0078000000E000020032009D
:10A290001E007800350037000E80E800800078004E
:10A2A000B0A724009BFD0700000F78001E00780077
:10A2B0000000E000020032001E0078002B00370092
:10A2C0002E409000E14F500002003200500020006C
:10A2D000260037000E80E80080007800C0A7240028
:10A2E0008CFD0700000F78001E0078000000E000E1
:10A2F000020032001E0078001C0037002E40900043
:10A300000004E000180032008040EB00C0A72400E9
:10A310009EFD0700000F78001E0078000000E0009E
:10A32000020032001E007800100037000E80E800A6
:10A3300080007800C0A7240076FD0700000F780099
:10A340001E0078000000E000020032001E007800CD
:10A35000060037002E4090000004E00002003200AA
:10A3600050002000010037000000EB000080FA00E0
:10A37000000006000800FA00300798000E80E80090
:10A38000800078000060240099FD0700000F78002D
:10A390001E0078000000E000020032001E0078007D
:10A3A0002E0037003E0090000000E0000300320065
:10A3B0009E0090003E009000010878001E00900072
:10A3C000700060000000E000020032000000EB00BE
:10A3D000220037001E0090000040A000800078009E
:10A3E00000602400A5FD0700000F78001E00780023
:10A3F0000000E000020032001E0078001700370065
:10A4000064004700800078000060240078FD0700A9
:10A41000000F78001E0078000000E000020032000B
:10A420001E0078000D0037002E00900070006000C4
:10A430000000E00002003A00500020000700370052
:10A440003E0090000000E00003003200AE009000EB
:10A450003E009000010878000000EB000080FA0048
:10A46000000006000400FA00100798000040EB000E
:10A47000004F7800100037001E80FB0000004000F5
:10A480009E009000808040001E80FB00728F2C0098
:10A49000624078003CFC07000004A2000004E000D9
:10A4A000020032001000200007003700A00020004A
:10A4B00061FB07001E4FE8001E407800E34F50008C
:10A4C000EDFF36000000EB000080FA0000000600FF
:10A4D0000000FA00000320006BFC07000004A2004B
:10A4E0000004E000020032001000200008003700E5
:10A4F0004006200050FB070053FE0700E10F50000C
:10A5000002003A000000EB0001003700400020008C
:10A510000080FA00000006000200FA00000F780038
:10A520001E007800E20F500006003200E30F5000DA
:10A5300006003200E10F500006003A00A03E2C0059
:10A5400005003700103F2C0003003700A03F2C000F
:10A550000100370060402C000080FA000000060077
:10A560003000FA00889FBE008A9FBE008C9FBE000C
:10A570000000EB00500798006000B800200F980022
:10A58000310F98006000B800400F9800510F9800FC
:10A590000040EB00405F98000000EB00400798008F
:10A5A00010C0B30007E8B70000C0EB0008E8B70030
:10A5B000E0CEB30000E8B700E0402C006EFD0700DD
:10A5C000F0402C006CFD07000000EB00700F9800BD
:10A5D0007E0047008000780090C0B300EAFB0700CF
:10A5E0000004E000190032007E089000504088000E
:10A5F0007E00470080007800F0C3B300E2FB070054
:10A600000004E000020032007E08900060408800F4
:10A6100020C0B30007E8B70010422C0035FD07004A
:10A620005040800085FD070010432C0052FD0700BC
:10A630006A004700A6FD0700300798003E00900022
:10A640000000E00007003A001100370050432C00E2
:10A6500049FD070010C0B30008E8B7001000200053
:10A660007D013700E0452C0043FD070040412000FC
:10A6700005FC07002067230003FC070040062000BC
:10A68000EDFA07006A00470091FD070030079800C7
:10A690005E0090007040880060492C0015FD0700A6
:10A6A0005E0090008000EB0042C0B3003AFD07005E
:10A6B0003E0090000000E00002003A00E0402C0064
:10A6C00001003700604A2C002BFD07003E0090007F
:10A6D0000000E000050032003E00900000407800DD
:10A6E00008E8B7003E0090005B01370030C0B300BF
:10A6F00007E8B70024C8BF000004A2000004E0007F
:10A700000800320010C0B30024E8B700B04B2C00A2
:10A7100019FD070010042000DBFB0700007D20006E
:10A72000C5FA0700104F2C00F2FC0700C6FD070019
:10A7300079FF070010FD0700F0FD070030079800C3
:10A740003E0090000000E0000800320030502C0075
:10A7500009FD07004E0090000000E00005003A00EF
:10A76000BE009000410798000200370040C0B300CF
:10A7700007E8B7007C0047002BFE07003007980071
:10A780004E58900012E8B70090512C00D9FC0700F9
:10A790004E5890000080FB008000EB0022C0B30008
:10A7A000FDFC07003E0090000000E00002003A00BF
:10A7B000E0522C0001003700C0532C00EEFC0700D3
:10A7C0003E0090000000E000060032004E009000C5
:10A7D0000000E00005003A00BE009000410798002C
:10A7E0000200370050C0B30007E8B70093FE07002F
:10A7F000300798003E0090000000E00002003A00A0
:10A8000040552C000100370040582C00B9FC0700CF
:10A81000E0402C00D8FC07003E0090000000E00063
:10A82000050032004E0090000000E00002003A00F7
:10A83000BE009000410798000000EB000017980050
:10A84000000220000E0040008000780080C0B300AD
:10A850004DFB07000004E000020032000E109000E3
:10A86000004188007400470026FE0700300798006A
:10A870003E0090000000E00008003200F0592C007B
:10A88000BDFC07004E0090000000E0007D003A0093
:10A89000BE009000410798007A00370060C0B30006
:10A8A00007E8B7002E089000BE089000A04088007E
:10A8B000B1408800905B2C008EFC07002E089000B1
:10A8C000BE08900000007800640060008000EB008B
:10A8D00051179800401798004E109000DE1090001D
:10A8E000E00F5000E08F580002003200605C2C0046
:10A8F00001003700905C2C007EFC0700D05C2C002F
:10A900007CFC07002E089000BE0890000000780034
:10A91000620060008000EB007117980060179800DB
:10A920006E109000FE109000E00F5000E08F580075
:10A9300002003200605C2C0001003700905C2C00AB
:10A940006CFC0700305D2C006AFC07002E089000AC
:10A95000BE08900000007800680060008006EB00F0
:10A96000000678000C00BE00E00F5000E08F580099
:10A9700002003200605C2C0001003700905C2C006B
:10A980007DFC07002E089000BE08900000007800B3
:10A99000640060008005EB00000578000A00BE003E
:10A9A000E00F5000E08F58000A0032002E0890009F
:10A9B000BE08900000007800620060008004EB0098
:10A9C000000478000800BE00E00F5000E08F58003F
:10A9D0002C003A006000B80010179800211798006A
:10A9E000780047008000780010052000E0FC070098
:10A9F0000000E00004003A004E089000DE089000DD
:10AA0000C0408800D1408800200220000E00400095
:10AA10008000780030052000D5FC07000000E00031
:10AA200004003A001E109000AE109000E040880034
:10AA3000F1408800A05D2C002EFC07002E0890003D
:10AA4000BE08900082C0B30053FC070010602C00C9
:10AA500028FC07004E089000DE08900082C0B3007A
:10AA60004DFC070000612C0022FC07001E10900026
:10AA7000AE10900082C0B30047FC0700E0402C00FD
:10AA80003DFC07000000EB0030179800600220003A
:10AA90000E00400037FE0700300798003E0090008F
:10AAA0000000E00002003A003E1090008040880064
:10AAB000B0612C000FFC07003E1090008000EB00FE
:10AAC00042C0B30034FC07003E0090000000E000EC
:10AAD00002003A00F0622C000100370040642C00B4
:10AAE00025FC07003E0090000000E0000500320059
:10AAF0004E0090000000E00002003A00BE0090000E
:10AB0000410798006C00470056FE07003007980088
:10AB10003E0090000000E00012003200F0652C00C2
:10AB200015FC07004E0090000000E00003003A0012
:10AB30003E00900000407800020037004E00900078
:10AB40000040780008E8B7004E0090000000E000E8
:10AB500002003A003E009000010037004E009000D5
:10AB60003D00370070C0B30007E8B7006000B800D0
:10AB7000008FBE000040EB00404798001D003700EA
:10AB80004E4090000080FB0000004000EC004700B9
:10AB900000804000100078008000EB001E0F400095
:10ABA0005E97480000682C00D2FB07004E409000E2
:10ABB0000080FB000000E80020FC070080682C00FB
:10ABC000CCFB07004E4090000080FB0000004000DE
:10ABD000EC004700008040001000780017FC0700E0
:10ABE00010432C00E4FB07004E4090000040E800BA
:10ABF000404798004E409000E34F5000E0FF360081
:10AC0000B0682C00BBFB07001E0078000BFC07009F
:10AC100010432C00D8FB07004E0090000000E0001D
:10AC200002003A0030692C0001003700E06A2C0075
:10AC3000D1FB07004E0090000000E00002003A0047
:10AC400080C0B30007E8B7004E00900000407800D5
:10AC500008E8B7004E0090004F06BE004F05BE004A
:10AC60004F04BE000080FA00000006000800FA0051
:10AC700020079800310798000040EB00204798001B
:10AC80002E00900020409000E14F50000B003A0051
:10AC90002E009000100078008E80E8001DFB070059
:10ACA000000F78002E4090008080FB003E00900056
:10ACB000010878001E007800040037002E00900084
:10ACC00010007800BE00900049FB07000080FA00E9
:10ACD000000006000E00FA00500798006107980077
:10ACE0000040EB00104798000040EB002047980020
:10ACF0000000EB00200798000040EB00004F7800B8
:10AD0000370037001E80FB004300DD008080E80034
:10AD100020732C0000804000104090000080FB0059
:10AD200061006000004078000004E0000C00320088
:10AD30001E80FB004300DD00E400400020732C0077
:10AD400000804000100078000000E00004003A009D
:10AD50002E4090000040E800204798001F00370078
:10AD60001E80FB00C300DD0020732C00008040002B
:10AD7000E8004700BDFF0700300798003E00900044
:10AD80000000E000090032002E0090000000E0000A
:10AD900002003A00BE009000210798001E4090007B
:10ADA0000040E800104798000C0037001E80FB00B0
:10ADB0004300DD00E400400020732C0000804000D0
:10ADC000900078004E009000808F50000300320009
:10ADD0001E4090000040E800104798001E4FE80019
:10ADE0001E407800E64F5000C6FF36009E4090009F
:10ADF0002282200001497800AE409000328220007B
:10AE0000014978005E0090000000E000030032007D
:10AE10005E0090001E419000024878006E00900095
:10AE20000000E000030032006E009000AE40900091
:10AE3000014878002E0090000080FA000000060013
:10AE40000A00FA000000EB00100798000040EB0039
:10AE5000004F7800560037001E80FB00C300DD0065
:10AE600020732C0000804000200798002E009000E6
:10AE7000304090000080FB006100600000407800DE
:10AE80000004E000040032002E009000200090003A
:10AE90000000E000400032006800470080007800B9
:10AEA0002E00900071FF0700300798003E009000D0
:10AEB0000000E00005003A002E009000A000900085
:10AEC0004E009000808F5000350032002E00900020
:10AED00020409000E14F500007003A002E00900003
:10AEE00020009000804078002E0090001000780034
:10AEF000A6FA0700050037002E009000A000900081
:10AF00002E00900010007800DCFA0700300798004F
:10AF10003E0090000000E000060032001E0090009D
:10AF20000000E00020003A00BE00900011079800E9
:10AF30001E00370068004700800078002E00900057
:10AF40004AFF0700300798003E0090000000E00034
:10AF5000060032001E0090000000E00013003A00DE
:10AF6000BE00900011079800100037002E009000DE
:10AF7000A00090004E009000808F50000B00320027
:10AF80001E0090000000E00008003A005000200081
:10AF9000100798000500370000000000030037008C
:10AFA0000000000001003700000000001E4FE80014
:10AFB0001E407800E64F5000A7FF36001E009000AC
:10AFC0000080FA00000006000A00FA000000EB0012
:10AFD00040079800A0762C00E7FA0700B0762C0016
:10AFE000E5FA07000040EB00004F7800470037000B
:10AFF0001E80FB00C300DD0020732C000080400099
:10B000001007980090772C00BAFA07001E009000F5
:10B0100030009000B7FA0700C0772C00B5FA07009F
:10B020001E009000100078008000EB0042C0B300CA
:10B03000D9FA0700F0772C00AEFA07001E00900046
:10B04000304090000080FB0061006000004078000C
:10B050000004E000070032001E0090002000900075
:10B060000000E00003003A0030782C00C2FA07002C
:10B070002500370066004700800078001E00900021
:10B08000FAFE0700200798002E0090000000E00064
:10B09000020032003E0007001B0037001E00900037
:10B0A0002040900000404000004178003E009000A9
:10B0B0008000EB00B8FA07001E009000A00090008E
:10B0C0003E009000808F500003003A00107A2C0060
:10B0D000A9FA07000C003700607A2C0085FA0700F7
:10B0E0001E00900020409000004040000041780089
:10B0F0001E009000200090008000EB00A6FA0700E0
:10B10000A0762C009CFA07001E4FE8001E40780035
:10B11000E64F5000B6FF360066004700800078001A
:10B12000508E240032FA07000000E00016003A00BA
:10B13000680047008000780080C1B30012F9070062
:10B140000004E00010003200807B2C0069FA070048
:10B150003E009000B9FA0700C07C2C0065FA070099
:10B160004E009000B5FA0700BE0090004E0090001F
:10B17000808F500002003A00907D2C0001003700C3
:10B18000207E2C007CFA07000080FA0000000600F8
:10B190000000FA00107F2C0056FA070000C8BF001C
:10B1A0000080FB00A5FA070030802C0072FA07002F
:10B1B0000080FA00000006001800FA00889FBE0018
:10B1C0008A9FBE008C9FBE000000EB0040079800E5
:10B1D0006000B800100F9800210F98000040EB00AD
:10B1E00060579800680047008000780090C0B30066
:10B1F000E5F8070070479800A00020000EF807004F
:10B20000A0762C005CFA070050802C005AFA070048
:10B2100050812C0037FA07007E4090000004E000C7
:10B22000050032004E00900084FA070040822C0096
:10B2300051FA070001003700D5FF070080822C007B
:10B240002CFA07007600470080007800D0A7240081
:10B25000B0F907000000E0001A003A006E509000BC
:10B2600012E8B7006E5090000080FB008000EB00F9
:10B2700022C0B30048FA07006E5090000080FB0027
:10B2800063006000E30F500002003A0070832C005E
:10B290000100370000842C0016FA07006E50900061
:10B2A0000080FB00640060000000E000020032004B
:10B2B000D0842C0001003700D0852C002EFA070026
:10B2C00001003700B2FF070090862C0009FA070042
:10B2D000720047008000780040052000A4FA0700B3
:10B2E0000000E0003D003A001E089000AE0890000B
:10B2F000A0408800B140880080872C00FDF907003D
:10B300001E089000AE089000000078006400600005
:10B310008006EB00000678000C00BE00E00F500035
:10B32000E08F580002003200D0872C000100370067
:10B3300000882C00EFF9070040882C00EDF9070089
:10B340001E089000AE0890000000780062006000C7
:10B350008005EB00000578000A00BE00E00F5000F9
:10B36000E08F580002003200D0872C000100370027
:10B3700000882C00DFF90700A0882C00DDF9070009
:10B380001E089000AE089000000078006800600081
:10B390008004EB00000478000800BE00E00F5000BD
:10B3A000E08F580002003200D0872C0001003700E7
:10B3B00000882C00CFF9070010892C00CDF9070078
:10B3C0001E089000AE08900082C0B300F2F907009A
:10B3D000A0762C00E8F90700010037006CFF070099
:10B3E000508A2C00C3F907006800470080007800ED
:10B3F00080C0B30064F807000004E00025003200BC
:10B400004E009000004188004E00900080007800BF
:10B4100040552F0000804000200798002E0090002B
:10B420000000E00005003D00408B2C00B1F9070052
:10B430002E0090000000EA00200798002E019000E6
:10B44000706626000090B900C288DE004F90DE00D2
:10B4500000805000F9F90700608B2C00A5F9070067
:10B46000AE009000706626000089B9004299DE00A7
:10B470004F88DE00000051006A01B9000200780028
:10B4800000805000EDF90700808B2C00BAF907000E
:10B49000010037003EFF07006A004700F1FB07008C
:10B4A0000000E0002C003A006000B800008FBE00F1
:10B4B0000040EB00604798001D0037006E40900090
:10B4C0000080FB0000004000EA00470000804000D0
:10B4D000100078008000EB001E0F40005E974800CF
:10B4E000B08B2C0083F907006E4090000080FB00B9
:10B4F0000000E800D1F90700308C2C007DF907002E
:10B500006E4090000080FB0000004000EA00470011
:10B510000080400010007800C8F9070040822C002D
:10B5200095F907006E4090000040E80060479800E1
:10B530006E409000E34F5000E0FF3600A08C2C00DE
:10B540006CF907001E007800BCF9070040822C004F
:10B5500089F9070003003700908D2C0065F907007A
:10B560000BFF0700104080000000E00006003200E2
:10B57000808E2C005FF9070010408000AFF90700B3
:10B58000A0762C007CF907004F06BE004F05BE00D8
:10B590004F04BE000080FA00000006000000FA0020
:10B5A0000600FC0011028000F141B2001102880087
:10B5B0000080FA00000006000200FA00004F780048
:10B5C0001E417800418A2000824878000080FA00FD
:10B5D000000006000200FA000000EB00000F7800F7
:10B5E00007003700F0E124009E007800808F5000B3
:10B5F0000A003E00000000000060FE001E0FE80090
:10B60000113A8000000027008080600000002200C6
:10B61000808F5000F3FF3A00010037000000000067
:10B620000080FA00000006000400FA0010079800ED
:10B63000160037000000EB00000F7800090037000B
:10B640001E0FE800F07022009E007800808F5000EE
:10B6500013003E00000A200001002000550F0700E3
:10B660000060FE00AE0D07000004A2000004E00030
:10B67000F3FF3A001E009000104078009E009000FA
:10B680008100E800110798008D0D07001E00900052
:10B69000104078000004E000E6FF3A0001003700A7
:10B6A000000000000080FA00000006000400FA001C
:10B6B000204798000000EB00000F780009003700D9
:10B6C0001E0FE800F07022009E007800808F50006E
:10B6D0000B003E00000A200001002000350F07008B
:10B6E0000060FE008E0D07000004A2000004E000D0
:10B6F000F3FF3A002E409000710D07000100370063
:10B70000000000000080FA00000006000200FA00BD
:10B71000000F78003F68EF001E0078000000E00096
:10B72000100032001E007800BFFF07000E00370037
:10B730005116800000402000008060000000E00002
:10B7400003003A007D050700CD82A800CDA2A90024
:10B750000060FE000010270021002000150F0700E8
:10B7600001003700000000003FC8BF000004A20035
:10B770000004E000EEFF3A00E0B42B00AAFF07004F
:10B7800040C8BF000080FA00000006001600FA0062
:10B79000881F7800100F9800210F98000040EB00E0
:10B7A000004F78001E089000AE089000E00F500097
:10B7B000E08F580009003D00D0C2B300BBFF070076
:10B7C0001E089000AE08900060001000E080180095
:10B7D0001007980021079800040037001E09900008
:10B7E000AE09900012079800230798001E84FB0002
:10B7F0001E009000AE009000A20020000300200078
:10B8000094E80700004078000043B00080407800D2
:10B8100008004700614098001E4FE8001E0090009D
:10B82000AE009000A20020000300200079E807008D
:10B8300010079800210798001E009000AE009000AD
:10B84000E00F5000E08F5800E8FF3A000500370095
:10B850001E4FE9001E80FB00000047006040900082
:10B8600092FF07001E4078000004E000F8FF3A0055
:10B870004F0478000080FA00000006000E00FA0075
:10B88000600798006E009000CF80DE00827020007C
:10B890000289B900020178006003B90086017800CE
:10B8A00003014100837020000300B8000101410042
:10B8B00082007800E00F5000E08F580004003D0047
:10B8C000F2FF2100030020000000410081804900B8
:10B8D0004309DD004D02DE0004027100CD8ADE0066
:10B8E00024079800350798002E009000BE009000B5
:10B8F000A20020000300200025E807004007980070
:10B90000510798002E009000BE009000A200200079
:10B910000300200030E80700008FBE001E00BE00BC
:10B92000E00F5000E08F580004003D001E00BE00F4
:10B9300060001000E0801800008FBE002E00900014
:10B94000BE009000E00F5000E08F580007003D005F
:10B950004E009000DE009000E00F5000E08F580095
:10B9600002003A00D0C2B30050FF07004E00900022
:10B97000DE00900085FF0700E0C2B3004BFF070028
:10B980001E00BE0081FF07000080FA0000000600D4
:10B990000E00FA0010B52B0023FF07001904070062
:10B9A0000004A2000004E0001700320080B62B0063
:10B9B0001DFF070000BE2B001BFF07003F68EF00C4
:10B9C0000C0037005116800000402000008060000D
:10B9D0000000E00003003A00D8040700CD82A80070
:10B9E000CDA2A9000060FE00001027002100200069
:10B9F000700E07003FC8BF000004A2000004E00072
:10BA0000F0FF3A006D00370050C02B0006FF070022
:10BA10003F68EF00010037000000000089040700C4
:10BA2000E0AA20002D0E07001007980000AB2000B0
:10BA30002A0E07002007980020AB2000270E0700E1
:10BA40003007980040AB2000240E07004007980004
:10BA500060AB2000210E07005007980040C62B0065
:10BA6000F1FE07001E009000CF80DE0047FF0700B8
:10BA700090C62B00ECFE07002E009000CF80DE0069
:10BA800042FF0700E0C62B00E7FE07003E009000E3
:10BA9000CF80DE003DFF070030C72B00E2FE07002D
:10BAA0004E00900075FF0700D0C72B00DEFE070098
:10BAB0005E00900071FF070050C82B00DAFE0700FF
:10BAC0000040EB00004F78000D0037005116800059
:10BAD00000402000008060000000E00003003A0009
:10BAE00096040700CD82A800CDA2A9000060FE0048
:10BAF00000102700210020002E0E07001E4FE80036
:10BB000030C6B3009E40780080CF500004003E0055
:10BB10003FC8BF000004A2000004E000EBFF3A00B1
:10BB20003FC8BF000004E000BBFF320001842000DA
:10BB300091407800414F98003F68EF00CE48900058
:10BB400030C6B30080CF500004003200CE489000D1
:10BB500030C4B30080CF500016003A00C1418000CD
:10BB60001E00900000805000C0418800D14180003C
:10BB70002E00900000805000D04188003C28EF004B
:10BB8000C041800091B12000C30D0700D04180006A
:10BB9000B1B12000C00D0700E0418000D1B120000C
:10BBA000BD0D0700C0C82B009FFE0700000000006D
:10BBB0009AFF3700B0C92B009BFE07000080FA00F7
:10BBC000000006000400FA000040EB00004F78007F
:10BBD0000040EB0010479800B0CB2B0092FE07000E
:10BBE000C502A9003F68EF003F0037000060FE007B
:10BBF0005116800000402000008060000000E0003E
:10BC000003003A004D040700CD82A800CDA2A90090
:10BC1000101680006100600000F0A7000000EA003C
:10BC20000000E9004F00DE00204798001016800059
:10BC30006200600000F0A7000000EA000000E900D8
:10BC40004F00DE00304798002E4090000004E000D6
:10BC500002003200CC82A90001003700CC82A8008B
:10BC60003E4090000004E00002003200D442A900EF
:10BC700001003700D442A8002E4090009E4F500093
:10BC8000090032002E4090000004E0000200320063
:10BC900020D42B000100370080D52B0062FE070066
:10BCA000AE409000014F7800BE4090001E409000D2
:10BCB00080CF5000090032003E4090000004E000B8
:10BCC00002003200D0D62B000100370030D82B0004
:10BCD00055FE0700BE409000114798000010270055
:10BCE00021002000B30D07003FC8BF000004A200E0
:10BCF0000004E000BDFF3A00CC82A800D442A800B6
:10BD0000C502A80080D92B0047FE07000080FA007A
:10BD1000000006000000FA00D0DB2B0042FE070006
:10BD20000080FA00000006000200FA00004F7800D0
:10BD30001E80FB006101B900F0FC2F00F1FF2F0015
:10BD400002004000838048002204200003002000FD
:10BD5000820F5000838F580096003E000060010063
:10BD600042003700440037005200370060003700BF
:10BD70006E0037007C0037007D00370089003700F7
:10BD80008E0037008D0037008C0037008B003700A5
:10BD90008A003700890037008800370087003700A5
:10BDA00086003700850037008400370083003700A5
:10BDB0008200370081003700800037007F003700A5
:10BDC0007E0037007D0037007C00370077003700A9
:10BDD0007A003700790037007800370077003700A5
:10BDE00076003700750037006300370073003700B6
:10BDF0007200370071003700700037006F003700A5
:10BE00006E0037006D0037006C0037006B003700A4
:10BE10006A003700690037006800370067003700A4
:10BE200066003700650037006400370063003700A4
:10BE30006200370061003700600037005F003700A4
:10BE40005E0037005D0037005C00370057003700A8
:10BE50005A003700590037005800370057003700A4
:10BE6000560037005500370043003700F0FA2B002A
:10BE7000EDFD07005200370030FD2B00EAFD070002
:10BE8000601680004400DE00614060000004A200F3
:10BE9000614060000080FB00610060004400DD0044
:10BEA000611680000140A10001007000601688004A
:10BEB0004300370030012C00DBFD0700A016800096
:10BEC0004200DE00614060000004A20061406000AA
:10BED0000080FB00610060004200DD00A1168000D0
:10BEE0000120A10001007000A01688003400370076
:10BEF00020052C00CCFD0700201680004800DE0045
:10BF0000614060000004A200614060000080FB000E
:10BF1000610060004800DD00211680000180A10062
:10BF2000010070002016880025003700C0082C0092
:10BF3000BDFD0700601680004B00DE006140600020
:10BF40000004A200614060000080FB00610060000E
:10BF50004B00DD006116800001B0A10001007000FF
:10BF6000601688001600370016FF0700140037001F
:10BF700087FE070012003700000E2C00AAFD070004
:10BF80007F0507000004E0000300320080102C0051
:10BF9000A5FD07000A003700D0112C00A2FD070004
:10BFA0000700370010C0B3000600370020C0B30000
:10BFB000040037000000000001003700000000000E
:10BFC0000040EB000080FA00000006000200FA00CA
:10BFD00001003700000000004EFF07000000EB00EA
:10BFE000CAFD070050FF0700004F78001E40780090
:10BFF0000004E000F7FF32001E4078000080FA00E5
:10C00000000006000000FA00CD82A8006AFC0700CC
:10C0100050132C0084FD07005116800000402000C2
:10C02000008060000000E00003003A0043030700C6
:10C03000CD82A800CDA2A9000060FE000050230020
:10C04000C1002000DB0C0700F3FF37000A00FA00F4
:10C05000003A80006100600000F0A7000000EA00E4
:10C060000000E9004F00DE00404798004E4090007D
:10C070000004E00004003200C142A900C542A8004B
:10C08000D022A900D422A800B70C070051FD070058
:10C09000D442A800CC82A8007268EF007368EF0059
:10C0A0007468EF007628EF007828EF007A68EF00D8
:10C0B0002828EF002A28EF002C28EF002E28EF0078
:10C0C0003068EF00A0B220008040EB00014878000B
:10C0D0007903070083030700A0C0B3008A030700A9
:10C0E0001D0A0700C942A800C142A900D022A90028
:10C0F000C542A8004E4090000004E000020032005B
:10C10000D422A80001003700D422A900CD82A800C3
:10C11000CDA2A9004007A9004027A9006040A900BE
:10C120006060A9008780A9008780A9009780A90086
:10C130008660A9000060FE008780A9008780A900B2
:10C140009780A9008660A90014FD07005A03070024
:10C150007568EF007268EF000040EB0050479800F0
:10C16000590B0700D482A80000D02700010020004E
:10C17000900C0700B90A070000D02700010020003A
:10C180008C0C07008560A9009560A80050152C0054
:10C1900025FD0700ED0407000004E0000300320065
:10C1A00000172C0020FD07000300370090192C0019
:10C1B0001DFD070051E2070080B220008040EB0027
:10C1C0000148780070B2200041C0B30001487800F7
:10C1D00090B12000410C0700C0418800B0B12000A0
:10C1E0003E0C0700D0418800D0B120003B0C070076
:10C1F000E0418800EF0407000004A2000004E00012
:10C2000009003200DE0407000004E00003003200F1
:10C21000E01C2C0004FD070005003700B01E2C00B8
:10C2200001FD07000200370030212C00FEFC070052
:10C23000D022A900D422A80000502300C100200071
:10C240005C0C070061FF0700E24F500001003A005C
:10C250006CFF0700C502A80062F407000004E000BC
:10C2600003003200B0232C00EFFC0700020037006F
:10C2700020252C00ECFC07000040EB00004F78006C
:10C280001D003700601680004C00DE006140600039
:10C290000004A200614060000080FB0061006000BB
:10C2A0004C00DD006116800001C0A100010070009B
:10C2B00060168800601680004D00DE00614060005E
:10C2C0000004A200614060000080FB00610060008B
:10C2D0004D00DD006116800001D0A100010070005A
:10C2E0006016880000202100A1072000310C070003
:10C2F0000060FE001E4FE8001E407800E94F50002D
:10C30000E0FF3600CDA2A900CD82A900E8004700D9
:10C31000670047006FFA07007E4090000004E000CD
:10C32000050032008EF80700C5FA0700E800470054
:10C330006700470067FA07007E4090000004E000B5
:10C34000030032001000200010079800080037009A
:10C350000E4890000004E000030032000000EB00F3
:10C3600010079800020037002000200010079800F6
:10C37000CD82A800CDA2A9008FFB070012FB070009
:10C380000040EB00604798001E009000E10F500055
:10C3900003003A00CD82A900CDA2A8000500370015
:10C3A0001E009000E20F500002003200CD82A80073
:10C3B000CDA2A80000F0290041022000FD0B0700DB
:10C3C0000060FE0060272C0097FC0700E0292C008D
:10C3D00095FC0700802C2C0093FC0700F02E2C000D
:10C3E00091FC070090312C008FFC0700E0342C00FA
:10C3F0008DFC0700C502A900030037000000000003
:10C4000001003700000000000060FE0010168000F0
:10C41000610060000000E00004003A0030382C00A9
:10C4200081FC0700CC82A90001003700CC82A80063
:10C4300010168000620060000000E00004003A0076
:10C44000D442A900503A2C0077FC070001003700C5
:10C45000D442A80010168000610060000000E000D7
:10C46000E6FF3A0010168000620060000000E00065
:10C47000E4FF3A00D442A800CC82A800603C2C0023
:10C4800069FC07001E009000E10F500003003A0015
:10C49000CD82A900CDA2A800050037001E009000A3
:10C4A000E20F500002003200CD82A800CDA2A80009
:10C4B000D4FE0700B4FF37000000FA00D462A800E1
:10C4C0000010270021002000BA0B0700D462A90049
:10C4D0000080FA00000006000000FA006040A90099
:10C4E0006060A9008780A9008780A9009780A900C3
:10C4F0008660A900D4C2A900CD02A80000102700C0
:10C5000021002000AB0B0700CD02A900040037007A
:10C510000010270021002000A60B07000060FE008D
:10C520001116800000202000008060000000E00064
:10C53000F7FF3200D4C2A8001000370000A0260088
:10C54000810120009B0B07000060FE006016800048
:10C550004C00DE00614060000004A2006140600009
:10C560000080FB00610060004C00DD00611680006F
:10C5700001C0A10001007000601688001116800043
:10C5800000202000008060000000E000EBFF3A0087
:10C59000CD82A9001000370000A0260081012000F4
:10C5A000840B07000060FE00601680004C00DE0077
:10C5B000614060000004A200614060000080FB0058
:10C5C000610060004C00DD006116800001C0A10028
:10C5D0000100700060168800111680000020200005
:10C5E000008060000000E000EBFF3200360A070028
:10C5F0000080FA00000006000200FA00CDA2A900A7
:10C600000040EB00004F7800110037000060FE0092
:10C6100000502300C1002000660B07006016800058
:10C620004900DE00614060000004A200614060003B
:10C630000080FB00610060004900DD0061168000A1
:10C640000190A10001007000601688001E4FE800F4
:10C6500070CCB3009E40780080CF5000EBFF3600D6
:10C66000CD22A900D422A8002C28EF002E28EF000C
:10C67000120037005116800000402000008060004A
:10C680000000E00007003A00604180007141800036
:10C6900061004000E08048006041880071418800EE
:10C6A000020037002C28EF002E28EF000050230056
:10C6B000C10020003F0B07000060FE0062418000C7
:10C6C000734180009000200001002000800F510085
:10C6D000818F5900E7FF3600100037000060FE0030
:10C6E00000502300C1002000320B070060168000BC
:10C6F0004C00DE00614060000004A2006140600068
:10C700000080FB00610060004C00DD0061168000CD
:10C7100001C0A10001007000601688005116800061
:10C7200000402000008060000000E000EBFF3200CD
:10C73000CD82A900D422A9000080FA0000000600E2
:10C740000000FA0000E8230001002000190B070098
:10C750000080FA00000006000400FA00000F7800D4
:10C76000110798001100370000E8230001002000A5
:10C77000100B07000060FE001E00900000F0A700F4
:10C780000000EA000000E9004F00DE0000407800F1
:10C790009E0090008100E900110798000004E0006D
:10C7A000020032000040EB00050037001E00780058
:10C7B00010007800E10F5000EBFF320010C0B30012
:10C7C0000080FA00000006000800FA0040479800C8
:10C7D000514798006247980010002000000F780031
:10C7E000DE40900021479800EE40900031479800CD
:10C7F0004E4090008080FB000E80E8008E017800A3
:10C800000101780021C0B300990407002103200032
:10C810000E007800D0FF07000004E00005003200A1
:10C820001E007800E20F500002003A0010002000C5
:10C83000010037000000EB00004078000080FA00A3
:10C84000000006001400FA00604F9800714F980035
:10C85000020F98002357980010002000000F780066
:10C860006E4890000081FB00EF0047000E80E8005A
:10C870008201780012C0B300030507006E489000E3
:10C880008080FB000E80E800660040008101780097
:10C890002E5190008E089000E30407000E80E800FF
:10C8A0000E0178008000780020C0B300A2040700C9
:10C8B000210320000E007800A7FF07000004E0001D
:10C8C000050032001E007800E20F500002003A001E
:10C8D00010C0B3002900370010002000000F7800BE
:10C8E0006E4890008080FB006F0047008E0178004A
:10C8F0000101780011C0B3005D040700210320008E
:10C900000E00780094FF07000004A2000004E0007D
:10C9100003003A001E007800E20F500002003200CF
:10C920000040EB001500370010002000000F7800D9
:10C930006E4890000080FB008E01780000017800B6
:10C94000AE5090000E089000620407002103200002
:10C950000E00780080FF07000004E00005003200B0
:10C960001E007800E20F500002003A001000200084
:10C97000010037000000EB00004078000080FA0062
:10C98000000006000400FA00004F780011479800EC
:10C990001207980013C0B3001E0190009E40900043
:10C9A0001E407800A7FF07000080FA000000060084
:10C9B0000200FA000040EB00004F7800A4C8BF005E
:10C9C0000E017800F1C0B300EEFF07000004A200E2
:10C9D0000004E000020032000040EB0007003700D6
:10C9E0009E40780040C4B30000C068000080FB0097
:10C9F0000000E9004F00DE00004078000080FA00EF
:10CA0000000006000000FA0080AC200011CAB3004C
:10CA10000148780080C1B300A4E8B700418A200033
:10CA20009140780090AC200001487800A4C8BF0075
:10CA30000041EB0001C2B30063FF07000004A20045
:10CA40000004E00005003200B0AC200001CCB300CF
:10CA5000014878000040EB0028003700A4C8BF0060
:10CA6000C2C0B30011C2B30057FF07000004A20008
:10CA70000004E00005003200A0AC200021CCB3008F
:10CA8000014878000040EB001C003700A4C8BF003C
:10CA900042CCB30051C2B3004BFF07000004A20018
:10CAA0000004E00005003200B0AC200011CCB3005F
:10CAB000014878000040EB0010003700A4C8BF0018
:10CAC00042C2B30001C2B3003FFF07000004A2004E
:10CAD0000004E00005003200B0AC200011CCB3002F
:10CAE000014878000040EB0004003700C0AC200093
:10CAF0008040EB000148780010C0B3000080FA00CD
:10CB0000000006000C00FA0030079800410798006A
:10CB100052079800A4C8BF0063C0B3000E0178009C
:10CB200081C2B30047FF07000004A2000004E00038
:10CB3000020032000040EB002B0037001E40900046
:10CB40000080FB00C800DD001E4078000080FB0074
:10CB500001007000800078003E009000010878001D
:10CB60003E4090000080FB00C800DD002E40900099
:10CB70000080FB0001007000800078004E009000F3
:10CB8000010878005E4090000080FB00C800DD00D6
:10CB90004E4090000080FB00010070008000780093
:10CBA0005E009000010878003E00900010007800C0
:10CBB000C280DE003E009000010878004E00900028
:10CBC00010007800C280DE004E009000010878005E
:10CBD0005E00900010007800C280DE005E009000D1
:10CBE0000108780010C0B3000080FA0000000600C1
:10CBF0000400FA00204798000040EB00004F780046
:10CC000013C0B3000E017800F1C0B3002E409000B5
:10CC10000CFF07000004E000060032009E40780090
:10CC200040C4B30080CF500002003A001000200042
:10CC3000010037000000EB00004078000080FA009F
:10CC4000000006000A00FA000060FE0068014700CC
:10CC5000E400470066004700AAFF07000004E00068
:10CC600015003200AE009000C041800000804000FE
:10CC700020079800BE009000D04180000080400056
:10CC8000300798004E0090000000EA00400798002E
:10CC90002E009000E1AA20007F0907003E009000CE
:10CCA00001AB20007C0907004E00900021AB200062
:10CCB0007909070012003700E0AA200080C0EB00CD
:10CCC00001487800F0AA200080C0EB0001487800FD
:10CCD00000AB200080C0EB000148780010AB2000C2
:10CCE00080C0EB000148780020AB200080C0EB0042
:10CCF0000148780030AB200080C0EB00014878008C
:10CD00004E019000BE0090002E0090008E81E80041
:10CD1000030278008E017800370507001E007800B6
:10CD200041AB20005C0907001E00900061AB2000B1
:10CD3000590907000080FA00000006000200FA000E
:10CD40000040EB00004F78000040EB0015000700AA
:10CD50000004E00011003200D422A900C542A9005D
:10CD600001003700000000000060FE0000502300BA
:10CD7000C10020008F0907001E4FE8001E40780008
:10CD8000FD4F5000F7FF360040E7A8004007A8001D
:10CD90004027A8000060FE00FEFF37000080FA0078
:10CDA000000006000400FA00204798000040EB0055
:10CDB000004F78000040EB00104798001200370049
:10CDC0001E4FE8000060FE00CD82A800CDA2A900A1
:10CDD00000A026008101200076090700CDA2A8004E
:10CDE000CD82A90000502300C10020007109070076
:10CDF0001E407800E54F50000300360010C0B3001D
:10CE000010479800050037005116800000402000B0
:10CE1000008060000000E000E9FF32002E4090003A
:10CE20000004E00005003200C542A800D422A8009A
:10CE3000CD82A800CDA2A90002003700CDA2A80093
:10CE4000CD82A90000502300C1002000590907002D
:10CE5000040037000060FE0000502300C1002000E5
:10CE60005409070051168000004020000080600037
:10CE70000000E000F7FF320000502300C100200056
:10CE80004C090700040037000060FE00005023003A
:10CE9000C100200047090700511680000040200013
:10CEA000008060000000E000F7FF32001E409000AC
:10CEB0000080FA00000006000000FA000A21EF00DE
:10CEC000F009200070088800000028009008880001
:10CED0008E21EF008C21EF009021EF000080FA00FE
:10CEE000000006000000FA00E0002000800C88002E
:10CEF0000080FA00000006000000FA009021EF0018
:10CF00000080FA00000006000200FA00004F7800DE
:10CF100000CAB3009E40780080CF50000200360067
:10CF200000CAB300004F78001E80FB00600C880030
:10CF30000080FA00000006000200FA00CD82A9007D
:10CF4000CDA2A8000060FE0023C0B3000E0178004F
:10CF500091C0B30060C3B3003AFE07000060FE005A
:10CF60009E40900020AB2000014878009E40780051
:10CF700030AB200001487800CD82A800CDA2A900E6
:10CF80000080FA00000006000000FA00CD82A9002F
:10CF9000CDA2A8002BFF0700CD82A800CDA2A9003A
:10CFA0000080FA00000006000400FA002047980004
:10CFB0000040EB00004F78000500370000A026007D
:10CFC00081012000FB0807000060FE001E4FE80002
:10CFD0002E4090009E40780080CF5000F7FF39002F
:10CFE0000080FA00000006000A00FA0030079800EE
:10CFF000410798000080EB00000F78000000EB0074
:10D00000100798001F003700BE0090001E0090001F
:10D0100000804000104078000080FB004800DD00E8
:10D020001E0F68000040EB00404798000F003700DB
:10D030001E0078000000E00006003D001E007800A1
:10D04000000040008000780010022100008F68007E
:10D05000030037001E00780000004000000F780039
:10D060004E4090000040E800404798004E4090003D
:10D07000E74F5000EEFF36001E0090000000E80071
:10D08000100798009E0090004E009000808F500086
:10D09000DDFF39001E0078000080FA000000060065
:10D0A0000600FA00008FBE00220798002E009000B4
:10D0B0008000EB003E014000AE8148000200BE004F
:10D0C000D60307000080FA00000006001A00FA00EC
:10D0D000100F9800210F9800320F9800430F98000E
:10D0E0000001EB001E089000AE089000ECFF070066
:10D0F000100798009E009000305C2A00808F50003E
:10D10000020032000040EB004C00370022002000FB
:10D110001E089000AE089000E1FF07008000EB00C1
:10D120002007980031079800420020001E08900058
:10D13000AE089000DAFF07008000EB00400798007F
:10D1400051079800620020001E089000AE08900071
:10D15000D3FF070060079800820020001E0890009F
:10D16000AE089000CEFF070070079800EE00900018
:10D1700000202000808F5000020032000040EB00B1
:10D180002E0037000000EB00000F7800140037007D
:10D190009E00780070804000000178001E0890001A
:10D1A000AE089000BEFF0700000F98003E089000F8
:10D1B0001E0040008E0890008140780001487800F1
:10D1C0001E00E800BE089000008040008E0890001D
:10D1D000C808DE0081407800014878001E8FE80012
:10D1E000F01F20009E007800808F5000E8FF36007E
:10D1F000012020003E0890007BFF0700FE00900009
:10D20000810F5000020032000040EB000B0037009D
:10D210004E009000DE009000C001DD000200200002
:10D220002E009000BE00900000007100818071000F
:10D230004E0990000089BE0010C0B3000080FA00C3
:10D24000000006000A02FA006000B80010079A0009
:10D2500021079A006000B80030079A0041079A0041
:10D26000212020008E8040000E80E800810178009F
:10D270000001780000002A000100200093FF070051
:10D28000004F7800602020000E00400080017800F0
:10D29000A28A200000402A00010020008BFF070026
:10D2A000104798001E4078000004E0001D00320086
:10D2B0001E4090000004A2000004E00009003A00B3
:10D2C0001E019200AE0192003E009200CE0092003C
:10D2D0000000510081805900E00F5000E08F58009D
:10D2E000100034000E80E80002202000800078004A
:10D2F000A08A2000B6E6070000002A0001002000F6
:10D3000020448800314488001E009200AE00920044
:10D31000404488005144880010C0B3008CE8B70036
:10D32000190037001E4090000004E0000B0032009E
:10D3300000402A0001002000204488003144880079
:10D340003E009200CE009200404488005144880084
:10D3500010C0B3008CE8B7000B003700022020009B
:10D360008000EB00A08A2000A0E6070000402A0011
:10D370000100200020448800314488008828EF0004
:10D380008A28EF008C68EF0001202000A08A20008E
:10D3900015FF0700704488008CC8BF000080FA00A9
:10D3A000000006000200FA00000F7800F01F2000C5
:10D3B0009E007800808F500004003E00A08A20006C
:10D3C0001E00400010407800010037000040EB00D4
:10D3D0000080FA00000006000400FA00000F780048
:10D3E00021479800F01F20009E007800808F500099
:10D3F00004003E00A08A20001E004000AE409000C5
:10D40000014878000080FA00000006000600FA00DB
:10D41000000F78001107980022079800F01F2000E5
:10D420009E007800808F500015003E001E0078009E
:10D430006101B8002E0090008000EB000201400066
:10D44000838148000020200001002000800F51004F
:10D45000818F590003003600002020001E0050007C
:10D4600020079800A08A20001E0040002E01900096
:10D47000800078001E00900055E60700010037008C
:10D48000000000000080FA00000006000600FA001C
:10D49000000F78001107980022079800F01F200065
:10D4A0009E007800808F500014003E001E0078001F
:10D4B0006101B8002E0090008000EB0002014000E6
:10D4C000838148000020200001002000800F5100CF
:10D4D000818F590003003600002020001E005000FC
:10D4E00020079800A08A20001E0040002E01900016
:10D4F0009E00900036E607000100370000000000A3
:10D500000080FA00000006000000FA008CC8BF008E
:10D510000004A2000004E00006003A000120200000
:10D52000A08A2000B0FE070071448000810F5000E7
:10D530000200320010002000010037000000EB0064
:10D54000004078000080FA00000006000200FA00A7
:10D550003CFF0700004F78001E4078000004E00008
:10D560000400320002102000A18A2000A0AA20009E
:10D5700017E607001E4078000080FA000000060051
:10D580000000FA000B0007000004E0000200320077
:10D5900010C0B3000500370002102000A1AA20002F
:10D5A000A08A20000AE60700140007000080FA00A5
:10D5B000000006000000FA008CC8BF000004A200B2
:10D5C0000004E000020032000040EB0009003700D8
:10D5D00002102000A1AA2000A08A2000EEE507008A
:10D5E00000F0A7000000EA000000E9004F00DE00A4
:10D5F000004078000080FA00000006009602FA0061
:10D600006000B800108F9A00218F9A002244800099
:10D610003344800000002A0001002000800F5100E8
:10D62000818F590003003A0000402A0001002000C9
:10D630000200370000002A000100200020079800A7
:10D640003107980040448000514480006100400050
:10D65000E080480040079800510798000120200012
:10D66000A08A200060FE0700600798005005200097
:10D67000A10A20004A0207002E009000BE00900080
:10D680006C0207000004A2000004E0000300320066
:10D69000480207000040EB00B10037000000EB003B
:10D6A000000F78007F0037000000EB0010079800A3
:10D6B000680037001E007800C600DD001E009000E4
:10D6C0000080400000004000700798007E0090003D
:10D6D000EF0F50003D003E007E009000E40F500030
:10D6E0001A003200E40F500005003E000000E00088
:10D6F00008003200E20F50000D0032002C0037000D
:10D70000E60F50001B003200E80F500020003200EE
:10D71000270037001E009000000040000000470076
:10D7200072004000315C2A00010878004600370092
:10D73000CE0090001E009000000040000000470056
:10D7400072004000010878003F0037004E00900052
:10D75000DE0090004008DE00800078001E0090008F
:10D7600000004000000047007200400001087800FF
:10D77000350037001E009000000040000000470008
:10D780007200400001202000010878002E003700C0
:10D790001E009000000040000000470072004000A2
:10D7A000EE0090000108780000000000260037001D
:10D7B0001E00900000004000000047007200400082
:10D7C0008080EB00010878001F0037007E00900089
:10D7D00070005000000F98008E089000F01F20008D
:10D7E000808F500012003E00A18A20000E08900099
:10D7F00000804000104078008080FB000E08900000
:10D800000000E800A28A2000624078000080FB004F
:10D810004800DD00810070001E0090000000400004
:10D820000000470072004000010878000600370041
:10D830001E00900000004000000047007200400001
:10D840008080EB00010878001E0090000000E800D6
:10D85000100798009E009000F0032000808F500079
:10D8600094FF36001E0078004700DD006101B8001B
:10D870002E009000BE00900002004000838048000F
:10D88000720147003C0207000004A2000004E0000F
:10D8900003003200C70107000040EB0030003700F2
:10D8A0001E0FE8001E007800E40F50007EFF3600D7
:10D8B000C0010700212920008E804000200920009F
:10D8C0000E00400081017800000178002E009000D9
:10D8D000BE009000FDFD07000004A2000004E0006F
:10D8E000020032000040EB001D0037001E8992004C
:10D8F000AE8992004E009000DE009000800F510033
:10D90000818F590007003A00200920000E004000D6
:10D9100002202000A18A20001FE507000000E0008F
:10D92000020032000040EB000D0037002E01900095
:10D93000BE01900022448800334488004E019000CC
:10D94000DE019000424488005344880010C0B300B8
:10D950008CE8B700EE0190007344880010C0B3005B
:10D960000080FA00000006000000FA002084200079
:10D97000A1BA20001100980020842000A1BA200044
:10D980000108780020842000A00090000110A00071
:10D990002100980020842000A00090000100A10038
:10D9A00021009800208420008040EB006140980016
:10D9B000F0312000A010880000002800B01088007E
:10D9C0001822EF008A40A9008A20A9009A40A800E6
:10D9D0009A20A8000080FA00000006000200FA0069
:10D9E00020842000E0409000014F78001E40780025
:10D9F0000080FA00000006000000FA00704280007B
:10DA000066004000704288004CC8BF000040E9003A
:10DA10004CE8B7004CC8BF000004E00003003A0027
:10DA20004000200050428800020037001000200013
:10DA3000504288000080FA00000006000200FA0050
:10DA4000000F78001642A80080428000200090005D
:10DA50000000E000030032008042800020009000BF
:10DA60001E0878004A28EF000080FA000000060037
:10DA70000800FA00000F780021479800220798005C
:10DA8000330798002084200020009000610060008F
:10DA90000000E0000A003A00AE0190002E41900024
:10DAA0009E00780080BC2000770007003E019000B7
:10DAB00081BC200010C0B3001F0007000300370026
:10DAC0003E0090008000EB00010878000080FA0022
:10DAD000000006000800FA00000F780021479800B7
:10DAE000220798003307980020842000200090002F
:10DAF000610060000000E0000A003A00AE01900002
:10DB00002E4190009E00780020BC200046000700B7
:10DB10003E01900021BC200010C0B30006000700A9
:10DB2000030037003E0090008000EB000108780001
:10DB30000080FA00000006000600FA00004F78009E
:10DB400011079800220798002084200020009000F0
:10DB5000610060000000E0002E003A002E009000FE
:10DB600011002000010878002084200010007800B7
:10DB70009E00900011009800208420001000780082
:10DB80001E4878002084200010007800AE0090002D
:10DB9000210098002084200010007800E60040005A
:10DBA0002084200001087800208420009000780064
:10DBB00020BC2000808F500003003A002084200009
:10DBC000A1BA20000108780020842000A000900065
:10DBD0000110A100210098002084200090009000F6
:10DBE0002084200010007800808F500004003A004C
:10DBF00020842000A00090000100A00021009800D7
:10DC0000504280000000E00005003A008A40A80071
:10DC1000030037002E0090008000EB000108780020
:10DC20000080FA00000006000800FA00000F7800EB
:10DC30001107980042479800330798003E00900073
:10DC400000004000800078001E0078000108780085
:10DC50001E00780010007800800078000100A0000D
:10DC60001E007800010878001E007800CE40900069
:10DC7000214098001E0078009E009000210098002E
:10DC80000080FA00000006000800FA00000F78008B
:10DC90001107980042479800330798003E00900013
:10DCA00000004000800078001E0078000108780025
:10DCB0001E007800CE409000214098001E007800A1
:10DCC0009E009000210098000080FA0000000600ED
:10DCD0000000FA0020842000200090006200600014
:10DCE00000F0A7000000EA000000EA004F00DE009C
:10DCF000004078000080FA00000006000000FA00F2
:10DD000020842000200090006100600000F0A70047
:10DD10000000EA000000EA004F00DE00004078004A
:10DD20000080FA00000006000000FA000000280051
:10DD3000301088000822EF000005200025000700B1
:10DD40000000EB001D0007005A28EF000000EB0068
:10DD5000060007000000EB000A0007008600A9008B
:10DD60009600A8000080FA00000006000200FA00F9
:10DD7000000F78009E007800F14288000080FA00D1
:10DD8000000006000200FA00000F78009E007800F4
:10DD9000E14288000080FA00000006000000FA005E
:10DDA000F04280000080FA00000006000000FA0047
:10DDB000E04280000080FA00000006000200FA0045
:10DDC000000F78009E007800611088000080FA0043
:10DDD000000006000200FA00000F7800F0072000A3
:10DDE0009E007800808F5000020036000742A80095
:10DDF000010037000742A9005A28EF009E00780072
:10DE0000511088000080FA00000006000200FA00AD
:10DE1000000F78001E007800E10F50001200320061
:10DE2000E10F500003003900E20F500015003200EE
:10DE30005700370060438000A1AA20008100400005
:10DE40000000E8006043880001007800C7FF070079
:10DE500061438000F00F2000808F500047003600A3
:10DE60006C28EF004A0037006E28EF0010C0B300A6
:10DE700095E8B7006A68EF0040892000C1FF0700FD
:10DE80004300370095C8BF000004E0001C003200CA
:10DE9000704380000000E00008003A0094C8BF0012
:10DEA0000080FB004800DD00604388007043800074
:10DEB0000000E800704388000A00370070438000CB
:10DEC000E10F500007003A0094C8BF008080FB00BB
:10DED0006043800001007000604388006E28EF00FE
:10DEE0009568EF0061438000F00F2000808F5000A4
:10DEF0002400360000102000604388002400370012
:10DF00006AC8BF000004E00002003A0060438000DD
:10DF10003043880061438000F0072000808F50006C
:10DF20000A003600604380004289200012417800D8
:10DF3000A1AA2000827078006AC8BF000004E00037
:10DF400002003A0060438000304388006043800054
:10DF50000000E800604388006AC8BF000040E80095
:10DF60006AE8B70061438000F00F2000808F500006
:10DF7000060036006C28EF000500370000000000A6
:10DF8000030037000000000001003700000000001F
:10DF900010C0B3000080FA00000006000000FE0080
:10DFA00062C2200000197800010978000000060014
:10DFB0000000FE000000EB008000EB00F8FF07000F
:10DFC0006627EF00000006000000FE00801F7800BA
:10DFD000811F780061C220000600FC00310078003B
:10DFE000303B880011007800303B880061E7A800D2
:10DFF0000000000000000000CF0078004F00780013
:10E000000000060092018000910188009080BA0013
:10E010001000BA0092018800000006009201800002
:10E02000910188001000BA009201880000000600EB
:10E030000000FE0061E7AF00FEFF3700F23F200066
:10E04000000161000C003A0022042400023B880019
:10E0500092018000910188000008BB00E66F020079
:10E060000000000061E7AF00FEFF3700920188006A
:10E070001000200061A7AF00000020000000060093
:10E0800061E7AF00FEFF37000000A7000D0037007A
:10E09000940180009101880031002400013B880038
:10E0A0000208BB000388BB00E66F0200000000000E
:10E0B00061E7AF00FEFF37009401880010002000E8
:10E0C00061A7AF00000020000000060061E7AF007C
:10E0D000FEFF37000000A7000E00370033002400C9
:10E0E000033B880093018000910188000208BB0077
:10E0F000F20F20000288BB00E66F02000000000063
:10E1000061E7AF00FEFF3700930188001000200098
:10E1100061A7AF00000020000000060061E7AF002B
:10E12000FEFF3700F30720008081610010003A00F5
:10E1300013002400033B88009301800091018800B4
:10E14000040420003208BB003298BB001400B10068
:10E15000FCFF3A00E66F02000000000061E7AF003C
:10E16000FEFF3700930188001000200061A7AF0078
:10E17000000020000000060061E7AF00FEFF37004E
:10E18000F30720008081610011003A001300240091
:10E19000033B880093018000910188000404200063
:10E1A000F10F20003208BB000198BB001400B10041
:10E1B000FCFF3A00E66F02000000000061E7AF00DC
:10E1C000FEFF3700930188001000200061A7AF0018
:10E1D0000000200000000600F23F20000000610067
:10E1E0000000060002C02F0000006100F2FF2F00B7
:10E1F00081006100000006002600FA00889FBE0032
:10E20000600F9800710F980002179800131798007C
:10E21000241798006E089000CF80DE00EBDD070029
:10E2200040079800510798007E089000CF80DE00DC
:10E23000E6DD070060079800710798000E10900057
:10E24000CF80DE00E1DD0700000F9800110F98007D
:10E250000E0990009E0990006E009000FE00900054
:10E2600055E0070002EE220053262400EADE0700F4
:10E27000200F9800310F98006E019000FE01900071
:10E280006E009000FE009000E3DE07000004BE0078
:10E290000E0990009E0990000E0890009E089000C4
:10E2A000DDDE07000001BE000800BE00F5DD07004E
:10E2B0002FE207004E019000DE0190000202BE0036
:10E2C00005F0A2000001BE000400BE003AE0070015
:10E2D00002EE220053262400CFDE0700400F9800F4
:10E2E000510F980012B62000632324002E089000DE
:10E2F000BE089000C8DE0700CAE10700008FBE001C
:10E3000012B62000632324004E089000DE0890001F
:10E31000C1DE0700C3E1070020079800310798001D
:10E32000F0FF2100010020001E01BE00800F5100FF
:10E33000818F590003003400F0FF2100010020000C
:10E34000008FBE0000002E00F1FF2F001E01BE0056
:10E35000800F5100818F590003003D0000002E0006
:10E36000F1FF2F00008FBE002E019000BE01900033
:10E37000F0FF210001002000800F5100818F590023
:10E3800004003400F0FF2100010020002007980065
:10E39000310798002E019000BE01900000002E0071
:10E3A000F1FF2F00800F5100818F590004003D00C4
:10E3B00000002E00F1FF2F00200798003107980081
:10E3C0002E009000BE00900060001000E080180059
:10E3D0002007980031079800AE0090001E109000B2
:10E3E000010878009E0078002E1090000108780047
:10E3F0004F04BE000080FA00000006000000FA0092
:10E400000621EF0030422F0060088800000328003A
:10E410008008880084E0A90094E0A800C0C2200021
:10E420008040EB00014878000080FA000000060000
:10E430000000FA002104800000102000008060002D
:10E440000000E00009003200D0C220001040780037
:10E450008040E800D0C2200001487800C0C22000FF
:10E4600011C0B300014878008500A9000080FA00BF
:10E47000000006000400FA00008FBE001E007800B5
:10E48000600888001E00BE004008DE000000780022
:10E49000700888000080FA00000006000400FA00FE
:10E4A0000080EB008080EB00008FBE0070088000D1
:10E4B0008000EB00C001DD00020020006008800049
:10E4C0008000EB00001F7100019771001E00BE006C
:10E4D0000080FA00000006000400FA00008FBE0071
:10E4E0001E00BE004008DE000000780040088800E2
:10E4F0001E007800300888000080FA000000060046
:10E500000800FA000080EB008080EB00008FBE0066
:10E5100031088000210798004108800031079800E9
:10E520003E0090008000EB00C001DD0002002000F2
:10E530002E0090008000EB00001F71000197710019
:10E540001E00BE000080FA00000006000000FA0075
:10E55000C0C220008040EB000148780011E1A80013
:10E560000080FA00000006000000FA0011E1A90096
:10E570000080FA00000006000200FA00C0C220007D
:10E58000104F78001E4078000004E00003003200C5
:10E59000C0C220008040EB00014878001E40780097
:10E5A0000080FA00000006000000FA00D0C220003F
:10E5B000104078000080FB000080FA000000060098
:10E5C0000000FA00D0C220008040EB000148780033
:10E5D0000080FA00000006000000FA001821EF0099
:10E5E000400F2000E00888001421EF00F03F2200D7
:10E5F000D008880080002800F00888001FE1A900EA
:10E600006000B8001D0007008780A9009780A8005F
:10E610000080FA00000006000400FA00008FBE002F
:10E620001E007800D00888001E00BE004008DE00F2
:10E6300000007800E00888000080FA000000060072
:10E640000400FA000080EB008080EB00008FBE0029
:10E65000E00880008000EB00C001DD000200200027
:10E66000D00880008000EB00001F7100019771004E
:10E670001E00BE000080FA00000006000400FA0040
:10E68000008FBE001E00BE004008DE0000007800C3
:10E69000B00888001E007800A00888000080FA00FA
:10E6A000000006000800FA000080EB008080EB000C
:10E6B000008FBE00A108800021079800B1088000EB
:10E6C000310798003E0090008000EB00C001DD00A3
:10E6D000020020002E0090008000EB00001F71005F
:10E6E000019771001E00BE000080FA0000000600C5
:10E6F0000000FA000080FA00000006000200FA00A4
:10E70000000F78009780A9009E00780011458800CE
:10E710009780A8000080FA00000006000000FA00C0
:10E72000E0C220008040EB00014878001FE1A80013
:10E730000080FA00000006000000FA001FE1A900B6
:10E740009780A9000080FA00000006000200FA008D
:10E75000E0C22000104F78001E4078000004E00066
:10E7600003003200E0C220008040EB000148780046
:10E770001E4078000080FA00000006000000FA0049
:10E78000F0C22000104078000080FB000080FA00FA
:10E79000000006000000FA00F0C220008040EB00FC
:10E7A000014878000080FA00000006009008000090
:10E7B00004000000000000009C08000002000000AF
:10E7C000000000009E0800000200000000000000A1
:10E7D0002A0C00000200000000000000A008000059
:10E7E00002000000000000002C0C000002000000ED
:10E7F000000000002E0C00000200000000000000DD
:10E80000A20800000200000000000000AA0B0000A7
:10E810002400000000000000420800001800000072
:10E8200000000000AA0A0000000100000000000033
:10E830005A080000180000000000000094080000C2
:10E840000400000002000000AA0101000000000016
:10E85000A4080000020000000200000019000000EF
:10E86000260800001C000000000000000008000056
:10E8700026000000000000007208000012000000E6
:10E8800000000000CE0B000020000000000000008F
:10E89000A608000002000000000000000E0C0000AE
:10E8A0001000000002000000B024F800240625003B
:10E8B0000C25720025782500122530002500000067
:10E8C0001E0C000008000000000000009808000076
:10E8D0000400000000000000AA0800000002000080
:10E8E00000000000840800000C0000000000000090
:10E8F000260C00000400000002000000FFFFFF00E3
:10E90000FF000000EE0B00002000000002000000ED
:10E910003863ED003EDA0F00493F5E00987B3F0010
:10E92000DA0FC9003F693700AC316800212233009B
:10E93000B40F140033682100A2330000300C000033
:10E940000200000000000000A80800000200000013
:10E9500000000000000000000000FA00A668EF00C0
:10E96000A768EF000080FA00000006000400FA002B
:10E970002047980031479800A6C8BF000040E80033
:10E98000674F6000A7C8BF009E40780080CF50004E
:10E9900003003A007E08A9000040EB001E0037008B
:10E9A0000E00E80000017800BE4090002E4090006C
:10E9B000B60107000004A2000004E00002003200DB
:10E9C0000040EB0014003700A6C8BF000080FB0029
:10E9D0009E4090008180FB004201DD00E0BC2000F1
:10E9E0000000410001087800A6C8BF000080FB00BD
:10E9F000C200DD0000BD200000804000BE4090004D
:10EA0000014878009E407800628A20000149780021
:10EA10007E08A80010C0B3000080FA0000000600C5
:10EA20000200FA00000F7800718A200091407800FF
:10EA3000A6C8BF0080CF500003003A007E08A9009E
:10EA40000040EB001C003700A7C8BF000080FB009F
:10EA5000C200DD00E0BC2000008040009000780093
:10EA60001E00780001087800A7C8BF000080FB00E6
:10EA70004200DD008080E800E0BC20000080400013
:10EA8000904078001E00780021409800A7C8BF0081
:10EA90000040E80067406000A7E8B700718A2000E6
:10EAA00091407800A6C8BF0080CF500001003A0016
:10EAB0007E08A90010C0B3000080FA000000060024
:10EAC0000000FA00718A200091407800A6C8BF00BB
:10EAD00000C068000080FB000000E9004F00DE007D
:10EAE000004078000080FA00000006000000FA00F4
:10EAF0000021EF0000002800100888000002280014
:10EB000020088800004580000000E00002003A0074
:10EB1000E05C2700240007008460A9009460A8003E
:10EB2000A0C220008040EB00014878000080FA007D
:10EB3000000006000200FA00000F78009E00780036
:10EB400011088800A0C220008040EB000148780036
:10EB50000080FA00000006000000FA0010088000A3
:10EB60000080FA00000006000200FA00000F7800A2
:10EB70009E00780001088800A0C220008040EB00C1
:10EB8000014878000080FA00000006000000FA004A
:10EB9000000880000080FA00000006000000FA0073
:10EBA0000080FA00000006000200FA00000F780062
:10EBB0009460A9009E007800014588009460A80038
:10EBC0000080FA00000006000000FA00A0C2200049
:10EBD0008040EB00014878009460A80005E1A8009F
:10EBE0000080FA00000006000000FA0005E1A9001C
:10EBF0009460A9000080FA00000006000200FA00FC
:10EC0000A0C22000104F78001E4078000004E000F1
:10EC100003003200A0C220008040EB0001487800D1
:10EC20001E4078000080FA00000006000000FA0094
:10EC3000B0C22000104078000080FB000080FA0085
:10EC4000000006000000FA00B0C220008040EB0087
:10EC5000014878000080FA00000006000000FA0079
:10EC600080002000001188002222EF0020022000F6
:10EC70004011880021E2A8002342A8000080FA0089
:10EC8000000006000000FA000000000010118000E3
:10EC9000610060000000E000FCFF32001011800005
:10ECA000620060000000E000010032002222A900A2
:10ECB00030118000004078000080FA00000006005B
:10ECC0000200FA00004F78000000000011118000DF
:10ECD00000202000008060000000E000FBFF3A0000
:10ECE0001E80FB00201188000080FA000000060052
:10ECF0000000FA00101180000040780061406000C0
:10ED00000080FB0000F0A7000000EA000000EA001D
:10ED10004F00DE00004078000080FA00000006008E
:10ED20000000FA0011118000002020000080600027
:10ED30000000E00007003A001111800000402000B0
:10ED4000008060000000E00002003200100020009F
:10ED5000010037000000EB00004078000080FA005E
:10ED6000000006000000FA00101180004800DE00DC
:10ED7000614060000080FB0000F0A7000000EA0096
:10ED80000000EA004F00DE00004078000080FA003A
:10ED9000000006000000FA00101180000080FA0058
:10EDA000000006000000FA0021E2A8002342A800AB
:10EDB0000080FA00000006000000FA0021E2A9002D
:10EDC0002342A9000080FA00000006000000FA00BB
:10EDD000C422EF00CC22EF00D422EF0070292000E3
:10EDE00000168800F04E240040168800103A2000DB
:10EDF00080168800C982A9006820EF006A20EF0011
:10EE00006A00A8006AA0A800C622EF00CE22EF0088
:10EE1000D622EF00F0FF210060198800113A80002F
:10EE2000F00B2000008160006004200071052000CC
:10EE30002374200080497800814978008249780055
:10EE400051368000F00F2E008080600000402100CD
:10EE50000100700050368800A136800000FE2F00AF
:10EE6000008060003000B300A036880021358000AB
:10EE700000FE2F00008060005001B30020358800A4
:10EE8000103A8000000178000260A00060042000B9
:10EE900071052000237420008049780081497800A2
:10EEA000824978006040A9006060A9006200A90062
:10EEB000608B2700100007008660A9009660A800FC
:10EEC0000080FA00000006000000FA006040A80080
:10EED0006060A900608B2700070007008660A9001A
:10EEE0009660A8000080FA00000006000000FA000A
:10EEF0000080FA00000006000200FA00000F78000F
:10EF00009660A9009E007800E14488009660A80001
:10EF10000080FA00000006000200FA00000F7800EE
:10EF20001E007800F4FF07000080FA0000000600D1
:10EF30000000FA008021EF008221EF00E0002000B5
:10EF4000200C8800200C80000040780067406000A2
:10EF50000080FB00F04488000080FA0000000600FA
:10EF60000000FA000080FA00000006000000FA002D
:10EF700020048000640060000000E0000200320015
:10EF8000F7FF07008440A9000080FA000000060097
:10EF90000000FA00F0448000004078006740600004
:10EFA0000080FB0067006000220C800081FF2F00C2
:10EFB0008100610001007000200C88000080FA00D0
:10EFC000000006000000FA00210C800080FF2F00E6
:10EFD00000806000200C88000080FA00000006001D
:10EFE0000200FA00000F78009E007800010C8800F3
:10EFF0000080FA00000006000200FA00000F78000E
:10F000009E007800110C88000080FA0000000600C5
:10F010000000FA00200480004200DE006140600031
:10F020000080FB0000F0A7000000EA000000EA00FA
:10F030004F00DE00004078000080FA00000006006B
:10F040000400FA00100798001E0090000000E00085
:10F050000A003A00200C80004400DE00614060009D
:10F060000080FB0000F0A7000000EA000000EA00BA
:10F070004F00DE00004F7800010037000000000064
:10F080001E4078000080FA00000006000600FA002A
:10F090002047980031479800220798000040EB0075
:10F0A000004F7800110037001E80FB00C1902C003B
:10F0B000E14078002E40900080CF50000A003A00D6
:10F0C0001E80FB0041912C00E14078003E40900002
:10F0D00080CF500004003A002E0090001E487800B7
:10F0E00010C0B300050037001E4FE8001E40780036
:10F0F000E74F5000ECFF36000040EB000080FA00C4
:10F10000000006000600FA00004F78001107980082
:10F11000220798001E407800E84F50000200360099
:10F120000040EB000B0037001E80FB00C1902C005C
:10F13000E14078001E009000014878001E80FB002E
:10F1400041912C00E14078002E00900001487800A9
:10F1500010C0B3000080FA00000006000000FA00B2
:10F160008660A9000080FA00000006000000FA0096
:10F170006000B80041FD070068FD07006040A9007D
:10F18000F9FC07008780A9009780A800A08D2700C0
:10F1900059FF070010C0B30072E8B70010C0B300F9
:10F1A00073E8B7006060A8008660A9000080FA00DC
:10F1B000000006000000FA005FFD070039FD0700AF
:10F1C000B0438800C14388006060A900608B2700BD
:10F1D00049FF070010C0B30074E8B70010C0B300C7
:10F1E00072E8B7006040A8008780A9009780A90056
:10F1F0008660A9000080FA00000006000000FA0006
:10F2000010C0B3007CE8B7008660A9000080FA0057
:10F21000000006000000FA0061058000F0FF2800F1
:10F220000080600000C0A0006005880061058000CB
:10F2300080FF2F00008060000000A00060058800B3
:10F24000E1058000F08F2F00008060000090A0009A
:10F25000E005880081058000F0FF28000080600044
:10F2600000C0A000800588009105800080FF2F006D
:10F27000008060000000A00090058800210580004B
:10F28000F0FF28000080600000C0A000200588007A
:10F290000080FA00000006000600FA00100798003F
:10F2A000210798009E009000010F78001E00780052
:10F2B000804078002E009000014878002E009000D9
:10F2C0000000E8009E007800C808DE008140780059
:10F2D000014878000080FA00000006000200FA00F1
:10F2E000000F78001E007800104078008080FB003E
:10F2F0001E00E800104078000080FB004800DD00A0
:10F30000010070000080FA00000006000000FA0012
:10F3100000102300203A88004827EF007027EF00F4
:10F320007227EF007427EF002200200080072000E2
:10F33000A1092000337420008049780081497800B9
:10F34000824978000001EB00600420007105200074
:10F350002374200080497800814978008249780030
:10F360000080FA00000006000000FA0097FE070087
:10F37000C142A900C542A800003A800061006000B7
:10F380000000E00002003A00D022A900D422A80028
:10F39000DEFF07009FFF07008FFC070017FC070038
:10F3A00071F9070060FA0700D0FD07000080FA003D
:10F3B00000000600F03FB1000180B10006003500FA
:10F3C000EE03090000000000403FB1000180B100E1
:10F3D000FBFF3D001000B000203FB00002003500F0
:10F3E000008009000000000000000600809FBE00B1
:10F3F000EC805700310078008044880011007800CC
:10F4000092E8B7004F00BE0000000600FFFF370083
:020000040001F9
:0857F8008AFA0000FB3F0000EB
:00000001FF
