:10000000000204000000000000260000042600009A
:10001000082600000C260000102600000026000024
:10002000002600000026000014260000182600000C
:100030001C260000202600000026000024260000C8
:10004000282600002C260000302600003426000060
:10005000382600003C260000402600004426000010
:100060000026000000260000482600004C26000064
:1000700050260000542600005826000000260000EC
:100080000026000000260000002600005C2600007C
:100090006026000064260000682600006C26000030
:1000A0007026000074260000782600007C260000E0
:1000B0000026000000260000002600008026000028
:1000C0008426000088260000002600008C26000000
:1000D00000260000002600000026000090260000F8
:1000E00000260000002600000026000094260000E4
:1000F00098260000002600000026000000260000D0
:100100000026000000260000002600000026000057
:100110000026000000260000002600000026000047
:100120009C2600000026000000260000A0260000FB
:10013000A4260000A82600000026000000260000DB
:100140000026000000260000AC260000002600006B
:100150000026000000260000002600000026000007
:1001600000260000002600000026000000260000F7
:1001700000260000002600000026000000260000E7
:1001800000260000002600000026000000260000D7
:1001900000260000002600000026000000260000C7
:1001A00000260000002600000026000000260000B7
:1001B00000260000002600000026000000260000A7
:1001C0000026000000260000002600000026000097
:1001D0000026000000260000002600000026000087
:1001E0000026000000260000002600000026000077
:1001F0000026000000260000002600000026000067
:100200000000000000000000441B0000441B000030
:10021000441B0000441B0000441B0000441B000062
:10022000441B0000441B0000441B0000441B000052
:10023000441B0000441B0000441B0000441B000042
:10024000441B0000441B0000441B0000441B000032
:10025000441B0000441B0000441B0000441B000022
:10026000441B0000441B0000441B0000441B000012
:10027000441B0000441B0000441B0000441B000002
:10028000441B0000441B0000441B0000441B0000F2
:10029000441B0000441B0000441B0000441B0000E2
:1002A000441B0000441B0000441B0000441B0000D2
:1002B000441B0000441B0000441B0000441B0000C2
:1002C000441B0000441B0000441B0000441B0000B2
:1002D000441B0000441B0000441B0000441B0000A2
:1002E000441B0000441B0000441B0000441B000092
:1002F000441B0000441B0000441B0000441B000082
:10030000441B0000441B0000441B0000441B000071
:10031000441B0000441B0000441B0000441B000061
:10032000441B0000441B0000441B0000441B000051
:10033000441B0000441B0000441B0000441B000041
:10034000441B0000441B0000441B0000441B000031
:10035000441B0000441B0000441B0000441B000021
:10036000441B0000441B0000441B0000441B000011
:10037000441B0000441B0000441B0000441B000001
:10038000441B0000441B0000441B0000441B0000F1
:10039000441B0000441B0000441B0000441B0000E1
:1003A000441B0000441B0000441B0000441B0000D1
:1003B000441B0000441B0000441B0000441B0000C1
:1003C000441B0000441B0000441B0000441B0000B1
:1003D000441B0000441B0000441B0000441B0000A1
:1003E000441B0000441B0000441B0000441B000091
:1003F000441B0000441B0000441B0000441B000081
:100400008FE320000E7F22000E0188000000000014
:10041000000020000000E000020032000001200087
:1004200020028800140007009C0007000000E00084
:1004300003003A00C0A6210001002000020037009E
:100440000000200001002000810F70000100320038
:1004500014000700000020000000E000020032004D
:1004600000000200000000001E1702000000000053
:100470000040DA000000FE004440A9008002200095
:100480000000E0000300320000002000A00188000E
:100490004440A800000006008A1F78008B1F7800E7
:1004A0000000060091018800800478000000EB0045
:1004B0001A003700E284440032A0B4009905BA0063
:1004C000E284440032A0B4009906BA00E2844400F9
:1004D00032A0B4000006EB00476FDE00FD07B2005B
:1004E000636CE10003003A00EBFF07000000EB0043
:1004F0000A003700606CE10004003A00005DEB0088
:100500008B05E900FDFF3E00040037006168E10053
:10051000010032000086EB000B00070019C7BA008B
:100520001905BA000E04E00003003A000A00E000DA
:10053000E0FF3A0000000600FE07B2009E018800BE
:100540008A047800F5FF3700395DBA008B05E900B1
:100550000C003200295DBA008B05E900080032006A
:100560000C00E00003003A00E284440032A0B40032
:10057000F5FF370019DDBA008B05E900FAFF3A00F4
:100580008904E800E184440032A0B40000000600C1
:100590003600F800809FBE00829FBE00849FBE0090
:1005A000869FBE000000FA008020A9000000EB003A
:1005B000060C07000080FA004F03BE004F02BE0089
:1005C0004F01BE004F00BE003600F900004006009B
:1005D0003600F800809FBE00829FBE00849FBE0050
:1005E000869FBE000000FA00FF0B07008040A900B4
:1005F00010002000F50B07000080FA004F03BE003A
:100600004F02BE004F01BE004F00BE003600F90091
:10061000004006003600F800809FBE00829FBE00AA
:10062000849FBE00869FBE000000FA008060A90083
:1006300020002000E50B07000080FA004F03BE00F9
:100640004F02BE004F01BE004F00BE003600F90051
:10065000004006003600F800809FBE00829FBE006A
:10066000849FBE00869FBE000000FA008080A90023
:1006700030002000D50B07000080FA004F03BE00B9
:100680004F02BE004F01BE004F00BE003600F90011
:10069000004006000040DA000000FE0000000500F7
:1006A0008001780002003700B15978000201E900AA
:1006B0000200E000FCFF3A00000006008001780024
:1006C00081027800810F50003B003200028240001E
:1006D000840F50000300310002024000848F50005C
:1006E00001003900EEFF370000826800810F5000E2
:1006F0001B0031000408A30005003200150037007C
:100700000200E0002C0032000201E900B15978003B
:100710000308A300FAFF3A0003037800820278007E
:100720000102780002003700B41978000281E90064
:10073000E10F5100FCFF3E00618162000500A10055
:10074000850143008582400002003700B5597800DA
:100750000201E9000200E000FCFF3A000000060090
:100760000408A30012003A00040037000200E00071
:10077000110032000201E90061707900820140003D
:100780000308A300F9FF3A00820178000200370055
:100790000281E90061307900E10F5100FCFF3E0069
:1007A00061816100020037000201E9006170790097
:1007B0000200E000FCFF3A0000000600889FBE0037
:1007C0008A9FBE00800478000200E0005B003200D7
:1007D00001407800814C780082814400F1F99F004B
:1007E000E20F51005500360091449800A144980052
:1007F000E1F99F00D1F99F00E60F51004F0036004C
:10080000B1449800C1F99F00E80F51004B00360039
:100810000905EA00630565000A8444000A055100E1
:10082000C1FF2F00010565000080FB008000EB0088
:10083000121020001310200044000700008CBE009E
:100840000A01440060B99F0071B99F00E80F55008C
:100850003A003600200498003104980040049800C3
:100860005104980020B99F0031B99F0040B99F0002
:1008700051B99F00F80F5500300036006004980011
:1008800071049800000C9800110C9800200C98003E
:10089000310C9800400C9800510C980020B19F003A
:1008A00031B19F0040B19F0051B19F0060B19F00E6
:1008B00071B19F0000B99F0011B99F0064016400ED
:1008C0007801410002044400020555006011B8009F
:1008D0000203BE000002BE000403BE006022B80096
:1008E0000000720081807200020173008381730036
:1008F00010003700009CBE000294BE004004980027
:10090000510498006204980073049800000C980049
:10091000110C9800220C9800330C9800400C9800A1
:10092000510C9800620C9800730C98000A02B100F8
:100930000802B000FF0F5500EEFF3E0009007800EE
:100940004F05BE004F04BE0000000600020AB900B9
:10095000001BB9000200B800810042008100430082
:10096000000006000B08000000000000000000006E
:100970000000000000000000000100000024000052
:1009800000000000FE9F00000000000009000000C1
:100990000000000000000000000000000000000057
:1009A00000010000002400000000000000240000FE
:1009B000000000000000FA0010C0B3005F00070054
:1009C0000080FA00000006000600FA00881F780088
:1009D000C8090700000F78001E0078000000E00042
:1009E00002003A0010002000480037001E00780086
:1009F000EA0F500002003E002000200043003700B4
:100A00000000EB007B090700204798001000200041
:100A1000780907000084FB0020002000750907000A
:100A20000080FB004800DD00000044006B00400037
:100A300020079800AE00900000102000808F50002A
:100A4000060036002E409000E34F500003003200B5
:100A5000D00F2000430007002C0037002E409000EC
:100A60000080FB00E30F50001B003200E30F50003A
:100A700007003C00E10F500013003200E10F50006E
:100A80000F003C000000E000110032001D003700A4
:100A9000E90F500012003200E90F500003003C0043
:100AA000E80F50001100320016003700EA0F500026
:100AB00010003200EB0F5000100032001100370020
:100AC0001A01070011003700A90107000F003700C5
:100AD000360007000D0037009C0007000B003700B0
:100AE0007D0007000000EB0008003700FF01070051
:100AF00006003700A402070004003700C302070005
:100B000002003700F00F2000160007004F047800A5
:100B10000080FA00000006000200FA000040EB002E
:100B200006000700C0402200000F78001E00780079
:100B3000000001000080FA00000006000200FA0038
:100B4000004F78001E80FB004F00DD001104800084
:100B500001F0A10001007000100488000080FA007C
:100B6000000006000E00FA0060079800B1002000A7
:100B700040D120002B090700B200200041D1200005
:100B80000E007800C6FE07006E009000004078005E
:100B9000304F9800C10020000E0078003D0907008A
:100BA000300020000080FA00000006002600FA0055
:100BB00011000900001FEB00005FEB005E02B100B6
:100BC000DE009000F00F2000008060000090A00088
:100BD00050079800EE00900000F02F0000806000A9
:100BE0000000A00060079800EE009000F00F2000C9
:100BF0000080600060079800FE00900000F02F0069
:100C0000008060000000A000700798008E0890002F
:100C1000F00F20008080600000602500010070005F
:100C2000000F98009E08900000F02F008080600068
:100C30004003200001007000100F9800BE089000D3
:100C4000F00F20000080600000A0A000300F98008E
:100C5000CE08900000F02F0000806000400F980048
:100C60002D060700F10F200081006000C808DD009C
:100C7000AE099000F20F20000281610082807000B6
:100C8000210F9800C800DE00F00F200000806000F7
:100C90003E09900001F02F0081006100010070000A
:100CA000300F9800B100200040D12000DD0807007F
:100CB000510220000E007800F60807000000EB004B
:100CC0000080FA00000006000000FA000000FE00AC
:100CD0000080FA00000006000C00FA00604C2800BA
:100CE0008E007800B0187800A0107800E4804000F2
:100CF00064004000B0187800A0107800E480400044
:100D000064004000B0187800A0107800E480400033
:100D100064004000B100200040D12000C10807005D
:100D2000C10020000E007800DA0807000CC8BF00E0
:100D30000004E000020032004007A9004027A9009B
:100D4000E1FF07000080FA00000006000E00FA0034
:100D5000881F780040D12000000F7800B1002000EB
:100D600040D12000AF0807000E80E800B20020004C
:100D700041D120004AFE0700E0CFB300504F980059
:100D80001116800000082000008060000000E000D4
:100D900003003200B0CFB300504F98002F0037004F
:100DA0001E007800B04090008180FB00404290001F
:100DB0000482FB004822DD0084807000010178007D
:100DC000D04090008180FB00604090000080FB00DC
:100DD0004800DD0000807000800178001E0078006F
:100DE000904090008180FB00204090000080FB003C
:100DF0004800DD00008070006103B8001E0278002A
:100E0000F44290008582FB00044C90000884FB00B3
:100E10004844DD008882720005007800944A900002
:100E20008582FB00244A90000482FB004822DD00FA
:100E300004827200840078000202BE000601BE0037
:100E4000290507000000E00004003A0010C0B300CC
:100E5000504F980010C0B3000CE8B7000E80E800B7
:100E6000C10020008B0807001E017800B2419000ED
:100E70008381FB00424290000482FB004822DD0097
:100E80008481710003007800D24190008381FB00CF
:100E9000624190000281FB004811DD000281710077
:100EA000820078000081EA008181EA001E0078005B
:100EB000F10F20008100610030429000604262002A
:100EC0008140720031409800C810DE00404290001E
:100ED000604262008140720041409800F10F2000A2
:100EE0008180610050429000604262008140720047
:100EF00051409800C818DE006041900060416100D8
:100F000081407100614098005E489000E14F5000C0
:100F100002003A000000EB00010037003000200022
:100F20004F0478000080FA00000006001000FA006C
:100F3000889FBE0040D12000000F780020002000D4
:100F40002C0807000080FB004800DD001007980017
:100F500010002000270807000080FB009E00900082
:100F60000100700010079800620807009E009000C2
:100F7000EB804000810F5000020031002000200073
:100F8000780037001E0090006B0040008000780061
:100F900040D120002308070064004700B200200071
:100FA00041D12000BEFD070010C0B300704F980073
:100FB0001116800000082000008060000000E000A2
:100FC00003003200B0CFB300704F980034003700F8
:100FD0009E009000500F2000808F50002E003E0099
:100FE0001E007800B04090008180FB0040429000DD
:100FF0000482FB004822DD0084807000010178003B
:10100000D04090008180FB00604090000080FB0099
:101010004800DD0000807000800178009E007800AC
:10102000EB8240001E0090006104B8001E027800B0
:10103000744390000683FB00844B90008783FB0081
:10104000C83BDD000703730006007800144B9000D6
:101050000683FB00244A90000482FB004822DD0046
:1010600004027300840078000203BE0005027800C9
:101070000801BE00F10307000000E0000300320099
:10108000E0CFB300704F98000500370010C0B300E8
:101090000CE8B70002003700E0CFB300704F9800B3
:1010A00064004700C1002000FA0707001E01780015
:1010B000B24190008381FB00424290000482FB0019
:1010C0004822DD008481710003007800D241900045
:1010D0008381FB00624190000281FB004811DD002A
:1010E00002817100820078000081EA008181EA00BB
:1010F0001E007800F10F2000810061003042900056
:10110000604262008140720031409800C810DE00E9
:10111000404290006042620081407200414098006D
:10112000F10F200081806100504290006042620017
:101130008140720051409800C818DE006041900064
:101140006041610081407100614098007E489000DC
:10115000E14F500002003A000000EB0001003700B0
:10116000300020004F04BE000080FA00000006009E
:101170000401FA0040D12000000F7800B1002000E7
:1011800040D12000A707070064004700B2002000FC
:1011900041D1200042FD07001E00780090409000E1
:1011A0008180FB00204090000080FB004800DD00B3
:1011B0000080700080007800400F2000808F500079
:1011C0002E003E001E017800F24190008381FB005A
:1011D000024A90000482FB004822DD0084817100F5
:1011E00003007800924990008381FB00224990001F
:1011F0000281FB004811DD0002817100820078004D
:101200001E017800924190008381FB0022419000F2
:101210000281FB004811DD00028171008001EB00BA
:10122000640247006C0342000002BE000600780022
:10123000E0030700100798001E0090000000E00087
:1012400003003A0010C0B300704F9800150037003B
:10125000E0CFB300704F9800AE009000F00F200078
:101260000080600020079800BE00900000F02F0072
:1012700000806000300798000A003700E0CFB3001C
:10128000704F9800AE009000F00F200000806000CA
:1012900020079800BE00900000F02F000080600042
:1012A000300798002E0090004800DE003E019000BC
:1012B000F10F200081006100C808DD00010070000E
:1012C000EC00400064004700720707007E48900071
:1012D000E14F500002003A000000EB00010037002F
:1012E000300020000080FA00000006001A00FA001A
:1012F000889FBE008A9FBE0040D120003007980022
:101300006000B800008FBE00B100200040D1200076
:101310004407070068004700B200200041D12000C8
:10132000DFFC07003E019000F24190008381FB004A
:10133000024A90000482FB004822DD008481710093
:1013400003007800924990008381FB0022499000BD
:101350000281FB004811DD000281710082007800EB
:101360003E019000924190008381FB002241900059
:101370000281FB004811DD00028171000201D100F1
:101380008001EB00000041008180490061025000B3
:10139000E08258003E019000F24190008381FB0002
:1013A000024B90000683FB004833DD00868171000C
:1013B00003007800924990008381FB00224990004D
:1013C0000281FB004811DD0002817100820078007B
:1013D0000401BE00040307000004E00053003200D3
:1013E0000000EB00200798003D0037003E01900010
:1013F000F24190008381FB00024A90000482FB00CE
:101400004822DD0084817100030078009249900039
:101410008381FB00224990000281FB004811DD001E
:1014200002817100820078002E0190000201D1003B
:101430008001EB00000041008180490076034700F5
:101440000002BE00420020000300200006007800D9
:10145000580307003E099000CE099000F0FF2F00CE
:10146000010020000202780003017800800178006A
:10147000810078000300620081006100810478002F
:10148000000478000802BE003E089000CE089000DC
:101490004009DE0003002000F00F200001002000C2
:1014A0000203780003017800800178008100780051
:1014B0000300630081006100810578000005780069
:1014C0000A00BE0004004000858048001E0F400056
:1014D0005E9748002E0090006400400020079800AE
:1014E0003E009000904090008180FB0020409000E2
:1014F0000080FB004800DD00008070008000780064
:101500002E009000808F5000B8FF3E001E00780033
:10151000200F980010C0B3003057980068004700B3
:10152000E1002000DB0607000D003700E0CFB3002C
:1015300030579800CE009000F00F2000008060002F
:1015400040079800DE00900000F02F00008060004F
:101550005007980068004700C1002000CD06070032
:101560003E509000E14F500002003A000000EB00B6
:1015700001003700300020004F05BE004F04BE00C0
:101580000080FA00000006000E00FA00B100200002
:101590000E007800A30607000000EB0030040700EF
:1015A0000004A2000004E00003003200C0CFB3003A
:1015B000304F98000200370010C0B300304F980041
:1015C0009E007800F00F200000806000000F78007F
:1015D0009E00900000F02F0000806000100798002F
:1015E000C10020000E007800AA0607003E489000C7
:1015F000E14F500002003A000000EB00010037000C
:10160000300020000080FA00000006001400FA00FC
:10161000214B280009000900311F78004E01B1005C
:10162000B100200040D120007E06070041012000CB
:101630000E007800970607000000EB000080FA001B
:10164000000006000000000000000000AB410000A8
:1016500041810000FDC20000C383000056830000EA
:101660008202000051C40000C6860000FA85000016
:1016700087070000AC0600000505000007470000D2
:101680004484000009C90000CC8C0000A28800003E
:101690008D0D0000F40B00000F0F00005F4A0000EA
:1016A0004E8E0000580D00000A0A0000F34C0000A6
:1016B0004B8B0000A5CF0000C98900000E8E0000F2
:1016C00088080000B9D30000D898000012920000EA
:1016D00099190000441100001B1B0000EF5000008E
:1016E0005A9A0000E81700001E1E00004356000032
:1016F0005F9F000015D50000DD9D0000BE94000036
:101700009C1C0000B01A0000141400001B5B0000B9
:10171000559500004DD80000D7970000E6990000CD
:1017200096160000E1DE0000D29200004A9F000001
:10173000931300001C1C000011110000B75D000095
:1017400050900000D9E60000F0B0000072A7000041
:10175000B131000024240000333300008F65000005
:1017600072B20000882200003636000023630000B9
:1017700077B7000075E00000F5B50000DEA10000BD
:10178000B4340000D02F00003C3C00007B6E000011
:101790007DBD00002DED0000FFBF000086AC000005
:1017A000BE3E000081EB0000FABA00002AAA000049
:1017B000BB3B00007C29000039390000D7680000DD
:1017C00078B800006035000028280000CB740000C5
:1017D00069A900009DF70000EBAB000036B60000E1
:1017E000AA2A000031F10000EEAE00009AB000001D
:1017F000AF2F0000CC3300002D2D000067720000D9
:101800006CAC000069FC0000E4A40000C2BD000054
:10181000A5250000943E0000272700003F7F000020
:1018200066A60000383800002222000093790000EC
:1018300063A30000C5FA0000E1A100006EBB000038
:10184000A0200000198C0000A0E00000B2CD000034
:10185000E1610000E44E0000636300004F0F0000F0
:1018600022E200004848000066660000E30900002C
:1018700027E70000B58A0000A5E500001ECB0000A8
:10188000E4640000104500006C6C0000BB04000024
:101890002DED0000ED870000AFEF000046C6000010
:1018A000EE6E000041810000AAEA0000EAC00000DC
:1018B000EB6B0000BC4300006969000017020000E8
:1018C00028E80000A05F0000787800000B1E0000F0
:1018D00039F900005D9D0000BBFB0000F6DC000054
:1018E000FA7A0000F19B0000BEFE00005ADA000008
:1018F000FF7F00000C5900007D7D0000A71800004C
:101900003CFC0000A9960000B4F4000002D70000DF
:10191000F57500005454000077770000FF150000B3
:1019200036F60000F85200007272000053130000F7
:1019300033F3000005900000B1F10000AED10000CB
:10194000F0700000C06A0000505000006B2B0000D7
:1019500011D100003DA8000093D3000096E90000DB
:10196000D252000091AE000096D600003AEF00007F
:10197000D75700006C6C000055550000C72D0000C3
:1019800014D40000C9A300009CDC000062E2000047
:10199000DD5D0000346100005F5F00009F200000FB
:1019A0001EDE0000986700005A5A0000332600002F
:1019B0001BDB000065A5000099D90000CEE4000003
:1019C000D858000079B9000088C80000D2F800009B
:1019D000C9490000847B00004B4B00002F3A0000F7
:1019E0000ACA0000287D00004E4E0000833C000023
:1019F0000FCF0000D5BF00008DCD00007EFE00009F
:101A0000CC4C00007070000044440000DB3100004A
:101A100005C500008DB2000087C7000026F3000056
:101A2000C646000021B4000082C200008AF5000012
:101A3000C3430000DC76000041410000773700001E
:101A400000C000009959000000400000321800005A
:101A500041C10000649B0000C3C30000CFDA000056
:101A600082420000C89D0000C6C6000063DC000082
:101A700087470000355F0000054500009E1E0000FE
:101A800044C4000090900000CCCC00003BD100008A
:101A90008D4D00006D5200000F4F0000C613000076
:101AA0004ECE0000C15400000A4A00006A15000032
:101AB0004BCB00003C960000C9C9000097D700003E
:101AC00088480000208A0000D8D800008BCB000096
:101AD00099590000DD4800001B5B000076090000FA
:101AE0005ADA0000714E00001E5E0000DA0F00009E
:101AF0005FDF00008C8C0000DDDD000027CD0000E2
:101B00009C5C000029430000145400008202000085
:101B100055D50000D4810000D7D700007FC0000059
:101B20009656000078870000D2D20000D3C600008D
:101B30009353000085450000115100002E04000061
:101B400050D0000040BF0000F0F00000EBFE0000AD
:101B5000B1710000BD7D000033730000163C000031
:101B600072F20000117B000036760000BA3A0000E5
:101B700077F70000ECB90000F5F5000047F8000029
:101B8000B4740000497600003C7C0000E23700009D
:101B90007DFD0000B4B40000FFFF00001FF5000051
:101BA000BE7E000018B20000FAFA0000B3F3000095
:101BB000BB7B0000E5700000397900004E31000069
:101BC00078F80000F96C000028680000522D000031
:101BD00069E9000004AE0000EBEB0000AFEF00008D
:101BE000AA6A0000A8A80000EEEE000003E90000C9
:101BF000AF6F0000556A00002D6D0000FE2B000045
:101C00006CEC0000F0A50000E4E400005BE40000E0
:101C1000A56500000D67000027670000A6260000EC
:101C200066E60000A1610000226200000A200000B8
:101C300063E300005CA30000E1E10000F7E20000C4
:101C4000A060000080D50000A0A000002B94000040
:101C5000E12100007D17000063230000D65600003C
:101C600022A20000D1110000662600007A50000078
:101C700027A700002CD30000A5A500008792000034
:101C8000E4240000891C00006C2C0000225D000090
:101C90002DAD000074DE0000AFAF0000DF9F00003C
:101CA000EE2E0000D8D80000AAAA00007399000008
:101CB000EB2B0000251A0000692900008E5B000054
:101CC00028A800003906000078380000924700007C
:101CD00039B90000C4C40000BBBB00006F85000020
:101CE000FA3A000068C20000BEBE0000C3830000D4
:101CF000FF3F0000950000007D3D00003E410000D8
:101D00003CBC000030CF0000B4B400009B8E00004B
:101D1000F5350000CD0D000077370000664C00005F
:101D200036B60000610B000072320000CA4A0000A3
:101D300033B300009CC90000B1B100003788000037
:101D4000F03000005933000050100000F272000023
:101D500011910000A4F10000939300000FB0000067
:101D6000D212000008F7000096960000A3B600000B
:101D7000D7170000F5350000551500005E7400000F
:101D80001494000050FA00009C9C0000FBBB000073
:101D9000DD1D0000AD3800005F1F00000679000067
:101DA0001E9E0000013E00005A1A0000AA7F00009B
:101DB0001B9B0000FCFC00009999000057BD00002F
:101DC000D8180000E0E00000888800004BA1000067
:101DD000C90900001D2200004B0B0000B663000083
:101DE0000A8A0000B12400004E0E00001A650000AF
:101DF0000F8F00004CE600008D8D0000E7A700006B
:101E0000CC0C0000E92900004404000042680000F6
:101E10000585000014EB000087870000BFAA0000C2
:101E2000C6060000B8ED00008282000013AC00007E
:101E3000C3030000452F000041010000EE6E0000CA
:101E400000800000809FBE00821F7800208120005B
:101E5000010020009101880021B220000220200012
:101E60003118BA000201E900FDFF3A004F01780085
:101E70004F00BE00000006003200F800889FBE0040
:101E8000220F0200000000000404BE002800B00081
:101E90000980B0000203BE00248120000600B000CB
:101EA00005003A000700B00003003A000001EB0013
:101EB0008001EB00070037000830E10002003A0023
:101EC0000938E10031003200970188001601BA009C
:101ED0009681BA00C80ADE0082C26A00C22ADD000A
:101EE00085024200C808DD000080FD0081406800D6
:101EF0000040EB00350068009580680081026900B1
:101F0000C82ADE00C22ADD0085024200C808DD00C2
:101F10000080FD00814068000040EB003500680053
:101F200095806800C80ADE0083C26A00C22ADD000C
:101F300085024200C808DD000080FD008140680085
:101F40000040EB00350068009580680081826900E0
:101F5000C82ADE00C22ADD0085024200C808DD0072
:101F60000080FD00814068000040EB003500680003
:101F7000958068002600B0000780B0000830E100BE
:101F8000D1FF3A000938E100CFFF3A004F04BE000C
:101F90003200F900000006000400FA00008FBE00C5
:101FA000F03F2200010020001E01BE00800F510002
:101FB000818F590008003600E0FF29000100200051
:101FC0001E01BE00800F5100818F590002003E00AB
:101FD00010002000010037000000EB0000407800F6
:101FE0000080FA00000006000800FA00008FBE0022
:101FF00022079800330798001E00BE00E6FF070086
:102000000004E000090032002E009000BE009000A5
:1020100062005000E0805800DFFF07000004E0008D
:102020000200320010002000010037000000EB0029
:10203000004078000080FA00000006001C00FA0052
:10204000889FBE0070079800010F9800120F98003B
:10205000230F9800340F9800460F9800570F9800F0
:102060006000B800008FBE000000EB002007980061
:102070001E089000AE089000000078006300600029
:102080008004EB00000478000800BE00E00F500060
:10209000E08F580041003A001E089000AE08900002
:1020A0008101D1000081D3007E0090008E08900055
:1020B00002004000838048000001BE007E009000C6
:1020C0008E089000C8FF07000004E00030003200D6
:1020D0004E089000DE089000C20207006000B800C1
:1020E000008FBE00220037001E00BE008101D1001B
:1020F0000081D3007E0090008E0890000200400016
:10210000838048000001BE000000EB00EE000700E5
:1021100030079800410798001E007800BE08900024
:10212000808040006A004700420020005CF9070000
:102130005E009000EE0090000001BE003E009000A6
:10214000CE009000DF0207000004A2000004E000BF
:102150000300320030002000200798000A003700FA
:1021600042002000030020001E0F41005E9749003E
:102170001E089000AE0890001E01BE00800F5100A6
:10218000818F5900D8FF39009B02070005003700F6
:1021900020002000200798000200370010002000D7
:1021A000200798002E0090004F04BE000080FA0027
:1021B000000006001800FA0070079800020F98004F
:1021C000130F9800240F9800350F98000000EB00C3
:1021D000200798000E0890009E08900000007800EC
:1021E000630060008003EB00000378000600BE007F
:1021F000E00F5000E08F580036003A000E089000C3
:102200009E0890008101D1000081D3002E0890002B
:10221000BE08900002004000838048000001BE001C
:102220002E089000BE0890006FFF07000004E00039
:10223000250032006000B800008FBE001B00370090
:102240001E00BE008101D1000081D3002E08900045
:10225000BE08900002004000838048000001BE00DC
:102260000000EB0098000700300798004107980035
:102270003E009000CE0090007302070050079800C7
:10228000610798001E007800FE009000008040006A
:10229000EA0047004200200001F907004200200048
:1022A000030020001E0F41005E9749000E089000B9
:1022B0009E0890001E01BE00800F5100818F5900C2
:1022C000DFFF3900050037002000200020079800BC
:1022D0000200370010002000200798002E00900018
:1022E0000080FA00000006001800FA00600798005D
:1022F00071079800020F9800130F9800240F9800A0
:10230000350F98000000EB00000F78006E01900080
:10231000FE019000120798002307980010C0B30038
:10232000604798001E019000AE01900000C02F0091
:10233000F1FF2F000202780003017800800178008D
:102340008100780003006200810061008103780051
:10235000000378000601BE001E009000AE00900051
:10236000800F5100818F5900020032000040EB00C5
:10237000604798002E089000BE08900019020700E0
:10238000260037001E019000AE01900000402000A2
:102390000100200002004000838048000001BE00D0
:1023A0001E009000AE0090000FFF07000004E00048
:1023B000180032001E019000AE0190000000EB00FA
:1023C0004100070040079800510798004E00900018
:1023D000DE009000280207000080FB0000F0A7004C
:1023E0000000EA000000EA004F00DE0060479800AD
:1023F0001E019000AE01900000402000010020006E
:1024000002004000838048001007980021079800D0
:10241000020037000040EB00604798006E409000DB
:102420000004E0000F0032000E0890009E089000AB
:102430004A09DD00C601DE00830171004A01DD00AA
:102440006E009000FE009000020140008381480071
:102450001E009000AE009000800F5100818F590047
:10246000C8FF3E00E40107006E4090000004A20097
:102470000004E0000F003A000E0890009E08900053
:102480004A09DD00C601DE00830171004A01DD005A
:102490006E009000FE009000020140008381480021
:1024A0001E009000AE009000800F5100818F5900F7
:1024B0000200320020002000000F78001E0078008B
:1024C0000080FA00000006000A00FA0020079800C9
:1024D0003207980043079800B0268400C126840084
:1024E0003E019000CE019000001F5100019759005D
:1024F0002E009000C200DD00604D280000804000EA
:102500001000BE003E014000AE8148000200BE0047
:102510000080FA00000006000000FA0000402000E1
:102520000080FA00000006000600FA00889FBE0046
:10253000000F780012079800230798001E009000F3
:10254000AE009000C60107008000EB001E0178007D
:102550000089BE001E0078001004BE001E0090001E
:10256000AE00900062004000E0804800BC0107001F
:102570008000EB00C000DD000000200008004000EB
:10258000898048001E0178000089BE000000EB0031
:102590004F04BE000080FA00000006000600FA00AA
:1025A000000F780012079800230798001E00900083
:1025B000AE009000AA0107009E0078008008780015
:1025C0000000EB000080FA00000006000400FA00A2
:1025D000008FBE001E0078006100600000F0A700C0
:1025E0000000EA000000EA004F00DE000040780032
:1025F0000080FA00000006000600FA00008FBE000E
:10260000220798002E0090001E01BE00C6FF0700A2
:1026100042002000030020003E004100AE8049003F
:102620002E019000640241000001BE000400780009
:10263000BDFF070082002000030020003E00410093
:10264000AE8049002E019000680241000001BE00EA
:1026500004007800B4FF07000080FA0000000600C4
:102660001200FA00889FBE00000F98000E0890002C
:102670000000E000020032000040EB00A300370041
:1026800090268400A12684000001BE000E08900060
:102690008DFF070064014700D7FF07004E00900040
:1026A000DE009000C9FF07000004E00002003200D5
:1026B0000040EB00950037006E009000FE00900097
:1026C000C2FF07000004E000020032000040EB00FF
:1026D0008E0037004E019000DE019000F03F220096
:1026E00001002000800F5100818F590002003E0040
:1026F0000040EB00850037006E019000FE01900065
:10270000F03F220001002000800F5100818F59000E
:1027100002003E000040EB007C0037004E019000BC
:10272000DE019000E0FF290001002000800F510031
:10273000818F5900020036000040EB007300370023
:102740006E019000FE019000E0FF290001002000D2
:10275000800F5100818F5900020036000040EB00CD
:102760006A0037004E019000DE0190006E0090007C
:10277000FE009000800F5100818F5900020036004A
:102780000040EB00610037004E019000DE01900038
:1027900090268400A1268400800F5100818F59006B
:1027A00007003E006E019000FE019000902684001C
:1027B000A1268400800F5100818F59001100310043
:1027C0006E009000FE0090000001BE000E08900018
:1027D0003DFF07000004BE004E009000DE009000A8
:1027E0000001BE000E08900037FF07000802BE007F
:1027F0000001BE006000B8009FFD0700008FBE0012
:10280000370037006000B800008FBE004E01900016
:10281000DE01900090268400A1268400800F5100E4
:10282000818F59001200320090268400A126840076
:1028300062005000E08058000001BE000E089000C9
:1028400021FF07000004BE004E009000DE00900053
:102850000001BE000E0890001BFF07000802BE002A
:102860000001BE001E00BE0083FD0700008FBE00F9
:102870006022B8006011B8001E00BE007EFD070097
:10288000008FBE006022B8006011B8001E00BE00BC
:1028900079FD0700008FBE006E009000FE009000E2
:1028A0000001BE000E08900007FF07000004BE00F4
:1028B00090268400A126840064004000E080480047
:1028C0000001BE000E089000FFFE07000802BE00D7
:1028D0000001BE001E00BE0067FD0700008FBE00A5
:1028E0002E009000BE0090003E016800AE8168009E
:1028F0000200BE000080700000F0A7000000EA00A7
:102900000000E9004F00DE00004078004F04BE00E8
:102910000080FA00000006000000FA000000EB0052
:102920004FFF07000080FA00000006000600FA00D2
:10293000000F780012079800230798001E00780007
:102940001E019000AE01900014FF07001E009000D1
:10295000AE00900062004000E08048001E82E80067
:102960000001BE0004007800EFFE07001E0090008A
:10297000AE00900066004000E08048001E01780034
:1029800030019800410198000080FA000000060024
:102990000400FA00008FBE001E00BE000000780098
:1029A000610060008001EB00000178000200BE00C1
:1029B0000080700000F0A7000000EA000000E900BD
:1029C0004F00DE00004078000080FA0000000600A2
:1029D0000E00FA004007980051079800620798001F
:1029E0004E009000A000900010009000000F7800B2
:1029F0004E00900030019000C00190001207980036
:102A0000230798001E0078008000EB00E0FF07001D
:102A1000604798006E4090000004E000180032000B
:102A20006E0090009E007800808F500011003600EC
:102A3000EE019000030F78000E0037001E01900099
:102A4000AE0190005E009000D4FE07005E00900092
:102A50000080E800500798001E009000AE00900033
:102A600062004000E08048001007980021079800AD
:102A70001E8FE9001E0078000000E000EFFF3A0022
:102A80006E4090000080FA00000006001C00FA0072
:102A9000200F9800310F9800420F9800530F9800B4
:102AA00002412200030020002E08900086FE07004D
:102AB000008FBE000040EB004047980068004700D0
:102AC0001E01BE0099FF07004E0090000000E000CC
:102AD00031003A005E019000EE01900020002000DD
:102AE00001002000800F5100818F59002A003A0018
:102AF000F20047006800470022002000B4FF0700F2
:102B00000004E0002400320010002000300798008C
:102B10001B0037005E009000EE0090003E01400078
:102B2000AE8148000200BE006200200003002000C9
:102B3000021F400003974800680047001E01BE00C6
:102B40007AFF0700CE0090003E089000808F500072
:102B500005003A00680047005E099000CE0890002A
:102B60009BFF0700404798004E4090000004E000A3
:102B700008003A003E0090000000E800300798008E
:102B80001E089000BE009000808F5000E1FF3900C9
:102B900001003700000000004E4090000080FA0065
:102BA000000006000400FA00000F780011079800EA
:102BB000420020008000EB001E009000FFF607009E
:102BC0001E0090004300200000017800210020003A
:102BD0001E007800ADFF07000080FA00000006002C
:102BE0000000FE0042E3200000197800010978008F
:102BF000000006000000FE000000EB008000EB007B
:102C0000F8FF07006627EF00000006000000FE0046
:102C1000801F7800811F780041E320000600FC003F
:102C200031007800303B880011007800303B88008C
:102C300061E7A8000000000000000000CF0078005D
:102C40004F0078000000060092018000910188008A
:102C50009080BA001000BA009201880000000600BF
:102C600092018000910188001000BA009201880052
:102C7000000006000000FE0061E7AF00FEFF370025
:102C8000F23F2000000161000C003A002204240001
:102C9000023B880092018000910188000008BB007F
:102CA000081602000000000061E7AF00FEFF3700D9
:102CB000920188001000200061A7AF0000002000F2
:102CC0000000060061E7AF00FEFF37000000A7002C
:102CD0000D0037009401800091018800310024002C
:102CE000013B88000208BB000388BB0008160200F5
:102CF0000000000061E7AF00FEFF3700940188008C
:102D00001000200061A7AF000000200000000600B6
:102D100061E7AF00FEFF37000000A7000E0037009C
:102D200033002400033B8800930180009101880058
:102D30000208BB00F20F20000288BB000816020048
:102D40000000000061E7AF00FEFF3700930188003C
:102D50001000200061A7AF00000020000000060066
:102D600061E7AF00FEFF3700F307200080816100BC
:102D700010003A0013002400033B880093018000F8
:102D800091018800040420003208BB003298BB0087
:102D90001400B100FCFF3A00081602000000000019
:102DA00061E7AF00FEFF37009301880010002000AC
:102DB00061A7AF00000020000000060061E7AF003F
:102DC000FEFF3700F30720008081610011003A0008
:102DD00013002400033B88009301800091018800C8
:102DE00004042000F10F20003208BB000198BB0052
:102DF0001400B100FCFF3A000816020000000000B9
:102E000061E7AF00FEFF370093018800100020004B
:102E100061A7AF000000200000000600F23F200084
:102E2000000061000000060002C02F0000006100E9
:102E3000F2FF2F0081006100000006000000FA0090
:102E4000C142A900C542A800D022A900D422A800EE
:102E5000013A800000042000008060000000E000D3
:102E60000A0032000240800013408000E0AF2C00D6
:102E700071002B00800F5100818F590003003A0030
:102E80000028EF000228EF0023F707000028EF00DA
:102E90000228EF00F1010700C142A900C542A800C5
:102EA000D022A900D422A800C882A900D042A9003B
:102EB000CC82A800D442A8004E010700C922A90074
:102EC000CD22A800C942A800040037000060FE001F
:102ED00000202E0041002000CA010700511680008A
:102EE00000402000008060000000E000F7FF32009A
:102EF000CD22A800040037000060FE0000202E0054
:102F000041002000BF010700511680000040200052
:102F1000008060000000E000F7FF320051168000E2
:102F200000402000008060000000E00001003A0046
:102F300003000700320107000060FE00F7FF3700C2
:102F40000200FA000040EB00004F7800210037003B
:102F5000CD22A8000010270021002000A9010700B1
:102F6000CD22A9000030250071002000A501070036
:102F70001E4FE8001E407800FE4F500015003A003A
:102F8000C542A900D422A9000040EB0010479800D8
:102F900001003700000000000060FE000050230028
:102FA000C1002000970107001E4090000040E8008B
:102FB000104798001E409000FD4F5000F5FF36006E
:102FC0004007A8004027A80040E7A8000000FE0036
:102FD000F1FF3700511680000040200000806000A3
:102FE0000000E000DAFF3200CD22A8000080FA00E5
:102FF000000006000200FA00000F780090688000D0
:103000009E0F500002003E0020C4B30003003700B2
:1030100020C120001E004000104078000080FA000F
:10302000000006000600FA0010079800210798002B
:1030300030000700000F78002E0090009E0F500017
:1030400002003100AE009000010F78001E017800F0
:1030500021C120001E00900091F507000010200003
:103060009E00500020C120001E0040000101780099
:103070008000780020C1200090F507009068800053
:103080001E005000906888001E0078000080FA0042
:10309000000006000400FA00000F780011079800F5
:1030A0000A003700650007000004E0000700320056
:1030B0001E007800104078001E0FE800470007004F
:1030C0001E0090000000E900100798001E0090000C
:1030D0000000E000F3FF3A00000000006800070075
:1030E0000004A2000004E000FCFF3A000080FA00A7
:1030F000000006000000FA00881F78000EC8BF001C
:103100000004A2000004E0000F00320022102000A2
:103110008000EB0020C12000A8F5070010C0B3001C
:103120000EE8B70009003700986880001C0007000F
:1031300021C1200081004400804878000800E80098
:103140009068880001003700000000002F00070091
:103150000004E0000400320091688000F00F2000BD
:10316000808F5000F0FF3600906880004F04780098
:103170000080FA00000006000000FA008000200035
:10318000001188002222EF00200220004011880058
:1031900021E2A8002342A8000080FA0000000600F7
:1031A0000000FA00000000001011800061006000C3
:1031B0000000E000FCFF320010118000620060009F
:1031C0000000E000010032002222A900301180003E
:1031D000004078000080FA00000006000200FA00BB
:1031E000004F780000000000111180000020200036
:1031F000008060000000E000FBFF3A001E80FB0042
:10320000201188000080FA00000006000000FA008B
:103210001011800000407800614060000080FB00D9
:1032200000F0A7000000EA000000EA004F00DE0006
:10323000004078000080FA00000006000000FA005C
:103240001111800000202000008060000000E000DC
:1032500007003A001111800000402000008060004B
:103260000000E000020032001000200001003700E2
:103270000000EB00004078000080FA00000006002B
:103280000000FA00101180004800DE00614060007C
:103290000080FB0000F0A7000000EA000000EA0048
:1032A0004F00DE00004078000080FA0000000600B9
:1032B0000000FA00101180000080FA0000000600F3
:1032C0000000FA0021E2A8002342A8000080FA00D2
:1032D000000006000000FA0021E2A9002342A90034
:1032E0000080FA00000006000000FA00C422EF008F
:1032F000CC22EF0000012000A01688007079200089
:1033000000168800F0EF2C0040168800F03E2000E8
:1033100080168800C542A800C142A900511680004D
:10332000000820000080600000F0A7000000EA0014
:103330000000EA004F00DE00004078000080FB0043
:103340006100600000004000A11680000110A10093
:1033500001007000A0168800D022A9006820EF00AC
:103360000040200050038800C622EF00CE22EF006C
:10337000D622EF00C080210060198800113A800039
:10338000F00B200000816000600420007105200027
:1033900023742000804978008149780082497800B0
:1033A000A136800000FE2F00008060003000B300D6
:1033B000A03688002135800000FE2F0000806000CC
:1033C0005001B30020358800103A800000017800D9
:1033D0000260A0006004200071052000237420001A
:1033E0008049780081497800824978000080FA009D
:1033F000000006000000FA000080FA00000006004D
:103400000000FA0008C8BF000004A2000004E000A9
:1034100022003200240007000004E0000300320014
:1034200010C0B30008E8B700170037000AC8BF0093
:103430000004E000030032000000EB0088FC0700FD
:1034400009E8B70009C8BF000004A2000004E000BA
:103450000200320010C0B30008E8B70008C8BF007F
:103460000004A2000004E00007003200CD82A800A2
:10347000CDA2A900E0AF2C0071002B000040880015
:10348000114088000000FE0008C8BF000004E000F2
:1034900002003200CDA2A800CD82A9004AF50700A3
:1034A0000080FA00000006000000FA0050168000BC
:1034B0004700DE00614060000080FB0000F0A700D4
:1034C0000000EA000000EA004F00DE000040780043
:1034D0000080FA000000060008080000020000005A
:1034E000000000000A0800000200000002000000C6
:1034F00001000000140D00000001000000000000A9
:103500000C0800000200000000000000120C000087
:1035100002010000000000000E0800000200000090
:10352000000000001208000000040000000000007D
:10353000340E00000400000002000000FFFFFF0046
:10354000FF000000140E000020000000000000003A
:10355000100800000200000002000000FFFF000051
:10356000040800000400000000000000000000004B
:103570000000FA0000102300203A88004827EF00DE
:103580007027EF007227EF007427EF002200200061
:1035900080072000A10920003374200080497800B2
:1035A00081497800824978000001EB006004200026
:1035B000710520002374200080497800814978003B
:1035C000824978000080FA00000006000200FA003C
:1035D000000F78009E007800814088000000FE0007
:1035E0000080FA00000006000000FA0040E1200020
:1035F00080077800C0E22000000188000080FA0007
:1036000000000600F03FB1000180B1000600350067
:10361000EE03090000000000403FB1000180B1004E
:10362000FBFF3D001000B000203FB000020035005D
:10363000008009000000000000000600809FBE001E
:10364000EC8057003100780020408800110078009D
:1036500006E8B7004F00BE00000006000000FA00B8
:10366000D4F4070020FF070004000700C0FF070094
:10367000C1FE07000080FA00000006000000FA000A
:103680000080FA00000006004A0304000000000069
:083690004A03040000000000E1
:104800005C0000005C8E000000240000000000003E
:10481000FE9F000000000000B02604000000000021
:104820000000000002000000000000000200000084
:104830000200000004000000000000000000000072
:10484000000000000000FA008E68EF008F68EF00A3
:104850000080FA00000006000400FA0020479800DB
:104860008EC8BF000040E800674F60008FC8BF00DF
:104870009E40780080CF500002003A000040EB00DC
:104880000A0037008EC8BF000080FB0041C1200035
:104890002E419000827078001E417800E18820004F
:1048A000824878007428A80010C0B3000080FA0085
:1048B000000006000200FA00F18820009140780014
:1048C0008EC8BF0080CF500003003A007428A900B2
:1048D0000040EB00150037008FC8BF000080FB00D0
:1048E00041C12000614F78008FC8BF000040E80040
:1048F000674060008FE8B700F188200091407800A1
:104900008EC8BF0080CF500001003A007428A90073
:104910001E80FB008000400040C02000008040005E
:10492000100078000000010010C0B3000080FA0001
:10493000000006000000FA00F18820009140780095
:104940008EC8BF0000C068000080FB000000E900C6
:104950004F00DE00004078000080FA0000000600F2
:104960000200FA0000B22000104F78001E80FB0009
:1049700061006000004078000004E00002003200A6
:10498000CC82A90001003700CC82A8001E80FB0069
:10499000620060000000E00002003200D442A90082
:1049A00001003700D442A8001E80FB0064006000B4
:1049B0000000E00002003200C502A900010037003B
:1049C000C502A80060B120001E4878000080FA00EF
:1049D000000006000200FA0010B22000104F78001C
:1049E00050B120001E4878000080FA000000060048
:1049F0000000FA000080FA00000006000000FA0043
:104A00000080FA00000006000000FA0090B42000C8
:104A10009040780060C5B30080CF500007003A0096
:104A200090B420008040EB0001487800CD82A900BE
:104A3000CDA2A800A0C0B30078E8B7000080FA00BB
:104A4000000006000000FA0078C8BF000004E00083
:104A500007003200A0B4200090407800F0C2B300FC
:104A600080CF500002003A000000FE00FFFF370038
:104A700090B420008040EB0001487800A0B42000F2
:104A80008040EB0001487800CD82A900CDA2A800AB
:104A90000080FA00000006000000FA00CD82A800A5
:104AA000CDA2A90090B420008040EB00014878001E
:104AB000A0B420008040EB00014878007868EF0047
:104AC0000080FA00000006000000FA000080FA00F2
:104AD000000006000000FA000080FA000000060056
:104AE0000600FA00204798003147980022079800F6
:104AF0000040EB00004F7800110037001E80FB00E3
:104B0000213D2C00E14078002E40900080CF5000E5
:104B10000A003A001E80FB00A13D2C00E140780015
:104B20003E40900080CF500004003A002E009000DC
:104B30001E48780010C0B300050037001E4FE80083
:104B40001E407800E74F5000ECFF36000040EB00BD
:104B50000080FA00000006000600FA00004F78000E
:104B600011079800220798001E407800E84F500077
:104B7000020036000040EB000B0037001E80FB00F7
:104B8000213D2C00E14078001E0090000148780093
:104B90001E80FB00A13D2C00E14078002E0090001B
:104BA0000148780010C0B3000080FA000000060041
:104BB0000000FA00DB230700C142A900C542A8009B
:104BC000003A8000610060000000E00002003A004E
:104BD000D022A900D422A800D1240700AF240700C6
:104BE000D32107005B210700BB1E0700AA1F070097
:104BF000142307000080FA0000000600FFFF3700C2
:104C0000AE2C04000000000000260400000000009C
:104C10000026040000000000002604000000000040
:104C20000026040000000000002604000000000030
:104C30000026040000000000002604000000000020
:104C4000D22704000000000000260400000000003D
:104C500000260400000000000828040000000000F6
:104C600000260400000000000026040000000000F0
:104C70000026040000000000122C040000000000C8
:104C800000260400000000000026040000000000D0
:104C90008E2A04000000000000260400000000002E
:104CA0000026040000000000A4270400000000000B
:104CB00000260400000000000026040000000000A0
:104CC0000026040000000000002604000000000090
:104CD0001828040000000000002604000000000066
:104CE0000026040000000000002604000000000070
:104CF0000026040000000000002604000000000060
:104D0000002604000000000000260400000000004F
:104D1000002604000000000000260400000000003F
:104D2000002604000000000000260400000000002F
:104D30003E280400000000000026040000000000DF
:104D4000002604000000000000260400000000000F
:104D500000260400000000000026040000000000FF
:104D60008FC220000E7F22000E018800000000008C
:104D7000000020000000E0000200320000012000DE
:104D80002002880014000700F60207000000E0007F
:104D900003003A0020A8260001002000020037008E
:104DA0000000200001002000810F7000010032008F
:104DB00014000700000020000000E00002003200A4
:104DC00000000200000000004C560200000000003D
:104DD0000040DA000000FE004440A900A09020003E
:104DE0000000E0000300320000002000A001880065
:104DF0004440A800000006008A1F78008B1F78003E
:104E00000000060091018800800478000000EB009B
:104E10001A003700E284440032A0B4009905BA00B9
:104E2000E284440032A0B4009906BA00E28444004F
:104E300032A0B4000006EB00476FDE00FD07B200B1
:104E4000636CE10003003A00EBFF07000000EB0099
:104E50000A003700606CE10004003A00005DEB00DE
:104E60008B05E900FDFF3E00040037006168E100AA
:104E7000010032000086EB000B00070019C7BA00E2
:104E80001905BA000E04E00003003A000A00E00031
:104E9000E0FF3A0000000600FE07B2009E01880015
:104EA0008A047800F5FF3700395DBA008B05E90008
:104EB0000C003200295DBA008B05E90008003200C1
:104EC0000C00E00003003A00E284440032A0B40089
:104ED000F5FF370019DDBA008B05E900FAFF3A004B
:104EE0008904E800E184440032A0B4000000060018
:104EF00000000000000000000000000000000000B2
:104F000000000000000000000000000000000000A1
:104F10000000000000000000000000000000000091
:104F20000000000000000000000000000000000081
:104F30000000000000000000000000000000000071
:104F400000000000000000003600F800809FBE0056
:104F5000829FBE00849FBE00869FBE000000FA00B4
:104F600030048000680060000000E00006003200AD
:104F7000904480000000E000020032009044800075
:104F8000000001008660A9000080FA004F03BE0007
:104F90004F02BE004F01BE004F00BE003600F900B8
:104FA000004006003600F800809FBE00829FBE00D1
:104FB000849FBE00869FBE000000FA00B0448000BF
:104FC0000000E00002003200B04480000000010058
:104FD00010C22000104078008040E80010C220007D
:104FE0000148780000C2200011C0B30001487800D9
:104FF0008460A9000080FA004F03BE004F02BE008B
:105000004F01BE004F00BE003600F9000040060010
:10501000801F78000000FA0010C0B30071E8B700EC
:1050200084E0A9000080FA004F00780000400600EC
:105030003600F800809FBE00829FBE00849FBE00A5
:10504000869FBE000000FA0010C0B30070E8B700F1
:105050000F2107006000B800DE2007008780A9004C
:105060000080FA004F03BE004F02BE004F01BE0099
:105070004F00BE003600F900004006003600F80080
:10508000809FBE00829FBE00849FBE00869FBE00A0
:105090000000FA008A40A900C1108000000820002A
:1050A000008060000000E0000800320018E2A90063
:1050B0002E28EF00A0418000200090008000EB002F
:1050C000010878003428EF000D013700704180009E
:1050D0008000EB00B200200003002000820F50008F
:1050E000838F5800FC003E00006001000B00370079
:1050F00039003700750037009C003700F300370097
:10510000C8003700D9003700F0003700DB00370057
:10511000F100370034003700500037006082200073
:1051200020009000620060000000E000F3003A0000
:105130006082200010009000A04188006082200062
:10514000100090001040780030E8B7006082200026
:1051500010009000100090009041880060822000B4
:1051600010009000E60040006082200011009800CE
:10517000608220009000900080BB2000808F500053
:1051800003003A006082200001BA2000110098005C
:1051900060822000A00090000100A1002100980082
:1051A0006082200090009000608220001000780053
:1051B000808F500004003A0060822000A000900020
:1051C0000110A000210098001602A8002000200075
:1051D00070418800CA0037001622A8002000200075
:1051E00070418800C6003700C11080000000280010
:1051F000008060000000E0000800320060822000B3
:10520000604090008040E80060822000614098008B
:1052100040002000651D0700B9003700B041800044
:105220008000D100F00F2000008060009010880006
:10523000B041800061006000004078000004E000A0
:1052400003003200B000200070418800AC0037003D
:105250003000200070418800A9003700C110800094
:1052600000002800008060000000E000080032001C
:1052700060822000604090008040E8006082200052
:105280006140980040002000481D07009C00370046
:105290001622A800B04180004800DE00E600600051
:1052A000000F200001007000B0418800B041800074
:1052B0000000A000B041880010C0B30038E8B7007B
:1052C00020002000704188008D00370038C8BF00E2
:1052D000E14F50000A003200904180001000780039
:1052E000B04188009041800020009000D0418800AB
:1052F00090418000204090003CE8B700010037005A
:105300003868EF00B1418000F00F2000808F50001E
:1053100009003600B04180004800DE00E600600071
:10532000000F20000100700090108800A0002000F5
:105330007041880072003700B041800090108800F2
:10534000B041800061006000004078000004E0008F
:1053500003003200500020007041880068003700D0
:10536000300020007041880065003700C1108000C7
:1053700000002800008060000000E000090032000A
:1053800060822000604090008040E8006082200041
:105390006140980019E2A90050002000031D070099
:1053A000570037003CC8BF008080FB008100E90047
:1053B000CF08DE00814078000040E9003CE8B700FB
:1053C0000104E000100032009041800066004000BF
:1053D0009041880030C8BF000040E90030E8B700C5
:1053E00030C8BF000004E00003003A0020002000A5
:1053F000EE1C0700420037001622A8002000200003
:10540000704188003E003700D04180009040780015
:105410008180FB00911088000000E800D0418800E6
:1054200037003700C11080000000280000806000B5
:105430000000E0000900320060822000604090001F
:105440008040E80060822000614098004000200019
:10545000D61C070019E2A900290037001662A8002F
:105460008000200070418800250037008000200067
:10547000704188001662A80021003700D0418000EA
:105480008110800081407800014878000000E80029
:10549000D04188003CC8BF000040E9003CE8B700AC
:1054A0003CC8BF000004E0000400320016A2A900BE
:1054B00060002000704188000200370016A2A8009A
:1054C000A91C07001682A8000D003700200020004C
:1054D000B61C07000A003700608220006040900080
:1054E0008040E80060822000614098006000200059
:1054F000AE1C0700000000000100370000000000A3
:105500000080FA004F03BE004F02BE004F01BE00F4
:105510004F00BE003600F900004006003600F800DB
:10552000809FBE00829FBE00849FBE00869FBE00FB
:105530000200FA00F0418000E20F500088003200C3
:10554000E20F500003003900E30F500077003200F3
:10555000950037003110800000402000008060007E
:105560000000E00005003A00411080000002200029
:10557000008060000000E0000A003200311080006E
:1055800000082000008060000000E00024003200DD
:105590004110800000202000008060000000E0003A
:1055A0001F00320040108000640060000000E00036
:1055B0000C003A0010002000701D0700004280001F
:1055C0000000E00004003200004280000110800072
:1055D000814078000148780010002000F0418800E8
:1055E0003600370000108000004F78000000EB000C
:1055F000621D0700104280000000E000050032003C
:1056000010428000104078000080FB0010108800DD
:105610000782A80020002000F04188002700370002
:105620003110800000402000008060000000E00099
:105630002200320041108000000220000080600043
:105640000000E0001D003A0040108000640060008F
:105650000000E00004003A005468EF003000200031
:10566000F04188001300370054C8BF000004E00078
:105670000D0032000000EB00401D070010428000CA
:105680000000E00005003200104280001040780069
:105690000080FB00101088000782A8002000200076
:1056A000F0418800030037005468EF00300020000C
:1056B000F041880000108000004F7800F041800029
:1056C000E10F500039003A00411080000002200034
:1056D000008060000000E0003600320041108000D1
:1056E00000042000008060000000E0000B003A0091
:1056F000004280000000E000040032000042800010
:1057000001108000814078000148780020002000CE
:105710001A1D07008CE8B700290037000010800030
:10572000004F780008C2A900250037003000200093
:10573000121D07008CE8B70010C0B30054E8B70092
:105740008CC8BF000004E00002003200001080009E
:10575000004F780010002000F0418800180037004A
:105760004110800000002800008060000000E00080
:105770000B003A000000EB00001D07001042800003
:105780000000E0000D003200104280001040780060
:105790000080FB00101088000782A8000800370076
:1057A0003E28EF0006003700FFFF37000000000032
:1057B0000300370000000000010037000000000077
:1057C0008600A90040108000700060000000E0002A
:1057D00004003A0040108000680060000000E00013
:1057E000090032004EC8BF000004E000060032008D
:1057F000E184200091407800504280000040780011
:10580000B01F07004E68EF000080FA004F03BE0093
:105810004F02BE004F01BE004F00BE003600F9002F
:10582000004006003600F800809FBE00829FBE0048
:10583000849FBE00869FBE000600FA008560A90016
:1058400036003700301180004047980067C8BF001D
:105850000004E00003003A004E409000E94F500081
:105860002B003A0067C8BF000040E80067E8B700B7
:1058700067C8BF00EA4F5000270036006768EF0096
:1058800090C0B300EC1407000040EB00004F78001C
:10589000030037000040EB00E71407001E4FE8004C
:1058A0001E407800E94F5000FAFF360010C0B300E8
:1058B000E11407000000EB00100798000700370014
:1058C000000A200001002000AC2107000060FE005B
:1058D0001E0090000000E8001007980077200700E5
:1058E0000004A2000004E000040032009E009000CA
:1058F000F0702200808F5000F1FF360000D02700AA
:10590000010020009D2107000000FE000300370079
:1059100000000000010037000000000010118000AE
:10592000610060000000E000C6FF3A001011800036
:10593000620060000000E000010032002222A900A5
:105940000080FA004F03BE004F02BE004F01BE00B0
:105950004F00BE003600F900004006000040DA00AB
:105960000000FE00000005004F89DE008201780083
:10597000F001370007F82700078361000638E100CF
:1059800004003A00F7072000878361008703710055
:1059900001003A0003F0A200889FBE008A9FBE006B
:1059A0008C9FBE00470ADE000480A100C71ADE00FB
:1059B0000580A10007002800078560008785610039
:1059C000F70F20000720E1009E0032000728E100C9
:1059D0009C003200010678000400E000B4003200B0
:1059E000F7072000878060000170A0000500E0003C
:1059F000C0003200F7072000878161000370A0001B
:105A0000050652000F003A000B50E1000B00320077
:105A10000308E10002003A000200E1007E003200CB
:105A20000204500083845800040031000001FD008E
:105A30008101FD008402FD008A05FD006044B8007C
:105A4000210037000520E10005003D000001FD00B8
:105A50008101FD008402FD008A05FD00050652005B
:105A60007A60E100050035000170A1004722DD00E9
:105A7000848070008A807000630037006044B80042
:105A8000EF02660007FF2F00070666000500E00032
:105A900006003400F08312008714DD000511DE00DB
:105AA000071BDD00060171008519DE007060E10052
:105AB00005003500090478008204780003017800AD
:105AC0008001EB00700656000B50E10003003A0025
:105AD0000200400083804800040037006004140086
:105AE000E0841C0002005800838058000188A30055
:105AF000060032008100D1000080D3008984D300E9
:105B00000884D3000402E800270037000178A300CE
:105B100025003A000100E000030032008186CF003A
:105B2000698656000A0037008C0020000000E00063
:105B300004003A0009007800880478000004EB00B3
:105B4000700252008086CF000D0646000C06E90068
:105B50007060E100060035008000780009007800E0
:105B6000880478000004EB007006560070025200B2
:105B70000C00E0000C0034008C08DD00F00316007F
:105B80000703DE00868070000C00DD00074BDE009E
:105B9000060070008C4CDD000743DE008684740034
:105BA0000C44DD000C0252006120E10020003500B1
:105BB000610160000700280087816400F7FF27006B
:105BC00087836400070374000300E00006003200CE
:105BD00082037300040032000000E800E080480007
:105BE0000188A3000E003A00F70F20000720E10013
:105BF0004A003D000170A1004722DD0081007200D3
:105C00008A8070000000BE004F06BE004F05BE0037
:105C10004F04BE00000006006000B800FAFF370025
:105C20008100D1000080D3000402E800EEFF3700BD
:105C30000401780089017400C20007008A807000A6
:105C4000F1FF370018010700070278000001FD008E
:105C50008101FD00140107008702780085037200AE
:105C60000778A300040032000001FD008101FD005F
:105C700027010700E4FF3700850362000768A300DF
:105C8000080032000B50E10003003200F0FF2F004B
:105C9000F1FF2700DCFF37000001FD008101FD005E
:105CA000D9FF37000468A300D7FF3200FAFF37009E
:105CB000F8FF2700888360000B003A000000E00036
:105CC00009003A00830364008283730002003200FB
:105CD0000200BE00CCFF37000B50E100CEFF3A00BF
:105CE0000200BE00C8FF37001400200081006400DD
:105CF0003EFF3700F8FF27008883610004003A0068
:105D00000200E00002003A008C007800BEFF37007D
:105D1000150020008301640039FF370001F82700D7
:105D20000000200081007500B7FF37000383680082
:105D30000700280007036300470ADE000480A10073
:105D4000C71ADE000580A100F70F20000720E10040
:105D5000420032000728E10040003200889FBE0068
:105D60008A9FBE008C1F7800F107B200F307B200D3
:105D70000400E000640032000170A0000500E000B3
:105D8000680032000370A00085054200EB07B100F7
:105D90000204B8000302B8008484440060854A000D
:105DA000020AB800848444000A854A00030AB80045
:105DB00004054500040033000804D0008984D200A3
:105DC0000A85D2008B05E9006158E1003D003500ED
:105DD0000210200009016100030820008981610090
:105DE000F70720008783640008867300C84CDE0034
:105DF000C853DD00878474004855DE000300E000CE
:105E00000600320082037600040032008904E800B4
:105E100060054D000A88A3000C003A00F70F20002F
:105E20000758E10044003D000A70A100C75DDD0095
:105E30000A8575008A007300090078004F06780013
:105E40004F05BE004F04BE00000006000A05D10049
:105E50008984D3008B05E800F0FF3700881F7800A5
:105E60000604780090000700070278000001FD009A
:105E70008101FD008C000700870278008503720015
:105E80000778A300050032000001FD008101FD003C
:105E90009F0007004F047800000006008503720091
:105EA0000748A30003003200F0FF2F00F1FF270096
:105EB000F8FF37000000200001F8270088807000FC
:105EC000F4FF3700880178004848DD0080817100C8
:105ED0004848DE00C850DD0001007000C850DE00F8
:105EE000060478000B017800160007008880700017
:105EF000D2FF37000500E000050032001700200047
:105F00003A0007009DFF370081037000F9FF3A0057
:105F1000860078004F0678004F05BE004F04BE0093
:105F20000000050083037100F9FF32002700200004
:105F30002E00070094FF370001F8270086807000CC
:105F4000F4FF37000100E00026003200610111007B
:105F50007810E10023003C006022B8007010E100DE
:105F60000400350080027800010078008000EB001A
:105F7000700151000200E0000900340070031100BC
:105F8000062ADD00822ADE008603DD008782720099
:105F90000200DE00860BDD00070070008208DE00D4
:105FA00084817100F4FF2700048262008481710003
:105FB00004002800848262006102600005F0A600EF
:105FC0000000060004827100070032000000E800B3
:105FD000E0804800000006000002BE006000B8003B
:105FE000EFFF37006000B80000000600889FBE0089
:105FF0000004EB006138E10016003A000100E00007
:1060000008003A00C800DE004800DD0088002000DB
:106010000100E00003003A00C800DE004800DD0097
:10602000680444008184CF00E984540006003400F1
:106030008908DD00F08314008703DE00878070008C
:106040000900DD0009044400610214004F04BE0091
:10605000000006000300E00008003A00C811DE005E
:106060004811DD00880020000300E00003003A0032
:10607000C811DE004811DD00680444008384CF00AD
:10608000E9845400060034008919DD00F08314000F
:106090008713DE00878171000911DD0009044400C7
:1060A000E1021400E9FF37002700200001F0A700FB
:1060B00017002000470BDE00F60FB200040032008C
:1060C0000643E8000A0032004702B3000000060061
:1060D00001037800F607B2000603700002003A00E0
:1060E0000703B300000006008702B30000000600AB
:1060F00001037800F607B2000603700002003200C8
:106100000770A000000006000760A0000000060065
:106110000478A300040032000578A30003003200D5
:106120000168A30001003A000200BE000160A00067
:1061300000000600881F7800030478000300E000D8
:1061400007003D0060001000E080180060011900A9
:10615000E081190002003B0001F02D000300370030
:106160000400070008F0A70001F0A0004F04780029
:1061700000000600889FBE008A9FBE00008270005B
:106180000402710004827100260032000004BE0087
:106190000200BE006011B8006B09200095022000CB
:1061A0000182CF000A0039000541B1000082CF0012
:1061B000070039000541B1000982CF000400390011
:1061C0000541B1000882CF00010039000541B1004E
:1061D00005425200120032000A003B008281710029
:1061E000610164008100D1000080D3008984D30064
:1061F0000884D3008B05E8000442E800F7FF3A006A
:10620000070037000804440089844C00000048005F
:10621000818048008B05E9000442E900F9FF3A005B
:10622000030007004F05BE004F04BE00000006003B
:1062300081002000618055000B003D000B00200014
:1062400061FE2F000100E1001D0034008281710019
:10625000610164008904D1000884D3000000E800D3
:10626000FAFF3A0071002000610064000300700032
:10627000020060000900320061044400E0844C0028
:106280000988A500050032008B05E8006808E100D8
:1062900002003A008904D1000884D300F20F2000E4
:1062A0000258E10005003D00C75DDD00F907B200BE
:1062B0008980750008007800000006000BF82700B0
:1062C0008B00780000000500000006000800FA00BE
:1062D000889FBE008A9FBE008C9FBE000004BE0047
:1062E0000200BE00E2B79F00F3B79F00F6FF070071
:1062F0008102780005F0A100000278000C00200067
:106300000DF827006FB19700FFB197008C0F520076
:106310008D8F5A000A003E000800BE00EAFF070009
:106320008102780005F0A100000278006FB19700AB
:10633000FFB197008C0F52008D8F5A00030036007A
:106340000800BE0094FD0700980037000203BE005D
:106350000000200001F82300800F5300818F5B00B4
:1063600003003A000800BE00980007008F003700C5
:106370000802BE004E3DDE000B0020006000B800A9
:10638000620065004F4DDE000B0020000A05700022
:106390008B8570008500780001F0A100080078006E
:1063A000E00F5000E08F580007003A00E20F550060
:1063B000E08F5D0033003200E30F5500E08F5D0099
:1063C0007B003A00320037008702780005F0A10018
:1063D00006027800E00F5200E08F5A003B003200C6
:1063E0008C0F52008D8F5A002C003A00840F500001
:1063F000858F580018003A00E20F5500E08F5D00CD
:1064000009003200E30F5500E08F5D000900320003
:10641000E10F5500E08F5D005B003200B8FD200009
:1064200099F42300620037000200200003042400D6
:10643000020037000200200003042C00B0FD200001
:106440009104240039FE07000200200003E8230025
:1064500036FE070055003700E20F5500E08F5D0063
:1064600008003200E30F5500E08F5D0008003200A5
:106470006044B800E10F5500E08F5D004C003A0029
:1064800044003700B8FD200099042400480037007C
:10649000B8FD200099042C004500370006002000BC
:1064A00007D020000403430085834B0086BF9F0074
:1064B00097BF9F00800F5300818F5B00030039005E
:1064C0008C0F50008D8F580005003A000A08A30079
:1064D00033003200B8FD200099FC2B003400370057
:1064E0006033B80062036500E00F5300E08F5B008B
:1064F000080032000C0020000DD0200000034600F0
:1065000081834E006000B800840F5300858F5B00CC
:10651000040039000800BE009D02070001010700C9
:106520002A000700E10F5500E08F5D0005003200F2
:106530001E003900E20F5500E08F5D000B003A00AD
:10654000030037000004BE0009F0A2001800370065
:10655000E2D22B00B33B23000FFD07000001BE0079
:10656000B0FD20009104240005003700E2D22B008A
:10657000B33B230008FD0700B2FD20009304240074
:10658000FCFC070009003700B8FD200099F42B003F
:106590000700370008002000090028000400370029
:1065A000B8FD200099FC2300010037000004BE0064
:1065B0000800BE004F06BE004F05BE004F04BE00DF
:1065C0000080FA0000000600000006000C00FA003F
:1065D000889FBE008A9FBE008C9FBE000004BE0044
:1065E0004F09DE0003002000E2B79F00F3B79F00D1
:1065F000810678000DF0A10000067800F0FF2F0062
:10660000F1C72400800F5600818F5E001000360015
:106610000800BE00ECFF07008101780003F0A10034
:10662000000178000000200001F82700800F5100D1
:10663000818F5900B5003E00020020000338200081
:10664000A0FD200091FC2300D3FC0700A60037002A
:10665000F0FF2F00F1ED2300800F5600818F5E00C8
:1066600011003E000085EB00F0FF2F00F1972300A2
:10667000800F5600818F5E0055003E00F0FF2F0016
:10668000F1072000800F5600818F5E009F003E00C2
:106690000801BE000800BE00A4FD0700C0B79F00AF
:1066A000D1B79F00990037000800BE009D00070089
:1066B0000004BE00F0FF2F0071F92300800F560088
:1066C000818F5E0025003E00F0FF2F00F1F22300D5
:1066D000800F5600818F5E0011003E000801BE0051
:1066E0000800BE00ACFC07000200200003F82300F5
:1066F000A0FC07000005BE000200200003002400EB
:106700000800BE00A4FC07000001BE000A00BE0095
:106710001F0207000004BE000005EB002C0037003C
:106720000200200003F823000800BE0091FC0700CF
:106730000005BE000200200003F823000800BE0090
:1067400095FC07000001BE000A00BE001002070011
:106750000004BE001A0020001D003700F0FF2F00CB
:10676000B1012400800F5600818F5E0012003E00B0
:106770000200200003FC23000800BE007DFC07008F
:106780000005BE000200200003FC23000800BE003C
:1067900066FD07000200200003F823007EFC0700CE
:1067A0000001BE000A00BE00F90107000004BE009F
:1067B0002A002000060037000801BE00000020006B
:1067C00001F82B00F20107000004BE003A0020008F
:1067D0000801BE000800BE0054FD07000002BE0014
:1067E0000001BE0084BF9F0095BF9F004FFD0700C2
:1067F0000006BE0052C22A00C3D723004BFD07008B
:10680000D2502F0013E1230063FC07000001BE00FB
:106810000C00BE0045FD070092AA2A00A3EA23004F
:106820005DFC07000001BE000FBA97009FBA9700F9
:106830000400BE003DFD07000002BE0072242100DE
:10684000A3DD2B000C00BE0084BF9F0095BF9F00FE
:1068500036FD070082A92C00C3E4230045FC070095
:106860000001BE000C00BE0030FD07000001BE00AC
:106870000FBA97009FBA9700E10F450009003A0050
:106880000400BE0044FC07000001BE000800BE007A
:1068900026FD07000001BE000800BE0035FC070011
:1068A000190037004255DD004CBE20000A064600A4
:1068B0000400BE0038FC07000001BE000800BE0056
:1068C0001AFD070042BF20000A0541001A01BE0060
:1068D00028FC07000801BE0026FC07000001BE00DE
:1068E0001C00BE0023FC07006FB19700FFB19700AA
:1068F000E00F5100E08F5900030032000004BE0099
:1069000009F0A200010037000004BE000800BE002C
:106910004F06BE004F05BE004F04BE000080FA00C7
:10692000000006000001BE008300780001F0A10015
:10693000020078000000060001000700580137003F
:106940000400FA00889FBE008A9FBE008C9FBE0094
:106950000004BE004708DE00F00FB200510920001D
:10696000810F500041003C000806BE00E00F5400BB
:10697000E08F5C0003003D000805BE000BF0A200A4
:10698000010037000805BE00D1072000810F50002C
:106990000A003C000200200003B024000A00BE00F0
:1069A000FDFB070080BF9F0091BF9F006011B800F2
:1069B0000800BE00DDFC07002B00370002002000AD
:1069C00003B024000A00BE00F3FB07000200200011
:1069D00003B02400E7FB07000A01BE00E5FB070047
:1069E0000004BE000200200003F023002A0107007B
:1069F0000000E000070034000A01BE000800BE00ED
:106A0000E5FB07000200200003F82300D9FB070084
:106A10000F0037000200200003F02B000800BE002A
:106A20001B0107000000E00006003C000A01BE0058
:106A30000800BE00D8FB07000200200003F8230076
:106A4000020037000A01BE000800BE00D2FB0700AA
:106A5000E00F5600E08F5E0003003D000004BE0022
:106A600009F0A200010037000004BE000800BE00CB
:106A70004F06BE004F05BE004F04BE000080FA0066
:106A800000000600889FBE008A9FBE008C9FBE004B
:106A90000004BE000400200005F827008583600084
:106AA00004037800840F5300858F5B0007003A00D1
:106AB0000801BE000800BE009CFC07000001BE00EB
:106AC0000800BE00B4FB070010003700E00F5000C4
:106AD000E08F58000F003C008101780003F0A10016
:106AE00000017800E00F5100E08F59006A00320089
:106AF00010022000306188000801BE000800BE00BE
:106B00009CFB07000001BE00210107000004BE003D
:106B100061003700478CDE00CF8CDE00E00F5400B0
:106B2000E08F5C000F003A006044B80004003700BA
:106B3000000040008180480061044400E0844C0073
:106B40000400200005082000818162000401780013
:106B5000E00F5100E08F5900F5FF3200610414008E
:106B6000E0841C00F807B1000980B10081017800C1
:106B7000F307B200000178000200BE000170A0001F
:106B80000808A30002003200000040008180480095
:106B90008984D1000884D30000004000818048002F
:106BA0009401200002002000031020006055B8006E
:106BB0006066B8000C0341008D834900800F5300CC
:106BC000818F5B0006003C00060641008786490075
:106BD00006005000878058000A0541008B85490057
:106BE00000004000818048008301D1000281D30071
:106BF0000402E900EFFF3A00E00F5000E08F580078
:106C00001B0032000226240023DA200000002000AE
:106C100001F8230057FB07000200200003F82300BF
:106C20009D0007000000E00011003500022624004E
:106C300023DA20000000200001F8230056FB0700A3
:106C40000200200003F82300930007000000E0008A
:106C50000300340062054500E0854D000400370064
:106C60006000B800610065000005450081854D00A9
:106C7000C744DD00080020000000200001F02300D0
:106C800008044000898448008B85D1000A85D30020
:106C90000804450089844D000800BE004F06BE0070
:106CA0004F05BE004F04BE00000006000100370083
:106CB0000201E9000200E0000500320030427800E5
:106CC000B1417800834F5200F9FF320001003700D4
:106CD000000005000480FB008381FB0003005000DE
:106CE000000006008001780002003700B1597800EA
:106CF0000201E9000200E000FCFF3A00000006008B
:106D0000889FBE008A9FBE00800478000200E000D9
:106D10005B00320001407800814C780082814400A1
:106D2000F1F99F00E20F51005500360091449800A0
:106D3000A1449800E1F99F00D1F99F00E60F5100AE
:106D40004F003600B1449800C1F99F00E80F510090
:106D50004B0036000905EA00630565000A8444001B
:106D60000A055100C1FF2F00010565000080FB00EE
:106D70008000EB0012102000131020007E0007009E
:106D8000008CBE000A01440060B99F0071B99F00E9
:106D9000E80F55003A0036002004980031049800AE
:106DA000400498005104980020B99F0031B99F0019
:106DB00040B99F0051B99F00F80F550030003600D0
:106DC0006004980071049800000C9800110C980061
:106DD000200C9800310C9800400C9800510C980041
:106DE00020B19F0031B19F0040B19F0051B19F0081
:106DF00060B19F0071B19F0000B99F0011B99F0061
:106E00006401640078014100020444000205550059
:106E10006011B8000203BE000002BE000403BE0001
:106E20006022B800000072008180720002017300CD
:106E30008381730010003700009CBE000294BE00E6
:106E4000400498005104980062049800730498006C
:106E5000000C9800110C9800220C9800330C98003C
:106E6000400C9800510C9800620C9800730C98002C
:106E70000A02B1000802B000FF0F5500EEFF3E000D
:106E8000090078004F05BE004F04BE000000060058
:106E900014002000A3013700F4FF2F00A1013700E8
:106EA0000001BE001F0007000470A70003F0A1004E
:106EB0006509B100160032000D0035006828E100B8
:106EC00006003500F0FF2F00F1FF27000300E0006F
:106ED00013003B00010028000000050000004000F6
:106EE000818048008502E900FCFF3A000800370075
:106EF000F88F420002003C008000EB00000005001B
:106F00008100D1000080D3008502E800FCFF3A0038
:106F10000300E00002003B0060001000E080180069
:106F200000000600C70ADE00F107B200F50FB2004C
:106F300008003200E1CF4200020032000170A000E0
:106F400024000500810F70000100320004080500D4
:106F500044000500810F700002003A001400050093
:106F60008502E9000000400081C04800FCFF3B00B2
:106F70000170A00024000500020AB900001BB9003E
:106F80000200B800810042008100430000000600BA
:106F9000889FBE008A9FBE008C9FBE001B00200001
:106FA0000202BE000586680006002800060666008C
:106FB0004709DE00F20FB200820032000243E8000F
:106FC00080003200C729DE00F30FB2007D003200DE
:106FD0000343E8007B003200F107B2000170A0001B
:106FE000F507B2000570A000C708DD004903DE0008
:106FF000868070004700DD00C72ADD004923DE00DF
:10700000868272004722DD00030551000403500010
:107010008583580003003100000040008180480053
:107020000A05E9008C1F78008A9FBE00040050000A
:10703000858058000402420085824A00000040001A
:10704000818048000005EB000004BE006033B800FA
:107050000406BE000D48E100560031001100090091
:107060004DCCD8000C01B8000D02B800848141005D
:1070700060824A008283530003045C0084845C00C5
:1070800060055D000A00E00025003A0080057800F8
:107090000D40E100490031008800780007007800C9
:1070A000110009004D88D8000C01B8000D02B8008D
:1070B0008481410060824A006003110083835B0089
:1070C00004045C00E0845C000900E00021003A0058
:1070D0004F01BE000300E0002B003200E30160001E
:1070E000070673008C81710001003200640070009B
:1070F0004200DE004E5EDD000C007000C258DE0073
:1071000001E0A00081000700CF01780081807100BC
:107110004F06BE004F05BE004F04BE000000060033
:107120008C8343000D044C00E0844C0060054D004E
:107130000000E9000A00E000D4FF32008C83430025
:107140000D044C00E0844C0060054D000000E90097
:10715000CEFF37000C0343008D834B0060044C00CE
:10716000E0844C000000E9000900E000D8FF320094
:107170000C0343008D834B0060044C00E0844C0002
:107180000000E900D2FF37004200DE004E5EDD0065
:107190000C007000C258DE0001E0A000CF017800B2
:1071A0000300E000DAFF320060001000E080180009
:1071B000D7FF3700F0FF2F00AAFF3700F0FF2F00A6
:1071C000B9FF37000404BE00B7FB0700870678004C
:1071D0000004FD008104FD00B3FB07000783660087
:1071E0000678A300030032000960A7000800BE0073
:1071F0002C0037000D78A300020032000800BE000A
:10720000280037000778A30026003A0001F0A1000B
:1072100009F0A1000668A30003003200F1FF270077
:10722000F0FF2F00BAFF37000D68A3000300320003
:107230000800BE008C807000B5FF37000768A3000F
:1072400007003A000648A30003003200F1FF2700C0
:10725000F0FF2F00AEFF37000D48A30003003200FF
:107260006000B8008C807000A9FF37000748A300B9
:107270000400320001F82700000020008C8070001C
:10728000A3FF3700740007000004FD008104FD0027
:1072900002057800700007000802BE008A0178002D
:1072A00059FF37000160A00012022000F24488005C
:1072B00097FF37000100E000120032000500E000F7
:1072C00010003200889FBE008A9FBE008C9FBE00C7
:1072D0000006EB0001F8A30003003200600010007C
:1072E000E08018000CF0A00005F8A30003003200B5
:1072F00060021200E0821A000CF0A2008005EB0090
:1073000041FF37006000B8000200050081017000F5
:10731000270032008002EB0001F8A30003003200D6
:1073200060001000E080180015002000F407200025
:107330000202420020003400F703200087036000AF
:107340000604200000036300020820000001610021
:107350004700DE00C909DD0000807100C708DE00BB
:107360000600E000080032008703710006003200CA
:107370001000B0000180B0000188A30002003200BC
:10738000C108DE000402E800F107B200F30F20009C
:107390000320E10003003D004722DD008100720070
:1073A0002900370001F827000000EB002600370015
:1073B0006000B80000000600680212007F20E100B3
:1073C000020034006000B8001F0037006011B800F0
:1073D0007020E10004003500800178000100780091
:1073E0008000EB00700252000400E000090034004D
:1073F000F00312000719DD008419DE000703DD0029
:10740000868171000400DE00070BDD0006007000BD
:107410008408DE00F7FF2700838363008703710081
:107420000600280003036300070032000700E000A5
:1074300003003A0061016000028173000200320023
:107440001000B0000180B0000500A600000006009A
:1074500001F0A000000006004F0ADE004709DE0030
:10746000F107B200F20FB2000B003200F207B100D8
:107470000170A000C708DD00C901DE008380700034
:107480004700DD000400A6000000060060001000B8
:10749000E080180000000600810F700001003A0033
:1074A000000006008182CF000500E00010003E00D1
:1074B0008082CF00EE8242007028E1000400390093
:1074C00007003E00800078000000EB000E0037004F
:1074D000708312008600DE000500DD000A00370020
:1074E000708352008600DD000000EB0006003700CC
:1074F000E28252008508DD00708312000603DE0080
:10750000868070000500DD007507B0000501EA0007
:107510000400A6000000060060001000E0801800D3
:1075200000000600889FBE008A9FBE00841F78006E
:10753000170007004F00780011003300F0FF2F0004
:10754000838F6C0006003B00040565000A00A7005D
:107550000800370009F0A6001000200008003700DE
:10756000820F5400838F5C0003003900100020005C
:1075700001003E000000200009F0A7000000EA0022
:107580004F05BE004F04BE000000E00000000600F2
:107590000004BE0063FE07000003BE000405BE0039
:1075A0000200BE005FFE0700844F75000000060069
:1075B0000D0A000000300000780000005345000074
:1075C000414C000045440000005500004E530000AF
:1075D000454100004C4500004400000046550000B5
:1075E0004C4C000020410000434300004553000084
:1075F00053000000554E00004B4E00004F57000056
:107600004E0000000042000051340000305A0000DB
:107610003530000020620000726900006E670000D3
:107620002D750000703A000000200000205300007B
:1076300042530000205600006F6C0000746100008F
:10764000676500003A200000002000006D56000031
:1076500000200000202A00002A20000053420000E1
:1076600053200000574F00005244000020520000F9
:10767000454100004420000046410000494C000004
:10768000454400002028000074720000616E000074
:10769000737000006F72000074290000202A00003F
:1076A0002A00000020200000507200006F620000DD
:1076B00065200000726500006A65000063740000C8
:1076C00065640000202D000020610000737300003D
:1076D000756D0000696E00006720000053450000D2
:1076E000414C0000454400002C2000007365000060
:1076F0006E640000696E000067200000756E000077
:1077000073650000616C0000206B0000657900006B
:10771000730000002020000044650000766900002E
:10772000636500002074000079700000653A000075
:1077300020000000202000002A2A00002050000025
:10774000524F000042450000204600004149000021
:107750004C450000442000002A2A000000200000C0
:107760002044000065760000696300006520000089
:10777000726500007365000074200000286300003B
:107780006C65000061720000696E000067200000F7
:107790006C610000746300006865000064200000F4
:1077A00046550000534500002F700000726F000026
:1077B0007465000063740000696F00006E73000060
:1077C000292E00002E2E0000002000002053000073
:1077D0006563000075720000697400007920000084
:1077E0006D6F0000646500003A200000002000007A
:1077F000202A00002A200000554E000053450000BA
:10780000414C000020460000414900004C4500006A
:10781000442000002A2A000000200000204400002C
:1078200041200000436F00006E66000069670000A1
:107830007572000061740000696F00006E3A00000C
:1078400020000000202800003420000063650000B4
:107850006C6C00002C2000004E520000290000003B
:10786000202000002A2A00002044000046200000BA
:1078700057520000495400004520000046410000D6
:10788000494C000045440000202A00002A00000066
:1078900020200000546500006D700000207300007F
:1078A0006F75000072630000653A000020690000F7
:1078B0006E740000657200006E6100006C200000B4
:1078C00028620000656E0000636800002C20000044
:1078D0006E6F00002074000068650000726D00008B
:1078E00069730000746F00007273000029000000CB
:1078F000202000002A2A000020540000454D0000EE
:1079000050200000434F00004E4600004947000051
:1079100020460000414900004C4500004420000082
:107920002A2A000000200000202A00002A2000004F
:107930004645000054200000454E00004142000032
:107940004C45000020460000414900004C45000025
:10795000442000002A2A00000020000020460000E9
:1079600045540000733A00002043000048470000DF
:107970003D0000006F6E0000006F000066660000B2
:107980000020000044530000473D0000002000009C
:1079900050430000484700003D0000002020000048
:1079A0004E6F0000746500003A200000464500005C
:1079B00054200000686500006C640000206F000027
:1079C000666600002C2000004F7000006572000009
:1079D00061740000696F00006E5300007461000064
:1079E00074750000733D000000200000536100002A
:1079F0006665000074790000537400006174000033
:107A0000757300003D000000205000004653000048
:107A10007461000074750000733D000000200000D8
:107A2000204D0000666700002053000074610000D4
:107A30007475000073200000496E00006974000036
:107A40003A200000002000002846000045540000B5
:107A50005F4500004E20000070650000727300005A
:107A600069730000746500006E7400002900000056
:107A7000202000002A2A0000204600004554000073
:107A800020500000455200005349000053540000AC
:107A900020460000414900004C4500004420000001
:107AA0002A2A000000200000202A00002A200000CE
:107AB000434500004C4C0000205600004F4C000095
:107AC000544100004745000020520000454100009D
:107AD0004420000046410000494C0000454400009D
:107AE000202A00002A00000020200000436500003A
:107AF0006C6C0000200000003A2000000020000014
:107B000020530000756D00003A2000000042000084
:107B100051340000305A000035300000206200006F
:107B2000726900006E6700002D7500007020000073
:107B3000636F00006D7000006C65000074650000EC
:107B40002E00000042510000343000005A35000081
:107B50003020000062720000696E0000672D000096
:107B60007570000020660000696E000069730000F7
:107B70006865000064200000574900005448000078
:107B800020450000525200004F520000532E0000CA
:107B90000044000041200000436F00006E660000BA
:107BA0006967000000540000656D0000702000004F
:107BB000456E0000616200006C650000005400002A
:107BC000656D0000702000004D6F000064650000CE
:107BD000004D000066670000205300007461000043
:107BE0007475000073200000496E00006974000085
:107BF0000044000065730000696700006E2000000B
:107C000043610000702000006D410000680000002A
:107C10004465000073690000676E000020430000A7
:107C200061700000206300005768000000440000FD
:107C300065730000696700006E200000566F000049
:107C40006C74000061670000650000007D4A000060
:107C50000100000017000000C9BD00007B4A0000C1
:107C60000100000001000000D3BD00007C4A0000BC
:107C70000100000000000000DFBD00000046000021
:107C80000200000018000000E9BD0000E548000007
:107C900002010000C4090000F9BD0000E74800002F
:107CA000020100006801000008BE0000E948000071
:107CB000020100004038000017BE0000004700002D
:107CC0006F6C0000646500006E200000696D0000AC
:107CD00061670000653A00000020000020000000FD
:107CE00020400000002000003A200000004E00006C
:107CF0004F5400002053000045540000202D000088
:107D000020700000616300006B20000076610000BD
:107D10006C75000065200000726500007175000040
:107D2000697200006564000000200000206F000000
:107D30006B000000202000004D490000534D000062
:107D400041540000434800002C20000077610000EF
:107D50006E74000020000000202000004279000026
:107D600074650000206F00007264000065720000FE
:107D7000202000003A2000004446000020000000BF
:107D8000206D000041680000207600007320000094
:107D90005342000053200000002000006D4100000D
:107DA00068200000206F00006B000000206D0000C4
:107DB00041680000202000004D490000534D0000A4
:107DC000415400004348000000720000656100005B
:107DD0006420000066610000696C000065640000BA
:107DE0002028000069320000633D000000290000E7
:107DF0000042000051340000305A000035300000CD
:107E0000207300007461000074750000733A000074
:107E100000200000205600006F6C0000746100001C
:107E20006765000020200000203A000020000000CC
:107E3000206D00005600000020200000444100009A
:107E4000204300006F6E000066690000672000009C
:107E50003A200000002000002034000020630000D1
:107E6000656C00006C000000202000004E4F0000F8
:107E70005420000034200000636500006C6C00009A
:107E8000002C0000206E00006F6E00002D720000BC
:107E9000656D00006F760000616200006C65000097
:107EA000002C000020520000454D00004F560000FD
:107EB000414200004C450000002000002046000028
:107EC0004554000073200000202000002020000006
:107ED000203A00002000000043480000473D000019
:107EE000006F00006E0000006F660000660000007A
:107EF00020440000534700003D00000020500000D7
:107F000043480000473D0000002000002020000002
:107F10004F7000006572000061740000696F00001E
:107F20006E5300007461000074750000733D000022
:107F30000020000020540000656D0000702000004B
:107F40002020000020200000203A00002000000037
:107F50002D0000002E000000204300000020000043
:107F600020430000656C00006C2000000020000031
:107F700020200000203A0000200000002020000007
:107F800050610000636B000020730000756D0000FD
:107F9000202000003A2000000020000020430000C4
:107FA000656C00006C7300002020000020200000A1
:107FB000203A000020000000202000004275000050
:107FC0007320000072650000736500007473000088
:107FD0003A200000003F00003E3D00003C30000021
:107FE00031320000333400003536000037380000ED
:107FF00039410000424300004445000046000000B3
:108000000D0A000052470000532000004272000099
:10801000696E000067550000702000006A6900006A
:10802000673A000020680000656C00006C6F00007B
:108030000D0A000000490000324300003220000019
:108040006275000073200000756E00007765000007
:1080500064670000653A0000206F00006B0D0000AF
:108060000A00000049320000433200002062000094
:1080700075730000207500006E77000065640000D5
:10808000676500003A2000004255000053200000C0
:1080900053540000494C00004C2000005354000091
:1080A000554300004B0D00000A0000005065000021
:1080B0007273000069730000746500006E74000044
:1080C000206300006F6E000066690000673A0000E0
:1080D000205700005249000054540000454E000053
:1080E0000D0A000000500000657200007369000076
:1080F00073740000656E000074200000636F000060
:108100006E660000696700003A2000002A2A00001D
:10811000205700005249000054450000204600004E
:10812000414900004C450000442000002A2A00007C
:108130000D0A000000500000657200007369000025
:1081400073740000656E000074200000636F00000F
:108150006E660000696700003A200000616C000054
:1081600072650000616400007920000075700000F5
:10817000207400006F20000064610000746500003E
:108180000D0A0000000D00000A47000072650000A3
:10819000656E0000203D0000206700006F6F00004A
:1081A000642C00002072000065640000203D000087
:1081B00020620000616400002C200000616D00005E
:1081C00062650000722000003D200000646F000026
:1081D0006E270000742000006B6E00006F770000B7
:1081E0000D0A0000000D00000A2A00002A2A0000E3
:1081F0002A2A00002A2A00002A2A00002A2A00002F
:108200002A2A00002A2A00002A2A00002A2A00001E
:108210002A2A00002A2A00002A2A00002A2A00000E
:108220002A2A00002A2A00002A2A00002A2A0000FE
:108230002A2A00002A2A00000D0A0000000D000072
:108240000A2A00002A2A00002A2A00002A2A0000FE
:108250002A2A00002A2A00002A2A0000207300008F
:108260007769000074630000682000006F6E0000F2
:108270002035000056200000202A00002A2A000095
:108280002A2A00002A0D00000A0000000D0A000042
:1082900043680000656300006B2000002E2E000084
:1082A0002E460000726F00006E740000204C00002B
:1082B0006173000065720000204F00006E2E000008
:1082C0002E2E00002E2E00002E2E00002E3F00002D
:1082D0003F0D00000A0000000D0A00004368000086
:1082E000656300006B2000002E2E00002E4600006B
:1082F000726F00006E740000204C0000617300007B
:1083000065720000204F0000666600002E2E0000FF
:108310002E2E00002E2E00002E2E00003F3F0000CB
:108320000D0A0000000D00000A430000686500000F
:10833000636B0000202E00002E2E0000526500000E
:1083400061720000204C0000617300006572000043
:10835000204F00006E2E00002E2E00002E2E00005A
:108360002E2E00002E3F00003F0D00000A000000EE
:108370000D0A000043680000656300006B200000E8
:108380002E2E00002E5200006561000072200000B9
:108390004C61000073650000722000004F66000011
:1083A000662E00002E2E00002E2E00002E2E000025
:1083B0002E3F00003F0D00000A0000000D0A0000E3
:1083C00043680000656300006B2000002E2E000053
:1083D0002E420000616C00006C200000646500000B
:1083E0007465000063740000206200006561000095
:1083F0006D2000006F6E00002E2E00002E2E00005B
:108400002E2E00002E2E00003F3F00000D0A00001F
:10841000000D00000A43000068650000636B000067
:10842000202E00002E2E0000426100006C6C000027
:108430002064000065740000656300007420000083
:1084400062650000616D0000206F0000666600003C
:108450002E2E00002E2E00002E2E00002E2E0000AC
:108460003F3F00000D0A0000000D00000A4300001D
:1084700068650000636B0000202E00002E2E0000B7
:1084800043680000656300006B200000626F00001D
:108490007468000020490000522000006C69000050
:1084A0006768000074730000204F00004E2E00002B
:1084B0002E2E00002E2E00002E2E00003F3F00002A
:1084C0000D0A0000000D00000A2A00002A2A000000
:1084D0002A2A00002A2A00002A2A00002A2A00004C
:1084E0002A2A00002A2A00002A2A00002A2A00003C
:1084F0002A2A00002A2A00002A2A00002A2A00002C
:108500002A2A00002A2A00002A2A00002A2A00001B
:108510000D0A0000000D00000A2A00002A2A0000AF
:108520002A2A00002A2A00002A410000757400004F
:108530006F2000006D610000746500006420000081
:10854000746500007374000073200000636F000006
:108550006D7000006C650000746500002A2A000040
:108560002A2A00000D0A0000000D00000A2A00005F
:108570002A2A00002A2A00002A2A00004D61000051
:108580006E750000616C00002062000065610000F3
:108590006D20000062720000656100006B20000029
:1085A0007465000073740000732A00002A2A00001A
:1085B0002A0D00000A0000000D0A00002A2A00000F
:1085C0002A200000202000004272000065610000A7
:1085D0006B200000656100006368000020620000FD
:1085E000656100006D200000696E000020740000CD
:1085F000757200006E2C000020200000202A000070
:108600002A2A00002A0D00000A0000000D0A0000BE
:108610002A2A00002A2000002020000056650000C1
:108620007269000066790000206300006F7200002C
:1086300072650000737000006F6E000064690000D6
:108640006E670000206C000061730000657200001E
:10865000206300006F6D000065730000206F000054
:108660006E200000202000002A2A00002A2A000094
:108670000D0A0000000D00000A2A00002A2A00004E
:10868000536900006D7500006C740000616E00009D
:10869000656F0000757300006C79000020620000B7
:1086A00072650000616B0000206200006F740000C2
:1086B0006820000062650000616D0000732000000A
:1086C000746F0000206500007869000074200000CD
:1086D000202A00002A2A00002A0D00000A000000BB
:1086E0000D0A00002A2A00002A2000002020000095
:1086F000467200006F6E00007420000042650000AA
:10870000616D000020620000726F00006B65000068
:108710006E3F0000202A00002A2A00002A0D0000D7
:108720000A0000000D0A00002A2A00002A2000008A
:10873000202000005265000061720000204200000D
:10874000656100006D200000627200006F6B000028
:10875000656E00003F2000002A2A00002A2A00003F
:108760000D0A0000000D00000A2A00002A2A00005D
:108770002A2A00002A2A00005465000073740000B1
:1087800073200000436F00006D7000006C650000F6
:10879000746500002A2A00002A2A00000D0A000041
:1087A00000000000808100008286000087990000A0
:1087B000A9AA00000101000004010000121000003D
:1087C000010100000200FA00000F780004003700E9
:1087D00000E8230001002000E81507000060FE000B
:1087E0001E00780000F0A7000000EA000000EA0088
:1087F0004F00DE00004078001E0FE9000004E0009A
:10880000F3FF3A000080FA00000006000400FA00BE
:10881000100798000000EB00000F780009003700F7
:10882000703E20009E007800808F50000A003E00BD
:108830000064200001002000D01507000060FE0049
:108840001E0FE8001E00900010007800E10F50009D
:10885000F3FF320001003700000000001E0090000E
:10886000100078000040780000E8B7001E0090007B
:10887000100078000010A20000F0A7000000EA003D
:108880000000E9004F00DE00004078000080FA00A0
:10889000000006000000FA0000C8BF000080FB00D6
:1088A000E60F500008003E00110020008008DD00A7
:1088B000B0042000008060000000E00002003200F0
:1088C00010C0B300010037000040EB000080FA0048
:1088D000000006000000FA0004C8BF000004A20067
:1088E0000004E00003003200104080000000E800B7
:1088F00010408800780F070020032000B1FF070018
:108900000080FA00000006000600FA001007980038
:10891000210798000000EB00000F78000B003700E3
:10892000F07C20009E007800808F5000020036000E
:108930000040EB000C003700000A2000010020007E
:108940008E1507000060FE001E0FE8001E0090005C
:10895000900078002E009000008060000000E00091
:10896000EFFF3A0010C0B3000080FA0000000600DC
:108970000400FA000000EB001007980010C0B300DC
:1089800004E8B700540F0700500020008DFF0700D7
:108990001602A8001100200060212000DAFF070065
:1089A0000040EB00004F7800110037001662A8006D
:1089B0008100200060212000D3FF07000004A200F6
:1089C0000004E0000E003A008010800016A2A8000B
:1089D0001682A8000101200060212000CAFF0700C4
:1089E0000004A2000004E00007003A001E4FE80067
:1089F0001E407800E84F5000ECFF360003003700BF
:108A00000000000001003700000000001642A8002E
:108A10004100200060212000BBFF07002E0F07004F
:108A20005000200067FF07000E80E80080007800FB
:108A300090C0B30037000700104798001E40900018
:108A40000004E0000200320020C0B3000100370043
:108A500030C0B30005E8B7000468EF001E40900086
:108A60000080FA00000006000000FA0089FF0700FD
:108A70000004E0000700320096FF070004C8BF00B2
:108A80000004A2000004E00004003200B8FF070068
:108A900002003700A00020004AFF07000080FA0013
:108AA000000006000800FA002007980061479800BF
:108AB0000040EB00004F780010003700100020004D
:108AC000100798000E80E80080017800B2002000B6
:108AD000EE4090002E009000410F07000E80E8004D
:108AE0004AFF07000004E0000200320010C0B3009B
:108AF00006003700DCFF07001E4FE8001E4078002C
:108B0000E44F5000EDFF36000040EB000080FA001B
:108B1000000006001600FA0020579800210F980068
:108B20000040EB00004F78002300370010002000C9
:108B300070079800F20047000E80E800B3002000A4
:108B400012C0B300AC0F0700F00047000E80E80031
:108B500066004000B300200022C0B3008E0F070063
:108B6000EE0047000E80E8000101780080007800E8
:108B700020C0B3004C0F07006E00470023FF070022
:108B80000004E0000A0032000E5090008080FB00DC
:108B90001E5090000080FB004800DD008100700046
:108BA0002E0890000108780010C0B30006003700BE
:108BB000ADFF07001E4FE8001E407800E44F500054
:108BC000DAFF36000040EB000080FA0000000600EB
:108BD0000800FA004047980031079800CE40900006
:108BE000014F78003E009000004078001047980048
:108BF0003E0090004800DE000040780020479800CA
:108C000031C0B3000E007800A6FF07000080FA0014
:108C1000000006000200FA00000F78009E007800B5
:108C20000040EB00EAFF07000004A2000004E0009F
:108C3000020032000040EB0003003700A0002000DB
:108C4000E0FE070010C0B3000080FA00000006003C
:108C50002600FA001017980041679800CE60900037
:108C600000C2B30080CF5000020036000040EB008D
:108C70000F00370040C4B300004F7800CE60900072
:108C8000114798004E6090008080FB000E80E80045
:108C9000010178009E10900012F807004E609000CD
:108CA00000C0E800804078000E0078007DFF0700DB
:108CB0000080FA00000006004200FA00501F9800F1
:108CC000611F9800627F98000327980040C4B3009A
:108CD000404798000040EB00204798005E18900045
:108CE00000407800206F98005E1890004800DE0079
:108CF00000407800306F9800A00220000E00400075
:108D000021C0B300D2FF07000004A2000004E0006D
:108D100002003200100020005F003700A000200099
:108D2000A8FE07000040EB00104798002300370022
:108D300010002000401F9800E4004700C0022000FF
:108D40000E004000B300200012C0B3002A0F07003D
:108D5000E5004700C00220000E0040006600400011
:108D6000B300200052C2B3000B0F070081032000A4
:108D70008E804000C00220000E00400001017800FB
:108D80008000780020C0B300C70E070080032000D9
:108D90000E0040009DFE0700204798002E409000E6
:108DA0000004A2000004E000010032002EFF0700D2
:108DB0001E4090000040E800104798001E409000C0
:108DC000E44F500004003E002E4090000004A2003A
:108DD0000004E000D6FF3A002E4090000004A200FC
:108DE0000004E00002003200100020002A003700DA
:108DF000DE409000314798003E409000E14F500027
:108E000004003600BE40900040C2B30080CF500046
:108E100002003600200020001F003700EE409000C6
:108E20002E68900080CF500004003A00FE40900071
:108E30003E68900080CF50000200320020002000E9
:108E4000150037003E40900000CFE9006E7890009A
:108E50009E40780080CF500002003600EE789000EF
:108E6000014F78009E80FB006500470063004000D2
:108E700001017800800078006E18900099F70700D3
:108E80000E2090000000E000020032000E20900052
:108E90001E4878000000EB000080FA000000060089
:108EA0002800FA0020179800311798000040EB00C6
:108EB00020679800210220008E8040000E80E8008C
:108EC0008101780002C2B300800078002E1090006B
:108ED00079FF0700000F78001E0078000000E00016
:108EE000020032001E007800090037002E6090005A
:108EF0000004E00002003A001000200004003700E7
:108F0000AE4090003E109000014878000000EB0059
:108F10000080FA00000006000800FA002007980010
:108F2000614798002E00900000407800004F7800C4
:108F30002E0090004800DE000040780010479800A6
:108F4000EE4090002147980031C0B3000E00780039
:108F50003FFF07000004A2000004E000020032000E
:108F60001000200003003700800C200015FE0700D1
:108F70000000EB000080FA00000006002800FA0064
:108F800020179800311798000040EB0020679800E8
:108F9000210220008E8040000E80E80081017800D0
:108FA00002C2B300800078002E10900042FF07003C
:108FB000000F78001E0078000000E0000200320080
:108FC0001E0078000E0037002E609000E14F500028
:108FD00002003E0010002000090037002E409000E3
:108FE0008080FB003E4090000080FB004800DD00D8
:108FF000810070003E109000010878000000EB0036
:109000000080FA00000006000800FA00200798001F
:10901000310798002E00900000407800004F780043
:109020002E0090004800DE000040780010479800B5
:109030003E00900000407800204798003E009000DD
:109040004800DE00004078003047980041C0B3007F
:109050000E007800FEFE07000004A2000004E000FD
:10906000020032001000200003003700800C2000B6
:10907000D4FD07000000EB000080FA0000000600AD
:109080000400FA0010079800160037000000EB00FB
:10909000000F7800090037001E0FE800F070220072
:1090A0009E007800808F500013003E00000A2000D0
:1090B00001002000B11307000060FE006E120700DF
:1090C0000004A2000004E000F3FF3A001E0090003C
:1090D000104078009E0090008100E8001107980081
:1090E0004D1207001E009000104078000004E000C0
:1090F000E6FF3A0001003700000000000080FA009F
:10910000000006000200FA00000F78001E00780040
:10911000DBFF070080AD2B00D9FF07000080FA00BD
:10912000000006000800FA00889FBE0010079800A3
:109130002107980062479800B0AD2B00D0FF0700D0
:109140006E4090000040E900004F780018003700A2
:109150001E00FB004202DD001E019000AE019000E7
:10916000F002120004003B008502EA000518DE0050
:109170008000EB0004003700851ADD000410DE00DB
:10918000008072008418DE00000078006F0060002C
:109190008004EB00000478000800BE00F2FE2B0003
:1091A00000004100104078001B1207001E4FE9002C
:1091B0001E4078000004E000E5FF3D004F04BE00C3
:1091C0000080FA00000006000A00FA00400798003C
:1091D00050C0B300004F78000040EB00604798009B
:1091E0001E4FE9009E81FB004E019000D0CC2C0068
:1091F0000010B8004308DE006A00B90000007800E3
:1092000000005100004078000043B000804078002A
:109210000300470011409800CE009000D0CC2C00F5
:109220000008B8004308DE00400798004E00900098
:109230000000E000030032001E4078000004E0005F
:10924000E7FF3A001E80FB008E00E800008040002F
:109250008BFF07000080FA00000006000A00FA00F9
:10926000400798000040EB0060479800E600470088
:109270000E80E8008101780042C0B30080007800D1
:10928000100020008CFE0700000F78001E00780000
:109290000000E000020032001E00780015003700D8
:1092A0006E409000E14F500002003E001000200090
:1092B000100037002E4090008080FB003E40900060
:1092C0000080FB004800DD00810070004E0090002F
:1092D000010878004E0090009000780000502400B3
:1092E000808F500002003200300020000100370063
:1092F0000000EB000080FA00000006000C00FA00FD
:1093000040079800510798000040EB006047980024
:10931000E60047000E80E8008101780042C0B300FB
:10932000800078004E00900063FE0700000F780078
:109330001E0078000000E000020032001E007800ED
:10934000220037006E409000E34F500002003E00C4
:10935000100020001D0037002E4090000081FB000F
:109360008001EB003E4090000082FB008002EB0099
:109370004828DD00C820DE00810070004820DD00A4
:1093800000017100818171004E4090000080FB005F
:109390008000EB00C000DD00000020000001710033
:1093A000818171005E4090000080FB008000EB0036
:1093B000C800DD0000002000000071008180710005
:1093C0005E0190000089BE000000EB000080FA0002
:1093D000000006000400FA00889FBE008E0078009E
:1093E00040052000C5FF07000000E0000200320039
:1093F0000000EB00210037001E00BE004809DD0020
:109400004800DE0000007100C808DE00000078009F
:10941000630060008004EB00000478000800BE00D8
:109420002200200003002000820F5000838F58008C
:109430000D0032003200200003002000820F500097
:10944000838F580006003200120020000300200025
:10945000820F5000838F580005003200060037004D
:109460001000200005003700200020000300370016
:1094700030002000010037000000EB004F04BE0068
:109480000080FA00000006000200FA00D1FF070089
:10949000000F78001E007800E20F50000300320039
:1094A0001E007800E30F500002003A000000EB00BD
:1094B000200037001E0078000000E00002003A00A3
:1094C000100020001B00370040412000D1FD0700A4
:1094D0000004A2000004E00002003200100020009E
:1094E0001400370020672300CAFD07000004A20013
:1094F0000004E00002003200100020000D003700E0
:1095000040062000AFFC0700B2FF0700000F780004
:109510001E007800E20F5000030032001E007800A9
:10952000E30F500002003A000000EB00010037009A
:10953000400020000080FA00000006000400FA004D
:109540000040EB00004F78000000EB00100798008F
:109550000E80E8008000780090C0B3006DFD070029
:10956000A000200097FC07008E007800D0A7240000
:109570004BFE07000000E000020032000000EB009C
:109580000A0037001E40780006E8B7001E40780049
:109590000080FB0067006000E70F500002003A0007
:1095A0002000200001003700100020000080FA0099
:1095B000000006000800FA0030079800630047002A
:1095C00080007800D0A7240035FE0700000F780047
:1095D0001E0078000000E000020032001E0078004B
:1095E000290037003E4090007040B30020479800AB
:1095F0003E0090000000E000030032003E009000BA
:10960000AE409000014878003E409000AE4090008F
:1096100080CF500002003A000000EB001A00370033
:10962000AE409000D0A724003BFE0700000F78005A
:109630001E0078000000E000020032001E007800EA
:10964000110037006400470080007800D0A7240094
:1096500013FE0700000F78001E0078000000E000F5
:10966000020032001E00780007003700CE40900054
:109670002E40900080CF50000200320050002000A9
:10968000010037000000EB000080FA000000060037
:109690000A00FA00400798000040EB00604798007D
:1096A000E6004700640047008101780022C0B30053
:1096B00080007800700520007FFD0700000F780013
:1096C0001E0078000000E000020032001E0078005A
:1096D0003B0037006E409000E14F500002003E001A
:1096E00010002000360037004E4090008080FB00C4
:1096F0005E4090000080FB004800DD00010070002B
:10970000100798001E009000700060000000E0004C
:1097100023003A00200220003EFD07000004A200C2
:109720000004E00002003200100020002400370096
:109730004006200023FC0700E600470064004700C5
:109740008101780022C0B3008000780070052000FD
:1097500059FD0700000F78001E0078000000E000AF
:10976000020032001E007800150037004E409000C5
:109770008080FB005E4090000080FB004800DD0020
:1097800001007000100798001E009000700060003B
:109790000000E00002003A006000200008003700EE
:1097A0004E0090000000E00004003200CE00900067
:1097B00040052000D1FE0700010037000000EB004B
:1097C0000080FA00000006000400FA000E80E800A5
:1097D00080007800B0A72400B1FD0700000F7800DA
:1097E0001E0078000000E000020032001E00780039
:1097F000410037002E409000E14F50001800320029
:1098000011C0B300B0A72400C3FD0700000F78000B
:109810001E0078000000E000020032001E00780008
:10982000350037000E80E80080007800B0A72400E3
:109830009BFD0700000F78001E0078000000E0008C
:10984000020032001E0078002B0037002E409000EE
:10985000E14F500002003200500020002600370087
:109860000E80E80080007800C0A724008CFD07006F
:10987000000F78001E0078000000E00002003200B7
:109880001E0078001C0037002E4090000004E0000D
:10989000180032008040EB00C0A724009EFD0700A6
:1098A000000F78001E0078000000E0000200320087
:1098B0001E007800100037000E80E800800078005D
:1098C000C0A7240076FD0700000F78001E00780076
:1098D0000000E000020032001E00780006003700A1
:1098E0002E4090000004E0000200320050002000F2
:1098F000010037000000EB000080FA0000000600C5
:109900000800FA00300798000E80E8008000780018
:109910000060240099FD0700000F78001E00780009
:109920000000E000020032001E0078002E00370028
:109930003E0090000000E000030032009E00900016
:109940003E009000010878001E009000700060004A
:109950000000E000020032000000EB0022003700AF
:109960001E0090000040A0008000780000602400ED
:10997000A5FD0700000F78001E0078000000E00041
:10998000020032001E007800170037006400470014
:10999000800078000060240078FD0700000F780048
:1099A0001E0078000000E000020032001E00780077
:1099B0000D0037002E009000700060000000E000F5
:1099C00002003A0050002000070037003E009000DF
:1099D0000000E00003003200AE0090003E00900066
:1099E000010878000000EB000080FA00000006008B
:1099F0000400FA00100798000040EB00004F7800C8
:109A0000100037001E80FB00000040009E00900008
:109A1000808040001E80FB00B2FE2B006240780078
:109A20003CFC07000004A2000004E0000200320039
:109A30001000200007003700A000200061FB070095
:109A40001E4FE8001E407800E34F5000EDFF360047
:109A50000000EB000080FA00000006000000FA00A1
:109A6000000320006BFC07000004A2000004E000DB
:109A700002003200100020000800370040062000DD
:109A800050FB070053FE0700E10F500002003A00B0
:109A90000000EB0001003700400020000080FA00C9
:109AA000000006000200FA00000F78001E00780097
:109AB000E20F500006003200E30F500006003200B3
:109AC000E10F500006003A00E0AD2B000500370022
:109AD00050AE2B0003003700E0AE2B000100370032
:109AE000A0AF2B000080FA00000006003000FA0052
:109AF000889FBE008A9FBE008C9FBE000000EB00C6
:109B0000500798006000B800200F9800310F9800AF
:109B10006000B800400F9800510F98000040EB0023
:109B2000405F98000000EB004007980010C0B300B1
:109B300007E8B70000C0EB0008E8B700E0CEB300CC
:109B400000E8B70020B02B006EFD070030B02B00FE
:109B50006CFD07000000EB00700F98007E004700CE
:109B60008000780090C0B300EAFB07000004E0002A
:109B7000190032007E089000504088007E004700A7
:109B800080007800F0C3B300E2FB07000004E000AF
:109B9000020032007E0890006040880020C0B300C0
:109BA00007E8B70050B12B0035FD0700504080009A
:109BB00085FD070050B22B0052FD07006A004700E8
:109BC000A6FD0700300798003E0090000000E0006E
:109BD00007003A001100370090B22B0049FD070042
:109BE00010C0B30008E8B700100020007D01370066
:109BF00020B52B0043FD07004041200005FC070075
:109C00002067230003FC070040062000EDFA070050
:109C10006A00470091FD0700300798005E00900041
:109C200070408800A0B82B0015FD07005E00900072
:109C30008000EB0042C0B3003AFD07003E009000F8
:109C40000000E00002003A0020B02B0001003700C5
:109C5000A0B92B002BFD07003E0090000000E000A3
:109C6000050032003E0090000040780008E8B70090
:109C70003E0090005B01370030C0B30007E8B7003A
:109C800024C8BF000004A2000004E0000800320065
:109C900010C0B30024E8B700F0BA2B0019FD07008C
:109CA00010042000DBFB0700007D2000C5FA070040
:109CB00050BE2B00F2FC0700C6FD070079FF07002D
:109CC00010FD0700F0FD0700300798003E009000EF
:109CD0000000E0000800320070BF2B0009FD070003
:109CE0004E0090000000E00005003A00BE00900029
:109CF000410798000200370040C0B30007E8B700F2
:109D00007C0047002BFE0700300798004E5890005B
:109D100012E8B700D0C02B00D9FC07004E589000C5
:109D20000080FB008000EB0022C0B300FDFC0700B8
:109D30003E0090000000E00002003A0020C22B002C
:109D40000100370000C32B00EEFC07003E0090002E
:109D50000000E000060032004E0090000000E0002D
:109D600005003A00BE00900041079800020037004D
:109D700050C0B30007E8B70093FE07003007980013
:109D80003E0090000000E00002003A0080C42B007A
:109D90000100370080C72B00B9FC070020B02B0062
:109DA000D8FC07003E0090000000E00005003200F3
:109DB0004E0090000000E00002003A00BE0090005B
:109DC000410798000000EB000017980000022000F7
:109DD0000E0040008000780080C0B3004DFB0700FB
:109DE0000004E000020032000E10900000418800E4
:109DF0007400470026FE0700300798003E009000E0
:109E00000000E0000800320030C92B00BDFC070054
:109E10004E0090000000E0007D003A00BE0090007F
:109E2000410798007A00370060C0B30007E8B70028
:109E30002E089000BE089000A0408800B140880025
:109E4000D0CA2B008EFC07002E089000BE089000A0
:109E500000007800640060008000EB00511798005B
:109E6000401798004E109000DE109000E00F500058
:109E7000E08F580002003200A0CB2B000100370019
:109E8000D0CB2B007EFC070010CC2B007CFC070005
:109E90002E089000BE08900000007800620060006C
:109EA0008000EB0071179800601798006E1090000A
:109EB000FE109000E00F5000E08F580002003200CA
:109EC000A0CB2B0001003700D0CB2B006CFC07008F
:109ED00070CC2B006AFC07002E089000BE08900092
:109EE00000007800680060008006EB000006780043
:109EF0000C00BE00E00F5000E08F5800020032005E
:109F0000A0CB2B0001003700D0CB2B007DFC07003D
:109F10002E089000BE0890000000780064006000E9
:109F20008005EB00000578000A00BE00E00F50003D
:109F3000E08F58000A0032002E089000BE08900002
:109F400000007800620060008004EB0000047800EC
:109F50000800BE00E00F5000E08F58002C003A00CF
:109F60006000B8001017980021179800780047008B
:109F70008000780010052000E0FC07000000E000F1
:109F800004003A004E089000DE089000C0408800AF
:109F9000D1408800200220000E00400080007800A0
:109FA00030052000D5FC07000000E00004003A0066
:109FB0001E109000AE109000E0408800F140880034
:109FC000E0CC2B002EFC07002E089000BE0890006D
:109FD00082C0B30053FC070050CF2B0028FC0700C1
:109FE0004E089000DE08900082C0B3004DFC0700D0
:109FF00040D02B0022FC07001E109000AE109000F5
:10A0000082C0B30047FC070020B02B003DFC0700D6
:10A010000000EB0030179800600220000E004000A6
:10A0200037FE0700300798003E0090000000E00077
:10A0300002003A003E10900080408800F0D02B00D3
:10A040000FFC07003E1090008000EB0042C0B30000
:10A0500034FC07003E0090000000E00002003A00DF
:10A0600030D22B000100370080D32B0025FC0700E5
:10A070003E0090000000E000050032004E0090001D
:10A080000000E00002003A00BE0090004107980086
:10A090006C00470056FE0700300798003E00900015
:10A0A0000000E0001200320030D52B0015FC070044
:10A0B0004E0090000000E00003003A003E009000D7
:10A0C00000407800020037004E0090000040780009
:10A0D00008E8B7004E0090000000E00002003A00DF
:10A0E0003E009000010037004E0090003D00370018
:10A0F00070C0B30007E8B7006000B800008FBE0072
:10A100000040EB00404798001D0037004E40900093
:10A110000080FB0000004000EC0047000080400091
:10A12000100078008000EB001E0F40005E97480092
:10A1300040D72B00D2FB07004E4090000080FB0070
:10A140000000E80020FC0700C0D72B00CCFB070074
:10A150004E4090000080FB0000004000EC004700F3
:10A16000008040001000780017FC070050B22B0060
:10A17000E4FB07004E4090000040E8004047980094
:10A180004E409000E34F5000E0FF3600F0D72B0028
:10A19000BBFB07001E0078000BFC070050B22B0031
:10A1A000D8FB07004E0090000000E00002003A00DB
:10A1B00070D82B000100370020DA2B00D1FB0700FC
:10A1C0004E0090000000E00002003A0080C0B300A2
:10A1D00007E8B7004E0090000040780008E8B7009C
:10A1E0004E0090004F06BE004F05BE004F04BE005B
:10A1F0000080FA00000006000800FA00200798001E
:10A20000310798000040EB00204798002E00900096
:10A2100020409000E14F50000B003A002E009000CB
:10A22000100078008E80E8001DFB0700000F78000A
:10A230002E4090008080FB003E00900001087800D6
:10A240001E007800040037002E00900010007800F7
:10A25000BE00900049FB07000080FA0000000600E5
:10A260000E00FA0050079800610798000040EB00CC
:10A27000104798000040EB00204798000000EB00DA
:10A28000200798000040EB00004F780037003700AF
:10A290001E80FB004300DD008080E80060E22B00B0
:10A2A00000804000104090000080FB0061006000D2
:10A2B000004078000004E0000C0032001E80FB002B
:10A2C0004300DD00E400400060E22B00008040001D
:10A2D000100078000000E00004003A002E409000DA
:10A2E0000040E800204798001F0037001E80FB0058
:10A2F000C300DD0060E22B0000804000E800470062
:10A30000BDFF0700300798003E0090000000E0000D
:10A31000090032002E0090000000E00002003A0028
:10A32000BE009000210798001E4090000040E80009
:10A33000104798000C0037001E80FB004300DD0032
:10A34000E400400060E22B000080400090007800B4
:10A350004E009000808F5000030032001E4090009D
:10A360000040E800104798001E4FE8001E407800AB
:10A37000E64F5000C6FF36009E409000228220002B
:10A3800001497800AE4090003282200001497800F7
:10A390005E0090000000E000030032005E009000CC
:10A3A0001E419000024878006E0090000000E0001E
:10A3B000030032006E009000AE409000014878002B
:10A3C0002E0090000080FA00000006000A00FA004B
:10A3D0000000EB00100798000040EB00004F7800F1
:10A3E000560037001E80FB00C300DD0060E22B003A
:10A3F00000804000200798002E0090003040900020
:10A400000080FB0061006000004078000004E00074
:10A41000040032002E009000200090000000E000B8
:10A420004000320068004700800078002E00900055
:10A4300071FF0700300798003E0090000000E00028
:10A4400005003A002E009000A00090004E00900001
:10A45000808F5000350032002E0090002040900088
:10A46000E14F500007003A002E00900020009000BD
:10A47000804078002E00900010007800A6FA0700B7
:10A48000050037002E009000A00090002E009000E4
:10A4900010007800DCFA0700300798003E009000BA
:10A4A0000000E000060032001E0090000000E00006
:10A4B00020003A00BE009000110798001E003700EF
:10A4C00068004700800078002E0090004AFF0700D7
:10A4D000300798003E0090000000E00006003200C7
:10A4E0001E0090000000E00013003A00BE00900043
:10A4F00011079800100037002E009000A000900077
:10A500004E009000808F50000B0032001E00900023
:10A510000000E00008003A005000200010079800FA
:10A5200005003700000000000300370000000000B5
:10A5300001003700000000001E4FE8001E407800B8
:10A54000E64F5000A7FF36001E0090000080FA0082
:10A55000000006000A00FA000000EB004007980027
:10A56000E0E52B00E7FA0700F0E52B00E5FA07002D
:10A570000040EB00004F7800470037001E80FB00D2
:10A58000C300DD0060E22B0000804000100798004F
:10A59000D0E62B00BAFA07001E00900030009000B1
:10A5A000B7FA070000E72B00B5FA07001E0090007D
:10A5B000100078008000EB0042C0B300D9FA070019
:10A5C00030E72B00AEFA07001E00900030409000EC
:10A5D0000080FB0061006000004078000004E000A3
:10A5E000070032001E009000200090000000E000F4
:10A5F00003003A0070E72B00C2FA0700250037007D
:10A6000066004700800078001E009000FAFE0700F8
:10A61000200798002E0090000000E00002003200A9
:10A620003E0007001B0037001E00900020409000F5
:10A6300000404000004178003E0090008000EB00A8
:10A64000B8FA07001E009000A00090003E009000A5
:10A65000808F500003003A0050E92B00A9FA070050
:10A660000C003700A0E92B0085FA07001E009000BF
:10A670002040900000404000004178001E00900003
:10A68000200090008000EB00A6FA0700E0E52B0018
:10A690009CFA07001E4FE8001E407800E64F50006D
:10A6A000B6FF36006600470080007800508E240018
:10A6B00032FA07000000E00016003A006800470088
:10A6C0008000780080C1B30012F907000004E000A8
:10A6D00010003200C0EA2B0069FA07003E0090002B
:10A6E000B9FA070000EC2B0065FA07004E00900055
:10A6F000B5FA0700BE0090004E009000808F500019
:10A7000002003A00D0EC2B000100370060ED2B0076
:10A710007CFA07000080FA00000006000000FA0042
:10A7200050EE2B0056FA070000C8BF000080FB0067
:10A73000A5FA070070EF2B0072FA07000080FA00FC
:10A74000000006001800FA00889FBE008A9FBE0025
:10A750008C9FBE000000EB00400798006000B8002E
:10A76000100F9800210F98000040EB0060579800F0
:10A77000680047008000780090C0B300E5F807004B
:10A7800070479800A00020000EF80700E0E52B00BD
:10A790005CFA070090EF2B005AFA070090F02B00AC
:10A7A00037FA07007E4090000004E0000500320008
:10A7B0004E00900084FA070080F12B0051FA070048
:10A7C00001003700D5FF0700C0F12B002CFA07006D
:10A7D0007600470080007800D0A72400B0F9070079
:10A7E0000000E0001A003A006E50900012E8B70036
:10A7F0006E5090000080FB008000EB0022C0B30090
:10A8000048FA07006E5090000080FB006300600073
:10A81000E30F500002003A00B0F22B0001003700B5
:10A8200040F32B0016FA07006E5090000080FB00EA
:10A83000640060000000E0000200320010F42B0011
:10A840000100370010F52B002EFA07000100370039
:10A85000B2FF0700D0F52B0009FA0700720047008D
:10A860008000780040052000A4FA07000000E00006
:10A870003D003A001E089000AE089000A0408800FD
:10A88000B1408800C0F62B00FDF907001E089000BB
:10A89000AE08900000007800640060008006EB00C5
:10A8A000000678000C00BE00E00F5000E08F58005A
:10A8B0000200320010F72B000100370040F72B0098
:10A8C000EFF9070080F72B00EDF907001E08900054
:10A8D000AE08900000007800620060008005EB0088
:10A8E000000578000A00BE00E00F5000E08F58001D
:10A8F0000200320010F72B000100370040F72B0058
:10A90000DFF90700E0F72B00DDF907001E089000D3
:10A91000AE08900000007800680060008004EB0042
:10A92000000478000800BE00E00F5000E08F5800DF
:10A930000200320010F72B000100370040F72B0017
:10A94000CFF9070050F82B00CDF907001E08900042
:10A95000AE08900082C0B300F2F90700E0E52B00DA
:10A96000E8F90700010037006CFF070090F92B00A1
:10A97000C3F90700680047008000780080C0B3007A
:10A9800064F807000004E000250032004E0090004B
:10A99000004188004E0090008000780040552F0054
:10A9A00000804000200798002E0090000000E0008A
:10A9B00005003D0080FA2B00B1F907002E00900041
:10A9C0000000EA00200798002E0190007066260023
:10A9D0000090B900C288DE004F90DE000080500079
:10A9E000F9F90700A0FA2B00A5F90700AE009000C6
:10A9F000706626000089B9004299DE004F88DE00AB
:10AA0000000051006A01B900020078000080500087
:10AA1000EDF90700C0FA2B00BAF907000100370072
:10AA20003EFF07006A004700F1FB07000000E0005E
:10AA30002C003A006000B800008FBE000040EB0020
:10AA4000604798001D0037006E4090000080FB00BA
:10AA500000004000EA00470000804000100078003D
:10AA60008000EB001E0F40005E974800F0FA2B00BC
:10AA700083F907006E4090000080FB000000E800B2
:10AA8000D1F9070070FB2B007DF907006E409000A4
:10AA90000080FB0000004000EA004700008040000A
:10AAA00010007800C8F9070080F12B0095F9070025
:10AAB0006E4090000040E800604798006E409000B3
:10AAC000E34F5000E0FF3600E0FB2B006CF907007D
:10AAD0001E007800BCF9070080F12B0089F90700FF
:10AAE00003003700D0FC2B0065F907000BFF0700BF
:10AAF000104080000000E00006003200C0FD2B0086
:10AB00005FF9070010408000AFF90700E0E52B0077
:10AB10007CF907004F06BE004F05BE004F04BE0083
:10AB20000080FA00000006000000FA000600FC00A9
:10AB300011028000F141B200110288000080FA0089
:10AB4000000006000200FA00004F78001E41780065
:10AB5000A1892000824878000080FA0000000600E9
:10AB60000200FA000000EB00000F78000700370039
:10AB7000F0E124009E007800808F50000A003E0023
:10AB8000000000000060FE001E0FE800113A800087
:10AB9000000027008080600000002200808F5000AD
:10ABA000F3FF3A0001003700000000000080FA00C7
:10ABB000000006000400FA00100798001600370095
:10ABC0000000EB00000F7800090037001E0FE800BE
:10ABD000F07022009E007800808F500013003E002D
:10ABE000000A200001002000E40C07000060FE00C5
:10ABF000A10B07000004A2000004E000F3FF3A00EC
:10AC00001E009000104078009E0090008100E80037
:10AC100011079800800B07001E009000104078007C
:10AC20000004E000E6FF3A000100370000000000E9
:10AC30000080FA00000006000400FA002047980097
:10AC40000000EB00000F7800090037001E0FE8003D
:10AC5000F07022009E007800808F50000B003E00B4
:10AC6000000A200001002000C40C07000060FE0064
:10AC7000810B07000004A2000004E000F3FF3A008B
:10AC80002E409000640B0700010037000000000018
:10AC90000080FA00000006000A00FA00003A800076
:10ACA0006100600000F0A7000000EA000000E90079
:10ACB0004F00DE00404798004E4090000004E00046
:10ACC00004003200C142A900C542A800D022A90058
:10ACD000D422A800B6E70700A1FF0700D442A800CD
:10ACE000CC82A8006868EF006968EF006A68EF002E
:10ACF0006C28EF006E28EF007068EF005828EF0016
:10AD00005A28EF005C28EF005E28EF006068EF0033
:10AD100000B220008040EB0001487800C203070029
:10AD2000CC030700A0C0B300D3030700600A0700EC
:10AD3000C942A800C142A900D022A900C542A8006A
:10AD40004E4090000004E00002003200D422A8002F
:10AD500001003700D422A900CD82A800CDA2A9000D
:10AD60004007A9004027A9006040A9006060A90031
:10AD70008780A9008780A9009780A9008660A90024
:10AD80000060FE008780A9008780A9009780A90045
:10AD90008660A90064FF0700A30307006B68EF004B
:10ADA0006868EF000040EB005047980040AA200080
:10ADB0008040EB000148780050AA200041CFB3004A
:10ADC0000148780060AA200041C2B3000148780021
:10ADD00070AA20008040EB0001487800E0B120001C
:10ADE00041C0B30001487800D0B120008040EB00A2
:10ADF000014878008A0B0700D482A80000D0270001
:10AE0000010020005D0C0700EA0A070000D02700BF
:10AE100001002000590C07008560A9009560A8007A
:10AE200000002C0063FF0700C502A800D0F6070051
:10AE30000004E00003003200B0012C005DFF0700B9
:10AE40000200370020032C005AFF070059040700B6
:10AE5000340507000004A2000004E00009003200ED
:10AE6000230507000004E0000300320060052C0009
:10AE700050FF07000500370030072C004DFF07008A
:10AE800002003700B0092C004AFF07000040EB0029
:10AE9000004F78001D003700601680004C00DE0077
:10AEA000614060000004A200614060000080FB007F
:10AEB000610060004C00DD006116800001C0A1004F
:10AEC0000100700060168800601680004D00DE00F2
:10AED000614060000004A200614060000080FB004F
:10AEE000610060004D00DD006116800001D0A1000E
:10AEF000010070006016880000202100A1072000DA
:10AF00001E0C07000060FE001E4FE8001E40780087
:10AF1000E94F5000E0FF3600CDA2A900CD82A90084
:10AF2000E800470067004700CDFC07007E40900026
:10AF30000004E00005003200ECFA070023FD0700E2
:10AF4000E800470067004700C5FC07007E4090000E
:10AF50000004E000030032001000200010079800F9
:10AF6000080037000E4890000004E00003003200A3
:10AF70000000EB00100798000200370020002000BE
:10AF800010079800CD82A800CDA2A900EDFD070012
:10AF900070FD07000040EB00604798001E00900025
:10AFA000E10F500003003A00CD82A900CDA2A80015
:10AFB000050037001E009000E20F50000200320032
:10AFC000CD82A800CDA2A80000F0290041022000F7
:10AFD000EA0B07000060FE00300C2C00F5FE0700B5
:10AFE000300F2C00F3FE070050C0B3004A030700E7
:10AFF000F0112C00EFFE0700D422A80060142C00F2
:10B00000ECFE0700CC82A90040C1B3004203070058
:10B01000C0162C00E7FE0700CC82A80040C1B30098
:10B020003D03070030192C00E2FE0700D442A900BE
:10B0300040C1B30038030700801B2C00DDFE070071
:10B04000D442A80040C1B30033030700E01D2C0028
:10B05000D8FE0700C502A90040C1B3002E030700B7
:10B0600090202C00D3FE0700C502A80040C1B30009
:10B070002903070050232C00CEFE0700CD62A80054
:10B0800040C1B3002403070030262C00C9FE07008E
:10B09000B0282C00C7FE0700502B2C00C5FE07006F
:10B0A000C02D2C00C3FE070060302C00C1FE07003D
:10B0B000B0332C00BFFE0700C502A9000300370013
:10B0C0000000000001003700000000000060FE00EA
:10B0D00010168000610060000000E00004003A00EB
:10B0E00000372C00B3FE0700CC82A9000100370016
:10B0F000CC82A80010168000620060000000E00012
:10B1000004003A00D442A90020392C00A9FE07000F
:10B1100001003700D442A8001016800061006000D2
:10B120000000E000E6FF3A001016800062006000B8
:10B130000000E000E4FF3A00D442A800CC82A8005E
:10B14000303B2C009BFE07001E009000E10F5000DA
:10B1500003003A00CD82A900CDA2A8000500370067
:10B160001E009000E20F500002003200CD82A800C5
:10B17000CDA2A80051168000004020000080600091
:10B180000000E00003003A0048020700CD82A8005A
:10B19000CDA2A900CD82A8006AFD0700E0C1B300DE
:10B1A000DD02070000F0290041022000730B0700B8
:10B1B0000060FE00EFFF37000000FA00D462A80034
:10B1C00000102700210020006C0B0700D462A900AA
:10B1D0000080FA00000006000000FA006040A900AC
:10B1E0006060A9008780A9008780A9009780A900D6
:10B1F0008660A900D4C2A900CD02A80000102700D3
:10B20000210020005D0B0700CD02A90004003700DB
:10B210000010270021002000580B07000060FE00EE
:10B220001116800000202000008060000000E00077
:10B23000F7FF3200D4C2A8001000370000A026009B
:10B24000810120004D0B07000060FE0060168000A9
:10B250004C00DE00614060000004A200614060001C
:10B260000080FB00610060004C00DD006116800082
:10B2700001C0A10001007000601688001116800056
:10B2800000202000008060000000E000EBFF3A009A
:10B29000CD82A9001000370000A026008101200007
:10B2A000360B07000060FE00601680004C00DE00D8
:10B2B000614060000004A200614060000080FB006B
:10B2C000610060004C00DD006116800001C0A1003B
:10B2D0000100700060168800111680000020200018
:10B2E000008060000000E000EBFF32004C0A070025
:10B2F0000080FA00000006000200FA00CDA2A900BA
:10B300000040EB00004F7800110037000060FE00A5
:10B3100000502300C1002000180B070060168000B9
:10B320004900DE00614060000004A200614060004E
:10B330000080FB00610060004900DD0061168000B4
:10B340000190A10001007000601688001E4FE80007
:10B3500070CCB3009E40780080CF5000EBFF3600E9
:10B36000CD22A900D422A8005C28EF005E28EF00BF
:10B37000120037005116800000402000008060005D
:10B380000000E00007003A00E0428000F142800047
:10B3900061004000E0804800E0428800F1428800FF
:10B3A000020037005C28EF005E28EF000050230009
:10B3B000C1002000F10A07000060FE00E2428000A8
:10B3C000F34280009000200001002000800F510017
:10B3D000818F5900E7FF3600100037000060FE0043
:10B3E00000502300C1002000E40A0700601680001E
:10B3F0004C00DE00614060000004A200614060007B
:10B400000080FB00610060004C00DD0061168000E0
:10B4100001C0A10001007000601688005116800074
:10B4200000402000008060000000E000EBFF3200E0
:10B43000CD82A900D422A9000080FA0000000600F5
:10B440000000FA0000E8230001002000CB0A0700FA
:10B450000080FA00000006000400FA00000F7800E7
:10B46000110798001100370000E8230001002000B8
:10B47000C20A07000060FE001E00900000F0A70056
:10B480000000EA000000E9004F00DE000040780004
:10B490009E0090008100E900110798000004E00080
:10B4A000020032000040EB00050037001E0078006B
:10B4B00010007800E10F5000EBFF320010C0B30025
:10B4C0000080FA00000006000800FA0040479800DB
:10B4D000514798006247980010002000000F780044
:10B4E000DE40900021479800EE40900031479800E0
:10B4F0004E4090008080FB000E80E8008E017800B6
:10B500000101780021C0B300B50407002103200029
:10B510000E007800D0FF07000004E00005003200B4
:10B520001E007800E20F500002003A0010002000D8
:10B53000010037000000EB00004078000080FA00B6
:10B54000000006001400FA00604F9800714F980048
:10B55000020F98002357980010002000000F780079
:10B560006E4890000081FB00EF0047000E80E8006D
:10B570008201780012C0B3001F0507006E489000DA
:10B580008080FB000E80E8006600400081017800AA
:10B590002E5190008E089000FF0407000E80E800F6
:10B5A0000E0178008000780020C0B300BE040700C0
:10B5B000210320000E007800A7FF07000004E00030
:10B5C000050032001E007800E20F500002003A0031
:10B5D00010C0B3002900370010002000000F7800D1
:10B5E0006E4890008080FB006F0047008E0178005D
:10B5F0000101780011C0B300790407002103200085
:10B600000E00780094FF07000004A2000004E00090
:10B6100003003A001E007800E20F500002003200E2
:10B620000040EB001500370010002000000F7800EC
:10B630006E4890000080FB008E01780000017800C9
:10B64000AE5090000E0890007E04070021032000F9
:10B650000E00780080FF07000004E00005003200C3
:10B660001E007800E20F500002003A001000200097
:10B67000010037000000EB00004078000080FA0075
:10B68000000006000400FA00004F780011479800FF
:10B690001207980013C0B3001E0190009E40900056
:10B6A0001E407800A7FF07000080FA000000060097
:10B6B0000200FA000040EB00004F78009AC8BF007B
:10B6C0000E017800F1C0B300EEFF07000004A200F5
:10B6D0000004E000020032000040EB0007003700E9
:10B6E0009E40780040C4B30000C068000080FB00AA
:10B6F0000000E9004F00DE00004078000080FA0002
:10B70000000006000000FA00E0AB200011CAB30000
:10B710000148780080C1B3009AE8B700A1892000F1
:10B7200091407800F0AB2000014878009AC8BF0033
:10B730000041EB0001C2B30063FF07000004A20058
:10B740000004E0000500320010AC200001CCB30082
:10B75000014878000040EB00280037009AC8BF007D
:10B76000C2C0B30011C2B30057FF07000004A2001B
:10B770000004E0000500320000AC200021CCB30042
:10B78000014878000040EB001C0037009AC8BF0059
:10B7900042CCB30051C2B3004BFF07000004A2002B
:10B7A0000004E0000500320010AC200011CCB30012
:10B7B000014878000040EB00100037009AC8BF0035
:10B7C00042C2B30001C2B3003FFF07000004A20061
:10B7D0000004E0000500320010AC200011CCB300E2
:10B7E000014878000040EB000400370020AC200046
:10B7F0008040EB000148780010C0B3000080FA00E0
:10B80000000006000C00FA0030079800410798007D
:10B81000520798009AC8BF0063C0B3000E017800B9
:10B8200081C2B30047FF07000004A2000004E0004B
:10B83000020032000040EB002B0037001E40900059
:10B840000080FB00C800DD001E4078000080FB0087
:10B8500001007000800078003E0090000108780030
:10B860003E4090000080FB00C800DD002E409000AC
:10B870000080FB0001007000800078004E00900006
:10B88000010878005E4090000080FB00C800DD00E9
:10B890004E4090000080FB000100700080007800A6
:10B8A0005E009000010878003E00900010007800D3
:10B8B000C280DE003E009000010878004E0090003B
:10B8C00010007800C280DE004E0090000108780071
:10B8D0005E00900010007800C280DE005E009000E4
:10B8E0000108780010C0B3000080FA0000000600D4
:10B8F0000400FA00204798000040EB00004F780059
:10B9000013C0B3000E017800F1C0B3002E409000C8
:10B910000CFF07000004E000060032009E407800A3
:10B9200040C4B30080CF500002003A001000200055
:10B93000010037000000EB00004078000080FA00B2
:10B94000000006001400FA000060FE0072014700CB
:10B95000F00047006E004700AAFF07000004E00067
:10B96000220032007E009000000F78000E08900048
:10B97000100798001E089000200798001E0078000D
:10B980004800DE0080407800A0AA2000014878002E
:10B990001E00780080407800B0AA2000014878009E
:10B9A0001E0090004800DE0080407800C0AA200001
:10B9B000014878001E00900080407800D0AA200046
:10B9C000014878002E0090004800DE00804078009A
:10B9D000E0AA2000014878002E0090008040780006
:10B9E000F0AA20000148780012003700A0AA200029
:10B9F00080C0EB0001487800B0AA200080C0EB00B6
:10BA000001487800C0AA200080C0EB0001487800FF
:10BA1000D0AA200080C0EB0001487800E0AA2000F6
:10BA200080C0EB0001487800F0AA200080C0EB0045
:10BA3000014878001E0990008E0890007E0090005A
:10BA40006C024700EA014700470507005E009000CE
:10BA5000300798006E009000400798003E0090006C
:10BA60004800DE008040780000AB200001487800EC
:10BA70003E0090008040780010AB20000148780024
:10BA80004E0090004800DE008040780020AB20008F
:10BA9000014878004E0090008040780030AB2000D4
:10BAA000014878000080FA00000006000200FA0059
:10BAB0000040EB00004F78000040EB00150007004D
:10BAC0000004E00011003200D422A900C542A90000
:10BAD00001003700000000000060FE00005023005D
:10BAE000C1002000250907001E4FE8001E40780015
:10BAF000FD4F5000F7FF360040E7A8004007A800C0
:10BB00004027A8000060FE00FEFF37000080FA001A
:10BB1000000006000400FA00204798000040EB00F7
:10BB2000004F78000040EB001047980012003700EB
:10BB30001E4FE8000060FE00CD82A800CDA2A90043
:10BB400000A02600810120000C090700CDA2A8005A
:10BB5000CD82A90000502300C10020000709070082
:10BB60001E407800E54F50000300360010C0B300BF
:10BB70001047980005003700511680000040200053
:10BB8000008060000000E000E9FF32002E409000DD
:10BB90000004E00005003200C542A800D422A8003D
:10BBA000CD82A800CDA2A90002003700CDA2A80036
:10BBB000CD82A90000502300C1002000EF0807003B
:10BBC000040037000060FE0000502300C100200088
:10BBD000EA08070051168000004020000080600045
:10BBE0000000E000F7FF320000502300C1002000F9
:10BBF000E2080700040037000060FE000050230048
:10BC0000C1002000DD080700511680000040200020
:10BC1000008060000000E000F7FF32001E4090004E
:10BC20000080FA00000006000000FA000A21EF0080
:10BC3000F0092000700888000000280090088800A3
:10BC40008E21EF008C21EF009021EF000080FA00A0
:10BC5000000006000000FA00E0002000800C8800D0
:10BC60000080FA00000006000000FA009021EF00BA
:10BC70000080FA00000006000200FA00004F780081
:10BC800000CAB3009E40780080CF5000020036000A
:10BC900000CAB300004F78001E80FB00600C8800D3
:10BCA0000080FA00000006000200FA00CD82A90020
:10BCB000CDA2A8000060FE0023C0B3000E017800F2
:10BCC00091C0B30060C3B3001EFE07000060FE0019
:10BCD0009E40900080AA2000014878009E40780095
:10BCE00090AA200001487800CD82A800CDA2A9002A
:10BCF0000080FA00000006000000FA00CD82A900D2
:10BD0000CDA2A8000FFF0700CD82A800CDA2A900F8
:10BD10000080FA00000006000400FA0020479800A6
:10BD20000040EB00004F78000500370000A026001F
:10BD300081012000910807000060FE001E4FE8000E
:10BD40002E4090009E40780080CF5000F7FF3900D1
:10BD50000080FA00000006000A00FA003007980090
:10BD6000410798000080EB00000F78000000EB0016
:10BD7000100798001F003700BE0090001E009000C2
:10BD800000804000104078000080FB004800DD008B
:10BD90001E0F68000040EB00404798000F0037007E
:10BDA0001E0078000000E00006003D001E00780044
:10BDB000000040008000780010022100008F680021
:10BDC000030037001E00780000004000000F7800DC
:10BDD0004E4090000040E800404798004E409000E0
:10BDE000E74F5000EEFF36001E0090000000E80014
:10BDF000100798009E0090004E009000808F500029
:10BE0000DDFF39001E0078000080FA000000060007
:10BE10000600FA00008FBE00220798002E00900056
:10BE20008000EB003E014000AE8148000200BE00F1
:10BE3000D60307000080FA00000006001A00FA008E
:10BE4000100F9800210F9800320F9800430F9800B0
:10BE50000001EB001E089000AE089000ECFF070008
:10BE6000100798009E009000305C2A00808F5000E0
:10BE7000020032000040EB004C003700220020009E
:10BE80001E089000AE089000E1FF07008000EB0064
:10BE90002007980031079800420020001E089000FB
:10BEA000AE089000DAFF07008000EB004007980022
:10BEB00051079800620020001E089000AE08900014
:10BEC000D3FF070060079800820020001E08900042
:10BED000AE089000CEFF070070079800EE009000BB
:10BEE00000202000808F5000020032000040EB0054
:10BEF0002E0037000000EB00000F78001400370020
:10BF00009E00780070804000000178001E089000BC
:10BF1000AE089000BEFF0700000F98003E0890009A
:10BF20001E0040008E089000814078000148780093
:10BF30001E00E800BE089000008040008E089000BF
:10BF4000C808DE0081407800014878001E8FE800B4
:10BF5000F01F20009E007800808F5000E8FF360020
:10BF6000012020003E0890007BFF0700FE009000AB
:10BF7000810F5000020032000040EB000B00370040
:10BF80004E009000DE009000C001DD0002002000A5
:10BF90002E009000BE0090000000710081807100B2
:10BFA0004E0990000089BE0010C0B3000080FA0066
:10BFB000000006000A02FA006000B80010079A00AC
:10BFC00021079A006000B80030079A0041079A00E4
:10BFD000212020008E8040000E80E8008101780042
:10BFE0000001780000002A000100200093FF0700F4
:10BFF000004F7800602020000E0040008001780093
:10C00000028A200000402A00010020008BFF070068
:10C01000104798001E4078000004E0001D00320028
:10C020001E4090000004A2000004E00009003A0055
:10C030001E019200AE0192003E009200CE009200DE
:10C040000000510081805900E00F5000E08F58003F
:10C05000100034000E80E8000220200080007800EC
:10C06000008A20001FEB070000002A0001002000CA
:10C07000D0438800E14388001E009200AE00920089
:10C08000F04388000144880010C0B30082E8B70084
:10C09000190037001E4090000004E0000B00320041
:10C0A00000402A0001002000D0438800E1438800BE
:10C0B0003E009200CE009200F043880001448800C8
:10C0C00010C0B30082E8B7000B0037000220200048
:10C0D0008000EB00008A200009EB070000402A00E6
:10C0E00001002000D0438800E14388007E28EF0053
:10C0F0008028EF008268EF0001202000008A2000E5
:10C1000015FF07002044880082C8BF000080FA00A5
:10C11000000006000200FA00000F7800F01F200067
:10C120009E007800808F500004003E00008A2000AE
:10C130001E00400010407800010037000040EB0076
:10C140000080FA00000006000400FA00000F7800EA
:10C1500021479800F01F20009E007800808F50003B
:10C1600004003E00008A20001E004000AE40900007
:10C17000014878000080FA00000006000600FA007E
:10C18000000F78001107980022079800F01F200088
:10C190009E007800808F500015003E001E00780041
:10C1A0006101B8002E0090008000EB000201400009
:10C1B000838148000020200001002000800F5100F2
:10C1C000818F590003003600002020001E0050001F
:10C1D00020079800008A20001E0040002E019000D9
:10C1E000800078001E009000BEEA070001003700C2
:10C1F000000000000080FA00000006000600FA00BF
:10C20000000F78001107980022079800F01F200007
:10C210009E007800808F500014003E001E007800C1
:10C220006101B8002E0090008000EB000201400088
:10C23000838148000020200001002000800F510071
:10C24000818F590003003600002020001E0050009E
:10C2500020079800008A20001E0040002E01900058
:10C260009E0090009FEA07000100370000000000D8
:10C270000080FA00000006000000FA0082C8BF003B
:10C280000004A2000004E00006003A0001202000A3
:10C29000008A2000B0FE070021448000810F50007A
:10C2A0000200320010002000010037000000EB0007
:10C2B000004078000080FA00000006000200FA004A
:10C2C0003CFF0700004F78001E4078000004E000AB
:10C2D0000400320002102000018A200000AA200081
:10C2E00080EA07001E4078000080FA000000060087
:10C2F0000000FA000B0007000004E000020032001A
:10C3000010C0B300050037000210200001AA200071
:10C31000008A200073EA0700140007000080FA007A
:10C32000000006000000FA0082C8BF000004A2005E
:10C330000004E000020032000040EB00090037007A
:10C340000210200001AA2000008A200057EA0700FE
:10C3500000F0A7000000EA000000E9004F00DE0046
:10C36000004078000080FA00000006009602FA0003
:10C370006000B800108F9A00218F9A00D24380008D
:10C38000E343800000002A0001002000800F5100DC
:10C39000818F590003003A0000402A00010020006C
:10C3A0000200370000002A0001002000200798004A
:10C3B00031079800F0438000014480006100400094
:10C3C000E0804800400798005107980001202000B5
:10C3D000008A200060FE07006007980050052000DA
:10C3E000A10A20004A0207002E009000BE00900023
:10C3F0006C0207000004A2000004E0000300320009
:10C40000480207000040EB00B10037000000EB00DD
:10C41000000F78007F0037000000EB001007980045
:10C42000680037001E007800C600DD001E00900086
:10C430000080400000004000700798007E009000DF
:10C44000EF0F50003D003E007E009000E40F5000D2
:10C450001A003200E40F500005003E000000E0002A
:10C4600008003200E20F50000D0032002C003700AF
:10C47000E60F50001B003200E80F50002000320091
:10C48000270037001E009000000040000000470019
:10C4900072004000315C2A00010878004600370035
:10C4A000CE0090001E0090000000400000004700F9
:10C4B00072004000010878003F0037004E009000F5
:10C4C000DE0090004008DE00800078001E00900032
:10C4D00000004000000047007200400001087800A2
:10C4E000350037001E0090000000400000004700AB
:10C4F0007200400001202000010878002E00370063
:10C500001E00900000004000000047007200400044
:10C51000EE009000010878000000000026003700BF
:10C520001E00900000004000000047007200400024
:10C530008080EB00010878001F0037007E0090002B
:10C5400070005000000F98008E089000F01F20002F
:10C55000808F500012003E00018A20000E089000DB
:10C5600000804000104078008080FB000E089000A2
:10C570000000E800028A2000624078000080FB0092
:10C580004800DD00810070001E00900000004000A7
:10C5900000004700720040000108780006003700E4
:10C5A0001E009000000040000000470072004000A4
:10C5B0008080EB00010878001E0090000000E80079
:10C5C000100798009E009000F0032000808F50001C
:10C5D00094FF36001E0078004700DD006101B800BE
:10C5E0002E009000BE0090000200400083804800B2
:10C5F000720147003C0207000004A2000004E000B2
:10C6000003003200C70107000040EB003000370094
:10C610001E0FE8001E007800E40F50007EFF360079
:10C62000C0010700212920008E8040002009200041
:10C630000E00400081017800000178002E0090007B
:10C64000BE009000FDFD07000004A2000004E00011
:10C65000020032000040EB001D0037001E899200EE
:10C66000AE8992004E009000DE009000800F5100D5
:10C67000818F590007003A00200920000E00400079
:10C6800002202000018A200088E907000000E00065
:10C69000020032000040EB000D0037002E01900038
:10C6A000BE019000D2438800E34388004E01900011
:10C6B000DE019000F24388000344880010C0B300FC
:10C6C00082E8B700EE0190002344880010C0B30058
:10C6D0000080FA00000006000000FA0060822000DE
:10C6E00001BA2000110098006082200001BA2000E9
:10C6F0000108780060822000A00090000110A000D6
:10C700002100980060822000A00090000100A1009C
:10C7100021009800608220008040EB00614098007A
:10C72000F0312000A010880000002800B010880020
:10C730001822EF008A40A9008A20A9009A40A80088
:10C740009A20A8000080FA00000006000200FA000B
:10C7500060822000E0409000014F78001E40780089
:10C760000080FA00000006000000FA0090418000FE
:10C77000660040009041880030C8BF000040E900DA
:10C7800030E8B70030C8BF000004E00003003A0002
:10C790004000200070418800020037001000200097
:10C7A000704188000080FA00000006000200FA00D4
:10C7B000000F78001642A800A041800020009000E1
:10C7C0000000E00003003200A04180002000900043
:10C7D0001E0878002E28EF000080FA0000000600F6
:10C7E0000800FA00000F78002147980022079800FF
:10C7F00033079800608220002000900061006000F4
:10C800000000E0000A003A00AE0190002E419000C6
:10C810009E007800E0BB2000770007003E019000FA
:10C82000E1BB200010C0B3001F0007000300370069
:10C830003E0090008000EB00010878000080FA00C4
:10C84000000006000800FA00000F78002147980059
:10C850002207980033079800608220002000900093
:10C86000610060000000E0000A003A00AE019000A4
:10C870002E4190009E00780080BB200046000700FB
:10C880003E01900081BB200010C0B30006000700ED
:10C89000030037003E0090008000EB0001087800A4
:10C8A0000080FA00000006000600FA00004F780041
:10C8B0001107980022079800608220002000900055
:10C8C000610060000000E0002E003A002E009000A1
:10C8D000110020000108780060822000100078001C
:10C8E0009E009000110098006082200010007800E7
:10C8F0001E4878006082200010007800AE00900092
:10C90000210098006082200010007800E6004000BE
:10C91000608220000108780060822000900078008A
:10C9200080BB2000808F500003003A00608220000E
:10C9300001BA20000108780060822000A000900069
:10C940000110A1002100980060822000900090005A
:10C950006082200010007800808F500004003A00B0
:10C9600060822000A00090000100A000210098003B
:10C97000704180000000E00005003A008A40A800F5
:10C98000030037002E0090008000EB0001087800C3
:10C990000080FA00000006000800FA00000F78008E
:10C9A0001107980042479800330798003E00900016
:10C9B00000004000800078001E0078000108780028
:10C9C0001E00780010007800800078000100A000B0
:10C9D0001E007800010878001E007800CE4090000C
:10C9E000214098001E0078009E00900021009800D1
:10C9F0000080FA00000006000800FA00000F78002E
:10CA00001107980042479800330798003E009000B5
:10CA100000004000800078001E00780001087800C7
:10CA20001E007800CE409000214098001E00780043
:10CA30009E009000210098000080FA00000006008F
:10CA40000000FA0060822000200090006200600078
:10CA500000F0A7000000EA000000EA004F00DE003E
:10CA6000004078000080FA00000006000000FA0094
:10CA700060822000200090006100600000F0A700AC
:10CA80000000EA000000EA004F00DE0000407800ED
:10CA90000080FA00000006000000FA0000002800F4
:10CAA000301088000822EF00000520002500070054
:10CAB0000000EB001D0007003E28EF000000EB0027
:10CAC000060007000000EB000A0007008600A9002E
:10CAD0009600A8000080FA00000006000200FA009C
:10CAE000000F78009E007800114288000080FA0054
:10CAF000000006000200FA00000F78009E00780097
:10CB0000014288000080FA00000006000000FA00E0
:10CB1000104280000080FA00000006000000FA00C9
:10CB2000004280000080FA00000006000200FA00C7
:10CB3000000F78009E007800611088000080FA00E5
:10CB4000000006000200FA00000F7800F007200045
:10CB50009E007800808F5000020036000742A80037
:10CB6000010037000742A9003E28EF009E00780030
:10CB7000511088000080FA00000006000200FA0050
:10CB8000000F78001E007800E10F50001200320004
:10CB9000E10F500003003900E20F50001500320091
:10CBA000570037008042800001AA20008100400029
:10CBB0000000E8008042880001007800C7FF0700FD
:10CBC00081428000F00F2000808F50004700360027
:10CBD0005028EF004A0037005228EF0010C0B30081
:10CBE0008BE8B7004E68EF00A0882000C1FF070067
:10CBF000430037008BC8BF000004E0001C00320077
:10CC0000904280000000E00008003A008AC8BF009F
:10CC10000080FB004800DD008042880090428000D8
:10CC20000000E800904288000A003700904280002F
:10CC3000E10F500007003A008AC8BF008080FB0067
:10CC40008042800001007000804288005228EF007E
:10CC50008B68EF0081428000F00F2000808F500031
:10CC60002400360000102000804288002400370095
:10CC70004EC8BF000004E00002003A00804280007D
:10CC80005042880081428000F0072000808F5000D1
:10CC90000A00360080428000A288200012417800FD
:10CCA00001AA2000827078004EC8BF000004E00096
:10CCB00002003A008042800050428800804280009A
:10CCC0000000E800804288004EC8BF000040E80035
:10CCD0004EE8B70081428000F00F2000808F5000A6
:10CCE000060036005028EF00050037000000000065
:10CCF00003003700000000000100370000000000C2
:10CD000010C0B3000080FA00000006000000FE0022
:10CD1000C2C1200000197800010978000000060057
:10CD20000000FE000000EB008000EB00F8FF0700B1
:10CD30006627EF00000006000000FE00801F78005C
:10CD4000811F7800C1C120000600FC00310078007E
:10CD5000303B880011007800303B880061E7A80074
:10CD60000000000000000000CF0078004F007800B5
:10CD70000000060092018000910188009080BA00B6
:10CD80001000BA00920188000000060092018000A5
:10CD9000910188001000BA0092018800000006008E
:10CDA0000000FE0061E7AF00FEFF3700F23F200009
:10CDB000000161000C003A0022042400023B8800BC
:10CDC00092018000910188000008BB009E6602006D
:10CDD0000000000061E7AF00FEFF3700920188000D
:10CDE0001000200061A7AF00000020000000060036
:10CDF00061E7AF00FEFF37000000A7000D0037001D
:10CE0000940180009101880031002400013B8800DA
:10CE10000208BB000388BB009E6602000000000001
:10CE200061E7AF00FEFF370094018800100020008A
:10CE300061A7AF00000020000000060061E7AF001E
:10CE4000FEFF37000000A7000E003700330024006B
:10CE5000033B880093018000910188000208BB0019
:10CE6000F20F20000288BB009E6602000000000056
:10CE700061E7AF00FEFF370093018800100020003B
:10CE800061A7AF00000020000000060061E7AF00CE
:10CE9000FEFF3700F30720008081610010003A0098
:10CEA00013002400033B8800930180009101880057
:10CEB000040420003208BB003298BB001400B1000B
:10CEC000FCFF3A009E6602000000000061E7AF0030
:10CED000FEFF3700930188001000200061A7AF001B
:10CEE000000020000000060061E7AF00FEFF3700F1
:10CEF000F30720008081610011003A001300240034
:10CF0000033B880093018000910188000404200005
:10CF1000F10F20003208BB000198BB001400B100E3
:10CF2000FCFF3A009E6602000000000061E7AF00CF
:10CF3000FEFF3700930188001000200061A7AF00BA
:10CF40000000200000000600F23F20000000610009
:10CF50000000060002C02F0000006100F2FF2F0059
:10CF600081006100000006002600FA00889FBE00D4
:10CF7000600F9800710F980002179800131798001F
:10CF8000241798006E089000CF80DE0076E207003C
:10CF900040079800510798007E089000CF80DE007F
:10CFA00071E2070060079800710798000E1090006A
:10CFB000CF80DE006CE20700000F9800110F980090
:10CFC0000E0990009E0990006E009000FE009000F7
:10CFD000BEE4070002EE22005326240053E30700BC
:10CFE000200F9800310F98006E019000FE01900014
:10CFF0006E009000FE0090004CE307000004BE00AD
:10D000000E0990009E0990000E0890009E08900066
:10D0100046E307000001BE000800BE005EE2070014
:10D0200098E607004E019000DE0190000202BE006B
:10D0300005F0A2000001BE000400BE00A3E407004A
:10D0400002EE22005326240038E30700400F980028
:10D05000510F980012B62000632324002E08900080
:10D06000BE08900031E3070033E60700008FBE00E2
:10D0700012B62000632324004E089000DE089000C2
:10D080002AE307002CE607002007980031079800E4
:10D09000F0FF2100010020001E01BE00800F5100A2
:10D0A000818F590003003400F0FF210001002000AF
:10D0B000008FBE0000002E00F1FF2F001E01BE00F9
:10D0C000800F5100818F590003003D0000002E00A9
:10D0D000F1FF2F00008FBE002E019000BE019000D6
:10D0E000F0FF210001002000800F5100818F5900C6
:10D0F00004003400F0FF2100010020002007980008
:10D10000310798002E019000BE01900000002E0013
:10D11000F1FF2F00800F5100818F590004003D0066
:10D1200000002E00F1FF2F00200798003107980023
:10D13000AE0090001E109000010878009E0078005C
:10D140002E109000010878004F04BE000080FA0005
:10D15000000006000000FA000621EF0030422F0018
:10D1600060088800000328008008880084E0A90087
:10D1700094E0A80020C220008040EB000148780025
:10D180000080FA00000006000000FA002104800080
:10D1900000102000008060000000E0000900320064
:10D1A00030C22000104078008040E80030C22000EB
:10D1B0000148780020C2200011C0B3000148780067
:10D1C0008500A9000080FA00000006000400FA00B3
:10D1D000008FBE001E007800600888001E00BE00A0
:10D1E0004008DE0000007800700888000080FA0027
:10D1F000000006000400FA000080EB008080EB00D5
:10D20000008FBE00700880008000EB00C001DD00D0
:10D2100002002000600880008000EB00001F710009
:10D22000019771001E00BE000080FA000000060099
:10D230000400FA00008FBE001E00BE004008DE00A1
:10D2400000007800400888001E0078003008880040
:10D250000080FA00000006000800FA000080EB00E1
:10D260008080EB00008FBE0031088000210798000D
:10D2700041088000310798003E0090008000EB00DC
:10D28000C001DD00020020002E0090008000EB00B5
:10D29000001F7100019771001E00BE000080FA009F
:10D2A000000006000000FA0020C220008040EB00D1
:10D2B0000148780011E1A8000080FA000000060093
:10D2C0000000FA0011E1A9000080FA000000060049
:10D2D0000200FA0020C22000104F78001E407800A3
:10D2E0000004E0000300320020C220008040EB0078
:10D2F000014878001E4078000080FA000000060017
:10D300000000FA0030C22000104078000080FB00CE
:10D310000080FA00000006000000FA0030C2200081
:10D320008040EB00014878000080FA000000060011
:10D330000000FA001821EF00400F2000E0088800EC
:10D340001421EF00F03F2200D00888008000280060
:10D35000F00888001FE1A9006000B8001D00070068
:10D360008780A9009780A8000080FA0000000600CE
:10D370000400FA00008FBE001E007800D00888006C
:10D380001E00BE004008DE0000007800E0088800B3
:10D390000080FA00000006000400FA000080EB00A4
:10D3A0008080EB00008FBE00E00880008000EB0072
:10D3B000C001DD0002002000D00880008000EB00EA
:10D3C000001F7100019771001E00BE000080FA006E
:10D3D000000006000400FA00008FBE001E00BE0020
:10D3E0004008DE0000007800B00888001E007800C9
:10D3F000A00888000080FA00000006000800FA007B
:10D400000080EB008080EB00008FBE00A108800050
:10D4100021079800B1088000310798003E00900075
:10D420008000EB00C001DD00020020002E00900013
:10D430008000EB00001F7100019771001E00BE000C
:10D440000080FA00000006000000FA000080FA00E8
:10D45000000006000200FA00000F78009780A90083
:10D460009E007800C14488009780A8000080FA00E0
:10D47000000006000000FA0040C220008040EB00DF
:10D48000014878001FE1A8000080FA0000000600B3
:10D490000000FA001FE1A9009780A9000080FA00AF
:10D4A000000006000200FA0040C22000104F780081
:10D4B0001E4078000004E0000300320040C220005B
:10D4C0008040EB00014878001E4078000080FA00A0
:10D4D000000006000000FA0050C220001040780052
:10D4E0000080FB000080FA00000006000000FA0047
:10D4F00050C220008040EB00014878000080FA0014
:10D500000000060086080000040000000000000083
:10D5100092080000020000000000000094080000D3
:10D520000200000000000000200C000002000000CB
:10D53000000000009608000002000000000000004B
:10D54000220C00000200000000000000240C00007B
:10D550000200000000000000980800000200000027
:10D5600000000000A00B00002400000000000000EC
:10D57000260800001800000000000000A00A0000BB
:10D5800000010000000000003E080000180000003C
:10D59000000000008A0800000400000002000000F3
:10D5A000AA010100000000009A080000020000002B
:10D5B00002000000190000005608000012000000E0
:10D5C000000000000008000026000000000000002D
:10D5D000680800001200000000000000C40B0000FA
:10D5E00020000000000000009C0800000200000075
:10D5F00000000000040C0000100000000200000009
:10D60000B024EA0024F82400FE246400256A2500E2
:10D610000425220025000000140C00000800000072
:10D62000000000008E080000040000000000000060
:10D63000A008000000020000000000007A080000BE
:10D640000C000000000000001C0C000004000000A2
:10D6500002000000FFFFFF00FF000000E40B0000DD
:10D6600020000000020000003863ED003EDA0F00E9
:10D67000493F5E00987B3F00DA0FC9003F693700E1
:10D68000AC31680021223300B40F1400336821004C
:10D69000A2330000260C0000020000000000000081
:10D6A0009E080000020000000000000000000000D2
:10D6B0000000FA009C68EF009D68EF000080FA000F
:10D6C000000006000400FA00204798003147980047
:10D6D0009CC8BF000040E800674F60009DC8BF00C5
:10D6E0009E40780080CF500003003A007408A900E3
:10D6F0000040EB001E0037000E00E800000178003B
:10D70000BE4090002E409000F5DC07000004A2000F
:10D710000004E000020032000040EB00140037007B
:10D720009CC8BF000080FB009E4090008180FB00F1
:10D730004201DD0040BC20000000410001087800EB
:10D740009CC8BF000080FB00C200DD0060BC200060
:10D7500000804000BE409000014878009E40780064
:10D76000C2892000014978007408A80010C0B300E5
:10D770000080FA00000006000200FA00000F7800A6
:10D78000D1892000914078009CC8BF0080CF500014
:10D7900003003A007408A9000040EB001C003700A9
:10D7A0009DC8BF000080FB00C200DD0040BC20001F
:10D7B00000804000900078001E007800010878008A
:10D7C0009DC8BF000080FB004200DD008080E800B3
:10D7D00040BC200000804000904078001E0078008F
:10D7E000214098009DC8BF000040E80067406000ED
:10D7F0009DE8B700D1892000914078009CC8BF0007
:10D8000080CF500001003A007408A90010C0B30096
:10D810000080FA00000006000000FA00D189200014
:10D82000914078009CC8BF0000C068000080FB00E9
:10D830000000E9004F00DE00004078000080FA00A0
:10D84000000006000000FA000021EF0000002800A0
:10D85000100888000002280020088800B0448000DA
:10D860000000E00002003A00A0C7260024000700E4
:10D870008460A9009460A80000C220008040EB00F2
:10D88000014878000080FA00000006000200FA005B
:10D89000000F78009E0078001108880000C2200068
:10D8A0008040EB00014878000080FA00000006008C
:10D8B0000000FA00100880000080FA000000060056
:10D8C0000200FA00000F78009E007800010888002E
:10D8D00000C220008040EB00014878000080FA0080
:10D8E000000006000000FA00000880000080FA0036
:10D8F000000006000000FA000080FA0000000600A8
:10D900000200FA00000F78009460A9009E007800E1
:10D91000B14488009460A8000080FA00000006006E
:10D920000000FA0000C220008040EB0001487800AF
:10D930009460A80005E1A8000080FA00000006003D
:10D940000000FA0005E1A9009460A9000080FA0037
:10D95000000006000200FA0000C22000104F78000C
:10D960001E4078000004E0000300320000C22000E6
:10D970008040EB00014878001E4078000080FA00EB
:10D98000000006000000FA0010C2200010407800DD
:10D990000080FB000080FA00000006000000FA0092
:10D9A00010C220008040EB00014878000080FA009F
:10D9B000000006000000FA0080002000001188002E
:10D9C0002222EF00200220004011880021E2A8005E
:10D9D0002342A8000080FA00000006000000FA00C0
:10D9E0000000000010118000610060000000E000F5
:10D9F000FCFF320010118000620060000000E000B7
:10DA0000010032002222A90030118000004078007D
:10DA10000080FA00000006000200FA00004F7800C3
:10DA20000000000011118000002020000080600034
:10DA30000000E000FBFF3A001E80FB002011880080
:10DA40000080FA00000006000000FA0010118000BB
:10DA500000407800614060000080FB0000F0A700FB
:10DA60000000EA000000EA004F00DE0000407800FD
:10DA70000080FA00000006000000FA00111180008A
:10DA800000202000008060000000E00007003A0055
:10DA90001111800000402000008060000000E000C4
:10DAA0000200320010002000010037000000EB00EF
:10DAB000004078000080FA00000006000000FA0034
:10DAC000101180004800DE00614060000080FB0013
:10DAD00000F0A7000000EA000000EA004F00DE00AE
:10DAE000004078000080FA00000006000000FA0004
:10DAF000101180000080FA00000006000000FA000B
:10DB000021E2A8002342A8000080FA0000000600DD
:10DB10000000FA0021E2A9002342A9000080FA00D7
:10DB2000000006000000FA00C422EF00CC22EF0043
:10DB3000D422EF007029200000168800F04E240047
:10DB400040168800103A200080168800C982A9007B
:10DB50006820EF006A20EF006A00A8006AA0A80011
:10DB6000C622EF00CE22EF00D622EF00F0FF210008
:10DB700060198800113A8000F00B200000816000DD
:10DB80006004200071052000237420008049780083
:10DB9000814978008249780051368000F00F2E00CC
:10DBA0008080600000402100010070005036880035
:10DBB000A136800000FE2F00008060003000B3001E
:10DBC000A03688002135800000FE2F000080600014
:10DBD0005001B30020358800103A80000001780021
:10DBE0000260A00060042000710520002374200062
:10DBF0008049780081497800824978006040A90016
:10DC00006060A9006200A900A0EF260010000700D4
:10DC10008660A9009660A8000080FA000000060057
:10DC20000000FA006040A8006060A900A0EF260094
:10DC3000070007008660A9009660A8000080FA002F
:10DC4000000006000000FA000080FA000000060054
:10DC50000200FA00000F78009660A9009E0078008C
:10DC6000914488009660A8000080FA000000060039
:10DC70000200FA00000F78001E007800F4FF070091
:10DC80000080FA00000006000000FA008021EF008A
:10DC90008221EF00E0002000200C8800200C800092
:10DCA00000407800674060000080FB00A0448800CE
:10DCB0000080FA00000006000000FA000080FA0070
:10DCC000000006000000FA002004800064006000EC
:10DCD0000000E00002003200F7FF07008440A900C6
:10DCE0000080FA00000006000000FA00A044800056
:10DCF00000407800674060000080FB006700600023
:10DD0000220C800081FF2F00810061000100700063
:10DD1000200C88000080FA00000006000000FA00D5
:10DD2000210C800080FF2F0000806000200C880004
:10DD30000080FA00000006000200FA00000F7800E0
:10DD40009E007800010C88000080FA0000000600A8
:10DD50000200FA00000F78009E007800110C880085
:10DD60000080FA00000006000000FA002004800095
:10DD70004200DE00614060000080FB0000F0A70070
:10DD80000000EA000000EA004F00DE0000407800DA
:10DD90000080FA00000006000400FA001007980056
:10DDA0001E0090000000E0000A003A00200C8000F5
:10DDB0004400DE00614060000080FB0000F0A7002E
:10DDC0000000EA000000EA004F00DE00004F78008B
:10DDD00001003700000000001E4078000080FA00BB
:10DDE000000006000000FA008660A9000080FA002A
:10DDF000000006000000FA006000B80075FD070092
:10DE00009CFD07006040A9002DFD07008780A90048
:10DE10009780A800E0F126008DFF070010C0B30036
:10DE200068E8B70010C0B30069E8B7006060A800F8
:10DE30008660A9000080FA00000006000000FA00D9
:10DE400093FD07006DFD0700604388007143880063
:10DE50006060A900A0EF26007DFF070010C0B3009E
:10DE60006AE8B70010C0B30068E8B7006040A800D7
:10DE70008780A9009780A9008660A9000080FA0029
:10DE8000000006000000FA0010C0B30072E8B700FE
:10DE90008660A9000080FA00000006000000FA0079
:10DEA00061058000F0FF28000080600000C0A00035
:10DEB000600588006105800080FF2F000080600001
:10DEC0000000A00060058800E1058000F08F2F00B1
:10DED000008060000090A000E005880081058000BF
:10DEE000F0FF28000080600000C0A00080058800CE
:10DEF0009105800080FF2F00008060000000A000DE
:10DF00009005880021058000F0FF28000080600057
:10DF100000C0A000200588000080FA000000060074
:10DF20000000FA0000102300203A88004827EF0084
:10DF30007027EF007227EF007427EF002200200007
:10DF400080072000A1092000337420008049780058
:10DF500081497800824978000001EB0060042000CC
:10DF600071052000237420008049780081497800E1
:10DF7000824978000080FA0000000600F03FB100FE
:10DF80000180B10006003500EE030900000000002A
:10DF9000403FB1000180B100FBFF3D001000B00028
:10DFA000203FB000020035000080090000000000A2
:10DFB00000000600809FBE00EC8057003100780012
:10DFC000304488001100780088E8B7004F00BE0098
:10DFD000000006000000FA000080FA0000000600C1
:020000040001F9
:0857F8008AFA0000FB1F00000B
:00000001FF
