:10000000000204000000000000260000042600009A
:10001000082600000C260000102600000026000024
:10002000002600000026000014260000182600000C
:100030001C260000202600000026000024260000C8
:10004000282600002C260000302600003426000060
:10005000382600003C260000402600004426000010
:100060000026000000260000482600004C26000064
:1000700050260000542600005826000000260000EC
:100080000026000000260000002600005C2600007C
:100090006026000064260000682600006C26000030
:1000A0007026000074260000782600007C260000E0
:1000B0000026000000260000002600008026000028
:1000C0008426000088260000002600008C26000000
:1000D00000260000002600000026000090260000F8
:1000E00000260000002600000026000094260000E4
:1000F00098260000002600000026000000260000D0
:100100000026000000260000002600000026000057
:100110000026000000260000002600000026000047
:100120009C2600000026000000260000A0260000FB
:10013000A4260000A82600000026000000260000DB
:100140000026000000260000AC260000002600006B
:100150000026000000260000002600000026000007
:1001600000260000002600000026000000260000F7
:1001700000260000002600000026000000260000E7
:1001800000260000002600000026000000260000D7
:1001900000260000002600000026000000260000C7
:1001A00000260000002600000026000000260000B7
:1001B00000260000002600000026000000260000A7
:1001C0000026000000260000002600000026000097
:1001D0000026000000260000002600000026000087
:1001E0000026000000260000002600000026000077
:1001F0000026000000260000002600000026000067
:100200000000000000000000441B0000441B000030
:10021000441B0000441B0000441B0000441B000062
:10022000441B0000441B0000441B0000441B000052
:10023000441B0000441B0000441B0000441B000042
:10024000441B0000441B0000441B0000441B000032
:10025000441B0000441B0000441B0000441B000022
:10026000441B0000441B0000441B0000441B000012
:10027000441B0000441B0000441B0000441B000002
:10028000441B0000441B0000441B0000441B0000F2
:10029000441B0000441B0000441B0000441B0000E2
:1002A000441B0000441B0000441B0000441B0000D2
:1002B000441B0000441B0000441B0000441B0000C2
:1002C000441B0000441B0000441B0000441B0000B2
:1002D000441B0000441B0000441B0000441B0000A2
:1002E000441B0000441B0000441B0000441B000092
:1002F000441B0000441B0000441B0000441B000082
:10030000441B0000441B0000441B0000441B000071
:10031000441B0000441B0000441B0000441B000061
:10032000441B0000441B0000441B0000441B000051
:10033000441B0000441B0000441B0000441B000041
:10034000441B0000441B0000441B0000441B000031
:10035000441B0000441B0000441B0000441B000021
:10036000441B0000441B0000441B0000441B000011
:10037000441B0000441B0000441B0000441B000001
:10038000441B0000441B0000441B0000441B0000F1
:10039000441B0000441B0000441B0000441B0000E1
:1003A000441B0000441B0000441B0000441B0000D1
:1003B000441B0000441B0000441B0000441B0000C1
:1003C000441B0000441B0000441B0000441B0000B1
:1003D000441B0000441B0000441B0000441B0000A1
:1003E000441B0000441B0000441B0000441B000091
:1003F000441B0000441B0000441B0000441B000081
:100400008FE320000E7F22000E0188000000000014
:10041000000020000000E000020032000001200087
:1004200020028800140007009C0007000000E00084
:1004300003003A00C0A6210001002000020037009E
:100440000000200001002000810F70000100320038
:1004500014000700000020000000E000020032004D
:1004600000000200000000001E1702000000000053
:100470000040DA000000FE004440A9008002200095
:100480000000E0000300320000002000A00188000E
:100490004440A800000006008A1F78008B1F7800E7
:1004A0000000060091018800800478000000EB0045
:1004B0001A003700E284440032A0B4009905BA0063
:1004C000E284440032A0B4009906BA00E2844400F9
:1004D00032A0B4000006EB00476FDE00FD07B2005B
:1004E000636CE10003003A00EBFF07000000EB0043
:1004F0000A003700606CE10004003A00005DEB0088
:100500008B05E900FDFF3E00040037006168E10053
:10051000010032000086EB000B00070019C7BA008B
:100520001905BA000E04E00003003A000A00E000DA
:10053000E0FF3A0000000600FE07B2009E018800BE
:100540008A047800F5FF3700395DBA008B05E900B1
:100550000C003200295DBA008B05E900080032006A
:100560000C00E00003003A00E284440032A0B40032
:10057000F5FF370019DDBA008B05E900FAFF3A00F4
:100580008904E800E184440032A0B40000000600C1
:100590003600F800809FBE00829FBE00849FBE0090
:1005A000869FBE000000FA008020A9000000EB003A
:1005B000060C07000080FA004F03BE004F02BE0089
:1005C0004F01BE004F00BE003600F900004006009B
:1005D0003600F800809FBE00829FBE00849FBE0050
:1005E000869FBE000000FA00FF0B07008040A900B4
:1005F00010002000F50B07000080FA004F03BE003A
:100600004F02BE004F01BE004F00BE003600F90091
:10061000004006003600F800809FBE00829FBE00AA
:10062000849FBE00869FBE000000FA008060A90083
:1006300020002000E50B07000080FA004F03BE00F9
:100640004F02BE004F01BE004F00BE003600F90051
:10065000004006003600F800809FBE00829FBE006A
:10066000849FBE00869FBE000000FA008080A90023
:1006700030002000D50B07000080FA004F03BE00B9
:100680004F02BE004F01BE004F00BE003600F90011
:10069000004006000040DA000000FE0000000500F7
:1006A0008001780002003700B15978000201E900AA
:1006B0000200E000FCFF3A00000006008001780024
:1006C00081027800810F50003B003200028240001E
:1006D000840F50000300310002024000848F50005C
:1006E00001003900EEFF370000826800810F5000E2
:1006F0001B0031000408A30005003200150037007C
:100700000200E0002C0032000201E900B15978003B
:100710000308A300FAFF3A0003037800820278007E
:100720000102780002003700B41978000281E90064
:10073000E10F5100FCFF3E00618162000500A10055
:10074000850143008582400002003700B5597800DA
:100750000201E9000200E000FCFF3A000000060090
:100760000408A30012003A00040037000200E00071
:10077000110032000201E90061707900820140003D
:100780000308A300F9FF3A00820178000200370055
:100790000281E90061307900E10F5100FCFF3E0069
:1007A00061816100020037000201E9006170790097
:1007B0000200E000FCFF3A0000000600889FBE0037
:1007C0008A9FBE00800478000200E0005B003200D7
:1007D00001407800814C780082814400F1F99F004B
:1007E000E20F51005500360091449800A144980052
:1007F000E1F99F00D1F99F00E60F51004F0036004C
:10080000B1449800C1F99F00E80F51004B00360039
:100810000905EA00630565000A8444000A055100E1
:10082000C1FF2F00010565000080FB008000EB0088
:10083000121020001310200044000700008CBE009E
:100840000A01440060B99F0071B99F00E80F55008C
:100850003A003600200498003104980040049800C3
:100860005104980020B99F0031B99F0040B99F0002
:1008700051B99F00F80F5500300036006004980011
:1008800071049800000C9800110C9800200C98003E
:10089000310C9800400C9800510C980020B19F003A
:1008A00031B19F0040B19F0051B19F0060B19F00E6
:1008B00071B19F0000B99F0011B99F0064016400ED
:1008C0007801410002044400020555006011B8009F
:1008D0000203BE000002BE000403BE006022B80096
:1008E0000000720081807200020173008381730036
:1008F00010003700009CBE000294BE004004980027
:10090000510498006204980073049800000C980049
:10091000110C9800220C9800330C9800400C9800A1
:10092000510C9800620C9800730C98000A02B100F8
:100930000802B000FF0F5500EEFF3E0009007800EE
:100940004F05BE004F04BE0000000600020AB900B9
:10095000001BB9000200B800810042008100430082
:10096000000006000B08000000000000000000006E
:100970000000000000000000000100000024000052
:1009800000000000FE9F00000000000009000000C1
:100990000000000000000000000000000000000057
:1009A00000010000002400000000000000240000FE
:1009B000000000000000FA0010C0B3005F00070054
:1009C0000080FA00000006000600FA00881F780088
:1009D000C8090700000F78001E0078000000E00042
:1009E00002003A0010002000480037001E00780086
:1009F000EA0F500002003E002000200043003700B4
:100A00000000EB007B090700204798001000200041
:100A1000780907000084FB0020002000750907000A
:100A20000080FB004800DD00000044006B00400037
:100A300020079800AE00900000102000808F50002A
:100A4000060036002E409000E34F500003003200B5
:100A5000D00F2000430007002C0037002E409000EC
:100A60000080FB00E30F50001B003200E30F50003A
:100A700007003C00E10F500013003200E10F50006E
:100A80000F003C000000E000110032001D003700A4
:100A9000E90F500012003200E90F500003003C0043
:100AA000E80F50001100320016003700EA0F500026
:100AB00010003200EB0F5000100032001100370020
:100AC0001A01070011003700A90107000F003700C5
:100AD000360007000D0037009C0007000B003700B0
:100AE0007D0007000000EB0008003700FF01070051
:100AF00006003700A402070004003700C302070005
:100B000002003700F00F2000160007004F047800A5
:100B10000080FA00000006000200FA000040EB002E
:100B200006000700C0402200000F78001E00780079
:100B3000000001000080FA00000006000200FA0038
:100B4000004F78001E80FB004F00DD001104800084
:100B500001F0A10001007000100488000080FA007C
:100B6000000006000E00FA0060079800B1002000A7
:100B700040D120002B090700B200200041D1200005
:100B80000E007800C6FE07006E009000004078005E
:100B9000304F9800C10020000E0078003D0907008A
:100BA000300020000080FA00000006002600FA0055
:100BB00011000900001FEB00005FEB005E02B100B6
:100BC000DE009000F00F2000008060000090A00088
:100BD00050079800EE00900000F02F0000806000A9
:100BE0000000A00060079800EE009000F00F2000C9
:100BF0000080600060079800FE00900000F02F0069
:100C0000008060000000A000700798008E0890002F
:100C1000F00F20008080600000602500010070005F
:100C2000000F98009E08900000F02F008080600068
:100C30004003200001007000100F9800BE089000D3
:100C4000F00F20000080600000A0A000300F98008E
:100C5000CE08900000F02F0000806000400F980048
:100C60002D060700F10F200081006000C808DD009C
:100C7000AE099000F20F20000281610082807000B6
:100C8000210F9800C800DE00F00F200000806000F7
:100C90003E09900001F02F0081006100010070000A
:100CA000300F9800B100200040D12000DD0807007F
:100CB000510220000E007800F60807000000EB004B
:100CC0000080FA00000006000000FA000000FE00AC
:100CD0000080FA00000006000C00FA00604C2800BA
:100CE0008E007800B0187800A0107800E4804000F2
:100CF00064004000B0187800A0107800E480400044
:100D000064004000B0187800A0107800E480400033
:100D100064004000B100200040D12000C10807005D
:100D2000C10020000E007800DA0807000CC8BF00E0
:100D30000004E000020032004007A9004027A9009B
:100D4000E1FF07000080FA00000006000E00FA0034
:100D5000881F780040D12000000F7800B1002000EB
:100D600040D12000AF0807000E80E800B20020004C
:100D700041D120004AFE0700E0CFB300504F980059
:100D80001116800000082000008060000000E000D4
:100D900003003200B0CFB300504F98002F0037004F
:100DA0001E007800B04090008180FB00404290001F
:100DB0000482FB004822DD0084807000010178007D
:100DC000D04090008180FB00604090000080FB00DC
:100DD0004800DD0000807000800178001E0078006F
:100DE000904090008180FB00204090000080FB003C
:100DF0004800DD00008070006103B8001E0278002A
:100E0000F44290008582FB00044C90000884FB00B3
:100E10004844DD008882720005007800944A900002
:100E20008582FB00244A90000482FB004822DD00FA
:100E300004827200840078000202BE000601BE0037
:100E4000290507000000E00004003A0010C0B300CC
:100E5000504F980010C0B3000CE8B7000E80E800B7
:100E6000C10020008B0807001E017800B2419000ED
:100E70008381FB00424290000482FB004822DD0097
:100E80008481710003007800D24190008381FB00CF
:100E9000624190000281FB004811DD000281710077
:100EA000820078000081EA008181EA001E0078005B
:100EB000F10F20008100610030429000604262002A
:100EC0008140720031409800C810DE00404290001E
:100ED000604262008140720041409800F10F2000A2
:100EE0008180610050429000604262008140720047
:100EF00051409800C818DE006041900060416100D8
:100F000081407100614098005E489000E14F5000C0
:100F100002003A000000EB00010037003000200022
:100F20004F0478000080FA00000006001000FA006C
:100F3000889FBE0040D12000000F780020002000D4
:100F40002C0807000080FB004800DD001007980017
:100F500010002000270807000080FB009E00900082
:100F60000100700010079800620807009E009000C2
:100F7000EB804000810F5000020031002000200073
:100F8000780037001E0090006B0040008000780061
:100F900040D120002308070064004700B200200071
:100FA00041D12000BEFD070010C0B300704F980073
:100FB0001116800000082000008060000000E000A2
:100FC00003003200B0CFB300704F980034003700F8
:100FD0009E009000500F2000808F50002E003E0099
:100FE0001E007800B04090008180FB0040429000DD
:100FF0000482FB004822DD0084807000010178003B
:10100000D04090008180FB00604090000080FB0099
:101010004800DD0000807000800178009E007800AC
:10102000EB8240001E0090006104B8001E027800B0
:10103000744390000683FB00844B90008783FB0081
:10104000C83BDD000703730006007800144B9000D6
:101050000683FB00244A90000482FB004822DD0046
:1010600004027300840078000203BE0005027800C9
:101070000801BE00F10307000000E0000300320099
:10108000E0CFB300704F98000500370010C0B300E8
:101090000CE8B70002003700E0CFB300704F9800B3
:1010A00064004700C1002000FA0707001E01780015
:1010B000B24190008381FB00424290000482FB0019
:1010C0004822DD008481710003007800D241900045
:1010D0008381FB00624190000281FB004811DD002A
:1010E00002817100820078000081EA008181EA00BB
:1010F0001E007800F10F2000810061003042900056
:10110000604262008140720031409800C810DE00E9
:10111000404290006042620081407200414098006D
:10112000F10F200081806100504290006042620017
:101130008140720051409800C818DE006041900064
:101140006041610081407100614098007E489000DC
:10115000E14F500002003A000000EB0001003700B0
:10116000300020004F04BE000080FA00000006009E
:101170000401FA0040D12000000F7800B1002000E7
:1011800040D12000A707070064004700B2002000FC
:1011900041D1200042FD07001E00780090409000E1
:1011A0008180FB00204090000080FB004800DD00B3
:1011B0000080700080007800400F2000808F500079
:1011C0002E003E001E017800F24190008381FB005A
:1011D000024A90000482FB004822DD0084817100F5
:1011E00003007800924990008381FB00224990001F
:1011F0000281FB004811DD0002817100820078004D
:101200001E017800924190008381FB0022419000F2
:101210000281FB004811DD00028171008001EB00BA
:10122000640247006C0342000002BE000600780022
:10123000E0030700100798001E0090000000E00087
:1012400003003A0010C0B300704F9800150037003B
:10125000E0CFB300704F9800AE009000F00F200078
:101260000080600020079800BE00900000F02F0072
:1012700000806000300798000A003700E0CFB3001C
:10128000704F9800AE009000F00F200000806000CA
:1012900020079800BE00900000F02F000080600042
:1012A000300798002E0090004800DE003E019000BC
:1012B000F10F200081006100C808DD00010070000E
:1012C000EC00400064004700720707007E48900071
:1012D000E14F500002003A000000EB00010037002F
:1012E000300020000080FA00000006001A00FA001A
:1012F000889FBE008A9FBE0040D120003007980022
:101300006000B800008FBE00B100200040D1200076
:101310004407070068004700B200200041D12000C8
:10132000DFFC07003E019000F24190008381FB004A
:10133000024A90000482FB004822DD008481710093
:1013400003007800924990008381FB0022499000BD
:101350000281FB004811DD000281710082007800EB
:101360003E019000924190008381FB002241900059
:101370000281FB004811DD00028171000201D100F1
:101380008001EB00000041008180490061025000B3
:10139000E08258003E019000F24190008381FB0002
:1013A000024B90000683FB004833DD00868171000C
:1013B00003007800924990008381FB00224990004D
:1013C0000281FB004811DD0002817100820078007B
:1013D0000401BE00040307000004E00053003200D3
:1013E0000000EB00200798003D0037003E01900010
:1013F000F24190008381FB00024A90000482FB00CE
:101400004822DD0084817100030078009249900039
:101410008381FB00224990000281FB004811DD001E
:1014200002817100820078002E0190000201D1003B
:101430008001EB00000041008180490076034700F5
:101440000002BE00420020000300200006007800D9
:10145000580307003E099000CE099000F0FF2F00CE
:10146000010020000202780003017800800178006A
:10147000810078000300620081006100810478002F
:10148000000478000802BE003E089000CE089000DC
:101490004009DE0003002000F00F200001002000C2
:1014A0000203780003017800800178008100780051
:1014B0000300630081006100810578000005780069
:1014C0000A00BE0004004000858048001E0F400056
:1014D0005E9748002E0090006400400020079800AE
:1014E0003E009000904090008180FB0020409000E2
:1014F0000080FB004800DD00008070008000780064
:101500002E009000808F5000B8FF3E001E00780033
:10151000200F980010C0B3003057980068004700B3
:10152000E1002000DB0607000D003700E0CFB3002C
:1015300030579800CE009000F00F2000008060002F
:1015400040079800DE00900000F02F00008060004F
:101550005007980068004700C1002000CD06070032
:101560003E509000E14F500002003A000000EB00B6
:1015700001003700300020004F05BE004F04BE00C0
:101580000080FA00000006000E00FA00B100200002
:101590000E007800A30607000000EB0030040700EF
:1015A0000004A2000004E00003003200C0CFB3003A
:1015B000304F98000200370010C0B300304F980041
:1015C0009E007800F00F200000806000000F78007F
:1015D0009E00900000F02F0000806000100798002F
:1015E000C10020000E007800AA0607003E489000C7
:1015F000E14F500002003A000000EB00010037000C
:10160000300020000080FA00000006001400FA00FC
:10161000214B280009000900311F78004E01B1005C
:10162000B100200040D120007E06070041012000CB
:101630000E007800970607000000EB000080FA001B
:10164000000006000000000000000000AB410000A8
:1016500041810000FDC20000C383000056830000EA
:101660008202000051C40000C6860000FA85000016
:1016700087070000AC0600000505000007470000D2
:101680004484000009C90000CC8C0000A28800003E
:101690008D0D0000F40B00000F0F00005F4A0000EA
:1016A0004E8E0000580D00000A0A0000F34C0000A6
:1016B0004B8B0000A5CF0000C98900000E8E0000F2
:1016C00088080000B9D30000D898000012920000EA
:1016D00099190000441100001B1B0000EF5000008E
:1016E0005A9A0000E81700001E1E00004356000032
:1016F0005F9F000015D50000DD9D0000BE94000036
:101700009C1C0000B01A0000141400001B5B0000B9
:10171000559500004DD80000D7970000E6990000CD
:1017200096160000E1DE0000D29200004A9F000001
:10173000931300001C1C000011110000B75D000095
:1017400050900000D9E60000F0B0000072A7000041
:10175000B131000024240000333300008F65000005
:1017600072B20000882200003636000023630000B9
:1017700077B7000075E00000F5B50000DEA10000BD
:10178000B4340000D02F00003C3C00007B6E000011
:101790007DBD00002DED0000FFBF000086AC000005
:1017A000BE3E000081EB0000FABA00002AAA000049
:1017B000BB3B00007C29000039390000D7680000DD
:1017C00078B800006035000028280000CB740000C5
:1017D00069A900009DF70000EBAB000036B60000E1
:1017E000AA2A000031F10000EEAE00009AB000001D
:1017F000AF2F0000CC3300002D2D000067720000D9
:101800006CAC000069FC0000E4A40000C2BD000054
:10181000A5250000943E0000272700003F7F000020
:1018200066A60000383800002222000093790000EC
:1018300063A30000C5FA0000E1A100006EBB000038
:10184000A0200000198C0000A0E00000B2CD000034
:10185000E1610000E44E0000636300004F0F0000F0
:1018600022E200004848000066660000E30900002C
:1018700027E70000B58A0000A5E500001ECB0000A8
:10188000E4640000104500006C6C0000BB04000024
:101890002DED0000ED870000AFEF000046C6000010
:1018A000EE6E000041810000AAEA0000EAC00000DC
:1018B000EB6B0000BC4300006969000017020000E8
:1018C00028E80000A05F0000787800000B1E0000F0
:1018D00039F900005D9D0000BBFB0000F6DC000054
:1018E000FA7A0000F19B0000BEFE00005ADA000008
:1018F000FF7F00000C5900007D7D0000A71800004C
:101900003CFC0000A9960000B4F4000002D70000DF
:10191000F57500005454000077770000FF150000B3
:1019200036F60000F85200007272000053130000F7
:1019300033F3000005900000B1F10000AED10000CB
:10194000F0700000C06A0000505000006B2B0000D7
:1019500011D100003DA8000093D3000096E90000DB
:10196000D252000091AE000096D600003AEF00007F
:10197000D75700006C6C000055550000C72D0000C3
:1019800014D40000C9A300009CDC000062E2000047
:10199000DD5D0000346100005F5F00009F200000FB
:1019A0001EDE0000986700005A5A0000332600002F
:1019B0001BDB000065A5000099D90000CEE4000003
:1019C000D858000079B9000088C80000D2F800009B
:1019D000C9490000847B00004B4B00002F3A0000F7
:1019E0000ACA0000287D00004E4E0000833C000023
:1019F0000FCF0000D5BF00008DCD00007EFE00009F
:101A0000CC4C00007070000044440000DB3100004A
:101A100005C500008DB2000087C7000026F3000056
:101A2000C646000021B4000082C200008AF5000012
:101A3000C3430000DC76000041410000773700001E
:101A400000C000009959000000400000321800005A
:101A500041C10000649B0000C3C30000CFDA000056
:101A600082420000C89D0000C6C6000063DC000082
:101A700087470000355F0000054500009E1E0000FE
:101A800044C4000090900000CCCC00003BD100008A
:101A90008D4D00006D5200000F4F0000C613000076
:101AA0004ECE0000C15400000A4A00006A15000032
:101AB0004BCB00003C960000C9C9000097D700003E
:101AC00088480000208A0000D8D800008BCB000096
:101AD00099590000DD4800001B5B000076090000FA
:101AE0005ADA0000714E00001E5E0000DA0F00009E
:101AF0005FDF00008C8C0000DDDD000027CD0000E2
:101B00009C5C000029430000145400008202000085
:101B100055D50000D4810000D7D700007FC0000059
:101B20009656000078870000D2D20000D3C600008D
:101B30009353000085450000115100002E04000061
:101B400050D0000040BF0000F0F00000EBFE0000AD
:101B5000B1710000BD7D000033730000163C000031
:101B600072F20000117B000036760000BA3A0000E5
:101B700077F70000ECB90000F5F5000047F8000029
:101B8000B4740000497600003C7C0000E23700009D
:101B90007DFD0000B4B40000FFFF00001FF5000051
:101BA000BE7E000018B20000FAFA0000B3F3000095
:101BB000BB7B0000E5700000397900004E31000069
:101BC00078F80000F96C000028680000522D000031
:101BD00069E9000004AE0000EBEB0000AFEF00008D
:101BE000AA6A0000A8A80000EEEE000003E90000C9
:101BF000AF6F0000556A00002D6D0000FE2B000045
:101C00006CEC0000F0A50000E4E400005BE40000E0
:101C1000A56500000D67000027670000A6260000EC
:101C200066E60000A1610000226200000A200000B8
:101C300063E300005CA30000E1E10000F7E20000C4
:101C4000A060000080D50000A0A000002B94000040
:101C5000E12100007D17000063230000D65600003C
:101C600022A20000D1110000662600007A50000078
:101C700027A700002CD30000A5A500008792000034
:101C8000E4240000891C00006C2C0000225D000090
:101C90002DAD000074DE0000AFAF0000DF9F00003C
:101CA000EE2E0000D8D80000AAAA00007399000008
:101CB000EB2B0000251A0000692900008E5B000054
:101CC00028A800003906000078380000924700007C
:101CD00039B90000C4C40000BBBB00006F85000020
:101CE000FA3A000068C20000BEBE0000C3830000D4
:101CF000FF3F0000950000007D3D00003E410000D8
:101D00003CBC000030CF0000B4B400009B8E00004B
:101D1000F5350000CD0D000077370000664C00005F
:101D200036B60000610B000072320000CA4A0000A3
:101D300033B300009CC90000B1B100003788000037
:101D4000F03000005933000050100000F272000023
:101D500011910000A4F10000939300000FB0000067
:101D6000D212000008F7000096960000A3B600000B
:101D7000D7170000F5350000551500005E7400000F
:101D80001494000050FA00009C9C0000FBBB000073
:101D9000DD1D0000AD3800005F1F00000679000067
:101DA0001E9E0000013E00005A1A0000AA7F00009B
:101DB0001B9B0000FCFC00009999000057BD00002F
:101DC000D8180000E0E00000888800004BA1000067
:101DD000C90900001D2200004B0B0000B663000083
:101DE0000A8A0000B12400004E0E00001A650000AF
:101DF0000F8F00004CE600008D8D0000E7A700006B
:101E0000CC0C0000E92900004404000042680000F6
:101E10000585000014EB000087870000BFAA0000C2
:101E2000C6060000B8ED00008282000013AC00007E
:101E3000C3030000452F000041010000EE6E0000CA
:101E400000800000809FBE00821F7800208120005B
:101E5000010020009101880021B220000220200012
:101E60003118BA000201E900FDFF3A004F01780085
:101E70004F00BE00000006003200F800889FBE0040
:101E8000220F0200000000000404BE002800B00081
:101E90000980B0000203BE00248120000600B000CB
:101EA00005003A000700B00003003A000001EB0013
:101EB0008001EB00070037000830E10002003A0023
:101EC0000938E10031003200970188001601BA009C
:101ED0009681BA00C80ADE0082C26A00C22ADD000A
:101EE00085024200C808DD000080FD0081406800D6
:101EF0000040EB00350068009580680081026900B1
:101F0000C82ADE00C22ADD0085024200C808DD00C2
:101F10000080FD00814068000040EB003500680053
:101F200095806800C80ADE0083C26A00C22ADD000C
:101F300085024200C808DD000080FD008140680085
:101F40000040EB00350068009580680081826900E0
:101F5000C82ADE00C22ADD0085024200C808DD0072
:101F60000080FD00814068000040EB003500680003
:101F7000958068002600B0000780B0000830E100BE
:101F8000D1FF3A000938E100CFFF3A004F04BE000C
:101F90003200F900000006000400FA00008FBE00C5
:101FA000F03F2200010020001E01BE00800F510002
:101FB000818F590008003600E0FF29000100200051
:101FC0001E01BE00800F5100818F590002003E00AB
:101FD00010002000010037000000EB0000407800F6
:101FE0000080FA00000006000800FA00008FBE0022
:101FF00022079800330798001E00BE00E6FF070086
:102000000004E000090032002E009000BE009000A5
:1020100062005000E0805800DFFF07000004E0008D
:102020000200320010002000010037000000EB0029
:10203000004078000080FA00000006001C00FA0052
:10204000889FBE0070079800010F9800120F98003B
:10205000230F9800340F9800460F9800570F9800F0
:102060006000B800008FBE000000EB002007980061
:102070001E089000AE089000000078006300600029
:102080008004EB00000478000800BE00E00F500060
:10209000E08F580041003A001E089000AE08900002
:1020A0008101D1000081D3007E0090008E08900055
:1020B00002004000838048000001BE007E009000C6
:1020C0008E089000C8FF07000004E00030003200D6
:1020D0004E089000DE089000C20207006000B800C1
:1020E000008FBE00220037001E00BE008101D1001B
:1020F0000081D3007E0090008E0890000200400016
:10210000838048000001BE000000EB00EE000700E5
:1021100030079800410798001E007800BE08900024
:10212000808040006A004700420020005CF9070000
:102130005E009000EE0090000001BE003E009000A6
:10214000CE009000DF0207000004A2000004E000BF
:102150000300320030002000200798000A003700FA
:1021600042002000030020001E0F41005E9749003E
:102170001E089000AE0890001E01BE00800F5100A6
:10218000818F5900D8FF39009B02070005003700F6
:1021900020002000200798000200370010002000D7
:1021A000200798002E0090004F04BE000080FA0027
:1021B000000006001800FA0070079800020F98004F
:1021C000130F9800240F9800350F98000000EB00C3
:1021D000200798000E0890009E08900000007800EC
:1021E000630060008003EB00000378000600BE007F
:1021F000E00F5000E08F580036003A000E089000C3
:102200009E0890008101D1000081D3002E0890002B
:10221000BE08900002004000838048000001BE001C
:102220002E089000BE0890006FFF07000004E00039
:10223000250032006000B800008FBE001B00370090
:102240001E00BE008101D1000081D3002E08900045
:10225000BE08900002004000838048000001BE00DC
:102260000000EB0098000700300798004107980035
:102270003E009000CE0090007302070050079800C7
:10228000610798001E007800FE009000008040006A
:10229000EA0047004200200001F907004200200048
:1022A000030020001E0F41005E9749000E089000B9
:1022B0009E0890001E01BE00800F5100818F5900C2
:1022C000DFFF3900050037002000200020079800BC
:1022D0000200370010002000200798002E00900018
:1022E0000080FA00000006001800FA00600798005D
:1022F00071079800020F9800130F9800240F9800A0
:10230000350F98000000EB00000F78006E01900080
:10231000FE019000120798002307980010C0B30038
:10232000604798001E019000AE01900000C02F0091
:10233000F1FF2F000202780003017800800178008D
:102340008100780003006200810061008103780051
:10235000000378000601BE001E009000AE00900051
:10236000800F5100818F5900020032000040EB00C5
:10237000604798002E089000BE08900019020700E0
:10238000260037001E019000AE01900000402000A2
:102390000100200002004000838048000001BE00D0
:1023A0001E009000AE0090000FFF07000004E00048
:1023B000180032001E019000AE0190000000EB00FA
:1023C0004100070040079800510798004E00900018
:1023D000DE009000280207000080FB0000F0A7004C
:1023E0000000EA000000EA004F00DE0060479800AD
:1023F0001E019000AE01900000402000010020006E
:1024000002004000838048001007980021079800D0
:10241000020037000040EB00604798006E409000DB
:102420000004E0000F0032000E0890009E089000AB
:102430004A09DD00C601DE00830171004A01DD00AA
:102440006E009000FE009000020140008381480071
:102450001E009000AE009000800F5100818F590047
:10246000C8FF3E00E40107006E4090000004A20097
:102470000004E0000F003A000E0890009E08900053
:102480004A09DD00C601DE00830171004A01DD005A
:102490006E009000FE009000020140008381480021
:1024A0001E009000AE009000800F5100818F5900F7
:1024B0000200320020002000000F78001E0078008B
:1024C0000080FA00000006000A00FA0020079800C9
:1024D0003207980043079800B0268400C126840084
:1024E0003E019000CE019000001F5100019759005D
:1024F0002E009000C200DD00604D280000804000EA
:102500001000BE003E014000AE8148000200BE0047
:102510000080FA00000006000000FA0000402000E1
:102520000080FA00000006000600FA00889FBE0046
:10253000000F780012079800230798001E009000F3
:10254000AE009000C60107008000EB001E0178007D
:102550000089BE001E0078001004BE001E0090001E
:10256000AE00900062004000E0804800BC0107001F
:102570008000EB00C000DD000000200008004000EB
:10258000898048001E0178000089BE000000EB0031
:102590004F04BE000080FA00000006000600FA00AA
:1025A000000F780012079800230798001E00900083
:1025B000AE009000AA0107009E0078008008780015
:1025C0000000EB000080FA00000006000400FA00A2
:1025D000008FBE001E0078006100600000F0A700C0
:1025E0000000EA000000EA004F00DE000040780032
:1025F0000080FA00000006000600FA00008FBE000E
:10260000220798002E0090001E01BE00C6FF0700A2
:1026100042002000030020003E004100AE8049003F
:102620002E019000640241000001BE000400780009
:10263000BDFF070082002000030020003E00410093
:10264000AE8049002E019000680241000001BE00EA
:1026500004007800B4FF07000080FA0000000600C4
:102660001200FA00889FBE00000F98000E0890002C
:102670000000E000020032000040EB00A300370041
:1026800090268400A12684000001BE000E08900060
:102690008DFF070064014700D7FF07004E00900040
:1026A000DE009000C9FF07000004E00002003200D5
:1026B0000040EB00950037006E009000FE00900097
:1026C000C2FF07000004E000020032000040EB00FF
:1026D0008E0037004E019000DE019000F03F220096
:1026E00001002000800F5100818F590002003E0040
:1026F0000040EB00850037006E019000FE01900065
:10270000F03F220001002000800F5100818F59000E
:1027100002003E000040EB007C0037004E019000BC
:10272000DE019000E0FF290001002000800F510031
:10273000818F5900020036000040EB007300370023
:102740006E019000FE019000E0FF290001002000D2
:10275000800F5100818F5900020036000040EB00CD
:102760006A0037004E019000DE0190006E0090007C
:10277000FE009000800F5100818F5900020036004A
:102780000040EB00610037004E019000DE01900038
:1027900090268400A1268400800F5100818F59006B
:1027A00007003E006E019000FE019000902684001C
:1027B000A1268400800F5100818F59001100310043
:1027C0006E009000FE0090000001BE000E08900018
:1027D0003DFF07000004BE004E009000DE009000A8
:1027E0000001BE000E08900037FF07000802BE007F
:1027F0000001BE006000B8009FFD0700008FBE0012
:10280000370037006000B800008FBE004E01900016
:10281000DE01900090268400A1268400800F5100E4
:10282000818F59001200320090268400A126840076
:1028300062005000E08058000001BE000E089000C9
:1028400021FF07000004BE004E009000DE00900053
:102850000001BE000E0890001BFF07000802BE002A
:102860000001BE001E00BE0083FD0700008FBE00F9
:102870006022B8006011B8001E00BE007EFD070097
:10288000008FBE006022B8006011B8001E00BE00BC
:1028900079FD0700008FBE006E009000FE009000E2
:1028A0000001BE000E08900007FF07000004BE00F4
:1028B00090268400A126840064004000E080480047
:1028C0000001BE000E089000FFFE07000802BE00D7
:1028D0000001BE001E00BE0067FD0700008FBE00A5
:1028E0002E009000BE0090003E016800AE8168009E
:1028F0000200BE000080700000F0A7000000EA00A7
:102900000000E9004F00DE00004078004F04BE00E8
:102910000080FA00000006000000FA000000EB0052
:102920004FFF07000080FA00000006000600FA00D2
:10293000000F780012079800230798001E00780007
:102940001E019000AE01900014FF07001E009000D1
:10295000AE00900062004000E08048001E82E80067
:102960000001BE0004007800EFFE07001E0090008A
:10297000AE00900066004000E08048001E01780034
:1029800030019800410198000080FA000000060024
:102990000400FA00008FBE001E00BE000000780098
:1029A000610060008001EB00000178000200BE00C1
:1029B0000080700000F0A7000000EA000000E900BD
:1029C0004F00DE00004078000080FA0000000600A2
:1029D0000E00FA004007980051079800620798001F
:1029E0004E009000A000900010009000000F7800B2
:1029F0004E00900030019000C00190001207980036
:102A0000230798001E0078008000EB00E0FF07001D
:102A1000604798006E4090000004E000180032000B
:102A20006E0090009E007800808F500011003600EC
:102A3000EE019000030F78000E0037001E01900099
:102A4000AE0190005E009000D4FE07005E00900092
:102A50000080E800500798001E009000AE00900033
:102A600062004000E08048001007980021079800AD
:102A70001E8FE9001E0078000000E000EFFF3A0022
:102A80006E4090000080FA00000006001C00FA0072
:102A9000200F9800310F9800420F9800530F9800B4
:102AA00002412200030020002E08900086FE07004D
:102AB000008FBE000040EB004047980068004700D0
:102AC0001E01BE0099FF07004E0090000000E000CC
:102AD00031003A005E019000EE01900020002000DD
:102AE00001002000800F5100818F59002A003A0018
:102AF000F20047006800470022002000B4FF0700F2
:102B00000004E0002400320010002000300798008C
:102B10001B0037005E009000EE0090003E01400078
:102B2000AE8148000200BE006200200003002000C9
:102B3000021F400003974800680047001E01BE00C6
:102B40007AFF0700CE0090003E089000808F500072
:102B500005003A00680047005E099000CE0890002A
:102B60009BFF0700404798004E4090000004E000A3
:102B700008003A003E0090000000E800300798008E
:102B80001E089000BE009000808F5000E1FF3900C9
:102B900001003700000000004E4090000080FA0065
:102BA000000006000400FA00000F780011079800EA
:102BB000420020008000EB001E009000FFF607009E
:102BC0001E0090004300200000017800210020003A
:102BD0001E007800ADFF07000080FA00000006002C
:102BE0000000FE0042E3200000197800010978008F
:102BF000000006000000FE000000EB008000EB007B
:102C0000F8FF07006627EF00000006000000FE0046
:102C1000801F7800811F780041E320000600FC003F
:102C200031007800303B880011007800303B88008C
:102C300061E7A8000000000000000000CF0078005D
:102C40004F0078000000060092018000910188008A
:102C50009080BA001000BA009201880000000600BF
:102C600092018000910188001000BA009201880052
:102C7000000006000000FE0061E7AF00FEFF370025
:102C8000F23F2000000161000C003A002204240001
:102C9000023B880092018000910188000008BB007F
:102CA000081602000000000061E7AF00FEFF3700D9
:102CB000920188001000200061A7AF0000002000F2
:102CC0000000060061E7AF00FEFF37000000A7002C
:102CD0000D0037009401800091018800310024002C
:102CE000013B88000208BB000388BB0008160200F5
:102CF0000000000061E7AF00FEFF3700940188008C
:102D00001000200061A7AF000000200000000600B6
:102D100061E7AF00FEFF37000000A7000E0037009C
:102D200033002400033B8800930180009101880058
:102D30000208BB00F20F20000288BB000816020048
:102D40000000000061E7AF00FEFF3700930188003C
:102D50001000200061A7AF00000020000000060066
:102D600061E7AF00FEFF3700F307200080816100BC
:102D700010003A0013002400033B880093018000F8
:102D800091018800040420003208BB003298BB0087
:102D90001400B100FCFF3A00081602000000000019
:102DA00061E7AF00FEFF37009301880010002000AC
:102DB00061A7AF00000020000000060061E7AF003F
:102DC000FEFF3700F30720008081610011003A0008
:102DD00013002400033B88009301800091018800C8
:102DE00004042000F10F20003208BB000198BB0052
:102DF0001400B100FCFF3A000816020000000000B9
:102E000061E7AF00FEFF370093018800100020004B
:102E100061A7AF000000200000000600F23F200084
:102E2000000061000000060002C02F0000006100E9
:102E3000F2FF2F0081006100000006000000FA0090
:102E4000C142A900C542A800D022A900D422A800EE
:102E5000013A800000042000008060000000E000D3
:102E60000A0032000240800013408000E0AF2C00D6
:102E700071002B00800F5100818F590003003A0030
:102E80000028EF000228EF0023F707000028EF00DA
:102E90000228EF00F1010700C142A900C542A800C5
:102EA000D022A900D422A800C882A900D042A9003B
:102EB000CC82A800D442A8004E010700C922A90074
:102EC000CD22A800C942A800040037000060FE001F
:102ED00000202E0041002000CA010700511680008A
:102EE00000402000008060000000E000F7FF32009A
:102EF000CD22A800040037000060FE0000202E0054
:102F000041002000BF010700511680000040200052
:102F1000008060000000E000F7FF320051168000E2
:102F200000402000008060000000E00001003A0046
:102F300003000700320107000060FE00F7FF3700C2
:102F40000200FA000040EB00004F7800210037003B
:102F5000CD22A8000010270021002000A9010700B1
:102F6000CD22A9000030250071002000A501070036
:102F70001E4FE8001E407800FE4F500015003A003A
:102F8000C542A900D422A9000040EB0010479800D8
:102F900001003700000000000060FE000050230028
:102FA000C1002000970107001E4090000040E8008B
:102FB000104798001E409000FD4F5000F5FF36006E
:102FC0004007A8004027A80040E7A8000000FE0036
:102FD000F1FF3700511680000040200000806000A3
:102FE0000000E000DAFF3200CD22A8000080FA00E5
:102FF000000006000200FA00000F780090688000D0
:103000009E0F500002003E0020C4B30003003700B2
:1030100020C120001E004000104078000080FA000F
:10302000000006000600FA0010079800210798002B
:1030300030000700000F78002E0090009E0F500017
:1030400002003100AE009000010F78001E017800F0
:1030500021C120001E00900091F507000010200003
:103060009E00500020C120001E0040000101780099
:103070008000780020C1200090F507009068800053
:103080001E005000906888001E0078000080FA0042
:10309000000006000400FA00000F780011079800F5
:1030A0000A003700650007000004E0000700320056
:1030B0001E007800104078001E0FE800470007004F
:1030C0001E0090000000E900100798001E0090000C
:1030D0000000E000F3FF3A00000000006800070075
:1030E0000004A2000004E000FCFF3A000080FA00A7
:1030F000000006000000FA00881F78000EC8BF001C
:103100000004A2000004E0000F00320022102000A2
:103110008000EB0020C12000A8F5070010C0B3001C
:103120000EE8B70009003700986880001C0007000F
:1031300021C1200081004400804878000800E80098
:103140009068880001003700000000002F00070091
:103150000004E0000400320091688000F00F2000BD
:10316000808F5000F0FF3600906880004F04780098
:103170000080FA00000006000000FA008000200035
:10318000001188002222EF00200220004011880058
:1031900021E2A8002342A8000080FA0000000600F7
:1031A0000000FA00000000001011800061006000C3
:1031B0000000E000FCFF320010118000620060009F
:1031C0000000E000010032002222A900301180003E
:1031D000004078000080FA00000006000200FA00BB
:1031E000004F780000000000111180000020200036
:1031F000008060000000E000FBFF3A001E80FB0042
:10320000201188000080FA00000006000000FA008B
:103210001011800000407800614060000080FB00D9
:1032200000F0A7000000EA000000EA004F00DE0006
:10323000004078000080FA00000006000000FA005C
:103240001111800000202000008060000000E000DC
:1032500007003A001111800000402000008060004B
:103260000000E000020032001000200001003700E2
:103270000000EB00004078000080FA00000006002B
:103280000000FA00101180004800DE00614060007C
:103290000080FB0000F0A7000000EA000000EA0048
:1032A0004F00DE00004078000080FA0000000600B9
:1032B0000000FA00101180000080FA0000000600F3
:1032C0000000FA0021E2A8002342A8000080FA00D2
:1032D000000006000000FA0021E2A9002342A90034
:1032E0000080FA00000006000000FA00C422EF008F
:1032F000CC22EF0000012000A01688007079200089
:1033000000168800F0EF2C0040168800F03E2000E8
:1033100080168800C542A800C142A900511680004D
:10332000000820000080600000F0A7000000EA0014
:103330000000EA004F00DE00004078000080FB0043
:103340006100600000004000A11680000110A10093
:1033500001007000A0168800D022A9006820EF00AC
:103360000040200050038800C622EF00CE22EF006C
:10337000D622EF00C080210060198800113A800039
:10338000F00B200000816000600420007105200027
:1033900023742000804978008149780082497800B0
:1033A000A136800000FE2F00008060003000B300D6
:1033B000A03688002135800000FE2F0000806000CC
:1033C0005001B30020358800103A800000017800D9
:1033D0000260A0006004200071052000237420001A
:1033E0008049780081497800824978000080FA009D
:1033F000000006000000FA000080FA00000006004D
:103400000000FA0008C8BF000004A2000004E000A9
:1034100022003200240007000004E0000300320014
:1034200010C0B30008E8B700170037000AC8BF0093
:103430000004E000030032000000EB0088FC0700FD
:1034400009E8B70009C8BF000004A2000004E000BA
:103450000200320010C0B30008E8B70008C8BF007F
:103460000004A2000004E00007003200CD82A800A2
:10347000CDA2A900E0AF2C0071002B000040880015
:10348000114088000000FE0008C8BF000004E000F2
:1034900002003200CDA2A800CD82A9004AF50700A3
:1034A0000080FA00000006000000FA0050168000BC
:1034B0004700DE00614060000080FB0000F0A700D4
:1034C0000000EA000000EA004F00DE000040780043
:1034D0000080FA000000060008080000020000005A
:1034E000000000000A0800000200000002000000C6
:1034F00001000000140D00000001000000000000A9
:103500000C0800000200000000000000120C000087
:1035100002010000000000000E0800000200000090
:10352000000000001208000000040000000000007D
:10353000340E00000400000002000000FFFFFF0046
:10354000FF000000140E000020000000000000003A
:10355000100800000200000002000000FFFF000051
:10356000040800000400000000000000000000004B
:103570000000FA0000102300203A88004827EF00DE
:103580007027EF007227EF007427EF002200200061
:1035900080072000A10920003374200080497800B2
:1035A00081497800824978000001EB006004200026
:1035B000710520002374200080497800814978003B
:1035C000824978000080FA00000006000200FA003C
:1035D000000F78009E007800814088000000FE0007
:1035E0000080FA00000006000000FA0040E1200020
:1035F00080077800C0E22000000188000080FA0007
:1036000000000600F03FB1000180B1000600350067
:10361000EE03090000000000403FB1000180B1004E
:10362000FBFF3D001000B000203FB000020035005D
:10363000008009000000000000000600809FBE001E
:10364000EC8057003100780020408800110078009D
:1036500006E8B7004F00BE00000006000000FA00B8
:10366000D4F4070020FF070004000700C0FF070094
:10367000C1FE07000080FA00000006000000FA000A
:103680000080FA00000006004A0304000000000069
:083690004A03040000000000E1
:10480000EFA00000128B0000002400000000000058
:10481000FE9F000000000000B02604000000000021
:104820000000000002000000000000000200000084
:104830000200000004000000000000000000000072
:10484000000000000000FA009068EF009168EF009F
:104850000080FA00000006000400FA0020479800DB
:1048600090C8BF000040E800674F600091C8BF00DB
:104870009E40780080CF500002003A000040EB00DC
:104880000A00370090C8BF000080FB0061C1200013
:104890002E419000827078001E417800018920002E
:1048A000824878007628A80010C0B3000080FA0083
:1048B000000006000200FA001189200091407800F3
:1048C00090C8BF0080CF500003003A007628A900AE
:1048D0000040EB001500370091C8BF000080FB00CE
:1048E00061C12000614F780091C8BF000040E8001E
:1048F0006740600091E8B70011892000914078007E
:1049000090C8BF0080CF500001003A007628A9006F
:104910001E80FB008000400060C02000008040003E
:10492000100078000000010010C0B3000080FA0001
:10493000000006000000FA00118920009140780074
:1049400090C8BF0000C068000080FB000000E900C4
:104950004F00DE00004078000080FA0000000600F2
:104960000200FA0020B22000104F78001E80FB00E9
:1049700061006000004078000004E00002003200A6
:10498000CC82A90001003700CC82A8001E80FB0069
:10499000620060000000E00002003200D442A90082
:1049A00001003700D442A8001E80FB0064006000B4
:1049B0000000E00002003200C502A900010037003B
:1049C000C502A80080B120001E4878000080FA00CF
:1049D000000006000200FA0030B22000104F7800FC
:1049E00070B120001E4878000080FA000000060028
:1049F0000000FA000080FA00000006000000FA0043
:104A00000080FA00000006000000FA00B0B42000A8
:104A10009040780060C5B30080CF500007003A0096
:104A2000B0B420008040EB0001487800CD82A9009E
:104A3000CDA2A800A0C0B3007AE8B7000080FA00B9
:104A4000000006000000FA007AC8BF000004E00081
:104A500007003200C0B4200090407800F0C2B300DC
:104A600080CF500002003A000000FE00FFFF370038
:104A7000B0B420008040EB0001487800C0B42000B2
:104A80008040EB0001487800CD82A900CDA2A800AB
:104A90000080FA00000006000000FA00CD82A800A5
:104AA000CDA2A900B0B420008040EB0001487800FE
:104AB000C0B420008040EB00014878007A68EF0025
:104AC0000080FA00000006000000FA000080FA00F2
:104AD000000006000000FA000080FA000000060056
:104AE0000600FA00204798003147980022079800F6
:104AF0000040EB00004F7800110037001E80FB00E3
:104B0000016B2C00E14078002E40900080CF5000D7
:104B10000A003A001E80FB00816B2C00E140780007
:104B20003E40900080CF500004003A002E009000DC
:104B30001E48780010C0B300050037001E4FE80083
:104B40001E407800E74F5000ECFF36000040EB00BD
:104B50000080FA00000006000600FA00004F78000E
:104B600011079800220798001E407800E84F500077
:104B7000020036000040EB000B0037001E80FB00F7
:104B8000016B2C00E14078001E0090000148780085
:104B90001E80FB00816B2C00E14078002E0090000D
:104BA0000148780010C0B3000080FA000000060041
:104BB0000000FA0049260700C142A900C542A8002A
:104BC000003A8000610060000000E00002003A004E
:104BD000D022A900D422A8003F2707001D270700E4
:104BE00041240700C92307002921070018220700D4
:104BF000822507000080FA0000000600FFFF370052
:104C0000C22C040000000000002604000000000088
:104C10000026040000000000002604000000000040
:104C20000026040000000000002604000000000030
:104C30000026040000000000002604000000000020
:104C4000D22704000000000000260400000000003D
:104C500000260400000000000828040000000000F6
:104C600000260400000000000026040000000000F0
:104C70000026040000000000122C040000000000C8
:104C800000260400000000000026040000000000D0
:104C90008E2A04000000000000260400000000002E
:104CA0000026040000000000A4270400000000000B
:104CB00000260400000000000026040000000000A0
:104CC0000026040000000000002604000000000090
:104CD0001828040000000000002604000000000066
:104CE0000026040000000000002604000000000070
:104CF0000026040000000000002604000000000060
:104D0000002604000000000000260400000000004F
:104D1000002604000000000000260400000000003F
:104D2000002604000000000000260400000000002F
:104D30003E280400000000000026040000000000DF
:104D4000002604000000000000260400000000000F
:104D500000260400000000000026040000000000FF
:104D6000AFC220000E7F22000E018800000000006C
:104D7000000020000000E0000200320000012000DE
:104D80002002880014000700000307000000E00074
:104D900003003A00E0F52600010020000200370081
:104DA0000000200001002000810F7000010032008F
:104DB00014000700000020000000E00002003200A4
:104DC00000000200000000008C5B020000000000F8
:104DD0000040DA000000FE004440A90040BD200071
:104DE0000000E0000300320000002000A001880065
:104DF0004440A800000006008A1F78008B1F78003E
:104E00000000060091018800800478000000EB009B
:104E10001A003700E284440032A0B4009905BA00B9
:104E2000E284440032A0B4009906BA00E28444004F
:104E300032A0B4000006EB00476FDE00FD07B200B1
:104E4000636CE10003003A00EBFF07000000EB0099
:104E50000A003700606CE10004003A00005DEB00DE
:104E60008B05E900FDFF3E00040037006168E100AA
:104E7000010032000086EB000B00070019C7BA00E2
:104E80001905BA000E04E00003003A000A00E00031
:104E9000E0FF3A0000000600FE07B2009E01880015
:104EA0008A047800F5FF3700395DBA008B05E90008
:104EB0000C003200295DBA008B05E90008003200C1
:104EC0000C00E00003003A00E284440032A0B40089
:104ED000F5FF370019DDBA008B05E900FAFF3A004B
:104EE0008904E800E184440032A0B4000000060018
:104EF00000000000000000000000000000000000B2
:104F000000000000000000000000000000000000A1
:104F10000000000000000000000000000000000091
:104F20000000000000000000000000000000000081
:104F30000000000000000000000000000000000071
:104F400000000000000000003600F800809FBE0056
:104F5000829FBE00849FBE00869FBE000000FA00B4
:104F600030048000680060000000E00006003200AD
:104F7000A04480000000E00002003200A044800055
:104F8000000001008660A9000080FA004F03BE0007
:104F90004F02BE004F01BE004F00BE003600F900B8
:104FA000004006003600F800809FBE00829FBE00D1
:104FB000849FBE00869FBE000000FA00C0448000AF
:104FC0000000E00002003200C04480000000010048
:104FD00030C22000104078008040E80030C220003D
:104FE0000148780020C2200011C0B30001487800B9
:104FF0008460A9000080FA004F03BE004F02BE008B
:105000004F01BE004F00BE003600F9000040060010
:10501000801F78000000FA0010C0B30073E8B700EA
:1050200084E0A9000080FA004F00780000400600EC
:105030003600F800809FBE00829FBE00849FBE00A5
:10504000869FBE000000FA0010C0B30072E8B700EF
:105050007D2307006000B8004C2307008780A9006B
:105060000080FA004F03BE004F02BE004F01BE0099
:105070004F00BE003600F900004006003600F80080
:10508000809FBE00829FBE00849FBE00869FBE00A0
:105090000000FA008A40A900C1108000000820002A
:1050A000008060000000E0000800320018E2A90063
:1050B0002E28EF00A0418000200090008000EB002F
:1050C000010878003428EF000D013700704180009E
:1050D0008000EB00B200200003002000820F50008F
:1050E000838F5800FC003E00006001000B00370079
:1050F00039003700750037009C003700F300370097
:10510000C8003700D9003700F0003700DB00370057
:10511000F100370034003700500037006082200073
:1051200020009000620060000000E000F3003A0000
:105130006082200010009000A04188006082200062
:10514000100090001040780030E8B7006082200026
:1051500010009000100090009041880060822000B4
:1051600010009000E60040006082200011009800CE
:105170006082200090009000A0BB2000808F500033
:1051800003003A006082200021BA2000110098003C
:1051900060822000A00090000100A1002100980082
:1051A0006082200090009000608220001000780053
:1051B000808F500004003A0060822000A000900020
:1051C0000110A000210098001602A8002000200075
:1051D00070418800CA0037001622A8002000200075
:1051E00070418800C6003700C11080000000280010
:1051F000008060000000E0000800320060822000B3
:10520000604090008040E80060822000614098008B
:1052100040002000D31F0700B9003700B0418000D4
:105220008000D100F00F2000008060009010880006
:10523000B041800061006000004078000004E000A0
:1052400003003200B000200070418800AC0037003D
:105250003000200070418800A9003700C110800094
:1052600000002800008060000000E000080032001C
:1052700060822000604090008040E8006082200052
:105280006140980040002000B61F07009C003700D6
:105290001622A800B04180004800DE00E600600051
:1052A000000F200001007000B0418800B041800074
:1052B0000000A000B041880010C0B30038E8B7007B
:1052C00020002000704188008D00370038C8BF00E2
:1052D000E14F50000A003200904180001000780039
:1052E000B04188009041800020009000D0418800AB
:1052F00090418000204090003CE8B700010037005A
:105300003868EF00B1418000F00F2000808F50001E
:1053100009003600B04180004800DE00E600600071
:10532000000F20000100700090108800A0002000F5
:105330007041880072003700B041800090108800F2
:10534000B041800061006000004078000004E0008F
:1053500003003200500020007041880068003700D0
:10536000300020007041880065003700C1108000C7
:1053700000002800008060000000E000090032000A
:1053800060822000604090008040E8006082200041
:105390006140980019E2A90050002000711F070029
:1053A000570037003CC8BF008080FB008100E90047
:1053B000CF08DE00814078000040E9003CE8B700FB
:1053C0000104E000100032009041800066004000BF
:1053D0009041880030C8BF000040E90030E8B700C5
:1053E00030C8BF000004E00003003A0020002000A5
:1053F0005C1F0700420037001622A8002000200092
:10540000704188003E003700D04180009040780015
:105410008180FB00911088000000E800D0418800E6
:1054200037003700C11080000000280000806000B5
:105430000000E0000900320060822000604090001F
:105440008040E80060822000614098004000200019
:10545000441F070019E2A900290037001662A800BE
:105460008000200070418800250037008000200067
:10547000704188001662A80021003700D0418000EA
:105480008110800081407800014878000000E80029
:10549000D04188003CC8BF000040E9003CE8B700AC
:1054A0003CC8BF000004E0000400320016A2A900BE
:1054B00060002000704188000200370016A2A8009A
:1054C000171F07001682A8000D00370020002000DB
:1054D000241F07000A00370060822000604090000F
:1054E0008040E80060822000614098006000200059
:1054F0001C1F070000000000010037000000000032
:105500000080FA004F03BE004F02BE004F01BE00F4
:105510004F00BE003600F900004006003600F800DB
:10552000809FBE00829FBE00849FBE00869FBE00FB
:105530000200FA00F0418000E20F500088003200C3
:10554000E20F500003003900E30F500077003200F3
:10555000950037003110800000402000008060007E
:105560000000E00005003A00411080000002200029
:10557000008060000000E0000A003200311080006E
:1055800000082000008060000000E00024003200DD
:105590004110800000202000008060000000E0003A
:1055A0001F00320040108000640060000000E00036
:1055B0000C003A0010002000DE1F070000428000AF
:1055C0000000E00004003200004280000110800072
:1055D000814078000148780010002000F0418800E8
:1055E0003600370000108000004F78000000EB000C
:1055F000D01F0700104280000000E00005003200CC
:1056000010428000104078000080FB0010108800DD
:105610000782A80020002000F04188002700370002
:105620003110800000402000008060000000E00099
:105630002200320041108000000220000080600043
:105640000000E0001D003A0040108000640060008F
:105650000000E00004003A005468EF003000200031
:10566000F04188001300370054C8BF000004E00078
:105670000D0032000000EB00AE1F0700104280005A
:105680000000E00005003200104280001040780069
:105690000080FB00101088000782A8002000200076
:1056A000F0418800030037005468EF00300020000C
:1056B000F041880000108000004F7800F041800029
:1056C000E10F500039003A00411080000002200034
:1056D000008060000000E0003600320041108000D1
:1056E00000042000008060000000E0000B003A0091
:1056F000004280000000E000040032000042800010
:1057000001108000814078000148780020002000CE
:10571000881F07008EE8B7002900370000108000BE
:10572000004F780008C2A900250037003000200093
:10573000801F07008EE8B70010C0B30054E8B70020
:105740008EC8BF000004E00002003200001080009C
:10575000004F780010002000F0418800180037004A
:105760004110800000002800008060000000E00080
:105770000B003A000000EB006E1F07001042800093
:105780000000E0000D003200104280001040780060
:105790000080FB00101088000782A8000800370076
:1057A0003E28EF0006003700FFFF37000000000032
:1057B0000300370000000000010037000000000077
:1057C0008600A90040108000700060000000E0002A
:1057D00004003A0040108000680060000000E00013
:1057E000090032004EC8BF000004E000060032008D
:1057F000E184200091407800504280000040780011
:105800001E2207004E68EF000080FA004F03BE0022
:105810004F02BE004F01BE004F00BE003600F9002F
:10582000004006003600F800809FBE00829FBE0048
:10583000849FBE00869FBE000600FA008560A90016
:1058400040003700301180004047980067C8BF0013
:105850000004E0000D003A004E409000E94F500077
:105860000A00320068C8BF000004A2000004E00083
:10587000310032004E41900091862000824878002D
:1058800010C0B30068E8B7002E00370067C8BF003B
:105890000040E80067E8B70067C8BF00EA4F500063
:1058A000270036006768EF0090C0B300511607006C
:1058B0000040EB00004F7800030037000040EB0091
:1058C0004C1607001E4FE8001E407800E94F5000BC
:1058D000FAFF360010C0B300461607000000EB00C8
:1058E0001007980007003700000A20000100200080
:1058F000102407000060FE001E0090000000E80079
:1059000010079800DB2207000004A2000004E0005A
:10591000040032009E009000F0702200808F500042
:10592000F1FF360000D0270001002000012407000D
:105930000000FE00030037000000000001003700F7
:105940000000000010118000610060000000E00015
:10595000BCFF3A0010118000620060000000E0000F
:10596000010032002222A9000080FA004F03BE008D
:105970004F02BE004F01BE004F00BE003600F900CE
:10598000004006000040DA000000FE0000000500B4
:105990004F89DE0082017800F001370007F8270008
:1059A000078361000638E10004003A00F707200091
:1059B000878361008703710001003A0003F0A200B1
:1059C000889FBE008A9FBE008C9FBE00470ADE00F3
:1059D0000480A100C71ADE000580A100070028008E
:1059E0000785600087856100F70F20000720E10030
:1059F0009E0032000728E1009C003200010678007A
:105A00000400E000B4003200F70720008780600047
:105A10000170A0000500E000C0003200F707200080
:105A2000878161000370A000050652000F003A0054
:105A30000B50E1000B0032000308E10002003A00C5
:105A40000200E1007E00320002045000838458000E
:105A5000040031000001FD008101FD008402FD0011
:105A60008A05FD006044B800210037000520E100F0
:105A700005003D000001FD008101FD008402FD00E4
:105A80008A05FD00050652007A60E1000500350038
:105A90000170A1004722DD00848070008A807000C0
:105AA000630037006044B800EF02660007FF2F0074
:105AB000070666000500E00006003400F0831200CF
:105AC0008714DD000511DE00071BDD0006017100F3
:105AD0008519DE007060E1000500350009047800DA
:105AE00082047800030178008001EB007006560004
:105AF0000B50E10003003A000200400083804800A0
:105B00000400370060041400E0841C000200580008
:105B1000838058000188A300060032008100D10074
:105B20000080D3008984D3000884D3000402E800F5
:105B3000270037000178A30025003A000100E000AB
:105B4000030032008186CF00698656000A003700C4
:105B50008C0020000000E00004003A0009007800FA
:105B6000880478000004EB00700252008086CF00A9
:105B70000D0646000C06E9007060E10006003500E5
:105B80008000780009007800880478000004EB00A9
:105B900070065600700252000C00E0000C00340049
:105BA0008C08DD00F00316000703DE00868070001D
:105BB0000C00DD00074BDE00060070008C4CDD00A1
:105BC0000743DE00868474000C44DD000C025200A2
:105BD0006120E1002000350061016000070028001D
:105BE00087816400F7FF2700878364000703740040
:105BF0000300E0000600320082037300040032005C
:105C00000000E800E08048000188A3000E003A0090
:105C1000F70F20000720E1004A003D000170A100BD
:105C20004722DD00810072008A8070000000BE0003
:105C30004F06BE004F05BE004F04BE000000060028
:105C40006000B800FAFF37008100D1000080D30067
:105C50000402E800EEFF37000401780089017400B7
:105C6000C20007008A807000F1FF370018010700AA
:105C7000070278000001FD008101FD00140107000A
:105C800087027800850372000778A30004003200C1
:105C90000001FD008101FD0027010700E4FF37003E
:105CA000850362000768A300080032000B50E10082
:105CB00003003200F0FF2F00F1FF2700DCFF370068
:105CC0000001FD008101FD00D9FF37000468A30039
:105CD000D7FF3200FAFF3700F8FF27008883600003
:105CE0000B003A000000E00009003A008303640062
:105CF00082837300020032000200BE00CCFF370036
:105D00000B50E100CEFF3A000200BE00C8FF370092
:105D100014002000810064003EFF3700F8FF2700D8
:105D20008883610004003A000200E00002003A00AB
:105D30008C007800BEFF370015002000830164004E
:105D400039FF370001F827000000200081007500AE
:105D5000B7FF3700038368000700280007036300CC
:105D6000470ADE000480A100C71ADE000580A100FA
:105D7000F70F20000720E100420032000728E10071
:105D800040003200889FBE008A9FBE008C1F7800B2
:105D9000F107B200F307B2000400E0006400320033
:105DA0000170A0000500E000680032000370A00050
:105DB00085054200EB07B1000204B8000302B800F9
:105DC0008484440060854A00020AB8008484440048
:105DD0000A854A00030AB8000405450004003300A0
:105DE0000804D0008984D2000A85D2008B05E9001E
:105DF0006158E1003D0035000210200009016100FA
:105E00000308200089816100F70720008783640070
:105E100008867300C84CDE00C853DD008784740018
:105E20004855DE000300E0000600320082037600E1
:105E3000040032008904E80060054D000A88A300D0
:105E40000C003A00F70F20000758E10044003D0025
:105E50000A70A100C75DDD000A8575008A00730025
:105E6000090078004F0678004F05BE004F04BE00C1
:105E7000000006000A05D1008984D3008B05E800E4
:105E8000F0FF3700881F78000604780090000700B4
:105E9000070278000001FD008101FD008C00070071
:105EA00087027800850372000778A300050032009E
:105EB0000001FD008101FD009F0007004F047800F4
:105EC00000000600850372000748A30003003200AB
:105ED000F0FF2F00F1FF2700F8FF3700000020003F
:105EE00001F8270088807000F4FF370088017800EF
:105EF0004848DD00808171004848DE00C850DD0060
:105F000001007000C850DE00060478000B01780024
:105F10001600070088807000D2FF37000500E000FF
:105F200005003200170020003A0007009DFF3700EF
:105F300081037000F9FF3A00860078004F06780070
:105F40004F05BE004F04BE00000005008303710032
:105F5000F9FF3200270020002E00070094FF3700D1
:105F600001F8270086807000F4FF37000100E00090
:105F700026003200610111007810E10023003C008E
:105F80006022B8007010E100040035008002780043
:105F9000010078008000EB00700151000200E00079
:105FA0000900340070031100062ADD00822ADE0099
:105FB0008603DD00878272000200DE00860BDD00B2
:105FC000070070008208DE0084817100F4FF270062
:105FD00004826200848171000400280084826200CF
:105FE0006102600005F0A600000006000482710056
:105FF000070032000000E800E080480000000600D2
:106000000002BE006000B800EFFF37006000B8007B
:1060100000000600889FBE000004EB006138E1002C
:1060200016003A000100E00008003A00C800DE0057
:106030004800DD00880020000100E00003003A0075
:10604000C800DE004800DD00680444008184CF0001
:10605000E9845400060034008908DD00F083140050
:106060008703DE00878070000900DD00090444001A
:10607000610214004F04BE00000006000300E000AF
:1060800008003A00C811DE004811DD008800200039
:106090000300E00003003A00C811DE004811DD00F3
:1060A000680444008384CF00E9845400060034006F
:1060B0008919DD00F08314008713DE0087817100E9
:1060C0000911DD0009044400E1021400E9FF370072
:1060D0002700200001F0A70017002000470BDE007A
:1060E000F60FB200040032000643E8000A00320056
:1060F0004702B3000000060001037800F607B20073
:106100000603700002003A000703B3000000060017
:106110008702B3000000060001037800F607B20012
:1061200006037000020032000770A00000000600A5
:106130000760A000000006000478A30004003200FD
:106140000578A300030032000168A30001003A00B3
:106150000200BE000160A00000000600881F780059
:10616000030478000300E00007003D006000100019
:10617000E080180060011900E081190002003B0076
:1061800001F02D00030037000400070008F0A7000D
:1061900001F0A0004F04780000000600889FBE00B8
:1061A0008A9FBE00008270000402710004827100A8
:1061B000260032000004BE000200BE006011B800DC
:1061C0006B092000950220000182CF000A003900EF
:1061D0000541B1000082CF00070039000541B10040
:1061E0000982CF00040039000541B1000882CF00C8
:1061F000010039000541B100054252001200320091
:106200000A003B0082817100610164008100D100BD
:106210000080D3008984D3000884D3008B05E80074
:106220000442E800F7FF3A00070037000804440082
:1062300089844C0000004800818048008B05E900FB
:106240000442E900F9FF3A00030007004F05BE00D1
:106250004F04BE0000000600810020006180550050
:106260000B003D000B00200061FE2F000100E1004B
:106270001D00340082817100610164008904D10035
:106280000884D3000000E800FAFF3A007100200003
:106290006100640003007000020060000900320029
:1062A00061044400E0844C000988A5000500320028
:1062B0008B05E8006808E10002003A008904D1007B
:1062C0000884D300F20F20000258E10005003D00D1
:1062D000C75DDD00F907B20089807500080078000D
:1062E000000006000BF827008B0078000000050076
:1062F000000006000800FA00889FBE008A9FBE00CA
:106300008C9FBE000004BE000200BE00E2B79F00EA
:10631000F3B79F00F6FF07008102780005F0A100A7
:10632000000278000C0020000DF827006FB19700E4
:10633000FFB197008C0F52008D8F5A000A003E006B
:106340000800BE00EAFF07008102780005F0A10006
:10635000000278006FB19700FFB197008C0F5200D8
:106360008D8F5A00030036000800BE0094FD070020
:10637000980037000203BE000000200001F823004F
:10638000800F5300818F5B0003003A000800BE00BD
:10639000980007008F0037000802BE004E3DDE0067
:1063A0000B0020006000B800620065004F4DDE0069
:1063B0000B0020000A0570008B85700085007800B6
:1063C00001F0A10008007800E00F5000E08F5800B5
:1063D00007003A00E20F5500E08F5D003300320005
:1063E000E30F5500E08F5D007B003A00320037007C
:1063F0008702780005F0A10006027800E00F520045
:10640000E08F5A003B0032008C0F52008D8F5A00F3
:106410002C003A00840F5000858F580018003A0075
:10642000E20F5500E08F5D0009003200E30F5500D8
:10643000E08F5D0009003200E10F5500E08F5D0044
:106440005B003200B8FD200099F4230062003700A1
:106450000200200003042400020037000200200094
:1064600003042C00B0FD20009104240039FE070035
:106470000200200003E8230036FE07005500370025
:10648000E20F5500E08F5D0008003200E30F550079
:10649000E08F5D00080032006044B800E10F550055
:1064A000E08F5D004C003A0044003700B8FD20004A
:1064B0009904240048003700B8FD200099042C00FE
:1064C000450037000600200007D0200004034300E9
:1064D00085834B0086BF9F0097BF9F00800F5300AE
:1064E000818F5B00030039008C0F50008D8F5800A6
:1064F00005003A000A08A30033003200B8FD20006E
:1065000099FC2B00340037006033B800620365004B
:10651000E00F5300E08F5B00080032000C00200009
:106520000DD020000003460081834E006000B800BB
:10653000840F5300858F5B00040039000800BE0003
:106540009D020700010107002A000700E10F550026
:10655000E08F5D00050032001E003900E20F55009B
:10656000E08F5D000B003A00030037000004BE001E
:1065700009F0A20018003700E2D22B00B33B230041
:106580000FFD07000001BE00B0FD200091042400B3
:1065900005003700E2D22B00B33B230008FD0700C3
:1065A000B2FD200093042400FCFC07000900370022
:1065B000B8FD200099F42B000700370008002000E8
:1065C0000900280004003700B8FD200099FC2300D2
:1065D000010037000004BE000800BE004F06BE00E8
:1065E0004F05BE004F04BE000080FA000000060008
:1065F000000006000C00FA00889FBE008A9FBE00C3
:106600008C9FBE000004BE004F09DE000300200086
:10661000E2B79F00F3B79F00810678000DF0A1005C
:1066200000067800F0FF2F00F1C72400800F56000D
:10663000818F5E00100036000800BE00ECFF0700EE
:106640008101780003F0A100000178000000200023
:1066500001F82700800F5100818F5900B5003E00DE
:106660000200200003382000A0FD200091FC230040
:10667000D3FC0700A6003700F0FF2F00F1ED230048
:10668000800F5600818F5E0011003E000085EB00F8
:10669000F0FF2F00F1972300800F5600818F5E00DE
:1066A00055003E00F0FF2F00F1072000800F56003C
:1066B000818F5E009F003E000801BE000800BE0002
:1066C000A4FD0700C0B79F00D1B79F009900370015
:1066D0000800BE009D0007000004BE00F0FF2F0070
:1066E00071F92300800F5600818F5E0025003E0067
:1066F000F0FF2F00F1F22300800F5600818F5E0023
:1067000011003E000801BE000800BE00ACFC0700FE
:106710000200200003F82300A0FC07000005BE00D3
:1067200002002000030024000800BE00A4FC0700B3
:106730000001BE000A00BE001F0207000004BE00E8
:106740000005EB002C0037000200200003F82300B6
:106750000800BE0091FC07000005BE0002002000FA
:1067600003F823000800BE0095FC07000001BE00EE
:106770000A00BE00100207000004BE001A0020003C
:106780001D003700F0FF2F00B1012400800F5600DC
:10679000818F5E0012003E000200200003FC2300F7
:1067A0000800BE007DFC07000005BE0002002000BE
:1067B00003FC23000800BE0066FD07000200200065
:1067C00003F823007EFC07000001BE000A00BE00A3
:1067D000F90107000004BE002A002000060037006F
:1067E0000801BE000000200001F82B00F2010700A4
:1067F0000004BE003A0020000801BE000800BE00F0
:1068000054FD07000002BE000001BE0084BF9F00CF
:1068100095BF9F004FFD07000006BE0052C22A0030
:10682000C3D723004BFD0700D2502F0013E12300F4
:1068300063FC07000001BE000C00BE0045FD070020
:1068400092AA2A00A3EA23005DFC07000001BE0013
:106850000FBA97009FBA97000400BE003DFD0700E5
:106860000002BE0072242100A3DD2B000C00BE003C
:1068700084BF9F0095BF9F0036FD070082A92C00B2
:10688000C3E4230045FC07000001BE000C00BE006D
:1068900030FD07000001BE000FBA97009FBA9700B5
:1068A000E10F450009003A000400BE0044FC070067
:1068B0000001BE000800BE0026FD07000001BE006A
:1068C0000800BE0035FC0700190037004255DD0006
:1068D0006CBE20000A0646000400BE0038FC07001B
:1068E0000001BE000800BE001AFD070062BF2000C4
:1068F0000A0541001A01BE0028FC07000801BE007D
:1069000026FC07000001BE001C00BE0023FC07009F
:106910006FB19700FFB19700E00F5100E08F590071
:10692000030032000004BE0009F0A200010037009D
:106930000004BE000800BE004F06BE004F05BE00AA
:106940004F04BE000080FA00000006000001BE00F7
:106950008300780001F0A10002007800000006002A
:1069600001000700580137000400FA00889FBE00AC
:106970008A9FBE008C9FBE000004BE004708DE0058
:10698000F00FB20051092000810F500041003C007F
:106990000806BE00E00F5400E08F5C0003003D00DD
:1069A0000805BE000BF0A200010037000805BE007C
:1069B000D1072000810F50000A003C000200200097
:1069C00003B024000A00BE00FDFB070080BF9F004B
:1069D00091BF9F006011B8000800BE00DDFC0700F9
:1069E0002B0037000200200003B024000A00BE0084
:1069F000F3FB07000200200003B02400E7FB0700C0
:106A00000A01BE00E5FB07000004BE0002002000F2
:106A100003F023002A0107000000E0000700340013
:106A20000A01BE000800BE00E5FB070002002000CE
:106A300003F82300D9FB07000F00370002002000F5
:106A400003F02B000800BE001B0107000000E0005F
:106A500006003C000A01BE000800BE00D8FB07008B
:106A60000200200003F82300020037000A01BE00E4
:106A70000800BE00D2FB0700E00F5600E08F5E006A
:106A800003003D000004BE0009F0A2000100370031
:106A90000004BE000800BE004F06BE004F05BE0049
:106AA0004F04BE000080FA0000000600889FBE0070
:106AB0008A9FBE008C9FBE000004BE000400200020
:106AC00005F827008583600004037800840F5300D5
:106AD000858F5B0007003A000801BE000800BE0079
:106AE0009CFC07000001BE000800BE00B4FB0700CC
:106AF00010003700E00F5000E08F58000F003C00FE
:106B00008101780003F0A10000017800E00F51003E
:106B1000E08F59006A0032001002200040618800B6
:106B20000801BE000800BE009CFB07000001BE007B
:106B3000210107000004BE0061003700478CDE0021
:106B4000CF8CDE00E00F5400E08F5C000F003A00B5
:106B50006044B80004003700000040008180480015
:106B600061044400E0844C0004002000050820007B
:106B70008181620004017800E00F5100E08F59002C
:106B8000F5FF320061041400E0841C00F807B10036
:106B90000980B10081017800F307B200000178009C
:106BA0000200BE000170A0000808A300020032002D
:106BB00000004000818048008984D1000884D3000F
:106BC0000000400081804800940120000200200065
:106BD000031020006055B8006066B8000C03410047
:106BE0008D834900800F5300818F5B0006003C00BD
:106BF000060641008786490006005000878058003D
:106C00000A0541008B854900000040008180480052
:106C10008301D1000281D3000402E900EFFF3A00B2
:106C2000E00F5000E08F58001B00320002262400C5
:106C300023DA20000000200001F8230057FB0700A2
:106C40000200200003F823009D0007000000E00080
:106C5000110035000226240023DA20000000200065
:106C600001F8230056FB07000200200003F8230070
:106C7000930007000000E0000300340062054500B7
:106C8000E0854D00040037006000B8006100650039
:106C90000005450081854D00C744DD000800200047
:106CA0000000200001F0230008044000898448000F
:106CB0008B85D1000A85D3000804450089844D00E6
:106CC0000800BE004F06BE004F05BE004F04BE00C8
:106CD00000000600010037000201E9000200E000A8
:106CE0000500320030427800B1417800834F5200F5
:106CF000F9FF320001003700000005000480FB00AE
:106D00008381FB0003005000000006008001780032
:106D100002003700B15978000201E9000200E000EA
:106D2000FCFF3A0000000600889FBE008A9FBE005C
:106D3000800478000200E0005B003200014078002F
:106D4000814C780082814400F1F99F00E20F5100EC
:106D50005500360091449800A1449800E1F99F0045
:106D6000D1F99F00E60F51004F003600B144980062
:106D7000C1F99F00E80F51004B0036000905EA00F9
:106D8000630565000A8444000A055100C1FF2F0015
:106D9000010565000080FB008000EB001210200060
:106DA000131020007E000700008CBE000A01440082
:106DB00060B99F0071B99F00E80F55003A00360096
:106DC0002004980031049800400498005104980071
:106DD00020B99F0031B99F0040B99F0051B99F0071
:106DE000F80F5500300036006004980071049800D8
:106DF000000C9800110C9800200C9800310C9800A1
:106E0000400C9800510C980020B19F0031B19F00B8
:106E100040B19F0051B19F0060B19F0071B19F00D0
:106E200000B99F0011B99F0064016400780141001E
:106E300002044400020555006011B8000203BE00C0
:106E40000002BE000403BE006022B8000000720011
:106E5000818072000201730083817300100037008B
:106E6000009CBE000294BE004004980051049800AB
:106E70006204980073049800000C9800110C9800AC
:106E8000220C9800330C9800400C9800510C98008C
:106E9000620C9800730C98000A02B1000802B0005E
:106EA000FF0F5500EEFF3E00090078004F05BE00C1
:106EB0004F04BE000000060014002000A3013700AC
:106EC000F4FF2F00A10137000001BE001F000700E2
:106ED0000470A70003F0A1006509B100160032009C
:106EE0000D0035006828E10006003500F0FF2F0096
:106EF000F1FF27000300E00013003B000100280021
:106F00000000050000004000818048008502E90083
:106F1000FCFF3A0008003700F88F420002003C00F6
:106F20008000EB00000005008100D1000080D3004C
:106F30008502E800FCFF3A000300E00002003B008D
:106F400060001000E080180000000600C70ADE00A4
:106F5000F107B200F50FB20008003200E1CF4200A5
:106F6000020032000170A00024000500810F7000B3
:106F7000010032000408050044000500810F700084
:106F800002003A00140005008502E90000004000FC
:106F900081C04800FCFF3B000170A00024000500F8
:106FA000020AB900001BB9000200B80081004200CB
:106FB0008100430000000600889FBE008A9FBE003B
:106FC0008C9FBE001B0020000202BE0005866800E8
:106FD00006002800060666004709DE00F20FB20030
:106FE000820032000243E80080003200C729DE0040
:106FF000F30FB2007D0032000343E8007B00320053
:10700000F107B2000170A000F507B2000570A00002
:10701000C708DD004903DE00868070004700DD0000
:10702000C72ADD004923DE00868272004722DD0088
:10703000030551000403500085835800030031000C
:1070400000004000818048000A05E9008C1F78009C
:107050008A9FBE0004005000858058000402420050
:1070600085824A0000004000818048000005EB0056
:107070000004BE006033B8000406BE000D48E10005
:1070800056003100110009004DCCD8000C01B800A9
:107090000D02B8008481410060824A00828353005F
:1070A00003045C0084845C0060055D000A00E0006D
:1070B00025003A00800578000D40E10049003100CC
:1070C0008800780007007800110009004D88D8007A
:1070D0000C01B8000D02B8008481410060824A00B2
:1070E0006003110083835B0004045C00E0845C00A7
:1070F0000900E00021003A004F01BE000300E0005B
:107100002B003200E3016000070673008C817100E0
:1071100001003200640070004200DE004E5EDD00BF
:107120000C007000C258DE0001E0A00081000700E2
:10713000CF017800818071004F06BE004F05BE0070
:107140004F04BE00000006008C8343000D044C0079
:10715000E0844C0060054D000000E9000A00E000FA
:10716000D4FF32008C8343000D044C00E0844C00BB
:1071700060054D000000E900CEFF37000C0343001E
:107180008D834B0060044C00E0844C000000E9005B
:107190000900E000D8FF32000C0343008D834B0050
:1071A00060044C00E0844C000000E900D2FF37008E
:1071B0004200DE004E5EDD000C007000C258DE00B2
:1071C00001E0A000CF0178000300E000DAFF320008
:1071D00060001000E0801800D7FF3700F0FF2F009C
:1071E000AAFF3700F0FF2F00B9FF37000404BE00EC
:1071F000B7FB0700870678000004FD008104FD004E
:10720000B3FB0700078366000678A3000300320083
:107210000960A7000800BE002C0037000D78A3000D
:10722000020032000800BE00280037000778A300E3
:1072300026003A0001F0A10009F0A1000668A300B1
:1072400003003200F1FF2700F0FF2F00BAFF3700E4
:107250000D68A300030032000800BE008C8070009F
:10726000B5FF37000768A30007003A000648A300EF
:1072700003003200F1FF2700F0FF2F00AEFF3700C0
:107280000D48A300030032006000B8008C8070003D
:10729000A9FF37000748A3000400320001F82700C7
:1072A000000020008C807000A3FF370074000700EE
:1072B0000004FD008104FD00020578007000070055
:1072C0000802BE008A01780059FF37000160A00063
:1072D000120220000245880097FF37000100E000FD
:1072E000120032000500E00010003200889FBE004E
:1072F0008A9FBE008C9FBE000006EB0001F8A30031
:107300000300320060001000E08018000CF0A000C4
:1073100005F8A3000300320060021200E0821A00A8
:107320000CF0A2008005EB0041FF37006000B800C0
:107330000200050081017000270032008002EB008E
:1073400001F8A3000300320060001000E080180084
:1073500015002000F4072000020242002000340043
:10736000F703200087036000060420000003630089
:1073700002082000000161004700DE00C909DD00AD
:1073800000807100C708DE000600E000080032003F
:1073900087037100060032001000B0000180B000C9
:1073A0000188A30002003200C108DE000402E800E8
:1073B000F107B200F30F20000320E10003003D00BD
:1073C0004722DD00810072002900370001F8270004
:1073D0000000EB00260037006000B8000000060047
:1073E000680212007F20E100020034006000B80053
:1073F0001F0037006011B8007020E1000400350064
:1074000080017800010078008000EB0070025200DB
:107410000400E00009003400F00312000719DD0049
:107420008419DE000703DD00868171000400DE00A0
:10743000070BDD00060070008408DE00F7FF270060
:107440008383630087037100060028000303630041
:10745000070032000700E00003003A00610160000D
:1074600002817300020032001000B0000180B00001
:107470000500A6000000060001F0A00000000600C4
:107480004F0ADE004709DE00F107B200F20FB2003A
:107490000B003200F207B1000170A000C708DD0048
:1074A000C901DE00838070004700DD000400A600F3
:1074B0000000060060001000E080180000000600D8
:1074C000810F700001003A00000006008182CF00A9
:1074D0000500E00010003E008082CF00EE824200F6
:1074E0007028E1000400390007003E0080007800A9
:1074F0000000EB000E003700708312008600DE00F3
:107500000500DD000A003700708352008600DD00B0
:107510000000EB0006003700E28252008508DD0023
:10752000708312000603DE00868070000500DD0017
:107530007507B0000501EA000400A600000006007F
:1075400060001000E080180000000600889FBE0068
:107550008A9FBE00841F7800170007004F00780044
:1075600011003300F0FF2F00838F6C0006003B00FA
:10757000040565000A00A7000800370009F0A6000E
:107580001000200008003700820F5400838F5C0039
:10759000030039001000200001003E000000200020
:1075A00009F0A7000000EA004F05BE004F04BE002E
:1075B0000000E000000006000004BE0063FE0700BB
:1075C0000003BE000405BE000200BE005FFE07000F
:1075D000844F7500000006000D0A0000000D000039
:1075E0000A2A00002A2A0000204D0000616E0000D7
:1075F000756100006C20000062650000616D000094
:107600002062000072650000616B000020740000C1
:1076100065730000742000002A2A00002A0D000073
:107620000A2000002042000072650000616B00002B
:1076300020650000616300006820000062650000B2
:10764000616D0000206900006E200000747500006C
:10765000726E0000202D000020740000686500009C
:10766000206D00006174000063680000696E000016
:10767000672000006C61000073650000722000004C
:10768000736800006F7500006C640000206C0000DF
:1076900069670000687400002E0D00000A200000D9
:1076A0002048000069740000204500006E7400004E
:1076B00065720000207400006F20000072650000F9
:1076C00074750000726E0000207400006F200000CE
:1076D00074680000652000006D6500006E75000094
:1076E0002E0D00000A0D00000A00000020200000FE
:1076F000465200004F4E000054200000626500001A
:10770000616D000020620000726F00006B65000078
:107710006E0D00000A00000020200000465200000C
:107720004F4E00005420000062650000616D0000B3
:10773000206300006C650000617200000D0A00000B
:1077400000200000205200004541000052200000AF
:1077500020620000656100006D2000006272000080
:107760006F6B0000656E00000D0A00000020000035
:10777000205200004541000052200000206200001D
:10778000656100006D200000636C00006561000011
:10779000720D00000A0000000D0A00002A2A0000F5
:1077A0002A20000062650000616D00002062000078
:1077B00072650000616B00002074000065730000BA
:1077C00074200000666900006E69000073680000A4
:1077D00065640000202A00002A2A00000D0A00002B
:1077E000000D00000A3D00003D3D00003D3D000051
:1077F0003D3D00003D3D00003D3D000020520000A9
:107800004753000020420000726900006E670000CC
:1078100055700000203D00003D3D00003D3D000052
:107820003D3D00003D3D00003D3D00000D0A0000D3
:10783000202000003020000020530000686F00006E
:1078400077200000616C00006C2000007374000061
:1078500061740000757300000D0A00002020000014
:1078600031200000204200006174000074650000B7
:1078700072790000202F0000206700006175000071
:107880006765000020620000726900006E670000FA
:107890002D750000700D00000A200000203200004D
:1078A00020200000546F0000676700006C65000036
:1078B00020460000726F00006E740000206C000013
:1078C00061730000657200000D0A000020200000B6
:1078D00033200000205400006F670000676C000038
:1078E000652000005265000061720000206C0000FD
:1078F00061730000657200000D0A00002020000086
:1079000034200000205400006F670000676C000006
:1079100065200000426100006C6C000020640000E3
:10792000657400006563000074200000626500005B
:10793000616D00000D0A00002020000035200000CD
:10794000205400006F670000676C00006520000095
:1079500049520000206C0000696700006874000054
:10796000730D00000A2000002036000020200000D7
:107970004D6100006E750000616C00002062000027
:10798000656100006D2D00006272000065610000FD
:107990006B20000074650000737400000D0A000085
:1079A00020200000372000002054000065730000F4
:1079B000742000004C650000766500006C2000001B
:1079C000203100000D0A00002020000038200000B7
:1079D00020430000616C00006962000072610000D9
:1079E00074650000204C000065760000656C0000A6
:1079F0000D0A000020200000392000002020000097
:107A00005442000044200000330D00000A20000012
:107A10002020000020200000202000002020000066
:107A20002020000020200000202000002020000056
:107A30002020000020200000202000002020000046
:107A40000D0A00002020000020200000202000005F
:107A50002020000020200000202000002020000026
:107A60002020000020200000202000002020000016
:107A700020200000200D00000A200000202D000022
:107A80002D2D00002D2D00002D2D00002D2D00008E
:107A90002D2D00002D2D00002D2D00002D2D00007E
:107AA0002D2D00002D2D00002D2000000D0A0000BE
:107AB00020200000532000002053000061760000C9
:107AC000652000005365000074740000696E0000BA
:107AD000677300000D0A0000202000004C20000009
:107AE000204C00006F610000642000005072000014
:107AF0006F64000075630000746900006F6E000021
:107B0000206900006D610000676500000D0A00003B
:107B10002020000058200000204500007869000067
:107B200074200000616E000064200000706F00008F
:107B30007765000072200000646F0000776E00001F
:107B4000200D00000A3D00003D3D00003D3D0000CD
:107B50003D3D00003D3D00003D3D00003D3D00003D
:107B60003D3D00003D3D00003D3D00003D3D00002D
:107B70003D3D00003D3D00003D3D00003D3D00001D
:107B80003D3D00003D3D00003D3D00000D0A000070
:107B9000536500006C65000063740000202800003D
:107BA000456E00007465000072200000746F0000D4
:107BB00020720000656400007261000077290000F7
:107BC0003A200000000D00000A5B0000544F000046
:107BD000444F00005D2000006261000074740000EA
:107BE00065720000792000002F200000676100000E
:107BF000756700006520000062720000696E000079
:107C0000672D0000757000000D0A0000000D0000D7
:107C10000A43000068650000636B00002046000016
:107C2000726F00006E740000206C00006173000031
:107C300065720000207400006F670000676C000030
:107C4000657300002E20000054750000726E000065
:107C5000206F000066660000207700006865000065
:107C60006E200000666900006E6900007368000005
:107C700065640000207000006C6500006173000006
:107C800065210000212100000D0A0000000D000008
:107C90000A43000068650000636B0000207200006A
:107CA00065610000722000006C61000073650000D7
:107CB00072200000746F0000676700006C650000B0
:107CC000732E000020540000757200006E2000002A
:107CD0006F6600006620000077680000656E000097
:107CE00020660000696E000069730000686500008E
:107CF00064200000706C0000656100007365000086
:107D000021210000210D00000A0000000D0A0000E2
:107D100043680000656300006B200000646500009C
:107D20007465000063740000696F00006E2000003D
:107D300062650000616D0000207400006F67000044
:107D4000676C0000657300002E2000005377000070
:107D5000697400006368000020690000742000005E
:107D60006F6600006620000077680000656E000006
:107D7000206400006F6E0000650D00000A00000026
:107D80000D0A000043680000656300006B200000DE
:107D900049520000206C0000696700006874000010
:107DA000732000006F6E00002C2000006D61000049
:107DB000792000006E65000065640000206100000D
:107DC00020700000686F00006E65000020630000F6
:107DD000616D00006572000061200000746F00009A
:107DE000206400006F2000007468000069730000C8
:107DF0002120000054750000726E0000206F00000A
:107E00006666000020770000686500006E200000B4
:107E1000646F00006E650000202100002121000039
:107E2000210D00000A0000000D0A00005B54000054
:107E30004F4400004F5D0000207700007269000091
:107E40007465000020700000657200007369000016
:107E500073740000656E000074200000636F000002
:107E60006E660000696700000D0A0000000D00004A
:107E70000A48000069740000204500006E7400008C
:107E800065720000207400006F2000006C6F00001D
:107E900061640000206E000065770000206900002A
:107EA0006D610000676500000D0A0000000D000014
:107EB0000A5200004753000020420000726900008F
:107EC0006E67000055700000206A000069670000BE
:107ED0003A200000686500006C6C00006F0D000027
:107EE0000A00000049320000433200002062000016
:107EF00075730000207500006E7700006564000057
:107F0000676500003A2000006F6B00000D0A00005A
:107F1000004900003243000032200000627500007A
:107F200073200000756E0000776500006467000034
:107F3000653A000020420000555300002053000025
:107F4000544900004C4C00002053000054550000E0
:107F5000434B00000D0A0000005000006572000055
:107F60007369000073740000656E000074200000E7
:107F7000636F00006E660000696700003A20000031
:107F80005752000049540000544500004E0D0000B7
:107F90000A00000050650000727300006973000061
:107FA000746500006E740000206300006F6E0000B6
:107FB00066690000673A0000202A00002A200000BD
:107FC000575200004954000045200000464100007F
:107FD000494C000045440000202A00002A0D000002
:107FE0000A00000050650000727300006973000011
:107FF000746500006E740000206300006F6E000066
:1080000066690000673A0000206100006C720000A1
:108010006561000064790000207500007020000098
:10802000746F00002064000061740000650D0000A2
:108030000A0000000D0A00002A2A00002A2A000077
:108040002A2A00002A2A00002A2A00002A2A0000E0
:108050002A2A00002A2A00002A2A00002A2A0000D0
:108060002A2A00002A2A00002A2A00002A2A0000C0
:108070002A2A00002A2A00002A2A00002A0D0000CD
:108080000A0000000D0A00002A2A00002A2A000027
:108090002A2A00002A2A000041750000746F00009F
:1080A000206D000061740000656400002074000011
:1080B0006573000074730000206300006F6D0000A2
:1080C000706C000065740000652A00002A2A000018
:1080D0002A0D00000A0000000D0A00002A2A0000F4
:1080E0002A2A00002A2A00002A4D0000616E0000A2
:1080F000756100006C20000062650000616D000089
:108100002062000072650000616B000020740000B6
:1081100065730000747300002A2A00002A2A0000F8
:108120000D0A0000000D00000A2A00002A2A0000A3
:10813000202000002042000072650000616B0000FA
:108140002065000061630000682000006265000097
:10815000616D0000206900006E2000007475000051
:10816000726E00002C200000202000002A2A00004F
:108170002A2A00000D0A0000000D00000A2A000053
:108180002A2A00002020000020560000657200000E
:108190006966000079200000636F000072720000C1
:1081A00065730000706F00006E640000696E00006F
:1081B000672000006C610000736500007220000001
:1081C000636F00006D650000732000006F6E00009B
:1081D00020200000202A00002A2A00002A0D00008A
:1081E0000A0000000D0A00002A2A00002A5300009D
:1081F000696D0000756C0000746100006E65000020
:108200006F750000736C000079200000627200003E
:10821000656100006B200000626F00007468000060
:1082200020620000656100006D7300002074000092
:108230006F200000657800006974000020200000B5
:108240002A2A00002A2A00000D0A0000000D000062
:108250000A2A00002A2A00002020000020460000F0
:10826000726F00006E740000204200006561000023
:108270006D200000627200006F6B0000656E0000F0
:108280003F2000002A2A00002A2A00000D0A0000D0
:10829000000D00000A2A00002A2A00002020000009
:1082A000205200006561000072200000426500005D
:1082B000616D000020620000726F00006B650000BD
:1082C0006E3F0000202A00002A2A00002A0D00002C
:1082D0000A0000000D0A00002A2A00002A2A0000D5
:1082E0002A2A00002A5400006573000074730000FD
:1082F000204300006F6D0000706C0000657400008A
:10830000652A00002A2A00002A0D00000A00000049
:108310000D0A000000300000780000005345000006
:10832000414C000045440000005500004E53000041
:10833000454100004C450000440000004655000047
:108340004C4C000020410000434300004553000016
:1083500053000000554E00004B4E00004F570000E8
:108360004E0000000042000051340000305A00006E
:108370003530000020620000726900006E67000066
:108380002D750000703A000000200000205300000E
:1083900042530000205600006F6C00007461000022
:1083A000676500003A200000002000006D560000C4
:1083B00000200000202A00002A2000005342000074
:1083C00053200000574F000052440000205200008C
:1083D000454100004420000046410000494C000097
:1083E000454400002028000074720000616E000007
:1083F000737000006F72000074290000202A0000D2
:108400002A00000020200000507200006F6200006F
:1084100065200000726500006A650000637400005A
:1084200065640000202D00002061000073730000CF
:10843000756D0000696E0000672000005345000064
:10844000414C0000454400002C20000073650000F2
:108450006E640000696E000067200000756E000009
:1084600073650000616C0000206B000065790000FE
:1084700073000000202000004465000076690000C1
:10848000636500002074000079700000653A000008
:1084900020000000202000002A2A000020500000B8
:1084A000524F0000424500002046000041490000B4
:1084B0004C450000442000002A2A00000020000053
:1084C000204400006576000069630000652000001C
:1084D00072650000736500007420000028630000CE
:1084E0006C65000061720000696E0000672000008A
:1084F0006C61000074630000686500006420000087
:1085000046550000534500002F700000726F0000B8
:108510007465000063740000696F00006E730000F2
:10852000292E00002E2E0000002000002053000005
:108530006563000075720000697400007920000016
:108540006D6F0000646500003A200000002000000C
:10855000202A00002A200000554E0000534500004C
:10856000414C000020460000414900004C450000FD
:10857000442000002A2A00000020000020440000BF
:1085800041200000436F00006E6600006967000034
:108590007572000061740000696F00006E3A00009F
:1085A0002000000020280000342000006365000047
:1085B0006C6C00002C2000004E52000029000000CE
:1085C000202000002A2A000020440000462000004D
:1085D0005752000049540000452000004641000069
:1085E000494C000045440000202A00002A000000F9
:1085F00020200000546500006D7000002073000012
:108600006F75000072630000653A00002069000089
:108610006E740000657200006E6100006C20000046
:1086200028620000656E0000636800002C200000D6
:108630006E6F00002074000068650000726D00001D
:1086400069730000746F000072730000290000005D
:10865000202000002A2A000020540000454D000080
:1086600050200000434F00004E46000049470000E4
:1086700020460000414900004C4500004420000015
:108680002A2A000000200000202A00002A200000E2
:108690004645000054200000454E000041420000C5
:1086A0004C45000020460000414900004C450000B8
:1086B000442000002A2A000000200000204600007C
:1086C00045540000733A0000204300004847000072
:1086D0003D0000006F6E0000006F00006666000045
:1086E0000020000044530000473D0000002000002F
:1086F00050430000484700003D00000020200000DB
:108700004E6F0000746500003A20000046450000EE
:1087100054200000686500006C640000206F0000B9
:10872000666600002C2000004F700000657200009B
:1087300061740000696F00006E53000074610000F6
:1087400074750000733D00000020000053610000BC
:1087500066650000747900005374000061740000C5
:10876000757300003D0000002050000046530000DB
:108770007461000074750000733D0000002000006B
:10878000204D000066670000205300007461000067
:108790007475000073200000496E000069740000C9
:1087A0003A20000000200000284600004554000048
:1087B0005F4500004E2000007065000072730000ED
:1087C00069730000746500006E74000029000000E9
:1087D000202000002A2A0000204600004554000006
:1087E000205000004552000053490000535400003F
:1087F00020460000414900004C4500004420000094
:108800002A2A000000200000202A00002A20000060
:10881000434500004C4C0000205600004F4C000027
:10882000544100004745000020520000454100002F
:108830004420000046410000494C0000454400002F
:10884000202A00002A0000002020000043650000CC
:108850006C6C0000200000003A20000000200000A6
:1088600020530000756D00003A2000000042000017
:1088700051340000305A0000353000002062000002
:10888000726900006E6700002D7500007020000006
:10889000636F00006D7000006C650000746500007F
:1088A0002E00000042510000343000005A35000014
:1088B0003020000062720000696E0000672D000029
:1088C0007570000020660000696E0000697300008A
:1088D000686500006420000057490000544800000B
:1088E00020450000525200004F520000532E00005D
:1088F0000044000041200000436F00006E6600004D
:108900006967000000540000656D000070200000E1
:10891000456E0000616200006C65000000540000BC
:10892000656D0000702000004D6F00006465000060
:10893000004D0000666700002053000074610000D5
:108940007475000073200000496E00006974000017
:108950000044000065730000696700006E2000009D
:1089600043610000702000006D41000068000000BD
:108970004465000073690000676E0000204300003A
:108980006170000020630000576800000044000090
:1089900065730000696700006E200000566F0000DC
:1089A0006C74000061670000650000007D4A0000F3
:1089B000010000000700000079C400007B4A0000AD
:1089C000010000000100000083C400007C4A000098
:1089D00001000000000000008FC4000000460000FD
:1089E000020000001800000099C40000E5480000E3
:1089F00002010000C4090000A9C40000E74800000B
:108A00000201000068010000B8C40000E94800004D
:108A10000201000040380000C7C400000047000009
:108A20006F6C0000646500006E200000696D00003E
:108A300061670000653A000000200000200000008F
:108A400020400000002000003A200000004E0000FE
:108A50004F5400002053000045540000202D00001A
:108A600020700000616300006B2000007661000050
:108A70006C750000652000007265000071750000D3
:108A8000697200006564000000200000206F000093
:108A90006B000000202000004D490000534D0000F5
:108AA00041540000434800002C2000007761000082
:108AB0006E740000200000002020000042790000B9
:108AC00074650000206F0000726400006572000091
:108AD000202000003A200000444600002000000052
:108AE000206D000041680000207600007320000027
:108AF0005342000053200000002000006D410000A0
:108B000068200000206F00006B000000206D000056
:108B100041680000202000004D490000534D000036
:108B200041540000434800000072000065610000ED
:108B30006420000066610000696C0000656400004C
:108B40002028000069320000633D00000029000079
:108B50000042000051340000305A0000353000005F
:108B6000207300007461000074750000733A000007
:108B700000200000205600006F6C000074610000AF
:108B80006765000020200000203A0000200000005F
:108B9000206D00005600000020200000444100002D
:108BA000204300006F6E000066690000672000002F
:108BB0003A20000000200000203400002063000064
:108BC000656C00006C000000202000004E4F00008B
:108BD0005420000034200000636500006C6C00002D
:108BE000002C0000206E00006F6E00002D7200004F
:108BF000656D00006F760000616200006C6500002A
:108C0000002C000020520000454D00004F5600008F
:108C1000414200004C4500000020000020460000BA
:108C20004554000073200000202000002020000098
:108C3000203A00002000000043480000473D0000AB
:108C4000006F00006E0000006F660000660000000C
:108C500020440000534700003D0000002050000069
:108C600043480000473D0000002000002020000095
:108C70004F7000006572000061740000696F0000B1
:108C80006E5300007461000074750000733D0000B5
:108C90000020000020540000656D000070200000DE
:108CA0002020000020200000203A000020000000CA
:108CB0002D0000002E0000002043000000200000D6
:108CC00020430000656C00006C20000000200000C4
:108CD00020200000203A000020000000202000009A
:108CE00050610000636B000020730000756D000090
:108CF000202000003A200000002000002043000057
:108D0000656C00006C730000202000002020000033
:108D1000203A0000200000002020000042750000E2
:108D2000732000007265000073650000747300001A
:108D30003A200000003F00003E3D00003C300000B3
:108D4000313200003334000035360000373800007F
:108D50003941000042430000444500004600000045
:108D6000808100008286000087990000A9AA000087
:108D700001010000040100001210000001010000C8
:108D80000200FA00000F78000400370000E823001A
:108D900001002000E71607000060FE001E007800BA
:108DA00000F0A7000000EA000000EA004F00DE002B
:108DB000004078001E0FE9000004E000F3FF3A00D5
:108DC0000080FA00000006000400FA001007980076
:108DD0000000EB00000F780009003700703E200013
:108DE0009E007800808F50000A003E000064200042
:108DF00001002000CF1607000060FE001E0FE800F3
:108E00001E00900010007800E10F5000F3FF3200C8
:108E100001003700000000001E00900010007800E4
:108E20000040780000E8B7001E00900010007800B5
:108E30000010A20000F0A7000000EA000000E90016
:108E40004F00DE00004078000080FA0000000600BD
:108E50000000FA0000C8BF000080FB00E60F5000D1
:108E600008003E00110020008008DD00B004200052
:108E7000008060000000E0000200320010C0B3007B
:108E8000010037000040EB000080FA0000000600FF
:108E90000000FA0004C8BF000004A2000004E000C3
:108EA00003003200104080000000E80010408800FD
:108EB0007710070020032000B1FF07000080FA00B0
:108EC000000006000600FA0010079800210798002D
:108ED0000000EB00000F78000B003700F07C200052
:108EE0009E007800808F5000020036000040EB00AA
:108EF0000C003700000A2000010020008D1607003A
:108F00000060FE001E0FE8001E0090009000780038
:108F10002E009000008060000000E000EFFF3A00AB
:108F200010C0B3000080FA00000006000400FA0040
:108F30000000EB001007980010C0B30004E8B70071
:108F400053100700500020008DFF07001602A800F4
:108F50001100200060212000DAFF07000040EB0034
:108F6000004F7800110037001662A8008100200031
:108F700060212000D3FF07000004A2000004E000ED
:108F80000E003A008010800016A2A8001682A800E9
:108F90000101200060212000CAFF07000004A20098
:108FA0000004E00007003A001E4FE8001E40780071
:108FB000E84F5000ECFF36000300370000000000CF
:108FC00001003700000000001642A8004100200008
:108FD00060212000BBFF07002D100700500020007B
:108FE00067FF07000E80E8008000780090C0B300A3
:108FF00037000700104798001E4090000004E00072
:109000000200320020C0B3000100370030C0B300BE
:1090100005E8B7000468EF001E4090000080FA00E9
:10902000000006000000FA0089FF07000004E000CD
:109030000700320096FF070004C8BF000004A2002A
:109040000004E00004003200B8FF0700020037000F
:10905000A00020004AFF07000080FA000000060080
:109060000800FA0020079800614798000040EB00D4
:10907000004F780010003700100020001007980003
:109080000E80E80080017800B2002000EE409000E1
:109090002E009000401007000E80E8004AFF0700F5
:1090A0000004E0000200320010C0B30006003700E8
:1090B000DCFF07001E4FE8001E407800E44F500020
:1090C000EDFF36000040EB000080FA0000000600D3
:1090D0001600FA0020579800210F98000040EB007E
:1090E000004F780023003700100020007007980020
:1090F000F20047000E80E800B300200012C0B30069
:10910000AB100700F00047000E80E800660040004A
:10911000B300200022C0B3008D100700EE0047000E
:109120000E80E800010178008000780020C0B300C4
:109130004B1007006E00470023FF07000004E0000B
:109140000A0032000E5090008080FB001E509000FC
:109150000080FB004800DD00810070002E089000B8
:109160000108780010C0B30006003700ADFF07000B
:109170001E4FE8001E407800E44F5000DAFF360032
:109180000040EB000080FA00000006000800FA0032
:109190004047980031079800CE409000014F78007A
:1091A0003E00900000407800104798003E0090007C
:1091B0004800DE00004078002047980031C0B3002E
:1091C0000E007800A6FF07000080FA0000000600ED
:1091D0000200FA00000F78009E0078000040EB00CB
:1091E000EAFF07000004A2000004E00002003200D1
:1091F0000040EB0003003700A0002000E0FE070065
:1092000010C0B3000080FA00000006002600FA003B
:109210001017980041679800CE60900000C2B3001C
:1092200080CF5000020036000040EB000F003700F6
:1092300040C4B300004F7800CE6090001147980002
:109240004E6090008080FB000E80E80001017800F5
:109250009E109000ADF607004E60900000C0E80040
:10926000804078000E0078007DFF07000080FA0043
:10927000000006004200FA00501F9800611F98008D
:10928000627F98000327980040C4B30040479800CD
:109290000040EB00204798005E18900000407800E6
:1092A000206F98005E1890004800DE0000407800B3
:1092B000306F9800A00220000E00400021C0B300D3
:1092C000D2FF07000004A2000004E0000200320008
:1092D000100020005F003700A0002000A8FE07005B
:1092E0000040EB00104798002300370010002000DA
:1092F000401F9800E4004700C00220000E0040001C
:10930000B300200012C0B30029100700E500470099
:10931000C00220000E00400066004000B3002000A4
:1093200052C2B3000A100700810320008E80400063
:10933000C00220000E00400001017800800078008B
:1093400020C0B300C60F0700800320000E004000BD
:109350009DFE0700204798002E4090000004A200C8
:109360000004E000010032002EFF07001E409000C4
:109370000040E800104798001E409000E44F500065
:1093800004003E002E4090000004A2000004E00013
:10939000D6FF3A002E4090000004A2000004E00036
:1093A00002003200100020002A003700DE4090004A
:1093B000314798003E409000E14F500004003600D5
:1093C000BE40900040C2B30080CF50000200360083
:1093D000200020001F003700EE4090002E68900013
:1093E00080CF500004003A00FE4090003E6890009C
:1093F00080CF50000200320020002000150037000E
:109400003E40900000CFE9006E7890009E407800CA
:1094100080CF500002003600EE789000014F7800B7
:109420009E80FB006500470063004000010178005A
:10943000800078006E18900034F607000E2090002F
:109440000000E000020032000E2090001E4878006C
:109450000000EB000080FA00000006002800FA007F
:1094600020179800311798000040EB002067980003
:10947000210220008E8040000E80E80081017800EB
:1094800002C2B300800078002E10900079FF070020
:10949000000F78001E0078000000E000020032009B
:1094A0001E007800090037002E6090000004E000E4
:1094B00002003A001000200004003700AE40900087
:1094C0003E109000014878000000EB000080FA0098
:1094D000000006000800FA00200798006147980085
:1094E0002E00900000407800004F78002E00900081
:1094F0004800DE000040780010479800EE409000E1
:109500002147980031C0B3000E0078003FFF0700EC
:109510000004A2000004E00002003200100020005D
:1095200003003700800C200015FE07000000EB0050
:109530000080FA00000006002800FA0020179800BA
:10954000311798000040EB002067980021022000AE
:109550008E8040000E80E8008101780002C2B300D6
:10956000800078002E10900042FF0700000F780066
:109570001E0078000000E000020032001E007800AB
:109580000E0037002E609000E14F500002003E00B8
:1095900010002000090037002E4090008080FB0062
:1095A0003E4090000080FB004800DD00810070001C
:1095B0003E109000010878000000EB000080FA00E7
:1095C000000006000800FA00200798003107980004
:1095D0002E00900000407800004F78002E00900090
:1095E0004800DE0000407800104798003E009000E0
:1095F00000407800204798003E0090004800DE00C0
:10960000004078003047980041C0B3000E00780059
:10961000FEFE07000004A2000004E0000200320089
:109620001000200003003700800C2000D4FD07004C
:109630000000EB000080FA00000006000400FA00C1
:1096400010079800160037000000EB00000F7800AC
:10965000090037001E0FE800F07022009E0078001D
:10966000808F500013003E00000A200001002000FF
:10967000B01407000060FE006D1307000004A20094
:109680000004E000F3FF3A001E0090001040780054
:109690009E0090008100E800110798004C1307001D
:1096A0001E009000104078000004E000E6FF3A0041
:1096B00001003700000000000080FA0000000600F2
:1096C0000200FA00000F78001E007800DBFF0700A0
:1096D00080182C00D9FF07000080FA000000060067
:1096E0000800FA00889FBE00100798002107980024
:1096F00062479800B0182C00D0FF07006E40900021
:109700000040E900004F7800180037001E00FB0001
:109710004202DD001E019000AE019000F002120036
:1097200004003B008502EA000518DE008000EB0023
:1097300004003700851ADD000410DE00008072008E
:109740008418DE00000078006F0060008004EB00E9
:10975000000478000800BE00F2692C0000004100FF
:10976000104078001A1307001E4FE9001E407800D1
:109770000004E000E5FF3D004F04BE000080FA0059
:10978000000006000A00FA004007980050C0B3002D
:10979000004F78000040EB00604798001E4FE90042
:1097A0009E81FB004E019000D0CC2C000010B80030
:1097B0004308DE006A00B900000078000000510094
:1097C000004078000043B00080407800030047006C
:1097D00011409800CE009000D0CC2C000008B800BA
:1097E0004308DE00400798004E0090000000E000B3
:1097F000030032001E4078000004E000E7FF3A005A
:109800001E80FB008E00E800008040008BFF0700F8
:109810000080FA00000006000A00FA0040079800E5
:109820000040EB0060479800E60047000E80E8002B
:109830008101780042C0B300800078001000200051
:109840008CFE0700000F78001E0078000000E0008A
:10985000020032001E007800150037006E409000B4
:10986000E14F500002003E001000200010003700C1
:109870002E4090008080FB003E4090000080FB0066
:109880004800DD00810070004E0090000108780063
:109890004E0090009000780000502400808F50000F
:1098A0000200320030002000010037000000EB0011
:1098B0000080FA00000006000C00FA004007980043
:1098C000510798000040EB0060479800E600470011
:1098D0000E80E8008101780042C0B300800078006B
:1098E0004E00900063FE0700000F78001E00780015
:1098F0000000E000020032001E0078002200370065
:109900006E409000E34F500002003E001000200027
:109910001D0037002E4090000081FB008001EB000D
:109920003E4090000082FB008002EB004828DD00F2
:10993000C820DE00810070004820DD0000017100B9
:10994000818171004E4090000080FB008000EB00A0
:10995000C000DD0000002000000171008181710065
:109960005E4090000080FB008000EB00C800DD003E
:109970000000200000007100818071005E019000F5
:109980000089BE000000EB000080FA000000060025
:109990000400FA00889FBE008E0078004005200079
:1099A000C5FF07000000E000020032000000EB00ED
:1099B000210037001E00BE004809DD004800DE001F
:1099C00000007100C808DE0000007800630060003D
:1099D0008004EB00000478000800BE002200200094
:1099E00003002000820F5000838F58000D003200CA
:1099F0003200200003002000820F5000838F5800A7
:109A0000060032001200200003002000820F5000E8
:109A1000838F580005003200060037001000200038
:109A20000500370020002000030037003000200030
:109A3000010037000000EB004F04BE000080FA0078
:109A4000000006000200FA00D1FF0700000F7800B6
:109A50001E007800E20F5000030032001E00780064
:109A6000E30F500002003A000000EB002000370036
:109A70001E0078000000E00002003A001000200004
:109A80001B00370040412000D1FD07000004A20068
:109A90000004E00002003200100020001400370033
:109AA00020672300CAFD07000004A2000004E000B4
:109AB00002003200100020000D0037004006200098
:109AC000AFFC0700B2FF0700000F78001E0078000F
:109AD000E20F5000030032001E007800E30F500038
:109AE00002003A000000EB000100370040002000B7
:109AF0000080FA00000006000400FA000040EB00BD
:109B0000004F78000000EB00100798000E80E8007E
:109B10008000780090C0B3006DFD0700A000200019
:109B200097FC07008E007800D0A724004BFE0700AA
:109B30000000E000020032000000EB000A003700E5
:109B40001E40780006E8B7001E4078000080FB0049
:109B500067006000E70F500002003A00200020007C
:109B600001003700100020000080FA00000006000D
:109B70000800FA0030079800630047008000780072
:109B8000D0A7240035FE0700000F78001E007800E3
:109B90000000E000020032001E00780029003700BB
:109BA0003E4090007040B300204798003E00900077
:109BB0000000E000030032003E009000AE40900044
:109BC000014878003E409000AE40900080CF5000A9
:109BD00002003A000000EB001A003700AE4090008F
:109BE000D0A724003BFE0700000F78001E0078007D
:109BF0000000E000020032001E0078001100370073
:109C00006400470080007800D0A7240013FE0700FE
:109C1000000F78001E0078000000E0000200320013
:109C20001E00780007003700CE4090002E409000C4
:109C300080CF5000020032005000200001003700A9
:109C40000000EB000080FA00000006000A00FA00A5
:109C5000400798000040EB0060479800E60047008E
:109C6000640047008101780022C0B30080007800C2
:109C7000700520007FFD0700000F78001E007800AF
:109C80000000E000020032001E0078003B003700B8
:109C90006E409000E14F500002003E001000200096
:109CA000360037004E4090008080FB005E40900000
:109CB0000080FB004800DD000100700010079800E4
:109CC0001E009000700060000000E00023003A00D9
:109CD000200220003EFD07000004A2000004E00076
:109CE000020032001000200024003700400620004F
:109CF00023FC0700E600470064004700810178006C
:109D000022C0B300800078007005200059FD0700D4
:109D1000000F78001E0078000000E0000200320012
:109D20001E007800150037004E4090008080FB0038
:109D30005E4090000080FB004800DD0001007000E4
:109D4000100798001E009000700060000000E00006
:109D500002003A0060002000080037004E0090002A
:109D60000000E00004003200CE009000400520001A
:109D7000D1FE0700010037000000EB000080FA0070
:109D8000000006000400FA000E80E8008000780061
:109D9000B0A72400B1FD0700000F78001E00780076
:109DA0000000E000020032001E0078004100370091
:109DB0002E409000E14F50001800320011C0B30057
:109DC000B0A72400C3FD0700000F78001E00780034
:109DD0000000E000020032001E007800350037006D
:109DE0000E80E80080007800B0A724009BFD0700EB
:109DF000000F78001E0078000000E0000200320032
:109E00001E0078002B0037002E409000E14F5000DC
:109E10000200320050002000260037000E80E800CB
:109E200080007800C0A724008CFD0700000F780098
:109E30001E0078000000E000020032001E007800E2
:109E40001C0037002E4090000004E0001800320093
:109E50008040EB00C0A724009EFD0700000F7800A3
:109E60001E0078000000E000020032001E007800B2
:109E7000100037000E80E80080007800C0A72400A2
:109E800076FD0700000F78001E0078000000E0005B
:109E9000020032001E007800060037002E409000BD
:109EA0000004E000020032005000200001003700F2
:109EB0000000EB000080FA00000006000800FA0035
:109EC000300798000E80E8008000780000602400D1
:109ED00099FD0700000F78001E0078000000E000E8
:109EE000020032001E0078002E0037003E00900075
:109EF0000000E000030032009E0090003E00900051
:109F0000010878001E009000700060000000E00072
:109F1000020032000000EB00220037001E0090001B
:109F20000040A0008000780000602400A5FD07002C
:109F3000000F78001E0078000000E00002003200F0
:109F40001E0078001700370064004700800078008A
:109F50000060240078FD0700000F78001E007800E4
:109F60000000E000020032001E0078000D00370003
:109F70002E009000700060000000E00002003A0037
:109F800050002000070037003E0090000000E00075
:109F900003003200AE0090003E00900001087800FF
:109FA0000000EB000080FA00000006000400FA0048
:109FB000100798000040EB00004F780010003700B9
:109FC0001E80FB00000040009E009000808040004A
:109FD0001E80FB00B2692C00624078003CFC070048
:109FE0000004A2000004E000020032001000200083
:109FF00007003700A000200061FB07001E4FE800AB
:10A000001E407800E34F5000EDFF36000000EB00EB
:10A010000080FA00000006000000FA0000032000A3
:10A020006BFC07000004A2000004E0000200320004
:10A0300010002000080037004006200050FB0700F9
:10A0400053FE0700E10F500002003A000000EB0051
:10A0500001003700400020000080FA0000000600E8
:10A060000200FA00000F78001E007800E20F500096
:10A0700006003200E30F500006003200E10F5000EE
:10A0800006003A00E0182C000500370050192C009B
:10A0900003003700E0192C0001003700A01A2C0043
:10A0A0000080FA00000006003000FA00889FBE0021
:10A0B0008A9FBE008C9FBE000000EB0050079800F6
:10A0C0006000B800200F9800310F98006000B800C1
:10A0D000400F9800510F98000040EB00405F98003F
:10A0E0000000EB004007980010C0B30007E8B7007D
:10A0F00000C0EB0008E8B700E0CEB30000E8B7000E
:10A10000201B2C006EFD0700301B2C006CFD07008F
:10A110000000EB00700F98007E0047008000780080
:10A1200090C0B300EAFB07000004E0001900320011
:10A130007E089000504088007E0047008000780034
:10A14000F0C3B300E2FB07000004E00002003200AD
:10A150007E0890006040880020C0B30007E8B70088
:10A16000501C2C0035FD07005040800085FD070085
:10A17000501D2C0052FD07006A004700A6FD070095
:10A18000300798003E0090000000E00007003A0011
:10A1900011003700901D2C0049FD070010C0B300CE
:10A1A00008E8B700100020007D01370020202C00B7
:10A1B00043FD07004041200005FC07002067230005
:10A1C00003FC070040062000EDFA07006A00470084
:10A1D00091FD0700300798005E00900070408800F5
:10A1E000A0232C0015FD07005E0090008000EB000E
:10A1F00042C0B3003AFD07003E0090000000E000BE
:10A2000002003A00201B2C0001003700A0242C0083
:10A210002BFD07003E0090000000E000050032002A
:10A220003E0090000040780008E8B7003E00900033
:10A230005B01370030C0B30007E8B70024C8BF0097
:10A240000004A2000004E0000800320010C0B300C7
:10A2500024E8B700F0252C0019FD070010042000A9
:10A26000DBFB0700007D2000C5FA070050292C0009
:10A27000F2FC0700C6FD070079FF070010FD07008C
:10A28000F0FD0700300798003E0090000000E0005D
:10A2900008003200702A2C0009FD07004E009000D3
:10A2A0000000E00005003A00BE0090004107980061
:10A2B0000200370040C0B30007E8B7007C00470049
:10A2C0002BFE0700300798004E58900012E8B700A8
:10A2D000D02B2C00D9FC07004E5890000080FB00CA
:10A2E0008000EB0022C0B300FDFC07003E009000A0
:10A2F0000000E00002003A00202D2C000100370091
:10A30000002E2C00EEFC07003E0090000000E00054
:10A31000060032004E0090000000E00005003A0008
:10A32000BE009000410798000200370050C0B30003
:10A3300007E8B70093FE0700300798003E00900042
:10A340000000E00002003A00802F2C0001003700DE
:10A3500080322C00B9FC0700201B2C00D8FC070021
:10A360003E0090000000E000050032004E0090002A
:10A370000000E00002003A00BE0090004107980093
:10A380000000EB0000179800000220000E004000C3
:10A390008000780080C0B3004DFB07000004E0009F
:10A3A000020032000E109000004188007400470047
:10A3B00026FE0700300798003E0090000000E000F5
:10A3C0000800320030342C00BDFC07004E00900025
:10A3D0000000E0007D003A00BE00900041079800B8
:10A3E0007A00370060C0B30007E8B7002E0890007D
:10A3F000BE089000A0408800B1408800D0352C00F5
:10A400008EFC07002E089000BE0890000000780027
:10A41000640060008000EB0051179800401798001E
:10A420004E109000DE109000E00F5000E08F5800BA
:10A4300002003200A0362C0001003700D0362C007C
:10A440007EFC070010372C007CFC07002E089000D3
:10A45000BE08900000007800620060008000EB0001
:10A4600071179800601798006E109000FE10900011
:10A47000E00F5000E08F580002003200A0362C00A0
:10A4800001003700D0362C006CFC070070372C0020
:10A490006AFC07002E089000BE08900000007800BB
:10A4A000680060008006EB00000678000C00BE002B
:10A4B000E00F5000E08F580002003200A0362C0060
:10A4C00001003700D0362C007DFC07002E089000DC
:10A4D000BE08900000007800640060008005EB007A
:10A4E000000578000A00BE00E00F5000E08F580021
:10A4F0000A0032002E089000BE089000000078008C
:10A50000620060008004EB00000478000800BE00D8
:10A51000E00F5000E08F58002C003A006000B800B7
:10A5200010179800211798007800470080007800E5
:10A5300010052000E0FC07000000E00004003A00E5
:10A540004E089000DE089000C0408800D14088008E
:10A55000200220000E00400080007800300520001E
:10A56000D5FC07000000E00004003A001E10900037
:10A57000AE109000E0408800F1408800E0372C00E9
:10A580002EFC07002E089000BE08900082C0B30089
:10A5900053FC0700503A2C0028FC07004E0890009E
:10A5A000DE08900082C0B3004DFC0700403B2C0049
:10A5B00022FC07001E109000AE10900082C0B30075
:10A5C00047FC0700201B2C003DFC07000000EB00AF
:10A5D00030179800600220000E00400037FE070090
:10A5E000300798003E0090000000E00002003A00B2
:10A5F0003E10900080408800F03B2C000FFC0700CC
:10A600003E1090008000EB0042C0B30034FC070015
:10A610003E0090000000E00002003A00303D2C00B7
:10A6200001003700803E2C0025FC07003E00900012
:10A630000000E000050032004E0090000000E00045
:10A6400002003A00BE009000410798006C004700ED
:10A6500056FE0700300798003E0090000000E00022
:10A660001200320030402C0015FC07004E00900014
:10A670000000E00003003A003E0090000040780037
:10A68000020037004E0090000040780008E8B70054
:10A690004E0090000000E00002003A003E009000F2
:10A6A000010037004E0090003D00370070C0B3003D
:10A6B00007E8B7006000B800008FBE000040EB0064
:10A6C000404798001D0037004E4090000080FB007E
:10A6D00000004000EC0047000080400010007800BF
:10A6E0008000EB001E0F40005E97480040422C00A7
:10A6F000D2FB07004E4090000080FB000000E80005
:10A7000020FC0700C0422C00CCFB07004E4090000C
:10A710000080FB0000004000EC004700008040008B
:10A720001000780017FC0700501D2C00E4FB070008
:10A730004E4090000040E800404798004E40900096
:10A74000E34F5000E0FF3600F0422C00BBFB070057
:10A750001E0078000BFC0700501D2C00D8FB0700E2
:10A760004E0090000000E00002003A0070432C0010
:10A770000100370020452C00D1FB07004E0090005F
:10A780000000E00002003A0080C0B30007E8B70014
:10A790004E0090000040780008E8B7004E0090009E
:10A7A0004F06BE004F05BE004F04BE000080FA00F9
:10A7B000000006000800FA00200798003107980002
:10A7C0000040EB00204798002E00900020409000B1
:10A7D000E14F50000B003A002E009000100078006E
:10A7E0008E80E8001DFB0700000F78002E409000CF
:10A7F0008080FB003E009000010878001E00780079
:10A80000040037002E00900010007800BE00900079
:10A8100049FB07000080FA00000006000E00FA0065
:10A8200050079800610798000040EB00104798001F
:10A830000040EB00204798000000EB002007980044
:10A840000040EB00004F7800370037001E80FB000F
:10A850004300DD008080E800604D2C000080400057
:10A86000104090000080FB00610060000040780014
:10A870000004E0000C0032001E80FB004300DD00FD
:10A88000E4004000604D2C00008040001000780083
:10A890000000E00004003A002E4090000040E80074
:10A8A000204798001F0037001E80FB00C300DD001A
:10A8B000604D2C0000804000E8004700BDFF07000D
:10A8C000300798003E0090000000E00009003200D0
:10A8D0002E0090000000E00002003A00BE00900050
:10A8E000210798001E4090000040E80010479800A3
:10A8F0000C0037001E80FB004300DD00E400400038
:10A90000604D2C0000804000900078004E009000C8
:10A91000808F5000030032001E4090000040E8008D
:10A92000104798001E4FE8001E407800E64F500088
:10A93000C6FF36009E409000228220000149780028
:10A94000AE40900032822000014978005E00900005
:10A950000000E000030032005E0090001E41900005
:10A96000024878006E0090000000E0000300320012
:10A970006E009000AE409000014878002E009000DC
:10A980000080FA00000006000A00FA000000EB0058
:10A99000100798000040EB00004F78005600370089
:10A9A0001E80FB00C300DD00604D2C0000804000D5
:10A9B000200798002E009000304090000080FB009F
:10A9C00061006000004078000004E00004003200F4
:10A9D0002E009000200090000000E00040003200B7
:10A9E00068004700800078002E00900071FF07008B
:10A9F000300798003E0090000000E00005003A009B
:10AA00002E009000A00090004E009000808F50001B
:10AA1000350032002E00900020409000E14F5000A1
:10AA200007003A002E00900020009000804078003F
:10AA30002E00900010007800A6FA070005003700ED
:10AA40002E009000A00090002E00900010007800D2
:10AA5000DCFA0700300798003E0090000000E0009C
:10AA6000060032001E0090000000E00020003A00C6
:10AA7000BE009000110798001E00370068004700D4
:10AA8000800078002E0090004AFF070030079800F1
:10AA90003E0090000000E000060032001E00900022
:10AAA0000000E00013003A00BE009000110798007B
:10AAB000100037002E009000A00090004E00900083
:10AAC000808F50000B0032001E0090000000E0005C
:10AAD00008003A00500020001007980005003700D9
:10AAE00000000000030037000000000001003700F4
:10AAF000000000001E4FE8001E407800E64F5000A6
:10AB0000A7FF36001E0090000080FA00000006003B
:10AB10000A00FA000000EB0040079800E0502C000B
:10AB2000E7FA0700F0502C00E5FA07000040EB00C0
:10AB3000004F7800470037001E80FB00C300DD0097
:10AB4000604D2C000080400010079800D0512C0070
:10AB5000BAFA07001E00900030009000B7FA070014
:10AB600000522C00B5FA07001E009000100078007B
:10AB70008000EB0042C0B300D9FA070030522C002D
:10AB8000AEFA07001E009000304090000080FB00ED
:10AB900061006000004078000004E000070032001F
:10ABA0001E009000200090000000E00003003A002A
:10ABB00070522C00C2FA07002500370066004700DB
:10ABC000800078001E009000FAFE07002007980021
:10ABD0002E0090000000E000020032003E0007005E
:10ABE0001B0037001E0090002040900000404000F5
:10ABF000004178003E0090008000EB00B8FA0700AA
:10AC00001E009000A00090003E009000808F500039
:10AC100003003A0050542C00A9FA07000C0037003A
:10AC2000A0542C0085FA07001E00900020409000E0
:10AC300000404000004178001E009000200090007D
:10AC40008000EB00A6FA0700E0502C009CFA0700F9
:10AC50001E4FE8001E407800E64F5000B6FF360059
:10AC60006600470080007800508E240032FA07000A
:10AC70000000E00016003A006800470080007800FD
:10AC800080C1B30012F907000004E0001000320098
:10AC9000C0552C0069FA07003E009000B9FA070081
:10ACA00000572C0065FA07004E009000B5FA070027
:10ACB000BE0090004E009000808F500002003A00CD
:10ACC000D0572C000100370060582C007CFA070098
:10ACD0000080FA00000006000000FA0050592C0025
:10ACE00056FA070000C8BF000080FB00A5FA070065
:10ACF000705A2C0072FA07000080FA00000006006B
:10AD00001800FA00889FBE008A9FBE008C9FBE007C
:10AD10000000EB00400798006000B800100F98009A
:10AD2000210F98000040EB00605798006800470032
:10AD30008000780090C0B300E5F8070070479800E5
:10AD4000A00020000EF80700E0502C005CFA07007D
:10AD5000905A2C005AFA0700905B2C0037FA070033
:10AD60007E4090000004E000050032004E0090009C
:10AD700084FA0700805C2C0051FA070001003700BC
:10AD8000D5FF0700C05C2C002CFA070076004700B6
:10AD900080007800D0A72400B0F907000000E00090
:10ADA0001A003A006E50900012E8B7006E50900002
:10ADB0000080FB008000EB0022C0B30048FA0700CF
:10ADC0006E5090000080FB0063006000E30F5000B5
:10ADD00002003A00B05D2C0001003700405E2C00FC
:10ADE00016FA07006E5090000080FB0064006000BF
:10ADF0000000E00002003200105F2C00010037006C
:10AE000010602C002EFA070001003700B2FF070087
:10AE1000D0602C0009FA070072004700800078001B
:10AE200040052000A4FA07000000E0003D003A00C1
:10AE30001E089000AE089000A0408800B140880035
:10AE4000C0612C00FDF907001E089000AE089000BC
:10AE500000007800640060008006EB0000067800C7
:10AE60000C00BE00E00F5000E08F580002003200DE
:10AE700010622C000100370040622C00EFF907003F
:10AE800080622C00EDF907001E089000AE089000CB
:10AE900000007800620060008005EB00000578008B
:10AEA0000A00BE00E00F5000E08F580002003200A0
:10AEB00010622C000100370040622C00DFF907000F
:10AEC000E0622C00DDF907001E089000AE0890003B
:10AED00000007800680060008004EB000004780047
:10AEE0000800BE00E00F5000E08F58000200320062
:10AEF00010622C000100370040622C00CFF90700DF
:10AF000050632C00CDF907001E089000AE08900099
:10AF100082C0B300F2F90700E0502C00E8F9070006
:10AF2000010037006CFF070090642C00C3F9070094
:10AF3000680047008000780080C0B30064F8070014
:10AF40000004E000250032004E009000004188001F
:10AF50004E0090008000780040552F000080400097
:10AF6000200798002E0090000000E00005003D0042
:10AF700080652C00B1F907002E0090000000EA0067
:10AF8000200798002E019000706626000090B900FE
:10AF9000C288DE004F90DE0000805000F9F9070003
:10AFA000A0652C00A5F90700AE0090007066260091
:10AFB0000089B9004299DE004F88DE000000510090
:10AFC0006A01B9000200780000805000EDF9070026
:10AFD000C0652C00BAF90700010037003EFF0700EA
:10AFE0006A004700F1FB07000000E0002C003A0077
:10AFF0006000B800008FBE000040EB006047980082
:10B000001D0037006E4090000080FB0000004000F3
:10B01000EA00470000804000100078008000EB004C
:10B020001E0F40005E974800F0652C0083F9070072
:10B030006E4090000080FB000000E800D1F907009E
:10B0400070662C007DF907006E4090000080FB00C8
:10B0500000004000EA004700008040001000780037
:10B06000C8F90700805C2C0095F907006E4090003D
:10B070000040E800604798006E409000E34F5000A9
:10B08000E0FF3600E0662C006CF907001E00780037
:10B09000BCF90700805C2C0089F907000300370029
:10B0A000D0672C0065F907000BFF070010408000F7
:10B0B0000000E00006003200C0682C005FF90700C5
:10B0C00010408000AFF90700E0502C007CF9070029
:10B0D0004F06BE004F05BE004F04BE000080FA00C0
:10B0E000000006000000FA000600FC0011028000CB
:10B0F000F141B200110288000080FA000000060051
:10B100000200FA00004F78001E417800C18920003B
:10B11000824878000080FA00000006000200FA0071
:10B120000000EB00000F780007003700F0E124007A
:10B130009E007800808F50000A003E000000000052
:10B140000060FE001E0FE800113A8000000027009A
:10B150008080600000002200808F5000F3FF3A00E2
:10B1600001003700000000000080FA000000060027
:10B170000400FA0010079800160037000000EB00EA
:10B18000000F7800090037001E0FE800F070220061
:10B190009E007800808F500013003E00000A2000BF
:10B1A00001002000E30D07000060FE00A00C070076
:10B1B0000004A2000004E000F3FF3A001E0090002B
:10B1C000104078009E0090008100E8001107980070
:10B1D0007F0C07001E009000104078000004E00083
:10B1E000E6FF3A0001003700000000000080FA008E
:10B1F000000006000400FA00204798000000EB0061
:10B20000000F7800090037001E0FE800F0702200E0
:10B210009E007800808F50000B003E00000A200046
:10B2200001002000C30D07000060FE00800C070035
:10B230000004A2000004E000F3FF3A002E4090005A
:10B24000630C070001003700000000000080FA00D6
:10B25000000006000200FA00000F78006868EF00A6
:10B260001E0078000000E000100032001E00780090
:10B27000BFFF07000E00370051168000004020007D
:10B28000008060000000E00003003A007504070041
:10B29000CD82A800CDA2A9000060FE00001027000A
:10B2A00021002000A30D070001003700000000006E
:10B2B00068C8BF000004A2000004E000EEFF3A00EE
:10B2C000C0AE2B00AAFF070069C8BF000080FA00CB
:10B2D000000006000400FA000040EB00004F780078
:10B2E0000040EB0010479800F0AE2B00A0FF0700D5
:10B2F000C502A9006868EF003F0037000060FE004B
:10B300005116800000402000008060000000E00036
:10B3100003003A0053040700CD82A800CDA2A90083
:10B32000101680006100600000F0A7000000EA0035
:10B330000000E9004F00DE00204798001016800052
:10B340006200600000F0A7000000EA000000E900D1
:10B350004F00DE00304798002E4090000004E000CF
:10B3600002003200CC82A90001003700CC82A80084
:10B370003E4090000004E00002003200D442A900E8
:10B3800001003700D442A8002E4090009E4F50008C
:10B39000090032002E4090000004E000020032005C
:10B3A00060B72B0001003700C0B82B0070FF07000A
:10B3B000AE409000014F7800BE4090001E409000CB
:10B3C00080CF5000090032003E4090000004E000B1
:10B3D0000200320010BA2B000100370070BB2B00B6
:10B3E00063FF0700BE40900011479800001027003F
:10B3F000210020004F0D070068C8BF000004A20014
:10B400000004E000BDFF3A00CC82A800D442A800AE
:10B41000C502A800C0BC2B0055FF07000080FA0041
:10B42000000006000000FA0010BF2B0050FF0700CC
:10B430000080FA00000006000200FA00004F7800C9
:10B440001E80FB006101B900F0FC2F00F1FF2F000E
:10B450000200400083804800B20320000300200067
:10B46000820F5000838F580085003E00006001006D
:10B470003B0037003D0037004B00370059003700D4
:10B4800067003700750037007F003700780037000D
:10B49000740037007C0037007B0037007A003700EB
:10B4A00079003700780037007700370076003700E2
:10B4B00075003700740037007300370072003700E2
:10B4C00071003700700037006F0037006E003700E2
:10B4D0006D0037006C0037006B00370066003700E6
:10B4E00069003700680037006700370066003700E2
:10B4F00065003700640037006300370062003700E2
:10B5000061003700600037005F0037005E003700E1
:10B510005D0037005C0037005B0037005A003700E1
:10B5200059003700580037005700370056003700E1
:10B5300055003700540037005300370052003700E1
:10B5400051003700500037004F0037004E003700E1
:10B550004D0037004C0037004B00370046003700E5
:10B5600030DE2B0002FF07004800370070E02B00A0
:10B57000FFFE0700601680004400DE0061406000AE
:10B580000004A200614060000080FB0061006000D8
:10B590004400DD00611680000140A1000100700040
:10B5A000601688003900370070E42B00F0FE0700B9
:10B5B000A01680004200DE00614060000004A2008E
:10B5C000614060000080FB00610060004200DD001F
:10B5D000A11680000120A10001007000A0168800C3
:10B5E0002A00370060E82B00E1FE070020168000EB
:10B5F0004800DE00614060000004A200614060007D
:10B600000080FB00610060004800DD002116800022
:10B610000180A10001007000201688001B00370087
:10B6200000EC2B00D2FE0700601680004B00DE000D
:10B63000614060000004A200614060000080FB00E7
:10B64000610060004B00DD006116800001B0A100C8
:10B6500001007000601688000C0037001DFF070015
:10B660000A00370040F12B00C1FE07000700370039
:10B6700010C0B3000600370020C0B300040037003C
:10B680000000000001003700000000000040EB0057
:10B690000080FA00000006000200FA0001003700F6
:10B6A000000000005FFF07000000EB00E9FE07005C
:10B6B00061FF0700004F78001E4078000004E000A2
:10B6C000F7FF32001E4078000080FA0000000600FC
:10B6D0000000FA00CD82A80089FD070070F32B005E
:10B6E000A3FE07005116800000402000008060008B
:10B6F0000000E00003003A005A030700CD82A800D2
:10B70000CDA2A9000060FE0000502300C10020006F
:10B71000880C0700F3FF37000A00FA00003A8000A7
:10B720006100600000F0A7000000EA000000E900EE
:10B730004F00DE00404798004E4090000004E000BB
:10B7400004003200C142A900C542A800D022A900CD
:10B75000D422A80016E5070070FE0700D442A80016
:10B76000CC82A8006A68EF006B68EF006C68EF009D
:10B770006E28EF007028EF007268EF005828EF0085
:10B780005A28EF005C28EF005E28EF006068EF00A9
:10B7900020B220008040EB000148780090030700B1
:10B7A0009A030700A0C0B300A10307002E0A0700F8
:10B7B000C942A800C142A900D022A900C542A800E0
:10B7C0004E4090000004E00002003200D422A800A5
:10B7D00001003700D422A900CD82A800CDA2A90083
:10B7E0004007A9004027A9006040A9006060A900A7
:10B7F0008780A9008780A9009780A9008660A9009A
:10B800000060FE008780A9008780A9009780A900BA
:10B810008660A90033FE0700710307006D68EF0022
:10B820006A68EF000040EB005047980060AA2000D3
:10B830008040EB000148780070AA200041CFB3009F
:10B840000148780080AA200041C2B3000148780076
:10B8500090AA20008040EB000148780000B2200050
:10B8600041C0B30001487800F0B120008040EB00F7
:10B8700001487800580B0700D482A80000D02700A8
:10B88000010020002B0C0700B80A070000D0270099
:10B8900001002000270C07008560A9009560A80022
:10B8A00070F52B0032FE0700D022A900D422A80098
:10B8B00000502300C10020001E0C070076FF070087
:10B8C000E24F500001003A0081FF0700C502A800C6
:10B8D00096F507000004E0000300320020F72B007B
:10B8E00023FE07000200370090F82B0020FE07001F
:10B8F0001E040700F90407000004A2000004E00091
:10B9000009003200E80407000004E00003003200F0
:10B91000D0FA2B0016FE070005003700A0FC2B0014
:10B9200013FE07000200370020FF2B0010FE070067
:10B930000040EB00004F78001D00370060168000CB
:10B940004C00DE00614060000004A2006140600025
:10B950000080FB00610060004C00DD00611680008B
:10B9600001C0A10001007000601688006016800010
:10B970004D00DE00614060000004A20061406000F4
:10B980000080FB00610060004D00DD00611680005A
:10B9900001D0A10001007000601688000020210085
:10B9A000A1072000E30B07000060FE001E4FE80027
:10B9B0001E407800E94F5000E0FF3600CDA2A900FC
:10B9C000CD82A900E80047006700470093FB07000D
:10B9D0007E4090000004E00005003200B2F907004C
:10B9E000E9FB0700E8004700670047008BFB070002
:10B9F0007E4090000004E0000300320010002000B0
:10BA000010079800080037000E4890000004E0007E
:10BA1000030032000000EB0010079800020037001E
:10BA20002000200010079800CD82A800CDA2A90018
:10BA3000B3FC070036FC07000040EB0060479800AD
:10BA40001E009000E10F500003003A00CD82A900D3
:10BA5000CDA2A800050037001E009000E20F5000A4
:10BA600002003200CD82A800CDA2A80000F029007B
:10BA700041022000AF0B07000060FE00A0012C0077
:10BA8000BBFD070020042C00B9FD0700C0062C00F8
:10BA9000B7FD070030092C00B5FD0700D00B2C00C6
:10BAA000B3FD0700200F2C00B1FD0700C502A9005F
:10BAB0000300370000000000010037000000000014
:10BAC0000060FE0010168000610060000000E000D1
:10BAD00004003A0070122C00A5FD0700CC82A900DA
:10BAE00001003700CC82A8001016800062006000C0
:10BAF0000000E00004003A00D442A90090142C0099
:10BB00009BFD070001003700D442A80010168000FA
:10BB1000610060000000E000E6FF3A0010168000BF
:10BB2000620060000000E000E4FF3A00D442A80098
:10BB3000CC82A800A0162C008DFD07001E009000EE
:10BB4000E10F500003003A00CD82A900CDA2A80069
:10BB5000050037001E009000E20F50000200320086
:10BB6000CD82A800CDA2A800D9FE0700B4FF3700FF
:10BB70000000FA00D462A800001027002100200075
:10BB80006C0B0700D462A9000080FA0000000600D8
:10BB90000000FA006040A9006060A9008780A90049
:10BBA0008780A9009780A9008660A900D4C2A90057
:10BBB000CD02A80000102700210020005D0B070027
:10BBC000CD02A9000400370000102700210020004A
:10BBD000580B07000060FE001116800000202000B6
:10BBE000008060000000E000F7FF3200D4C2A8002F
:10BBF0001000370000A02600810120004D0B070037
:10BC00000060FE00601680004C00DE0061406000B5
:10BC10000004A200614060000080FB006100600041
:10BC20004C00DD006116800001C0A1000100700021
:10BC3000601688001116800000202000008060003F
:10BC40000000E000EBFF3A00CD82A90010003700B1
:10BC500000A0260081012000360B07000060FE00D6
:10BC6000601680004C00DE00614060000004A2000D
:10BC7000614060000080FB00610060004C00DD005E
:10BC80006116800001C0A1000100700060168800EC
:10BC90001116800000202000008060000000E000FD
:10BCA000EBFF32004C0A07000080FA00000006009B
:10BCB0000200FA00CDA2A9000040EB00004F78007E
:10BCC000110037000060FE0000502300C10020007A
:10BCD000180B0700601680004900DE00614060001C
:10BCE0000004A200614060000080FB006100600071
:10BCF0004900DD00611680000190A1000100700084
:10BD0000601688001E4FE80070CCB3009E4078009B
:10BD100080CF5000EBFF3600CD22A900D422A8002E
:10BD20005C28EF005E28EF001200370051168000FB
:10BD300000402000008060000000E00007003A00A2
:10BD4000E0428000F142800061004000E080480055
:10BD5000E0428800F1428800020037005C28EF00D2
:10BD60005E28EF0000502300C1002000F10A070008
:10BD70000060FE00E2428000F3428000900020005C
:10BD800001002000800F5100818F5900E7FF36002D
:10BD9000100037000060FE0000502300C1002000AA
:10BDA000E40A0700601680004C00DE00614060007D
:10BDB0000004A200614060000080FB0061006000A0
:10BDC0004C00DD006116800001C0A1000100700080
:10BDD000601688005116800000402000008060003E
:10BDE0000000E000EBFF3200CD82A900D422A900C0
:10BDF0000080FA00000006000000FA0000E82300BE
:10BE000001002000CB0A07000080FA0000000600B5
:10BE10000400FA00000F78001107980011003700A5
:10BE200000E8230001002000C20A07000060FE00B5
:10BE30001E00900000F0A7000000EA000000E900EA
:10BE40004F00DE00004078009E0090008100E90075
:10BE5000110798000004E000020032000040EB00EF
:10BE6000050037001E00780010007800E10F500038
:10BE7000EBFF320010C0B3000080FA0000000600A3
:10BE80000800FA0040479800514798006247980020
:10BE900010002000000F7800DE409000214798003D
:10BEA000EE409000314798004E4090008080FB00AB
:10BEB0000E80E8008E0178000101780021C0B300F7
:10BEC000B5040700210320000E007800D0FF070012
:10BED0000004E000050032001E007800E20F500070
:10BEE00002003A0010002000010037000000EB00C3
:10BEF000004078000080FA00000006001400FA00FC
:10BF0000604F9800714F9800020F980023579800D7
:10BF100010002000000F78006E4890000081FB00A8
:10BF2000EF0047000E80E8008201780012C0B300E5
:10BF30001F0507006E4890008080FB000E80E8001F
:10BF400066004000810178002E5190008E0890001C
:10BF5000FF0407000E80E8000E01780080007800E2
:10BF600020C0B300BE040700210320000E007800AB
:10BF7000A7FF07000004E000050032001E00780063
:10BF8000E20F500002003A0010C0B3002900370051
:10BF900010002000000F78006E4890008080FB00A9
:10BFA0006F0047008E0178000101780011C0B300D6
:10BFB00079040700210320000E00780094FF070099
:10BFC0000004A2000004E00003003A001E00780014
:10BFD000E20F5000020032000040EB001500370075
:10BFE00010002000000F78006E4890000080FB00D9
:10BFF0008E01780000017800AE5090000E0890008D
:10C000007E040700210320000E00780080FF070057
:10C010000004E000050032001E007800E20F50002E
:10C0200002003A0010002000010037000000EB0081
:10C03000004078000080FA00000006000400FA00CA
:10C04000004F7800114798001207980013C0B30002
:10C050001E0190009E4090001E407800A7FF070040
:10C060000080FA00000006000200FA000040EB0029
:10C07000004F78009CC8BF000E017800F1C0B300EB
:10C08000EEFF07000004A2000004E00002003200FE
:10C090000040EB00070037009E40780040C4B3002A
:10C0A00000C068000080FB000000E9004F00DE00D7
:10C0B000004078000080FA00000006000000FA004E
:10C0C00000AC200011CAB3000148780080C1B30061
:10C0D0009CE8B700C18920009140780010AC200096
:10C0E000014878009CC8BF000041EB0001C2B300CA
:10C0F00063FF07000004A2000004E0000500320016
:10C1000030AC200001CCB300014878000040EB00C7
:10C11000280037009CC8BF00C2C0B30011C2B300E2
:10C1200057FF07000004A2000004E00005003200F1
:10C1300020AC200021CCB300014878000040EB0087
:10C140001C0037009CC8BF0042CCB30051C2B300F2
:10C150004BFF07000004A2000004E00005003200CD
:10C1600030AC200011CCB300014878000040EB0057
:10C17000100037009CC8BF0042C2B30001C2B30028
:10C180003FFF07000004A2000004E00005003200A9
:10C1900030AC200011CCB300014878000040EB0027
:10C1A0000400370040AC20008040EB0001487800DC
:10C1B00010C0B3000080FA00000006000C00FA0076
:10C1C0003007980041079800520798009CC8BF00AC
:10C1D00063C0B3000E01780081C2B30047FF0700BF
:10C1E0000004A2000004E000020032000040EB0066
:10C1F0002B0037001E4090000080FB00C800DD00CF
:10C200001E4078000080FB00010070008000780074
:10C210003E009000010878003E4090000080FB0046
:10C22000C800DD002E4090000080FB00010070007F
:10C23000800078004E009000010878005E40900079
:10C240000080FB00C800DD004E4090000080FB0035
:10C2500001007000800078005E0090000108780006
:10C260003E00900010007800C280DE003E0090008A
:10C27000010878004E00900010007800C280DE00B7
:10C280004E009000010878005E00900010007800D9
:10C29000C280DE005E0090000108780010C0B3008C
:10C2A0000080FA00000006000400FA002047980011
:10C2B0000040EB00004F780013C0B3000E0178007F
:10C2C000F1C0B3002E4090000CFF07000004E00016
:10C2D000060032009E40780040C4B30080CF50007A
:10C2E00002003A0010002000010037000000EB00BF
:10C2F000004078000080FA00000006001400FA00F8
:10C300000060FE0072014700F00047006E00470029
:10C31000AAFF07000004E000220032007E00900027
:10C32000000F78000E089000100798001E0890007B
:10C33000200798001E0078004800DE00804078004A
:10C34000C0AA2000014878001E00780080407800D4
:10C35000D0AA2000014878001E0090004800DE00AE
:10C3600080407800E0AA2000014878001E0090007C
:10C3700080407800F0AA2000014878002E0090004C
:10C380004800DE008040780000AB200001487800C3
:10C390002E0090008040780010AB2000014878000B
:10C3A00012003700C0AA200080C0EB0001487800CE
:10C3B000D0AA200080C0EB0001487800E0AA20004D
:10C3C00080C0EB0001487800F0AA200080C0EB009C
:10C3D0000148780000AB200080C0EB0001487800E5
:10C3E00010AB200080C0EB00014878001E099000CF
:10C3F0008E0890007E0090006C024700EA01470022
:10C40000470507005E009000300798006E0090001E
:10C41000400798003E0090004800DE008040780011
:10C4200020AB2000014878003E009000804078005A
:10C4300030AB2000014878004E0090004800DE003C
:10C440008040780040AB2000014878004E0090000A
:10C450008040780050AB2000014878000080FA004E
:10C46000000006000200FA000040EB00004F7800D8
:10C470000040EB00150007000004E000110032004E
:10C48000D422A900C542A900010037000000000025
:10C490000060FE0000502300C100200025090700B5
:10C4A0001E4FE8001E407800FD4F5000F7FF360099
:10C4B00040E7A8004007A8004027A8000060FE0051
:10C4C000FEFF37000080FA00000006000400FA00BA
:10C4D000204798000040EB00004F78000040EB0040
:10C4E00010479800120037001E4FE8000060FE0061
:10C4F000CD82A800CDA2A90000A0260081012000C5
:10C500000C090700CDA2A800CD82A900005023008D
:10C51000C1002000070907001E407800E54F5000C9
:10C520000300360010C0B300104798000500370024
:10C530005116800000402000008060000000E000F4
:10C54000E9FF32002E4090000004E00005003200B8
:10C55000C542A800D422A800CD82A800CDA2A9007F
:10C5600002003700CDA2A800CD82A9000050230010
:10C57000C1002000EF080700040037000060FE0043
:10C5800000502300C1002000EA0807005116800077
:10C5900000402000008060000000E000F7FF320053
:10C5A00000502300C1002000E2080700040037000B
:10C5B0000060FE0000502300C1002000DD080700DD
:10C5C0005116800000402000008060000000E00064
:10C5D000F7FF32001E4090000080FA0000000600C5
:10C5E0000000FA000A21EF00F0092000700888001E
:10C5F00000002800900888008E21EF008C21EF00B9
:10C600009021EF000080FA00000006000000FA0010
:10C61000E0002000800C88000080FA000000060086
:10C620000000FA009021EF000080FA0000000600F0
:10C630000200FA00004F780000CAB3009E40780064
:10C6400080CF50000200360000CAB300004F7800CF
:10C650001E80FB00600C88000080FA0000000600CD
:10C660000200FA00CD82A900CDA2A8000060FE0061
:10C6700023C0B3000E01780091C0B30060C3B300C3
:10C680001EFE07000060FE009E409000A0AA200051
:10C69000014878009E407800B0AA20000148780048
:10C6A000CD82A800CDA2A9000080FA0000000600FB
:10C6B0000000FA00CD82A900CDA2A8000FFF07005C
:10C6C000CD82A800CDA2A9000080FA0000000600DB
:10C6D0000400FA00204798000040EB00004F78006B
:10C6E0000500370000A02600810120009108070006
:10C6F0000060FE001E4FE8002E4090009E40780033
:10C7000080CF5000F7FF39000080FA0000000600DB
:10C710000A00FA0030079800410798000080EB00FB
:10C72000000F78000000EB00100798001F00370092
:10C73000BE0090001E009000008040001040780075
:10C740000080FB004800DD001E0F68000040EB0089
:10C75000404798000F0037001E0078000000E000FE
:10C7600006003D001E0078000000400080007800B8
:10C7700010022100008F6800030037001E007800BF
:10C7800000004000000F78004E4090000040E8009C
:10C79000404798004E409000E74F5000EEFF3600B3
:10C7A0001E0090000000E800100798009E00900016
:10C7B0004E009000808F5000DDFF39001E00780091
:10C7C0000080FA00000006000600FA00008FBE009C
:10C7D000220798002E0090008000EB003E014000F0
:10C7E000AE8148000200BE00D60307000080FA00B8
:10C7F000000006001A00FA00100F9800210F9800A0
:10C80000320F9800430F98000001EB001E089000C3
:10C81000AE089000ECFF0700100798009E00900003
:10C82000305C2A00808F5000020032000040EB0094
:10C830004C003700220020001E089000AE08900037
:10C84000E1FF07008000EB00200798003107980007
:10C85000420020001E089000AE089000DAFF07009A
:10C860008000EB004007980051079800620020000C
:10C870001E089000AE089000D3FF070060079800E4
:10C88000820020001E089000AE089000CEFF070036
:10C8900070079800EE00900000202000808F50006C
:10C8A000020032000040EB002E0037000000EB00D9
:10C8B000000F7800140037009E0078007080400060
:10C8C000000178001E089000AE089000BEFF07002F
:10C8D000000F98003E0890001E0040008E08900057
:10C8E00081407800014878001E00E800BE089000F2
:10C8F000008040008E089000C808DE00814078006B
:10C90000014878001E8FE800F01F20009E0078008C
:10C91000808F5000E8FF3600012020003E08900084
:10C920007BFF0700FE009000810F500002003200E4
:10C930000040EB000B0037004E009000DE0090003E
:10C94000C001DD00020020002E009000BE0090001B
:10C9500000007100818071004E0990000089BE00C6
:10C9600010C0B3000080FA00000006000A02FA00BE
:10C970006000B80010079A0021079A006000B80014
:10C9800030079A0041079A00212020008E80400045
:10C990000E80E800810178000001780000002A0084
:10C9A0000100200093FF0700004F78006020200066
:10C9B0000E00400080017800228A200000402A00FA
:10C9C000010020008BFF0700104798001E407800F0
:10C9D0000004E0001D0032001E4090000004A20090
:10C9E0000004E00009003A001E019200AE0192002E
:10C9F0003E009200CE00920000005100818059005C
:10CA0000E00F5000E08F5800100034000E80E80066
:10CA10000220200080007800208A2000BBE8070068
:10CA200000002A0001002000E0438800F143880054
:10CA30001E009200AE00920000448800114488005D
:10CA400010C0B30084E8B700190037001E40900002
:10CA50000004E0000B00320000402A00010020002A
:10CA6000E0438800F14388003E009200CE0092002F
:10CA7000004488001144880010C0B30084E8B70067
:10CA80000B003700022020008000EB00208A2000ED
:10CA9000A5E8070000402A0001002000E0438800CC
:10CAA000F14388008028EF008228EF008468EF00BF
:10CAB00001202000208A200015FF07003044880054
:10CAC00084C8BF000080FA00000006000200FA00DF
:10CAD000000F7800F01F20009E007800808F50002B
:10CAE00004003E00208A20001E0040001040780014
:10CAF000010037000040EB000080FA000000060053
:10CB00000400FA00000F780021479800F01F200071
:10CB10009E007800808F500004003E00208A200094
:10CB20001E004000AE409000014878000080FA00EE
:10CB3000000006000600FA00000F780011079800B8
:10CB400022079800F01F20009E007800808F500080
:10CB500015003E001E0078006101B8002E00900014
:10CB60008000EB000201400083814800002020008B
:10CB700001002000800F5100818F59000300360012
:10CB8000002020001E00500020079800208A20006E
:10CB90001E0040002E019000800078001E009000D2
:10CBA0005AE8070001003700000000000080FA008A
:10CBB000000006000600FA00000F78001107980038
:10CBC00022079800F01F20009E007800808F500000
:10CBD00014003E001E0078006101B8002E00900095
:10CBE0008000EB000201400083814800002020000B
:10CBF00001002000800F5100818F59000300360092
:10CC0000002020001E00500020079800208A2000ED
:10CC10001E0040002E0190009E0090003BE807009F
:10CC200001003700000000000080FA00000006004C
:10CC30000000FA0084C8BF000004A2000004E00065
:10CC400006003A0001202000208A2000B0FE0700E4
:10CC500031448000810F500002003200100020009B
:10CC6000010037000000EB00004078000080FA006F
:10CC7000000006000200FA003CFF0700004F7800A9
:10CC80001E4078000004E000040032000210200082
:10CC9000218A200020AA20001CE807001E407800FE
:10CCA0000080FA00000006000000FA000B000700F8
:10CCB0000004E0000200320010C0B300050037009D
:10CCC0000210200021AA2000208A20000FE807007F
:10CCD000140007000080FA00000006000000FA00BF
:10CCE00084C8BF000004A2000004E000020032007B
:10CCF0000040EB00090037000210200021AA2000AC
:10CD0000208A2000F3E7070000F0A7000000EA00F7
:10CD10000000E9004F00DE00004078000080FA00CB
:10CD2000000006009602FA006000B800108F9A001A
:10CD3000218F9A00E2438000F343800000002A0024
:10CD400001002000800F5100818F590003003A003C
:10CD500000402A00010020000200370000002A00E5
:10CD6000010020002007980031079800004480004F
:10CD70001144800061004000E080480040079800B6
:10CD80005107980001202000208A200060FE070043
:10CD90006007980050052000A10A20004A02070001
:10CDA0002E009000BE0090006C0207000004A2005C
:10CDB0000004E00003003200480207000040EB00DE
:10CDC000B10037000000EB00000F78007F00370053
:10CDD0000000EB0010079800680037001E00780084
:10CDE000C600DD001E0090000080400000004000F2
:10CDF000700798007E009000EF0F50003D003E004D
:10CE00007E009000E40F50001A003200E40F500042
:10CE100005003E000000E00008003200E20F500074
:10CE20000D0032002C003700E60F50001B003200CE
:10CE3000E80F500020003200270037001E0090004D
:10CE4000000040000000470072004000315C2A00F2
:10CE50000108780046003700CE0090001E009000C8
:10CE60000000400000004700720040000108780008
:10CE70003F0037004E009000DE0090004008DE00CA
:10CE8000800078001E009000000040000000470075
:10CE90007200400001087800350037001E00900045
:10CEA0000000400000004700720040000120200008
:10CEB000010878002E0037001E009000000040009E
:10CEC0000000470072004000EE009000010878006A
:10CED00000000000260037001E0090000000400007
:10CEE00000004700720040008080EB0001087800DD
:10CEF0001F0037007E00900070005000000F980067
:10CF00008E089000F01F2000808F500012003E001D
:10CF1000218A20000E089000008040001040780018
:10CF20008080FB000E0890000000E800228A2000AC
:10CF3000624078000080FB004800DD008100700046
:10CF40001E009000000040000000470072004000FA
:10CF500001087800060037001E0090000000400025
:10CF600000004700720040008080EB00010878005C
:10CF70001E0090000000E800100798009E0090003E
:10CF8000F0032000808F500094FF36001E007800D0
:10CF90004700DD006101B8002E009000BE00900047
:10CFA0000200400083804800720147003C020700F5
:10CFB0000004A2000004E00003003200C7010700E3
:10CFC0000040EB00300037001E0FE8001E00780024
:10CFD000E40F50007EFF3600C00107002129200029
:10CFE0008E804000200920000E0040008101780062
:10CFF000000178002E009000BE009000FDFD0700AB
:10D000000004A2000004E000020032000040EB0037
:10D010001D0037001E899200AE8992004E009000DC
:10D02000DE009000800F5100818F590007003A0008
:10D03000200920000E00400002202000218A20004C
:10D0400024E707000000E000020032000040EB008F
:10D050000D0037002E019000BE019000E2438800D1
:10D06000F34388004E019000DE01900002448800E6
:10D070001344880010C0B30084E8B700EE019000AC
:10D080003344880010C0B3000080FA00000006009E
:10D090000000FA006082200021BA200011009800F0
:10D0A0006082200021BA2000010878006082200000
:10D0B000A00090000110A0002100980060822000D4
:10D0C000A00090000100A1002100980060822000D3
:10D0D0008040EB0061409800F0312000A0108800F3
:10D0E00000002800B01088001822EF008A40A90034
:10D0F0008A20A9009A40A8009A20A8000080FA007F
:10D10000000006000200FA0060822000E04090006B
:10D11000014F78001E4078000080FA0000000600F1
:10D120000000FA00904180006600400090418800B5
:10D1300030C8BF000040E90030E8B70030C8BF0089
:10D140000004E00003003A00400020007041880025
:10D150000200370010002000704188000080FA00B3
:10D16000000006000200FA00000F78001642A80036
:10D17000A0418000200090000000E0000300320089
:10D18000A0418000200090001E0878002E28EF00AB
:10D190000080FA00000006000800FA00000F780086
:10D1A00021479800220798003307980060822000EA
:10D1B00020009000610060000000E0000A003A00DA
:10D1C000AE0190002E4190009E00780000BC20002F
:10D1D000770007003E01900001BC200010C0B300A2
:10D1E0001F000700030037003E0090008000EB00A6
:10D1F000010878000080FA00000006000800FA002C
:10D20000000F780021479800220798003307980004
:10D210006082200020009000610060000000E000BB
:10D220000A003A00AE0190002E4190009E00780066
:10D23000A0BB2000460007003E019000A1BB2000DB
:10D2400010C0B30006000700030037003E00900046
:10D250008000EB00010878000080FA000000060062
:10D260000600FA00004F7800110798002207980086
:10D270006082200020009000610060000000E0005B
:10D280002E003A002E0090001100200001087800C6
:10D2900060822000100078009E009000110098002D
:10D2A00060822000100078001E4878006082200014
:10D2B00010007800AE0090002100980060822000ED
:10D2C00010007800E600400060822000010878002D
:10D2D0006082200090007800A0BB2000808F50006A
:10D2E00003003A006082200021BA20000108780083
:10D2F00060822000A00090000110A1002100980091
:10D300006082200090009000608220001000780071
:10D31000808F500004003A0060822000A00090003E
:10D320000100A00021009800704180000000E00092
:10D3300005003A008A40A800030037002E00900044
:10D340008000EB00010878000080FA000000060071
:10D350000800FA00000F7800110798004247980073
:10D36000330798003E0090000000400080007800E5
:10D370001E007800010878001E0078001000780078
:10D38000800078000100A0001E00780001087800ED
:10D390001E007800CE409000214098001E007800CA
:10D3A0009E009000210098000080FA000000060016
:10D3B0000800FA00000F7800110798004247980013
:10D3C000330798003E009000000040008000780085
:10D3D0001E007800010878001E007800CE40900002
:10D3E000214098001E0078009E00900021009800C7
:10D3F0000080FA00000006000000FA0060822000B1
:10D40000200090006200600000F0A7000000EA0029
:10D410000000EA004F00DE00004078000080FA00C3
:10D42000000006000000FA0060822000200090004A
:10D430006100600000F0A7000000EA000000EA00C0
:10D440004F00DE00004078000080FA000000060077
:10D450000000FA0000002800301088000822EF00C9
:10D4600000052000250007000000EB001D0007005C
:10D470003E28EF000000EB00060007000000EB0074
:10D480000A0007008600A9009600A8000080FA00A4
:10D49000000006000200FA00000F78009E007800ED
:10D4A000114288000080FA00000006000200FA0025
:10D4B000000F78009E007800014288000080FA008A
:10D4C000000006000000FA00104280000080FA0010
:10D4D000000006000000FA00004280000080FA0010
:10D4E000000006000200FA00000F78009E0078009D
:10D4F000611088000080FA00000006000200FA00B7
:10D50000000F7800F00720009E007800808F500008
:10D51000020036000742A800010037000742A900B8
:10D520003E28EF009E007800511088000080FA002D
:10D53000000006000200FA00000F78001E007800CC
:10D54000E10F500012003200E10F500003003900DB
:10D55000E20F500015003200570037008042800073
:10D5600021AA2000810040000000E80080428800DD
:10D5700001007800C7FF070081428000F00F200003
:10D58000808F5000470036005028EF004A003700D7
:10D590005228EF0010C0B3008DE8B7004E68EF00CE
:10D5A000C0882000C1FF0700430037008DC8BF00BE
:10D5B0000004E0001C003200904280000000E00007
:10D5C00008003A008CC8BF000080FB004800DD0066
:10D5D00080428800904280000000E800904288006D
:10D5E0000A00370090428000E10F500007003A0027
:10D5F0008CC8BF008080FB0080428000010070006A
:10D60000804288005228EF008D68EF008142800040
:10D61000F00F2000808F5000240036000010200002
:10D6200080428800240037004EC8BF000004E0009C
:10D6300002003A008042800050428800814280000F
:10D64000F0072000808F50000A00360080428000E2
:10D65000C28820001241780021AA20008270780040
:10D660004EC8BF000004E00002003A008042800083
:10D6700050428800804280000000E800804288001C
:10D680004EC8BF000040E8004EE8B700814280006D
:10D69000F00F2000808F5000060036005028EF0069
:10D6A0000500370000000000030037000000000004
:10D6B000010037000000000010C0B3000080FA0035
:10D6C000000006000000FE00E2C120000019780002
:10D6D00001097800000006000000FE000000EB00D9
:10D6E0008000EB00F8FF07006627EF00000006004F
:10D6F0000000FE00801F7800811F7800E1C120003B
:10D700000600FC0031007800303B880011007800F2
:10D71000303B880061E7A800000000000000000026
:10D72000CF0078004F0078000000060092018000D2
:10D73000910188009080BA001000BA009201880020
:10D740000000060092018000910188001000BA00DC
:10D7500092018800000006000000FE0061E7AF00B3
:10D76000FEFF3700F23F2000000161000C003A008C
:10D7700022042400023B880092018000910188006D
:10D780000008BB007A6B02000000000061E7AF00F8
:10D79000FEFF3700920188001000200061A7AF0053
:10D7A000000020000000060061E7AF00FEFF370028
:10D7B0000000A7000D00370094018000910188004F
:10D7C00031002400013B88000208BB000388BB0035
:10D7D0007A6B02000000000061E7AF00FEFF370037
:10D7E000940188001000200061A7AF000000200015
:10D7F0000000060061E7AF00FEFF37000000A70051
:10D800000E00370033002400033B880093018000A2
:10D81000910188000208BB00F20F20000288BB00C3
:10D820007A6B02000000000061E7AF00FEFF3700E6
:10D83000930188001000200061A7AF0000002000C5
:10D840000000060061E7AF00FEFF3700F30720008D
:10D850008081610010003A0013002400033B88001F
:10D860009301800091018800040420003208BB006D
:10D870003298BB001400B100FCFF3A007A6B020042
:10D880000000000061E7AF00FEFF37009301880051
:10D890001000200061A7AF0000002000000006007B
:10D8A00061E7AF00FEFF3700F307200080816100D1
:10D8B00011003A0013002400033B8800930180000C
:10D8C0009101880004042000F10F20003208BB0001
:10D8D0000198BB001400B100FCFF3A007A6B020013
:10D8E0000000000061E7AF00FEFF370093018800F1
:10D8F0001000200061A7AF0000002000000006001B
:10D90000F23F2000000061000000060002C02F006E
:10D9100000006100F2FF2F0081006100000006009E
:10D920002600FA00889FBE00600F9800710F9800D3
:10D930000217980013179800241798006E0890009B
:10D94000CF80DE0012E007004007980051079800E2
:10D950007E089000CF80DE000DE007006007980091
:10D96000710798000E109000CF80DE0008E00700DD
:10D97000000F9800110F98000E0990009E0990006A
:10D980006E009000FE0090005AE2070002EE2200B6
:10D9900053262400EFE00700200F9800310F980075
:10D9A0006E019000FE0190006E009000FE0090005D
:10D9B000E8E007000004BE000E0990009E099000F8
:10D9C0000E0890009E089000E2E007000001BE00F3
:10D9D0000800BE00FADF070034E407004E019000A3
:10D9E000DE0190000202BE0005F0A2000001BE00B0
:10D9F0000400BE003FE2070002EE2200532624008E
:10DA0000D4E00700400F9800510F980012B6200094
:10DA1000632324002E089000BE089000CDE007008C
:10DA2000CFE30700008FBE0012B62000632324005E
:10DA30004E089000DE089000C6E00700C8E307002B
:10DA40002007980031079800F0FF21000100200016
:10DA50001E01BE00800F5100818F59000300340069
:10DA6000F0FF210001002000008FBE0000002E000A
:10DA7000F1FF2F001E01BE00800F5100818F590061
:10DA800003003D0000002E00F1FF2F00008FBE00BC
:10DA90002E019000BE019000F0FF21000100200047
:10DAA000800F5100818F590004003400F0FF2100E5
:10DAB0000100200020079800310798002E019000F7
:10DAC000BE01900000002E00F1FF2F00800F5100DA
:10DAD000818F590004003D0000002E00F1FF2F004F
:10DAE0002007980031079800AE0090001E109000AB
:10DAF000010878009E0078002E1090000108780040
:10DB00004F04BE000080FA00000006000000FA008A
:10DB10000621EF0030422F00600888000003280033
:10DB20008008880084E0A90094E0A80040C220009A
:10DB30008040EB00014878000080FA0000000600F9
:10DB40000000FA0021048000001020000080600026
:10DB50000000E0000900320050C2200010407800B0
:10DB60008040E80050C220000148780040C22000F8
:10DB700011C0B300014878008500A9000080FA00B8
:10DB8000000006000400FA00008FBE001E007800AE
:10DB9000600888001E00BE004008DE00000078001B
:10DBA000700888000080FA00000006000400FA00F7
:10DBB0000080EB008080EB00008FBE0070088000CA
:10DBC0008000EB00C001DD00020020006008800042
:10DBD0008000EB00001F7100019771001E00BE0065
:10DBE0000080FA00000006000400FA00008FBE006A
:10DBF0001E00BE004008DE000000780040088800DB
:10DC00001E007800300888000080FA00000006003E
:10DC10000800FA000080EB008080EB00008FBE005F
:10DC200031088000210798004108800031079800E2
:10DC30003E0090008000EB00C001DD0002002000EB
:10DC40002E0090008000EB00001F71000197710012
:10DC50001E00BE000080FA00000006000000FA006E
:10DC600040C220008040EB000148780011E1A8008C
:10DC70000080FA00000006000000FA0011E1A9008F
:10DC80000080FA00000006000200FA0040C22000F6
:10DC9000104F78001E4078000004E00003003200BE
:10DCA00040C220008040EB00014878001E40780010
:10DCB0000080FA00000006000000FA0050C22000B8
:10DCC000104078000080FB000080FA000000060091
:10DCD0000000FA0050C220008040EB0001487800AC
:10DCE0000080FA00000006000000FA001821EF0092
:10DCF000400F2000E00888001421EF00F03F2200D0
:10DD0000D008880080002800F00888001FE1A900E2
:10DD10006000B8001D0007008780A9009780A80058
:10DD20000080FA00000006000400FA00008FBE0028
:10DD30001E007800D00888001E00BE004008DE00EB
:10DD400000007800E00888000080FA00000006006B
:10DD50000400FA000080EB008080EB00008FBE0022
:10DD6000E00880008000EB00C001DD000200200020
:10DD7000D00880008000EB00001F71000197710047
:10DD80001E00BE000080FA00000006000400FA0039
:10DD9000008FBE001E00BE004008DE0000007800BC
:10DDA000B00888001E007800A00888000080FA00F3
:10DDB000000006000800FA000080EB008080EB0005
:10DDC000008FBE00A108800021079800B1088000E4
:10DDD000310798003E0090008000EB00C001DD009C
:10DDE000020020002E0090008000EB00001F710058
:10DDF000019771001E00BE000080FA0000000600BE
:10DE00000000FA000080FA00000006000200FA009C
:10DE1000000F78009780A9009E007800D144880008
:10DE20009780A8000080FA00000006000000FA00B9
:10DE300060C220008040EB00014878001FE1A8008C
:10DE40000080FA00000006000000FA001FE1A900AF
:10DE50009780A9000080FA00000006000200FA0086
:10DE600060C22000104F78001E4078000004E000DF
:10DE70000300320060C220008040EB0001487800BF
:10DE80001E4078000080FA00000006000000FA0042
:10DE900070C22000104078000080FB000080FA0073
:10DEA000000006000000FA0070C220008040EB0075
:10DEB000014878000080FA00000006008808000091
:10DEC00004000000000000009408000002000000B0
:10DED00000000000960800000200000000000000A2
:10DEE000220C000002000000000000009808000062
:10DEF0000200000000000000240C000002000000EE
:10DF000000000000260C00000200000000000000DD
:10DF10009A0800000200000000000000A20B0000B0
:10DF20002400000000000000260800001800000087
:10DF300000000000A20A0000000100000000000034
:10DF40003E08000018000000000000008C080000DF
:10DF50000400000002000000AA010100000000000F
:10DF60009C080000020000000200000019000000F0
:10DF70005608000014000000000000000008000027
:10DF800026000000000000006A08000012000000E7
:10DF900000000000C60B0000200000000000000090
:10DFA0009E0800000200000000000000060C0000B7
:10DFB0001000000002000000B024EA0024F8240051
:10DFC000FE246400256A25000425220025000000A7
:10DFD000160C00000800000000000000900800007F
:10DFE0000400000000000000A20800000002000081
:10DFF000000000007C0800000C0000000000000091
:10E000001E0C00000400000002000000FFFFFF00E3
:10E01000FF000000E60B00002000000002000000EE
:10E020003863ED003EDA0F00493F5E00987B3F0009
:10E03000DA0FC9003F693700AC3168002122330094
:10E04000B40F140033682100A2330000280C000034
:10E050000200000000000000A00800000200000014
:10E0600000000000000000000000FA009E68EF00C1
:10E070009F68EF000080FA00000006000400FA002C
:10E0800020479800314798009EC8BF000040E80034
:10E09000674F60009FC8BF009E40780080CF50004F
:10E0A00003003A007608A9000040EB001E0037008C
:10E0B0000E00E80000017800BE4090002E40900065
:10E0C00087DA07000004A2000004E000020032002A
:10E0D0000040EB00140037009EC8BF000080FB002A
:10E0E0009E4090008180FB004201DD0060BC20006A
:10E0F00000004100010878009EC8BF000080FB00BE
:10E10000C200DD0080BC200000804000BE409000C6
:10E11000014878009E407800E2892000014978009B
:10E120007608A80010C0B3000080FA0000000600C6
:10E130000200FA00000F7800F18920009140780079
:10E140009EC8BF0080CF500003003A007608A900A7
:10E150000040EB001C0037009FC8BF000080FB00A0
:10E16000C200DD0060BC200000804000900078000C
:10E170001E007800010878009FC8BF000080FB00E7
:10E180004200DD008080E80060BC2000008040008C
:10E19000904078001E007800214098009FC8BF0082
:10E1A0000040E800674060009FE8B700F189200068
:10E1B000914078009EC8BF0080CF500001003A0017
:10E1C0007608A90010C0B3000080FA000000060025
:10E1D0000000FA00F1892000914078009EC8BF003D
:10E1E00000C068000080FB000000E9004F00DE0076
:10E1F000004078000080FA00000006000000FA00ED
:10E200000021EF000000280010088800000228000C
:10E2100020088800C04480000000E00002003A00AE
:10E2200060152700240007008460A9009460A800FE
:10E2300020C220008040EB00014878000080FA00F6
:10E24000000006000200FA00000F78009E0078002F
:10E250001108880020C220008040EB0001487800AF
:10E260000080FA00000006000000FA00100880009C
:10E270000080FA00000006000200FA00000F78009B
:10E280009E0078000108880020C220008040EB003A
:10E29000014878000080FA00000006000000FA0043
:10E2A000000880000080FA00000006000000FA006C
:10E2B0000080FA00000006000200FA00000F78005B
:10E2C0009460A9009E007800C14488009460A80072
:10E2D0000080FA00000006000000FA0020C22000C2
:10E2E0008040EB00014878009460A80005E1A80098
:10E2F0000080FA00000006000000FA0005E1A90015
:10E300009460A9000080FA00000006000200FA00F4
:10E3100020C22000104F78001E4078000004E0006A
:10E320000300320020C220008040EB00014878004A
:10E330001E4078000080FA00000006000000FA008D
:10E3400030C22000104078000080FB000080FA00FE
:10E35000000006000000FA0030C220008040EB0000
:10E36000014878000080FA00000006000000FA0072
:10E3700080002000001188002222EF0020022000EF
:10E380004011880021E2A8002342A8000080FA0082
:10E39000000006000000FA000000000010118000DC
:10E3A000610060000000E000FCFF320010118000FE
:10E3B000620060000000E000010032002222A9009B
:10E3C00030118000004078000080FA000000060054
:10E3D0000200FA00004F78000000000011118000D8
:10E3E00000202000008060000000E000FBFF3A00F9
:10E3F0001E80FB00201188000080FA00000006004B
:10E400000000FA00101180000040780061406000B8
:10E410000080FB0000F0A7000000EA000000EA0016
:10E420004F00DE00004078000080FA000000060087
:10E430000000FA0011118000002020000080600020
:10E440000000E00007003A001111800000402000A9
:10E45000008060000000E000020032001000200098
:10E46000010037000000EB00004078000080FA0057
:10E47000000006000000FA00101180004800DE00D5
:10E48000614060000080FB0000F0A7000000EA008F
:10E490000000EA004F00DE00004078000080FA0033
:10E4A000000006000000FA00101180000080FA0051
:10E4B000000006000000FA0021E2A8002342A800A4
:10E4C0000080FA00000006000000FA0021E2A90026
:10E4D0002342A9000080FA00000006000000FA00B4
:10E4E000C422EF00CC22EF00D422EF0070292000DC
:10E4F00000168800F04E240040168800103A2000D4
:10E5000080168800C982A9006820EF006A20EF0009
:10E510006A00A8006AA0A800C622EF00CE22EF0081
:10E52000D622EF00F0FF210060198800113A800028
:10E53000F00B2000008160006004200071052000C5
:10E54000237420008049780081497800824978004E
:10E5500051368000F00F2E008080600000402100C6
:10E560000100700050368800A136800000FE2F00A8
:10E57000008060003000B300A036880021358000A4
:10E5800000FE2F00008060005001B300203588009D
:10E59000103A8000000178000260A00060042000B2
:10E5A000710520002374200080497800814978009B
:10E5B000824978006040A9006060A9006200A9005B
:10E5C000603D2700100007008660A9009660A80043
:10E5D0000080FA00000006000000FA006040A80079
:10E5E0006060A900603D2700070007008660A90061
:10E5F0009660A8000080FA00000006000000FA0003
:10E600000080FA00000006000200FA00000F780007
:10E610009660A9009E007800A14488009660A8003A
:10E620000080FA00000006000200FA00000F7800E7
:10E630001E007800F4FF07000080FA0000000600CA
:10E640000000FA008021EF008221EF00E0002000AE
:10E65000200C8800200C800000407800674060009B
:10E660000080FB00B04488000080FA000000060033
:10E670000000FA000080FA00000006000000FA0026
:10E6800020048000640060000000E000020032000E
:10E69000F7FF07008440A9000080FA000000060090
:10E6A0000000FA00B044800000407800674060003D
:10E6B0000080FB0067006000220C800081FF2F00BB
:10E6C0008100610001007000200C88000080FA00C9
:10E6D000000006000000FA00210C800080FF2F00DF
:10E6E00000806000200C88000080FA000000060016
:10E6F0000200FA00000F78009E007800010C8800EC
:10E700000080FA00000006000200FA00000F780006
:10E710009E007800110C88000080FA0000000600BE
:10E720000000FA00200480004200DE00614060002A
:10E730000080FB0000F0A7000000EA000000EA00F3
:10E740004F00DE00004078000080FA000000060064
:10E750000400FA00100798001E0090000000E0007E
:10E760000A003A00200C80004400DE006140600096
:10E770000080FB0000F0A7000000EA000000EA00B3
:10E780004F00DE00004F780001003700000000005D
:10E790001E4078000080FA00000006000000FA0029
:10E7A0008660A9000080FA00000006000000FA0060
:10E7B0006000B80075FD07009CFD07006040A900DF
:10E7C0002DFD07008780A9009780A800A03F2700A3
:10E7D0008DFF070010C0B3006AE8B70010C0B30097
:10E7E0006BE8B7006060A8008660A9000080FA00AE
:10E7F000000006000000FA0093FD07006DFD070011
:10E8000070438800814388006060A900603D270054
:10E810007DFF070010C0B3006CE8B70010C0B30064
:10E820006AE8B7006040A8008780A9009780A90027
:10E830008660A9000080FA00000006000000FA00CF
:10E8400010C0B30074E8B7008660A9000080FA0029
:10E85000000006000000FA0061058000F0FF2800BB
:10E860000080600000C0A000600588006105800095
:10E8700080FF2F00008060000000A000600588007D
:10E88000E1058000F08F2F00008060000090A00064
:10E89000E005880081058000F0FF2800008060000E
:10E8A00000C0A000800588009105800080FF2F0037
:10E8B000008060000000A000900588002105800015
:10E8C000F0FF28000080600000C0A0002005880044
:10E8D0000080FA00000006000000FA00001023008B
:10E8E000203A88004827EF007027EF007227EF00DA
:10E8F0007427EF002200200080072000A1092000DB
:10E90000337420008049780081497800824978007A
:10E910000001EB006004200071052000237420003A
:10E920008049780081497800824978000080FA00A7
:10E9300000000600F03FB1000180B1000600350084
:10E94000EE03090000000000403FB1000180B1006B
:10E95000FBFF3D001000B000203FB000020035007A
:10E96000008009000000000000000600809FBE003B
:10E97000EC80570031007800404488001100780096
:10E980008AE8B7004F00BE00000006000000FA0051
:08E990000080FA0000000600FF
:020000040001F9
:0857F8008AFA0000FB3F0000EB
:00000001FF
