:10000000000204000000000000260000042600009A
:10001000082600000C260000102600000026000024
:10002000002600000026000014260000182600000C
:100030001C260000202600000026000024260000C8
:10004000282600002C260000302600003426000060
:10005000382600003C260000402600004426000010
:100060000026000000260000482600004C26000064
:1000700050260000542600005826000000260000EC
:100080000026000000260000002600005C2600007C
:100090006026000064260000682600006C26000030
:1000A0007026000074260000782600007C260000E0
:1000B0000026000000260000002600008026000028
:1000C0008426000088260000002600008C26000000
:1000D00000260000002600000026000090260000F8
:1000E00000260000002600000026000094260000E4
:1000F00098260000002600000026000000260000D0
:100100000026000000260000002600000026000057
:100110000026000000260000002600000026000047
:100120009C2600000026000000260000A0260000FB
:10013000A4260000A82600000026000000260000DB
:100140000026000000260000AC260000002600006B
:100150000026000000260000002600000026000007
:1001600000260000002600000026000000260000F7
:1001700000260000002600000026000000260000E7
:1001800000260000002600000026000000260000D7
:1001900000260000002600000026000000260000C7
:1001A00000260000002600000026000000260000B7
:1001B00000260000002600000026000000260000A7
:1001C0000026000000260000002600000026000097
:1001D0000026000000260000002600000026000087
:1001E0000026000000260000002600000026000077
:1001F0000026000000260000002600000026000067
:100200000000000000000000441B0000441B000030
:10021000441B0000441B0000441B0000441B000062
:10022000441B0000441B0000441B0000441B000052
:10023000441B0000441B0000441B0000441B000042
:10024000441B0000441B0000441B0000441B000032
:10025000441B0000441B0000441B0000441B000022
:10026000441B0000441B0000441B0000441B000012
:10027000441B0000441B0000441B0000441B000002
:10028000441B0000441B0000441B0000441B0000F2
:10029000441B0000441B0000441B0000441B0000E2
:1002A000441B0000441B0000441B0000441B0000D2
:1002B000441B0000441B0000441B0000441B0000C2
:1002C000441B0000441B0000441B0000441B0000B2
:1002D000441B0000441B0000441B0000441B0000A2
:1002E000441B0000441B0000441B0000441B000092
:1002F000441B0000441B0000441B0000441B000082
:10030000441B0000441B0000441B0000441B000071
:10031000441B0000441B0000441B0000441B000061
:10032000441B0000441B0000441B0000441B000051
:10033000441B0000441B0000441B0000441B000041
:10034000441B0000441B0000441B0000441B000031
:10035000441B0000441B0000441B0000441B000021
:10036000441B0000441B0000441B0000441B000011
:10037000441B0000441B0000441B0000441B000001
:10038000441B0000441B0000441B0000441B0000F1
:10039000441B0000441B0000441B0000441B0000E1
:1003A000441B0000441B0000441B0000441B0000D1
:1003B000441B0000441B0000441B0000441B0000C1
:1003C000441B0000441B0000441B0000441B0000B1
:1003D000441B0000441B0000441B0000441B0000A1
:1003E000441B0000441B0000441B0000441B000091
:1003F000441B0000441B0000441B0000441B000081
:100400008FE320000E7F22000E0188000000000014
:10041000000020000000E000020032000001200087
:1004200020028800140007009C0007000000E00084
:1004300003003A00C0A6210001002000020037009E
:100440000000200001002000810F70000100320038
:1004500014000700000020000000E000020032004D
:1004600000000200000000001E1702000000000053
:100470000040DA000000FE004440A9008002200095
:100480000000E0000300320000002000A00188000E
:100490004440A800000006008A1F78008B1F7800E7
:1004A0000000060091018800800478000000EB0045
:1004B0001A003700E284440032A0B4009905BA0063
:1004C000E284440032A0B4009906BA00E2844400F9
:1004D00032A0B4000006EB00476FDE00FD07B2005B
:1004E000636CE10003003A00EBFF07000000EB0043
:1004F0000A003700606CE10004003A00005DEB0088
:100500008B05E900FDFF3E00040037006168E10053
:10051000010032000086EB000B00070019C7BA008B
:100520001905BA000E04E00003003A000A00E000DA
:10053000E0FF3A0000000600FE07B2009E018800BE
:100540008A047800F5FF3700395DBA008B05E900B1
:100550000C003200295DBA008B05E900080032006A
:100560000C00E00003003A00E284440032A0B40032
:10057000F5FF370019DDBA008B05E900FAFF3A00F4
:100580008904E800E184440032A0B40000000600C1
:100590003600F800809FBE00829FBE00849FBE0090
:1005A000869FBE000000FA008020A9000000EB003A
:1005B000060C07000080FA004F03BE004F02BE0089
:1005C0004F01BE004F00BE003600F900004006009B
:1005D0003600F800809FBE00829FBE00849FBE0050
:1005E000869FBE000000FA00FF0B07008040A900B4
:1005F00010002000F50B07000080FA004F03BE003A
:100600004F02BE004F01BE004F00BE003600F90091
:10061000004006003600F800809FBE00829FBE00AA
:10062000849FBE00869FBE000000FA008060A90083
:1006300020002000E50B07000080FA004F03BE00F9
:100640004F02BE004F01BE004F00BE003600F90051
:10065000004006003600F800809FBE00829FBE006A
:10066000849FBE00869FBE000000FA008080A90023
:1006700030002000D50B07000080FA004F03BE00B9
:100680004F02BE004F01BE004F00BE003600F90011
:10069000004006000040DA000000FE0000000500F7
:1006A0008001780002003700B15978000201E900AA
:1006B0000200E000FCFF3A00000006008001780024
:1006C00081027800810F50003B003200028240001E
:1006D000840F50000300310002024000848F50005C
:1006E00001003900EEFF370000826800810F5000E2
:1006F0001B0031000408A30005003200150037007C
:100700000200E0002C0032000201E900B15978003B
:100710000308A300FAFF3A0003037800820278007E
:100720000102780002003700B41978000281E90064
:10073000E10F5100FCFF3E00618162000500A10055
:10074000850143008582400002003700B5597800DA
:100750000201E9000200E000FCFF3A000000060090
:100760000408A30012003A00040037000200E00071
:10077000110032000201E90061707900820140003D
:100780000308A300F9FF3A00820178000200370055
:100790000281E90061307900E10F5100FCFF3E0069
:1007A00061816100020037000201E9006170790097
:1007B0000200E000FCFF3A0000000600889FBE0037
:1007C0008A9FBE00800478000200E0005B003200D7
:1007D00001407800814C780082814400F1F99F004B
:1007E000E20F51005500360091449800A144980052
:1007F000E1F99F00D1F99F00E60F51004F0036004C
:10080000B1449800C1F99F00E80F51004B00360039
:100810000905EA00630565000A8444000A055100E1
:10082000C1FF2F00010565000080FB008000EB0088
:10083000121020001310200044000700008CBE009E
:100840000A01440060B99F0071B99F00E80F55008C
:100850003A003600200498003104980040049800C3
:100860005104980020B99F0031B99F0040B99F0002
:1008700051B99F00F80F5500300036006004980011
:1008800071049800000C9800110C9800200C98003E
:10089000310C9800400C9800510C980020B19F003A
:1008A00031B19F0040B19F0051B19F0060B19F00E6
:1008B00071B19F0000B99F0011B99F0064016400ED
:1008C0007801410002044400020555006011B8009F
:1008D0000203BE000002BE000403BE006022B80096
:1008E0000000720081807200020173008381730036
:1008F00010003700009CBE000294BE004004980027
:10090000510498006204980073049800000C980049
:10091000110C9800220C9800330C9800400C9800A1
:10092000510C9800620C9800730C98000A02B100F8
:100930000802B000FF0F5500EEFF3E0009007800EE
:100940004F05BE004F04BE0000000600020AB900B9
:10095000001BB9000200B800810042008100430082
:10096000000006000B08000000000000000000006E
:100970000000000000000000000100000024000052
:1009800000000000FE9F00000000000009000000C1
:100990000000000000000000000000000000000057
:1009A00000010000002400000000000000240000FE
:1009B000000000000000FA0010C0B3005F00070054
:1009C0000080FA00000006000600FA00881F780088
:1009D000C8090700000F78001E0078000000E00042
:1009E00002003A0010002000480037001E00780086
:1009F000EA0F500002003E002000200043003700B4
:100A00000000EB007B090700204798001000200041
:100A1000780907000084FB0020002000750907000A
:100A20000080FB004800DD00000044006B00400037
:100A300020079800AE00900000102000808F50002A
:100A4000060036002E409000E34F500003003200B5
:100A5000D00F2000430007002C0037002E409000EC
:100A60000080FB00E30F50001B003200E30F50003A
:100A700007003C00E10F500013003200E10F50006E
:100A80000F003C000000E000110032001D003700A4
:100A9000E90F500012003200E90F500003003C0043
:100AA000E80F50001100320016003700EA0F500026
:100AB00010003200EB0F5000100032001100370020
:100AC0001A01070011003700A90107000F003700C5
:100AD000360007000D0037009C0007000B003700B0
:100AE0007D0007000000EB0008003700FF01070051
:100AF00006003700A402070004003700C302070005
:100B000002003700F00F2000160007004F047800A5
:100B10000080FA00000006000200FA000040EB002E
:100B200006000700C0402200000F78001E00780079
:100B3000000001000080FA00000006000200FA0038
:100B4000004F78001E80FB004F00DD001104800084
:100B500001F0A10001007000100488000080FA007C
:100B6000000006000E00FA0060079800B1002000A7
:100B700040D120002B090700B200200041D1200005
:100B80000E007800C6FE07006E009000004078005E
:100B9000304F9800C10020000E0078003D0907008A
:100BA000300020000080FA00000006002600FA0055
:100BB00011000900001FEB00005FEB005E02B100B6
:100BC000DE009000F00F2000008060000090A00088
:100BD00050079800EE00900000F02F0000806000A9
:100BE0000000A00060079800EE009000F00F2000C9
:100BF0000080600060079800FE00900000F02F0069
:100C0000008060000000A000700798008E0890002F
:100C1000F00F20008080600000602500010070005F
:100C2000000F98009E08900000F02F008080600068
:100C30004003200001007000100F9800BE089000D3
:100C4000F00F20000080600000A0A000300F98008E
:100C5000CE08900000F02F0000806000400F980048
:100C60002D060700F10F200081006000C808DD009C
:100C7000AE099000F20F20000281610082807000B6
:100C8000210F9800C800DE00F00F200000806000F7
:100C90003E09900001F02F0081006100010070000A
:100CA000300F9800B100200040D12000DD0807007F
:100CB000510220000E007800F60807000000EB004B
:100CC0000080FA00000006000000FA000000FE00AC
:100CD0000080FA00000006000C00FA00604C2800BA
:100CE0008E007800B0187800A0107800E4804000F2
:100CF00064004000B0187800A0107800E480400044
:100D000064004000B0187800A0107800E480400033
:100D100064004000B100200040D12000C10807005D
:100D2000C10020000E007800DA0807000CC8BF00E0
:100D30000004E000020032004007A9004027A9009B
:100D4000E1FF07000080FA00000006000E00FA0034
:100D5000881F780040D12000000F7800B1002000EB
:100D600040D12000AF0807000E80E800B20020004C
:100D700041D120004AFE0700E0CFB300504F980059
:100D80001116800000082000008060000000E000D4
:100D900003003200B0CFB300504F98002F0037004F
:100DA0001E007800B04090008180FB00404290001F
:100DB0000482FB004822DD0084807000010178007D
:100DC000D04090008180FB00604090000080FB00DC
:100DD0004800DD0000807000800178001E0078006F
:100DE000904090008180FB00204090000080FB003C
:100DF0004800DD00008070006103B8001E0278002A
:100E0000F44290008582FB00044C90000884FB00B3
:100E10004844DD008882720005007800944A900002
:100E20008582FB00244A90000482FB004822DD00FA
:100E300004827200840078000202BE000601BE0037
:100E4000290507000000E00004003A0010C0B300CC
:100E5000504F980010C0B3000CE8B7000E80E800B7
:100E6000C10020008B0807001E017800B2419000ED
:100E70008381FB00424290000482FB004822DD0097
:100E80008481710003007800D24190008381FB00CF
:100E9000624190000281FB004811DD000281710077
:100EA000820078000081EA008181EA001E0078005B
:100EB000F10F20008100610030429000604262002A
:100EC0008140720031409800C810DE00404290001E
:100ED000604262008140720041409800F10F2000A2
:100EE0008180610050429000604262008140720047
:100EF00051409800C818DE006041900060416100D8
:100F000081407100614098005E489000E14F5000C0
:100F100002003A000000EB00010037003000200022
:100F20004F0478000080FA00000006001000FA006C
:100F3000889FBE0040D12000000F780020002000D4
:100F40002C0807000080FB004800DD001007980017
:100F500010002000270807000080FB009E00900082
:100F60000100700010079800620807009E009000C2
:100F7000EB804000810F5000020031002000200073
:100F8000780037001E0090006B0040008000780061
:100F900040D120002308070064004700B200200071
:100FA00041D12000BEFD070010C0B300704F980073
:100FB0001116800000082000008060000000E000A2
:100FC00003003200B0CFB300704F980034003700F8
:100FD0009E009000500F2000808F50002E003E0099
:100FE0001E007800B04090008180FB0040429000DD
:100FF0000482FB004822DD0084807000010178003B
:10100000D04090008180FB00604090000080FB0099
:101010004800DD0000807000800178009E007800AC
:10102000EB8240001E0090006104B8001E027800B0
:10103000744390000683FB00844B90008783FB0081
:10104000C83BDD000703730006007800144B9000D6
:101050000683FB00244A90000482FB004822DD0046
:1010600004027300840078000203BE0005027800C9
:101070000801BE00F10307000000E0000300320099
:10108000E0CFB300704F98000500370010C0B300E8
:101090000CE8B70002003700E0CFB300704F9800B3
:1010A00064004700C1002000FA0707001E01780015
:1010B000B24190008381FB00424290000482FB0019
:1010C0004822DD008481710003007800D241900045
:1010D0008381FB00624190000281FB004811DD002A
:1010E00002817100820078000081EA008181EA00BB
:1010F0001E007800F10F2000810061003042900056
:10110000604262008140720031409800C810DE00E9
:10111000404290006042620081407200414098006D
:10112000F10F200081806100504290006042620017
:101130008140720051409800C818DE006041900064
:101140006041610081407100614098007E489000DC
:10115000E14F500002003A000000EB0001003700B0
:10116000300020004F04BE000080FA00000006009E
:101170000401FA0040D12000000F7800B1002000E7
:1011800040D12000A707070064004700B2002000FC
:1011900041D1200042FD07001E00780090409000E1
:1011A0008180FB00204090000080FB004800DD00B3
:1011B0000080700080007800400F2000808F500079
:1011C0002E003E001E017800F24190008381FB005A
:1011D000024A90000482FB004822DD0084817100F5
:1011E00003007800924990008381FB00224990001F
:1011F0000281FB004811DD0002817100820078004D
:101200001E017800924190008381FB0022419000F2
:101210000281FB004811DD00028171008001EB00BA
:10122000640247006C0342000002BE000600780022
:10123000E0030700100798001E0090000000E00087
:1012400003003A0010C0B300704F9800150037003B
:10125000E0CFB300704F9800AE009000F00F200078
:101260000080600020079800BE00900000F02F0072
:1012700000806000300798000A003700E0CFB3001C
:10128000704F9800AE009000F00F200000806000CA
:1012900020079800BE00900000F02F000080600042
:1012A000300798002E0090004800DE003E019000BC
:1012B000F10F200081006100C808DD00010070000E
:1012C000EC00400064004700720707007E48900071
:1012D000E14F500002003A000000EB00010037002F
:1012E000300020000080FA00000006001A00FA001A
:1012F000889FBE008A9FBE0040D120003007980022
:101300006000B800008FBE00B100200040D1200076
:101310004407070068004700B200200041D12000C8
:10132000DFFC07003E019000F24190008381FB004A
:10133000024A90000482FB004822DD008481710093
:1013400003007800924990008381FB0022499000BD
:101350000281FB004811DD000281710082007800EB
:101360003E019000924190008381FB002241900059
:101370000281FB004811DD00028171000201D100F1
:101380008001EB00000041008180490061025000B3
:10139000E08258003E019000F24190008381FB0002
:1013A000024B90000683FB004833DD00868171000C
:1013B00003007800924990008381FB00224990004D
:1013C0000281FB004811DD0002817100820078007B
:1013D0000401BE00040307000004E00053003200D3
:1013E0000000EB00200798003D0037003E01900010
:1013F000F24190008381FB00024A90000482FB00CE
:101400004822DD0084817100030078009249900039
:101410008381FB00224990000281FB004811DD001E
:1014200002817100820078002E0190000201D1003B
:101430008001EB00000041008180490076034700F5
:101440000002BE00420020000300200006007800D9
:10145000580307003E099000CE099000F0FF2F00CE
:10146000010020000202780003017800800178006A
:10147000810078000300620081006100810478002F
:10148000000478000802BE003E089000CE089000DC
:101490004009DE0003002000F00F200001002000C2
:1014A0000203780003017800800178008100780051
:1014B0000300630081006100810578000005780069
:1014C0000A00BE0004004000858048001E0F400056
:1014D0005E9748002E0090006400400020079800AE
:1014E0003E009000904090008180FB0020409000E2
:1014F0000080FB004800DD00008070008000780064
:101500002E009000808F5000B8FF3E001E00780033
:10151000200F980010C0B3003057980068004700B3
:10152000E1002000DB0607000D003700E0CFB3002C
:1015300030579800CE009000F00F2000008060002F
:1015400040079800DE00900000F02F00008060004F
:101550005007980068004700C1002000CD06070032
:101560003E509000E14F500002003A000000EB00B6
:1015700001003700300020004F05BE004F04BE00C0
:101580000080FA00000006000E00FA00B100200002
:101590000E007800A30607000000EB0030040700EF
:1015A0000004A2000004E00003003200C0CFB3003A
:1015B000304F98000200370010C0B300304F980041
:1015C0009E007800F00F200000806000000F78007F
:1015D0009E00900000F02F0000806000100798002F
:1015E000C10020000E007800AA0607003E489000C7
:1015F000E14F500002003A000000EB00010037000C
:10160000300020000080FA00000006001400FA00FC
:10161000214B280009000900311F78004E01B1005C
:10162000B100200040D120007E06070041012000CB
:101630000E007800970607000000EB000080FA001B
:10164000000006000000000000000000AB410000A8
:1016500041810000FDC20000C383000056830000EA
:101660008202000051C40000C6860000FA85000016
:1016700087070000AC0600000505000007470000D2
:101680004484000009C90000CC8C0000A28800003E
:101690008D0D0000F40B00000F0F00005F4A0000EA
:1016A0004E8E0000580D00000A0A0000F34C0000A6
:1016B0004B8B0000A5CF0000C98900000E8E0000F2
:1016C00088080000B9D30000D898000012920000EA
:1016D00099190000441100001B1B0000EF5000008E
:1016E0005A9A0000E81700001E1E00004356000032
:1016F0005F9F000015D50000DD9D0000BE94000036
:101700009C1C0000B01A0000141400001B5B0000B9
:10171000559500004DD80000D7970000E6990000CD
:1017200096160000E1DE0000D29200004A9F000001
:10173000931300001C1C000011110000B75D000095
:1017400050900000D9E60000F0B0000072A7000041
:10175000B131000024240000333300008F65000005
:1017600072B20000882200003636000023630000B9
:1017700077B7000075E00000F5B50000DEA10000BD
:10178000B4340000D02F00003C3C00007B6E000011
:101790007DBD00002DED0000FFBF000086AC000005
:1017A000BE3E000081EB0000FABA00002AAA000049
:1017B000BB3B00007C29000039390000D7680000DD
:1017C00078B800006035000028280000CB740000C5
:1017D00069A900009DF70000EBAB000036B60000E1
:1017E000AA2A000031F10000EEAE00009AB000001D
:1017F000AF2F0000CC3300002D2D000067720000D9
:101800006CAC000069FC0000E4A40000C2BD000054
:10181000A5250000943E0000272700003F7F000020
:1018200066A60000383800002222000093790000EC
:1018300063A30000C5FA0000E1A100006EBB000038
:10184000A0200000198C0000A0E00000B2CD000034
:10185000E1610000E44E0000636300004F0F0000F0
:1018600022E200004848000066660000E30900002C
:1018700027E70000B58A0000A5E500001ECB0000A8
:10188000E4640000104500006C6C0000BB04000024
:101890002DED0000ED870000AFEF000046C6000010
:1018A000EE6E000041810000AAEA0000EAC00000DC
:1018B000EB6B0000BC4300006969000017020000E8
:1018C00028E80000A05F0000787800000B1E0000F0
:1018D00039F900005D9D0000BBFB0000F6DC000054
:1018E000FA7A0000F19B0000BEFE00005ADA000008
:1018F000FF7F00000C5900007D7D0000A71800004C
:101900003CFC0000A9960000B4F4000002D70000DF
:10191000F57500005454000077770000FF150000B3
:1019200036F60000F85200007272000053130000F7
:1019300033F3000005900000B1F10000AED10000CB
:10194000F0700000C06A0000505000006B2B0000D7
:1019500011D100003DA8000093D3000096E90000DB
:10196000D252000091AE000096D600003AEF00007F
:10197000D75700006C6C000055550000C72D0000C3
:1019800014D40000C9A300009CDC000062E2000047
:10199000DD5D0000346100005F5F00009F200000FB
:1019A0001EDE0000986700005A5A0000332600002F
:1019B0001BDB000065A5000099D90000CEE4000003
:1019C000D858000079B9000088C80000D2F800009B
:1019D000C9490000847B00004B4B00002F3A0000F7
:1019E0000ACA0000287D00004E4E0000833C000023
:1019F0000FCF0000D5BF00008DCD00007EFE00009F
:101A0000CC4C00007070000044440000DB3100004A
:101A100005C500008DB2000087C7000026F3000056
:101A2000C646000021B4000082C200008AF5000012
:101A3000C3430000DC76000041410000773700001E
:101A400000C000009959000000400000321800005A
:101A500041C10000649B0000C3C30000CFDA000056
:101A600082420000C89D0000C6C6000063DC000082
:101A700087470000355F0000054500009E1E0000FE
:101A800044C4000090900000CCCC00003BD100008A
:101A90008D4D00006D5200000F4F0000C613000076
:101AA0004ECE0000C15400000A4A00006A15000032
:101AB0004BCB00003C960000C9C9000097D700003E
:101AC00088480000208A0000D8D800008BCB000096
:101AD00099590000DD4800001B5B000076090000FA
:101AE0005ADA0000714E00001E5E0000DA0F00009E
:101AF0005FDF00008C8C0000DDDD000027CD0000E2
:101B00009C5C000029430000145400008202000085
:101B100055D50000D4810000D7D700007FC0000059
:101B20009656000078870000D2D20000D3C600008D
:101B30009353000085450000115100002E04000061
:101B400050D0000040BF0000F0F00000EBFE0000AD
:101B5000B1710000BD7D000033730000163C000031
:101B600072F20000117B000036760000BA3A0000E5
:101B700077F70000ECB90000F5F5000047F8000029
:101B8000B4740000497600003C7C0000E23700009D
:101B90007DFD0000B4B40000FFFF00001FF5000051
:101BA000BE7E000018B20000FAFA0000B3F3000095
:101BB000BB7B0000E5700000397900004E31000069
:101BC00078F80000F96C000028680000522D000031
:101BD00069E9000004AE0000EBEB0000AFEF00008D
:101BE000AA6A0000A8A80000EEEE000003E90000C9
:101BF000AF6F0000556A00002D6D0000FE2B000045
:101C00006CEC0000F0A50000E4E400005BE40000E0
:101C1000A56500000D67000027670000A6260000EC
:101C200066E60000A1610000226200000A200000B8
:101C300063E300005CA30000E1E10000F7E20000C4
:101C4000A060000080D50000A0A000002B94000040
:101C5000E12100007D17000063230000D65600003C
:101C600022A20000D1110000662600007A50000078
:101C700027A700002CD30000A5A500008792000034
:101C8000E4240000891C00006C2C0000225D000090
:101C90002DAD000074DE0000AFAF0000DF9F00003C
:101CA000EE2E0000D8D80000AAAA00007399000008
:101CB000EB2B0000251A0000692900008E5B000054
:101CC00028A800003906000078380000924700007C
:101CD00039B90000C4C40000BBBB00006F85000020
:101CE000FA3A000068C20000BEBE0000C3830000D4
:101CF000FF3F0000950000007D3D00003E410000D8
:101D00003CBC000030CF0000B4B400009B8E00004B
:101D1000F5350000CD0D000077370000664C00005F
:101D200036B60000610B000072320000CA4A0000A3
:101D300033B300009CC90000B1B100003788000037
:101D4000F03000005933000050100000F272000023
:101D500011910000A4F10000939300000FB0000067
:101D6000D212000008F7000096960000A3B600000B
:101D7000D7170000F5350000551500005E7400000F
:101D80001494000050FA00009C9C0000FBBB000073
:101D9000DD1D0000AD3800005F1F00000679000067
:101DA0001E9E0000013E00005A1A0000AA7F00009B
:101DB0001B9B0000FCFC00009999000057BD00002F
:101DC000D8180000E0E00000888800004BA1000067
:101DD000C90900001D2200004B0B0000B663000083
:101DE0000A8A0000B12400004E0E00001A650000AF
:101DF0000F8F00004CE600008D8D0000E7A700006B
:101E0000CC0C0000E92900004404000042680000F6
:101E10000585000014EB000087870000BFAA0000C2
:101E2000C6060000B8ED00008282000013AC00007E
:101E3000C3030000452F000041010000EE6E0000CA
:101E400000800000809FBE00821F7800208120005B
:101E5000010020009101880021B220000220200012
:101E60003118BA000201E900FDFF3A004F01780085
:101E70004F00BE00000006003200F800889FBE0040
:101E8000220F0200000000000404BE002800B00081
:101E90000980B0000203BE00248120000600B000CB
:101EA00005003A000700B00003003A000001EB0013
:101EB0008001EB00070037000830E10002003A0023
:101EC0000938E10031003200970188001601BA009C
:101ED0009681BA00C80ADE0082C26A00C22ADD000A
:101EE00085024200C808DD000080FD0081406800D6
:101EF0000040EB00350068009580680081026900B1
:101F0000C82ADE00C22ADD0085024200C808DD00C2
:101F10000080FD00814068000040EB003500680053
:101F200095806800C80ADE0083C26A00C22ADD000C
:101F300085024200C808DD000080FD008140680085
:101F40000040EB00350068009580680081826900E0
:101F5000C82ADE00C22ADD0085024200C808DD0072
:101F60000080FD00814068000040EB003500680003
:101F7000958068002600B0000780B0000830E100BE
:101F8000D1FF3A000938E100CFFF3A004F04BE000C
:101F90003200F900000006000400FA00008FBE00C5
:101FA000F03F2200010020001E01BE00800F510002
:101FB000818F590008003600E0FF29000100200051
:101FC0001E01BE00800F5100818F590002003E00AB
:101FD00010002000010037000000EB0000407800F6
:101FE0000080FA00000006000800FA00008FBE0022
:101FF00022079800330798001E00BE00E6FF070086
:102000000004E000090032002E009000BE009000A5
:1020100062005000E0805800DFFF07000004E0008D
:102020000200320010002000010037000000EB0029
:10203000004078000080FA00000006001C00FA0052
:10204000889FBE0070079800010F9800120F98003B
:10205000230F9800340F9800460F9800570F9800F0
:102060006000B800008FBE000000EB002007980061
:102070001E089000AE089000000078006300600029
:102080008004EB00000478000800BE00E00F500060
:10209000E08F580041003A001E089000AE08900002
:1020A0008101D1000081D3007E0090008E08900055
:1020B00002004000838048000001BE007E009000C6
:1020C0008E089000C8FF07000004E00030003200D6
:1020D0004E089000DE089000C20207006000B800C1
:1020E000008FBE00220037001E00BE008101D1001B
:1020F0000081D3007E0090008E0890000200400016
:10210000838048000001BE000000EB00EE000700E5
:1021100030079800410798001E007800BE08900024
:10212000808040006A004700420020005CF9070000
:102130005E009000EE0090000001BE003E009000A6
:10214000CE009000DF0207000004A2000004E000BF
:102150000300320030002000200798000A003700FA
:1021600042002000030020001E0F41005E9749003E
:102170001E089000AE0890001E01BE00800F5100A6
:10218000818F5900D8FF39009B02070005003700F6
:1021900020002000200798000200370010002000D7
:1021A000200798002E0090004F04BE000080FA0027
:1021B000000006001800FA0070079800020F98004F
:1021C000130F9800240F9800350F98000000EB00C3
:1021D000200798000E0890009E08900000007800EC
:1021E000630060008003EB00000378000600BE007F
:1021F000E00F5000E08F580036003A000E089000C3
:102200009E0890008101D1000081D3002E0890002B
:10221000BE08900002004000838048000001BE001C
:102220002E089000BE0890006FFF07000004E00039
:10223000250032006000B800008FBE001B00370090
:102240001E00BE008101D1000081D3002E08900045
:10225000BE08900002004000838048000001BE00DC
:102260000000EB0098000700300798004107980035
:102270003E009000CE0090007302070050079800C7
:10228000610798001E007800FE009000008040006A
:10229000EA0047004200200001F907004200200048
:1022A000030020001E0F41005E9749000E089000B9
:1022B0009E0890001E01BE00800F5100818F5900C2
:1022C000DFFF3900050037002000200020079800BC
:1022D0000200370010002000200798002E00900018
:1022E0000080FA00000006001800FA00600798005D
:1022F00071079800020F9800130F9800240F9800A0
:10230000350F98000000EB00000F78006E01900080
:10231000FE019000120798002307980010C0B30038
:10232000604798001E019000AE01900000C02F0091
:10233000F1FF2F000202780003017800800178008D
:102340008100780003006200810061008103780051
:10235000000378000601BE001E009000AE00900051
:10236000800F5100818F5900020032000040EB00C5
:10237000604798002E089000BE08900019020700E0
:10238000260037001E019000AE01900000402000A2
:102390000100200002004000838048000001BE00D0
:1023A0001E009000AE0090000FFF07000004E00048
:1023B000180032001E019000AE0190000000EB00FA
:1023C0004100070040079800510798004E00900018
:1023D000DE009000280207000080FB0000F0A7004C
:1023E0000000EA000000EA004F00DE0060479800AD
:1023F0001E019000AE01900000402000010020006E
:1024000002004000838048001007980021079800D0
:10241000020037000040EB00604798006E409000DB
:102420000004E0000F0032000E0890009E089000AB
:102430004A09DD00C601DE00830171004A01DD00AA
:102440006E009000FE009000020140008381480071
:102450001E009000AE009000800F5100818F590047
:10246000C8FF3E00E40107006E4090000004A20097
:102470000004E0000F003A000E0890009E08900053
:102480004A09DD00C601DE00830171004A01DD005A
:102490006E009000FE009000020140008381480021
:1024A0001E009000AE009000800F5100818F5900F7
:1024B0000200320020002000000F78001E0078008B
:1024C0000080FA00000006000A00FA0020079800C9
:1024D0003207980043079800B0268400C126840084
:1024E0003E019000CE019000001F5100019759005D
:1024F0002E009000C200DD00604D280000804000EA
:102500001000BE003E014000AE8148000200BE0047
:102510000080FA00000006000000FA0000402000E1
:102520000080FA00000006000600FA00889FBE0046
:10253000000F780012079800230798001E009000F3
:10254000AE009000C60107008000EB001E0178007D
:102550000089BE001E0078001004BE001E0090001E
:10256000AE00900062004000E0804800BC0107001F
:102570008000EB00C000DD000000200008004000EB
:10258000898048001E0178000089BE000000EB0031
:102590004F04BE000080FA00000006000600FA00AA
:1025A000000F780012079800230798001E00900083
:1025B000AE009000AA0107009E0078008008780015
:1025C0000000EB000080FA00000006000400FA00A2
:1025D000008FBE001E0078006100600000F0A700C0
:1025E0000000EA000000EA004F00DE000040780032
:1025F0000080FA00000006000600FA00008FBE000E
:10260000220798002E0090001E01BE00C6FF0700A2
:1026100042002000030020003E004100AE8049003F
:102620002E019000640241000001BE000400780009
:10263000BDFF070082002000030020003E00410093
:10264000AE8049002E019000680241000001BE00EA
:1026500004007800B4FF07000080FA0000000600C4
:102660001200FA00889FBE00000F98000E0890002C
:102670000000E000020032000040EB00A300370041
:1026800090268400A12684000001BE000E08900060
:102690008DFF070064014700D7FF07004E00900040
:1026A000DE009000C9FF07000004E00002003200D5
:1026B0000040EB00950037006E009000FE00900097
:1026C000C2FF07000004E000020032000040EB00FF
:1026D0008E0037004E019000DE019000F03F220096
:1026E00001002000800F5100818F590002003E0040
:1026F0000040EB00850037006E019000FE01900065
:10270000F03F220001002000800F5100818F59000E
:1027100002003E000040EB007C0037004E019000BC
:10272000DE019000E0FF290001002000800F510031
:10273000818F5900020036000040EB007300370023
:102740006E019000FE019000E0FF290001002000D2
:10275000800F5100818F5900020036000040EB00CD
:102760006A0037004E019000DE0190006E0090007C
:10277000FE009000800F5100818F5900020036004A
:102780000040EB00610037004E019000DE01900038
:1027900090268400A1268400800F5100818F59006B
:1027A00007003E006E019000FE019000902684001C
:1027B000A1268400800F5100818F59001100310043
:1027C0006E009000FE0090000001BE000E08900018
:1027D0003DFF07000004BE004E009000DE009000A8
:1027E0000001BE000E08900037FF07000802BE007F
:1027F0000001BE006000B8009FFD0700008FBE0012
:10280000370037006000B800008FBE004E01900016
:10281000DE01900090268400A1268400800F5100E4
:10282000818F59001200320090268400A126840076
:1028300062005000E08058000001BE000E089000C9
:1028400021FF07000004BE004E009000DE00900053
:102850000001BE000E0890001BFF07000802BE002A
:102860000001BE001E00BE0083FD0700008FBE00F9
:102870006022B8006011B8001E00BE007EFD070097
:10288000008FBE006022B8006011B8001E00BE00BC
:1028900079FD0700008FBE006E009000FE009000E2
:1028A0000001BE000E08900007FF07000004BE00F4
:1028B00090268400A126840064004000E080480047
:1028C0000001BE000E089000FFFE07000802BE00D7
:1028D0000001BE001E00BE0067FD0700008FBE00A5
:1028E0002E009000BE0090003E016800AE8168009E
:1028F0000200BE000080700000F0A7000000EA00A7
:102900000000E9004F00DE00004078004F04BE00E8
:102910000080FA00000006000000FA000000EB0052
:102920004FFF07000080FA00000006000600FA00D2
:10293000000F780012079800230798001E00780007
:102940001E019000AE01900014FF07001E009000D1
:10295000AE00900062004000E08048001E82E80067
:102960000001BE0004007800EFFE07001E0090008A
:10297000AE00900066004000E08048001E01780034
:1029800030019800410198000080FA000000060024
:102990000400FA00008FBE001E00BE000000780098
:1029A000610060008001EB00000178000200BE00C1
:1029B0000080700000F0A7000000EA000000E900BD
:1029C0004F00DE00004078000080FA0000000600A2
:1029D0000E00FA004007980051079800620798001F
:1029E0004E009000A000900010009000000F7800B2
:1029F0004E00900030019000C00190001207980036
:102A0000230798001E0078008000EB00E0FF07001D
:102A1000604798006E4090000004E000180032000B
:102A20006E0090009E007800808F500011003600EC
:102A3000EE019000030F78000E0037001E01900099
:102A4000AE0190005E009000D4FE07005E00900092
:102A50000080E800500798001E009000AE00900033
:102A600062004000E08048001007980021079800AD
:102A70001E8FE9001E0078000000E000EFFF3A0022
:102A80006E4090000080FA00000006001C00FA0072
:102A9000200F9800310F9800420F9800530F9800B4
:102AA00002412200030020002E08900086FE07004D
:102AB000008FBE000040EB004047980068004700D0
:102AC0001E01BE0099FF07004E0090000000E000CC
:102AD00031003A005E019000EE01900020002000DD
:102AE00001002000800F5100818F59002A003A0018
:102AF000F20047006800470022002000B4FF0700F2
:102B00000004E0002400320010002000300798008C
:102B10001B0037005E009000EE0090003E01400078
:102B2000AE8148000200BE006200200003002000C9
:102B3000021F400003974800680047001E01BE00C6
:102B40007AFF0700CE0090003E089000808F500072
:102B500005003A00680047005E099000CE0890002A
:102B60009BFF0700404798004E4090000004E000A3
:102B700008003A003E0090000000E800300798008E
:102B80001E089000BE009000808F5000E1FF3900C9
:102B900001003700000000004E4090000080FA0065
:102BA000000006000400FA00000F780011079800EA
:102BB000420020008000EB001E009000FFF607009E
:102BC0001E0090004300200000017800210020003A
:102BD0001E007800ADFF07000080FA00000006002C
:102BE0000000FE0042E3200000197800010978008F
:102BF000000006000000FE000000EB008000EB007B
:102C0000F8FF07006627EF00000006000000FE0046
:102C1000801F7800811F780041E320000600FC003F
:102C200031007800303B880011007800303B88008C
:102C300061E7A8000000000000000000CF0078005D
:102C40004F0078000000060092018000910188008A
:102C50009080BA001000BA009201880000000600BF
:102C600092018000910188001000BA009201880052
:102C7000000006000000FE0061E7AF00FEFF370025
:102C8000F23F2000000161000C003A002204240001
:102C9000023B880092018000910188000008BB007F
:102CA000081602000000000061E7AF00FEFF3700D9
:102CB000920188001000200061A7AF0000002000F2
:102CC0000000060061E7AF00FEFF37000000A7002C
:102CD0000D0037009401800091018800310024002C
:102CE000013B88000208BB000388BB0008160200F5
:102CF0000000000061E7AF00FEFF3700940188008C
:102D00001000200061A7AF000000200000000600B6
:102D100061E7AF00FEFF37000000A7000E0037009C
:102D200033002400033B8800930180009101880058
:102D30000208BB00F20F20000288BB000816020048
:102D40000000000061E7AF00FEFF3700930188003C
:102D50001000200061A7AF00000020000000060066
:102D600061E7AF00FEFF3700F307200080816100BC
:102D700010003A0013002400033B880093018000F8
:102D800091018800040420003208BB003298BB0087
:102D90001400B100FCFF3A00081602000000000019
:102DA00061E7AF00FEFF37009301880010002000AC
:102DB00061A7AF00000020000000060061E7AF003F
:102DC000FEFF3700F30720008081610011003A0008
:102DD00013002400033B88009301800091018800C8
:102DE00004042000F10F20003208BB000198BB0052
:102DF0001400B100FCFF3A000816020000000000B9
:102E000061E7AF00FEFF370093018800100020004B
:102E100061A7AF000000200000000600F23F200084
:102E2000000061000000060002C02F0000006100E9
:102E3000F2FF2F0081006100000006000000FA0090
:102E4000C142A900C542A800D022A900D422A800EE
:102E5000013A800000042000008060000000E000D3
:102E60000A0032000240800013408000E0AF2C00D6
:102E700071002B00800F5100818F590003003A0030
:102E80000028EF000228EF0023F707000028EF00DA
:102E90000228EF00F1010700C142A900C542A800C5
:102EA000D022A900D422A800C882A900D042A9003B
:102EB000CC82A800D442A8004E010700C922A90074
:102EC000CD22A800C942A800040037000060FE001F
:102ED00000202E0041002000CA010700511680008A
:102EE00000402000008060000000E000F7FF32009A
:102EF000CD22A800040037000060FE0000202E0054
:102F000041002000BF010700511680000040200052
:102F1000008060000000E000F7FF320051168000E2
:102F200000402000008060000000E00001003A0046
:102F300003000700320107000060FE00F7FF3700C2
:102F40000200FA000040EB00004F7800210037003B
:102F5000CD22A8000010270021002000A9010700B1
:102F6000CD22A9000030250071002000A501070036
:102F70001E4FE8001E407800FE4F500015003A003A
:102F8000C542A900D422A9000040EB0010479800D8
:102F900001003700000000000060FE000050230028
:102FA000C1002000970107001E4090000040E8008B
:102FB000104798001E409000FD4F5000F5FF36006E
:102FC0004007A8004027A80040E7A8000000FE0036
:102FD000F1FF3700511680000040200000806000A3
:102FE0000000E000DAFF3200CD22A8000080FA00E5
:102FF000000006000200FA00000F780090688000D0
:103000009E0F500002003E0020C4B30003003700B2
:1030100020C120001E004000104078000080FA000F
:10302000000006000600FA0010079800210798002B
:1030300030000700000F78002E0090009E0F500017
:1030400002003100AE009000010F78001E017800F0
:1030500021C120001E00900091F507000010200003
:103060009E00500020C120001E0040000101780099
:103070008000780020C1200090F507009068800053
:103080001E005000906888001E0078000080FA0042
:10309000000006000400FA00000F780011079800F5
:1030A0000A003700650007000004E0000700320056
:1030B0001E007800104078001E0FE800470007004F
:1030C0001E0090000000E900100798001E0090000C
:1030D0000000E000F3FF3A00000000006800070075
:1030E0000004A2000004E000FCFF3A000080FA00A7
:1030F000000006000000FA00881F78000EC8BF001C
:103100000004A2000004E0000F00320022102000A2
:103110008000EB0020C12000A8F5070010C0B3001C
:103120000EE8B70009003700986880001C0007000F
:1031300021C1200081004400804878000800E80098
:103140009068880001003700000000002F00070091
:103150000004E0000400320091688000F00F2000BD
:10316000808F5000F0FF3600906880004F04780098
:103170000080FA00000006000000FA008000200035
:10318000001188002222EF00200220004011880058
:1031900021E2A8002342A8000080FA0000000600F7
:1031A0000000FA00000000001011800061006000C3
:1031B0000000E000FCFF320010118000620060009F
:1031C0000000E000010032002222A900301180003E
:1031D000004078000080FA00000006000200FA00BB
:1031E000004F780000000000111180000020200036
:1031F000008060000000E000FBFF3A001E80FB0042
:10320000201188000080FA00000006000000FA008B
:103210001011800000407800614060000080FB00D9
:1032200000F0A7000000EA000000EA004F00DE0006
:10323000004078000080FA00000006000000FA005C
:103240001111800000202000008060000000E000DC
:1032500007003A001111800000402000008060004B
:103260000000E000020032001000200001003700E2
:103270000000EB00004078000080FA00000006002B
:103280000000FA00101180004800DE00614060007C
:103290000080FB0000F0A7000000EA000000EA0048
:1032A0004F00DE00004078000080FA0000000600B9
:1032B0000000FA00101180000080FA0000000600F3
:1032C0000000FA0021E2A8002342A8000080FA00D2
:1032D000000006000000FA0021E2A9002342A90034
:1032E0000080FA00000006000000FA00C422EF008F
:1032F000CC22EF0000012000A01688007079200089
:1033000000168800F0EF2C0040168800F03E2000E8
:1033100080168800C542A800C142A900511680004D
:10332000000820000080600000F0A7000000EA0014
:103330000000EA004F00DE00004078000080FB0043
:103340006100600000004000A11680000110A10093
:1033500001007000A0168800D022A9006820EF00AC
:103360000040200050038800C622EF00CE22EF006C
:10337000D622EF00C080210060198800113A800039
:10338000F00B200000816000600420007105200027
:1033900023742000804978008149780082497800B0
:1033A000A136800000FE2F00008060003000B300D6
:1033B000A03688002135800000FE2F0000806000CC
:1033C0005001B30020358800103A800000017800D9
:1033D0000260A0006004200071052000237420001A
:1033E0008049780081497800824978000080FA009D
:1033F000000006000000FA000080FA00000006004D
:103400000000FA0008C8BF000004A2000004E000A9
:1034100022003200240007000004E0000300320014
:1034200010C0B30008E8B700170037000AC8BF0093
:103430000004E000030032000000EB0088FC0700FD
:1034400009E8B70009C8BF000004A2000004E000BA
:103450000200320010C0B30008E8B70008C8BF007F
:103460000004A2000004E00007003200CD82A800A2
:10347000CDA2A900E0AF2C0071002B000040880015
:10348000114088000000FE0008C8BF000004E000F2
:1034900002003200CDA2A800CD82A9004AF50700A3
:1034A0000080FA00000006000000FA0050168000BC
:1034B0004700DE00614060000080FB0000F0A700D4
:1034C0000000EA000000EA004F00DE000040780043
:1034D0000080FA000000060008080000020000005A
:1034E000000000000A0800000200000002000000C6
:1034F00001000000140D00000001000000000000A9
:103500000C0800000200000000000000120C000087
:1035100002010000000000000E0800000200000090
:10352000000000001208000000040000000000007D
:10353000340E00000400000002000000FFFFFF0046
:10354000FF000000140E000020000000000000003A
:10355000100800000200000002000000FFFF000051
:10356000040800000400000000000000000000004B
:103570000000FA0000102300203A88004827EF00DE
:103580007027EF007227EF007427EF002200200061
:1035900080072000A10920003374200080497800B2
:1035A00081497800824978000001EB006004200026
:1035B000710520002374200080497800814978003B
:1035C000824978000080FA00000006000200FA003C
:1035D000000F78009E007800814088000000FE0007
:1035E0000080FA00000006000000FA0040E1200020
:1035F00080077800C0E22000000188000080FA0007
:1036000000000600F03FB1000180B1000600350067
:10361000EE03090000000000403FB1000180B1004E
:10362000FBFF3D001000B000203FB000020035005D
:10363000008009000000000000000600809FBE001E
:10364000EC8057003100780020408800110078009D
:1036500006E8B7004F00BE00000006000000FA00B8
:10366000D4F4070020FF070004000700C0FF070094
:10367000C1FE07000080FA00000006000000FA000A
:103680000080FA00000006004A0304000000000069
:083690004A03040000000000E1
:10480000844900005238000000240000000000002D
:10481000FE9F000000000000B02604000000000021
:104820000000000002000000000000000200000084
:104830000200000004000000000000000000000072
:10484000000000008081000082860000879900003F
:10485000A9AA0000010100000401000012100000DC
:10486000010100000000FA006E68EF006F68EF00C1
:104870000080FA00000006000400FA0020479800BB
:104880006EC8BF000040E800674F60006FC8BF00FF
:104890009E40780080CF500002003A000040EB00BC
:1048A0000A0037006EC8BF000080FB0021BF200057
:1048B0002E419000827078001E417800E186200031
:1048C000824878004E28A80010C0B3000080FA008B
:1048D000000006000200FA00F186200091407800F6
:1048E0006EC8BF0080CF500003003A004E28A900D8
:1048F0000040EB00150037006FC8BF000080FB00D0
:1049000021BF2000614F78006FC8BF000040E80061
:10491000674060006FE8B700F186200091407800A2
:104920006EC8BF0080CF500001003A004E28A90099
:104930001E80FB008000400020BE20000080400060
:10494000100078000000010010C0B3000080FA00E1
:10495000000006000000FA00F18620009140780077
:104960006EC8BF0000C068000080FB000000E900C6
:104970004F00DE00004078000080FA0000000600D2
:104980000200FA00E0AF2000104F78001E80FB000C
:1049900061006000004078000004E0000200320086
:1049A000CC82A90001003700CC82A8001E80FB0049
:1049B000620060000000E00002003200D442A90062
:1049C00001003700D442A8001E80FB006400600094
:1049D0000000E00002003200C502A900010037001B
:1049E000C502A80040AF20001E4878000080FA00F1
:1049F000000006000200FA00F0AF2000104F78001F
:104A000030AF20001E4878000080FA000000060049
:104A10000000FA000080FA00000006000000FA0022
:104A20000080FA00000006000000FA0070B22000CA
:104A30009040780060C5B30080CF500007003A0076
:104A400070B220008040EB0001487800CD82A900C0
:104A5000CDA2A800A0C0B30052E8B7000080FA00C1
:104A6000000006000000FA0052C8BF000004E00089
:104A70000700320080B2200090407800F0C2B300FE
:104A800080CF500002003A000000FE00FFFF370018
:104A900070B220008040EB000148780080B2200016
:104AA0008040EB0001487800CD82A900CDA2A8008B
:104AB0000080FA00000006000000FA00CD82A80085
:104AC000CDA2A90070B220008040EB000148780020
:104AD00080B220008040EB00014878005268EF006F
:104AE0000080FA00000006000000FA000080FA00D2
:104AF000000006000000FA000080FA000000060036
:104B00000600FA00204798003147980022079800D5
:104B10000040EB00004F7800110037001E80FB00C2
:104B200021422A00E14078002E40900080CF5000C2
:104B30000A003A001E80FB00A1422A00E1407800F2
:104B40003E40900080CF500004003A002E009000BC
:104B50001E48780010C0B300050037001E4FE80063
:104B60001E407800E74F5000ECFF36000040EB009D
:104B70000080FA00000006000600FA00004F7800EE
:104B800011079800220798001E407800E84F500057
:104B9000020036000040EB000B0037001E80FB00D7
:104BA00021422A00E14078001E0090000148780070
:104BB0001E80FB00A1422A00E14078002E009000F8
:104BC0000148780010C0B3000080FA000000060021
:104BD000809FBE00EC805700310078003043880091
:104BE0001100780068E8B7004F00BE000000060022
:104BF0000000FA000080FA0000000600FFFF370006
:104C00001A2C040000000000002604000000000030
:104C10000026040000000000002604000000000040
:104C20000026040000000000002604000000000030
:104C30000026040000000000002604000000000020
:104C4000DA27040000000000002604000000000035
:104C500000260400000000001028040000000000EE
:104C600000260400000000000026040000000000F0
:104C700000260400000000000026040000000000E0
:104C800000260400000000000026040000000000D0
:104C9000962A040000000000002604000000000026
:104CA0000026040000000000AC2704000000000003
:104CB00000260400000000000026040000000000A0
:104CC0000026040000000000002604000000000090
:104CD000202804000000000000260400000000005E
:104CE0000026040000000000002604000000000070
:104CF0000026040000000000002604000000000060
:104D0000002604000000000000260400000000004F
:104D1000002604000000000000260400000000003F
:104D2000002604000000000000260400000000002F
:104D300046280400000000000026040000000000D7
:104D4000002604000000000000260400000000000F
:104D500000260400000000000026040000000000FF
:104D60006FC020000E7F22000E01880000000000AE
:104D7000000020000000E0000200320000012000DE
:104D80002002880014000700AC0207000000E000C9
:104D900003003A0000F32400010020000200370065
:104DA0000000200001002000810F7000010032008F
:104DB00014000700000020000000E00002003200A4
:104DC0000000020000000000603A02000000000045
:104DD0000040DA000000FE004440A900000120006D
:104DE0000000E0000300320000002000A001880065
:104DF0004440A800000006008A1F78008B1F78003E
:104E00000000060091018800800478000000EB009B
:104E10001A003700E284440032A0B4009905BA00B9
:104E2000E284440032A0B4009906BA00E28444004F
:104E300032A0B4000006EB00476FDE00FD07B200B1
:104E4000636CE10003003A00EBFF07000000EB0099
:104E50000A003700606CE10004003A00005DEB00DE
:104E60008B05E900FDFF3E00040037006168E100AA
:104E7000010032000086EB000B00070019C7BA00E2
:104E80001905BA000E04E00003003A000A00E00031
:104E9000E0FF3A0000000600FE07B2009E01880015
:104EA0008A047800F5FF3700395DBA008B05E90008
:104EB0000C003200295DBA008B05E90008003200C1
:104EC0000C00E00003003A00E284440032A0B40089
:104ED000F5FF370019DDBA008B05E900FAFF3A004B
:104EE0008904E800E184440032A0B4000000060018
:104EF00000000000000000000000000000000000B2
:104F000000000000000000000000000000000000A1
:104F10000000000000000000000000000000000091
:104F20000000000000000000000000000000000081
:104F30000000000000000000000000000000000071
:104F40000000000000000000000000000000000061
:104F500000000000000000003600F800809FBE0046
:104F6000829FBE00849FBE00869FBE000000FA00A4
:104F700030048000680060000000E000060032009D
:104F8000904380000000E000020032009043800067
:104F9000000001008660A9000080FA004F03BE00F7
:104FA0004F02BE004F01BE004F00BE003600F900A8
:104FB000004006003600F800809FBE00829FBE00C1
:104FC000849FBE00869FBE000000FA00B0438000B0
:104FD0000000E00002003200B04380000000010049
:104FE000F0BF2000104078008040E800F0BF2000B3
:104FF00001487800E0BF200011C0B30001487800EC
:105000008460A9000080FA004F03BE004F02BE007A
:105010004F01BE004F00BE003600F9000040060000
:10502000801F78000000FA0010C0B3004BE8B70002
:1050300084E0A9000080FA004F00780000400600DC
:105040003600F800809FBE00829FBE00849FBE0095
:10505000869FBE000000FA0010C0B3004AE8B70007
:10506000621307006000B800311307008780A900B1
:105070000080FA004F03BE004F02BE004F01BE0089
:105080004F00BE003600F900004006003600F80070
:10509000809FBE00829FBE00849FBE00869FBE0090
:1050A0000000FA008A40A900C1108000000820001A
:1050B000008060000000E0000800320018E2A90053
:1050C0000828EF0070408000200090008000EB0076
:1050D000010878000E28EF000D01370040408000E5
:1050E0008000EB00B200200003002000820F50007F
:1050F000838F5800FC003E00006001000B00370069
:1051000039003700750037009C003700F300370086
:10511000C8003700D9003700F0003700DB00370047
:10512000F1003700340037005000370000802000C5
:1051300020009000620060000000E000F3003A00F0
:105140000080200010009000704088000080200047
:1051500010009000104078000AE8B700008020009E
:105160001000900010009000604088000080200037
:1051700010009000E6004000008020001100980020
:10518000008020009000900060B92000808F5000C7
:1051900003003A0000802000E1B7200011009800D1
:1051A00000802000A00090000100A10021009800D4
:1051B0000080200090009000008020001000780007
:1051C000808F500004003A0000802000A000900072
:1051D0000110A000210098001602A8002000200065
:1051E00040408800CA0037001622A8002000200096
:1051F00040408800C6003700C11080000000280031
:10520000008060000000E000080032000080200004
:10521000604090008040E8000080200061409800DD
:1052200040002000B80F0700B90037008040800020
:105230008000D100F00F20000080600090108800F6
:105240008040800061006000004078000004E000C1
:1052500003003200B000200040408800AC0037005E
:105260003000200040408800A9003700C1108000B5
:1052700000002800008060000000E000080032000C
:1052800000802000604090008040E8000080200006
:1052900061409800400020009B0F07009C003700F1
:1052A0001622A800804080004800DE00E600600072
:1052B000000F2000010070008040880080408000C6
:1052C0000000A0008040880010C0B30012E8B700C2
:1052D00020002000404088008D00370012C8BF0029
:1052E000E14F50000A00320060408000100078005A
:1052F000804088006040800020009000A04088002E
:10530000604080002040900016E8B70001003700A0
:105310001268EF0081408000F00F2000808F500065
:1053200009003600804080004800DE00E600600092
:10533000000F20000100700090108800A0002000E5
:105340004040880072003700804080009010880044
:105350008040800061006000004078000004E000B0
:1053600003003200500020004040880068003700F1
:10537000300020004040880065003700C1108000E8
:1053800000002800008060000000E00009003200FA
:1053900000802000604090008040E80000802000F5
:1053A0006140980019E2A90050002000560F070044
:1053B0005700370016C8BF008080FB008100E9005D
:1053C000CF08DE00814078000040E90016E8B70011
:1053D0000104E000100032006040800066004000E0
:1053E000604088000AC8BF000040E9000AE8B70032
:1053F0000AC8BF000004E00003003A0020002000BB
:10540000410F0700420037001622A80020002000AC
:10541000404088003E003700A04080009040780067
:105420008180FB00911088000000E800A040880007
:1054300037003700C11080000000280000806000A5
:105440000000E00009003200008020006040900071
:105450008040E8000080200061409800400020006B
:10546000290F070019E2A900290037001662A800D9
:105470008000200040408800250037008000200088
:10548000404088001662A80021003700A04080003C
:105490008110800081407800014878000000E80019
:1054A000A040880016C8BF000040E90016E8B70019
:1054B00016C8BF000004E0000400320016A2A900D4
:1054C00060002000404088000200370016A2A800BB
:1054D000FC0E07001682A8000D00370020002000F7
:1054E000090F07000A00370000802000604090008C
:1054F0008040E800008020006140980060002000AB
:10550000010F07000000000001003700000000004C
:105510000080FA004F03BE004F02BE004F01BE00E4
:105520004F00BE003600F900004006003600F800CB
:10553000809FBE00829FBE00849FBE00869FBE00EB
:105540000200FA00C0408000E20F500088003200E4
:10555000E20F500003003900E30F500077003200E3
:10556000950037003110800000402000008060006E
:105570000000E00005003A00411080000002200019
:10558000008060000000E0000A003200311080005E
:1055900000082000008060000000E00024003200CD
:1055A0004110800000202000008060000000E0002A
:1055B0001F00320040108000640060000000E00026
:1055C0000C003A0010002000C30F0700D0408000FC
:1055D0000000E00004003200D04080000110800094
:1055E000814078000148780010002000C040880009
:1055F0003600370000108000004F78000000EB00FC
:10560000B50F0700E04080000000E0000500320018
:10561000E0408000104078000080FB0010108800FF
:105620000782A80020002000C04088002700370023
:105630003110800000402000008060000000E00089
:105640002200320041108000000220000080600033
:105650000000E0001D003A0040108000640060007F
:105660000000E00004003A002E68EF003000200047
:10567000C0408800130037002EC8BF000004E000BF
:105680000D0032000000EB00930F0700E0408000A7
:105690000000E00005003200E0408000104078008B
:1056A0000080FB00101088000782A8002000200066
:1056B000C0408800030037002E68EF003000200053
:1056C000C040880000108000004F7800C04080007B
:1056D000E10F500039003A00411080000002200024
:1056E000008060000000E0003600320041108000C1
:1056F00000042000008060000000E0000B003A0081
:10570000D04080000000E00004003200D040800063
:1057100001108000814078000148780020002000BE
:105720006D0F07006CE8B7002900370000108000FB
:10573000004F780008C2A900250037003000200083
:10574000650F07006CE8B70010C0B3002EE8B70083
:105750006CC8BF000004E0000200320000108000AE
:10576000004F780010002000C0408800180037006B
:105770004110800000002800008060000000E00070
:105780000B003A000000EB00530F0700E0408000E0
:105790000000E0000D003200E04080001040780082
:1057A0000080FB00101088000782A8000800370066
:1057B0001828EF0006003700FFFF37000000000048
:1057C0000300370000000000010037000000000067
:1057D0008600A90040108000700060000000E0001A
:1057E00004003A0040108000680060000000E00003
:1057F0000900320028C8BF000004E00006003200A3
:105800008182200091407800204180000040780093
:10581000011207002868EF000080FA004F03BE0065
:105820004F02BE004F01BE004F00BE003600F9001F
:10583000004006000040DA000000FE000000050005
:105840004F89DE0082017800F001370007F8270059
:10585000078361000638E10004003A00F7072000E2
:10586000878361008703710001003A0003F0A20002
:10587000889FBE008A9FBE008C9FBE00470ADE0044
:105880000480A100C71ADE000580A10007002800DF
:105890000785600087856100F70F20000720E10081
:1058A0009E0032000728E1009C00320001067800CB
:1058B0000400E000B4003200F70720008780600099
:1058C0000170A0000500E000C0003200F7072000D2
:1058D000878161000370A000050652000F003A00A6
:1058E0000B50E1000B0032000308E10002003A0017
:1058F0000200E1007E003200020450008384580060
:10590000040031000001FD008101FD008402FD0062
:105910008A05FD006044B800210037000520E10041
:1059200005003D000001FD008101FD008402FD0035
:105930008A05FD00050652007A60E1000500350089
:105940000170A1004722DD00848070008A80700011
:10595000630037006044B800EF02660007FF2F00C5
:10596000070666000500E00006003400F083120020
:105970008714DD000511DE00071BDD000601710044
:105980008519DE007060E10005003500090478002B
:1059900082047800030178008001EB007006560055
:1059A0000B50E10003003A000200400083804800F1
:1059B0000400370060041400E0841C00020058005A
:1059C000838058000188A300060032008100D100C6
:1059D0000080D3008984D3000884D3000402E80047
:1059E000270037000178A30025003A000100E000FD
:1059F000030032008186CF00698656000A00370016
:105A00008C0020000000E00004003A00090078004B
:105A1000880478000004EB00700252008086CF00FA
:105A20000D0646000C06E9007060E1000600350036
:105A30008000780009007800880478000004EB00FA
:105A400070065600700252000C00E0000C0034009A
:105A50008C08DD00F00316000703DE00868070006E
:105A60000C00DD00074BDE00060070008C4CDD00F2
:105A70000743DE00868474000C44DD000C025200F3
:105A80006120E1002000350061016000070028006E
:105A900087816400F7FF2700878364000703740091
:105AA0000300E000060032008203730004003200AD
:105AB0000000E800E08048000188A3000E003A00E2
:105AC000F70F20000720E1004A003D000170A1000F
:105AD0004722DD00810072008A8070000000BE0055
:105AE0004F06BE004F05BE004F04BE00000006007A
:105AF0006000B800FAFF37008100D1000080D300B9
:105B00000402E800EEFF3700040178008901740008
:105B1000C20007008A807000F1FF370018010700FB
:105B2000070278000001FD008101FD00140107005B
:105B300087027800850372000778A3000400320012
:105B40000001FD008101FD0027010700E4FF37008F
:105B5000850362000768A300080032000B50E100D3
:105B600003003200F0FF2F00F1FF2700DCFF3700B9
:105B70000001FD008101FD00D9FF37000468A3008A
:105B8000D7FF3200FAFF3700F8FF27008883600054
:105B90000B003A000000E00009003A0083036400B3
:105BA00082837300020032000200BE00CCFF370087
:105BB0000B50E100CEFF3A000200BE00C8FF3700E4
:105BC00014002000810064003EFF3700F8FF27002A
:105BD0008883610004003A000200E00002003A00FD
:105BE0008C007800BEFF37001500200083016400A0
:105BF00039FF370001F82700000020008100750000
:105C0000B7FF37000383680007002800070363001D
:105C1000470ADE000480A100C71ADE000580A1004B
:105C2000F70F20000720E100420032000728E100C2
:105C300040003200889FBE008A9FBE008C1F780003
:105C4000F107B200F307B2000400E0006400320084
:105C50000170A0000500E000680032000370A000A1
:105C600085054200EB07B1000204B8000302B8004A
:105C70008484440060854A00020AB8008484440099
:105C80000A854A00030AB8000405450004003300F1
:105C90000804D0008984D2000A85D2008B05E9006F
:105CA0006158E1003D00350002102000090161004B
:105CB0000308200089816100F707200087836400C2
:105CC00008867300C84CDE00C853DD00878474006A
:105CD0004855DE000300E000060032008203760033
:105CE000040032008904E80060054D000A88A30022
:105CF0000C003A00F70F20000758E10044003D0077
:105D00000A70A100C75DDD000A8575008A00730076
:105D1000090078004F0678004F05BE004F04BE0012
:105D2000000006000A05D1008984D3008B05E80035
:105D3000F0FF3700881F7800060478009000070005
:105D4000070278000001FD008101FD008C000700C2
:105D500087027800850372000778A30005003200EF
:105D60000001FD008101FD009F0007004F04780045
:105D700000000600850372000748A30003003200FC
:105D8000F0FF2F00F1FF2700F8FF37000000200090
:105D900001F8270088807000F4FF37008801780040
:105DA0004848DD00808171004848DE00C850DD00B1
:105DB00001007000C850DE00060478000B01780076
:105DC0001600070088807000D2FF37000500E00051
:105DD00005003200170020003A0007009DFF370041
:105DE00081037000F9FF3A00860078004F067800C2
:105DF0004F05BE004F04BE00000005008303710084
:105E0000F9FF3200270020002E00070094FF370022
:105E100001F8270086807000F4FF37000100E000E1
:105E200026003200610111007810E10023003C00DF
:105E30006022B8007010E100040035008002780094
:105E4000010078008000EB00700151000200E000CA
:105E50000900340070031100062ADD00822ADE00EA
:105E60008603DD00878272000200DE00860BDD0003
:105E7000070070008208DE0084817100F4FF2700B3
:105E80000482620084817100040028008482620020
:105E90006102600005F0A6000000060004827100A7
:105EA000070032000000E800E08048000000060023
:105EB0000002BE006000B800EFFF37006000B800CD
:105EC00000000600889FBE000004EB006138E1007E
:105ED00016003A000100E00008003A00C800DE00A9
:105EE0004800DD00880020000100E00003003A00C7
:105EF000C800DE004800DD00680444008184CF0053
:105F0000E9845400060034008908DD00F0831400A1
:105F10008703DE00878070000900DD00090444006B
:105F2000610214004F04BE00000006000300E00000
:105F300008003A00C811DE004811DD00880020008A
:105F40000300E00003003A00C811DE004811DD0044
:105F5000680444008384CF00E984540006003400C0
:105F60008919DD00F08314008713DE00878171003A
:105F70000911DD0009044400E1021400E9FF3700C3
:105F80002700200001F0A70017002000470BDE00CB
:105F9000F60FB200040032000643E8000A003200A7
:105FA0004702B3000000060001037800F607B200C4
:105FB0000603700002003A000703B3000000060069
:105FC0008702B3000000060001037800F607B20064
:105FD00006037000020032000770A00000000600F7
:105FE0000760A000000006000478A300040032004F
:105FF0000578A300030032000168A30001003A0005
:106000000200BE000160A00000000600881F7800AA
:10601000030478000300E00007003D00600010006A
:10602000E080180060011900E081190002003B00C7
:1060300001F02D00030037000400070008F0A7005E
:1060400001F0A0004F04780000000600889FBE0009
:106050008A9FBE00008270000402710004827100F9
:10606000260032000004BE000200BE006011B8002D
:106070006B092000950220000182CF000A00390040
:106080000541B1000082CF00070039000541B10091
:106090000982CF00040039000541B1000882CF0019
:1060A000010039000541B1000542520012003200E2
:1060B0000A003B0082817100610164008100D1000F
:1060C0000080D3008984D3000884D3008B05E800C6
:1060D0000442E800F7FF3A000700370008044400D4
:1060E00089844C0000004800818048008B05E9004D
:1060F0000442E900F9FF3A00030007004F05BE0023
:106100004F04BE00000006008100200061805500A1
:106110000B003D000B00200061FE2F000100E1009C
:106120001D00340082817100610164008904D10086
:106130000884D3000000E800FAFF3A007100200054
:10614000610064000300700002006000090032007A
:1061500061044400E0844C000988A5000500320079
:106160008B05E8006808E10002003A008904D100CC
:106170000884D300F20F20000258E10005003D0022
:10618000C75DDD00F907B20089807500080078005E
:10619000000006000BF827008B00780000000500C7
:1061A000000006000800FA00889FBE008A9FBE001B
:1061B0008C9FBE000004BE000200BE00E2B79F003C
:1061C000F3B79F00F6FF07008102780005F0A100F9
:1061D000000278000C0020000DF827006FB1970036
:1061E000FFB197008C0F52008D8F5A000A003E00BD
:1061F0000800BE00EAFF07008102780005F0A10058
:10620000000278006FB19700FFB197008C0F520029
:106210008D8F5A00030036000800BE0094FD070071
:10622000980037000203BE000000200001F82300A0
:10623000800F5300818F5B0003003A000800BE000E
:10624000980007008F0037000802BE004E3DDE00B8
:106250000B0020006000B800620065004F4DDE00BA
:106260000B0020000A0570008B8570008500780007
:1062700001F0A10008007800E00F5000E08F580006
:1062800007003A00E20F5500E08F5D003300320056
:10629000E30F5500E08F5D007B003A0032003700CD
:1062A0008702780005F0A10006027800E00F520096
:1062B000E08F5A003B0032008C0F52008D8F5A0045
:1062C0002C003A00840F5000858F580018003A00C7
:1062D000E20F5500E08F5D0009003200E30F55002A
:1062E000E08F5D0009003200E10F5500E08F5D0096
:1062F0005B003200B8FD200099F4230062003700F3
:1063000002002000030424000200370002002000E5
:1063100003042C00B0FD20009104240039FE070086
:106320000200200003E8230036FE07005500370076
:10633000E20F5500E08F5D0008003200E30F5500CA
:10634000E08F5D00080032006044B800E10F5500A6
:10635000E08F5D004C003A0044003700B8FD20009B
:106360009904240048003700B8FD200099042C004F
:10637000450037000600200007D02000040343003A
:1063800085834B0086BF9F0097BF9F00800F5300FF
:10639000818F5B00030039008C0F50008D8F5800F7
:1063A00005003A000A08A30033003200B8FD2000BF
:1063B00099FC2B00340037006033B800620365009D
:1063C000E00F5300E08F5B00080032000C0020005B
:1063D0000DD020000003460081834E006000B8000D
:1063E000840F5300858F5B00040039000800BE0055
:1063F0009D020700010107002A000700E10F550078
:10640000E08F5D00050032001E003900E20F5500EC
:10641000E08F5D000B003A00030037000004BE006F
:1064200009F0A20018003700E2D22B00B33B230092
:106430000FFD07000001BE00B0FD20009104240004
:1064400005003700E2D22B00B33B230008FD070014
:10645000B2FD200093042400FCFC07000900370073
:10646000B8FD200099F42B00070037000800200039
:106470000900280004003700B8FD200099FC230023
:10648000010037000004BE000800BE004F06BE0039
:106490004F05BE004F04BE000080FA000000060059
:1064A000000006000C00FA00889FBE008A9FBE0014
:1064B0008C9FBE000004BE004F09DE0003002000D8
:1064C000E2B79F00F3B79F00810678000DF0A100AE
:1064D00000067800F0FF2F00F1C72400800F56005F
:1064E000818F5E00100036000800BE00ECFF070040
:1064F0008101780003F0A100000178000000200075
:1065000001F82700800F5100818F5900B5003E002F
:106510000200200003382000A0FD200091FC230091
:10652000D3FC0700A6003700F0FF2F00F1ED230099
:10653000800F5600818F5E0011003E000085EB0049
:10654000F0FF2F00F1972300800F5600818F5E002F
:1065500055003E00F0FF2F00F1072000800F56008D
:10656000818F5E009F003E000801BE000800BE0053
:10657000A4FD0700C0B79F00D1B79F009900370066
:106580000800BE009D0007000004BE00F0FF2F00C1
:1065900071F92300800F5600818F5E0025003E00B8
:1065A000F0FF2F00F1F22300800F5600818F5E0074
:1065B00011003E000801BE000800BE00ACFC070050
:1065C0000200200003F82300A0FC07000005BE0025
:1065D00002002000030024000800BE00A4FC070005
:1065E0000001BE000A00BE001F0207000004BE003A
:1065F0000005EB002C0037000200200003F8230008
:106600000800BE0091FC07000005BE00020020004B
:1066100003F823000800BE0095FC07000001BE003F
:106620000A00BE00100207000004BE001A0020008D
:106630001D003700F0FF2F00B1012400800F56002D
:10664000818F5E0012003E000200200003FC230048
:106650000800BE007DFC07000005BE00020020000F
:1066600003FC23000800BE0066FD070002002000B6
:1066700003F823007EFC07000001BE000A00BE00F4
:10668000F90107000004BE002A00200006003700C0
:106690000801BE000000200001F82B00F2010700F5
:1066A0000004BE003A0020000801BE000800BE0041
:1066B00054FD07000002BE000001BE0084BF9F0021
:1066C00095BF9F004FFD07000006BE0052C22A0082
:1066D000C3D723004BFD0700D2502F0013E1230046
:1066E00063FC07000001BE000C00BE0045FD070072
:1066F00092AA2A00A3EA23005DFC07000001BE0065
:106700000FBA97009FBA97000400BE003DFD070036
:106710000002BE0072242100A3DD2B000C00BE008D
:1067200084BF9F0095BF9F0036FD070082A92C0003
:10673000C3E4230045FC07000001BE000C00BE00BE
:1067400030FD07000001BE000FBA97009FBA970006
:10675000E10F450009003A000400BE0044FC0700B8
:106760000001BE000800BE0026FD07000001BE00BB
:106770000800BE0035FC0700190037004255DD0057
:106780002CBC20000A0646000400BE0038FC0700AE
:106790000001BE000800BE001AFD070022BD200057
:1067A0000A0541001A01BE0028FC07000801BE00CE
:1067B00026FC07000001BE001C00BE0023FC0700F1
:1067C0006FB19700FFB19700E00F5100E08F5900C3
:1067D000030032000004BE0009F0A20001003700EF
:1067E0000004BE000800BE004F06BE004F05BE00FC
:1067F0004F04BE000080FA00000006000001BE0049
:106800008300780001F0A10002007800000006007B
:1068100001000700580137000400FA00889FBE00FD
:106820008A9FBE008C9FBE000004BE004708DE00A9
:10683000F00FB20051092000810F500041003C00D0
:106840000806BE00E00F5400E08F5C0003003D002E
:106850000805BE000BF0A200010037000805BE00CD
:10686000D1072000810F50000A003C0002002000E8
:1068700003B024000A00BE00FDFB070080BF9F009C
:1068800091BF9F006011B8000800BE00DDFC07004A
:106890002B0037000200200003B024000A00BE00D5
:1068A000F3FB07000200200003B02400E7FB070011
:1068B0000A01BE00E5FB07000004BE000200200044
:1068C00003F023002A0107000000E0000700340065
:1068D0000A01BE000800BE00E5FB07000200200020
:1068E00003F82300D9FB07000F0037000200200047
:1068F00003F02B000800BE001B0107000000E000B1
:1069000006003C000A01BE000800BE00D8FB0700DC
:106910000200200003F82300020037000A01BE0035
:106920000800BE00D2FB0700E00F5600E08F5E00BB
:1069300003003D000004BE0009F0A2000100370082
:106940000004BE000800BE004F06BE004F05BE009A
:106950004F04BE000080FA0000000600889FBE00C1
:106960008A9FBE008C9FBE000004BE000400200071
:1069700005F827008583600004037800840F530026
:10698000858F5B0007003A000801BE000800BE00CA
:106990009CFC07000001BE000800BE00B4FB07001D
:1069A00010003700E00F5000E08F58000F003C004F
:1069B0008101780003F0A10000017800E00F510090
:1069C000E08F59006A003200100220002060880029
:1069D0000801BE000800BE009CFB07000001BE00CD
:1069E000210107000004BE0061003700478CDE0073
:1069F000CF8CDE00E00F5400E08F5C000F003A0007
:106A00006044B80004003700000040008180480066
:106A100061044400E0844C000400200005082000CC
:106A20008181620004017800E00F5100E08F59007D
:106A3000F5FF320061041400E0841C00F807B10087
:106A40000980B10081017800F307B20000017800ED
:106A50000200BE000170A0000808A300020032007E
:106A600000004000818048008984D1000884D30060
:106A700000004000818048009401200002002000B6
:106A8000031020006055B8006066B8000C03410098
:106A90008D834900800F5300818F5B0006003C000E
:106AA000060641008786490006005000878058008E
:106AB0000A0541008B8549000000400081804800A4
:106AC0008301D1000281D3000402E900EFFF3A0004
:106AD000E00F5000E08F58001B0032000226240017
:106AE00023DA20000000200001F8230057FB0700F4
:106AF0000200200003F823009D0007000000E000D2
:106B0000110035000226240023DA200000002000B6
:106B100001F8230056FB07000200200003F82300C1
:106B2000930007000000E000030034006205450008
:106B3000E0854D00040037006000B800610065008A
:106B40000005450081854D00C744DD000800200098
:106B50000000200001F02300080440008984480060
:106B60008B85D1000A85D3000804450089844D0037
:106B70000800BE004F06BE004F05BE004F04BE0019
:106B800000000600010037000201E9000200E000F9
:106B90000500320030427800B1417800834F520046
:106BA000F9FF320001003700000005000480FB00FF
:106BB0008381FB0003005000000006008001780084
:106BC00002003700B15978000201E9000200E0003C
:106BD000FCFF3A0000000600889FBE008A9FBE00AE
:106BE000800478000200E0005B0032000140780081
:106BF000814C780082814400F1F99F00E20F51003E
:106C00005500360091449800A1449800E1F99F0096
:106C1000D1F99F00E60F51004F003600B1449800B3
:106C2000C1F99F00E80F51004B0036000905EA004A
:106C3000630565000A8444000A055100C1FF2F0066
:106C4000010565000080FB008000EB0012102000B1
:106C5000131020007E000700008CBE000A014400D3
:106C600060B99F0071B99F00E80F55003A003600E7
:106C700020049800310498004004980051049800C2
:106C800020B99F0031B99F0040B99F0051B99F00C2
:106C9000F80F550030003600600498007104980029
:106CA000000C9800110C9800200C9800310C9800F2
:106CB000400C9800510C980020B19F0031B19F000A
:106CC00040B19F0051B19F0060B19F0071B19F0022
:106CD00000B99F0011B99F00640164007801410070
:106CE00002044400020555006011B8000203BE0012
:106CF0000002BE000403BE006022B8000000720063
:106D000081807200020173008381730010003700DC
:106D1000009CBE000294BE004004980051049800FC
:106D20006204980073049800000C9800110C9800FD
:106D3000220C9800330C9800400C9800510C9800DD
:106D4000620C9800730C98000A02B1000802B000AF
:106D5000FF0F5500EEFF3E00090078004F05BE0012
:106D60004F04BE000000060014002000A3013700FD
:106D7000F4FF2F00A10137000001BE001F00070033
:106D80000470A70003F0A1006509B10016003200ED
:106D90000D0035006828E10006003500F0FF2F00E7
:106DA000F1FF27000300E00013003B000100280072
:106DB0000000050000004000818048008502E900D5
:106DC000FCFF3A0008003700F88F420002003C0048
:106DD0008000EB00000005008100D1000080D3009E
:106DE0008502E800FCFF3A000300E00002003B00DF
:106DF00060001000E080180000000600C70ADE00F6
:106E0000F107B200F50FB20008003200E1CF4200F6
:106E1000020032000170A00024000500810F700004
:106E2000010032000408050044000500810F7000D5
:106E300002003A00140005008502E900000040004D
:106E400081C04800FCFF3B000170A0002400050049
:106E5000020AB900001BB9000200B800810042001C
:106E60008100430000000600889FBE008A9FBE008C
:106E70008C9FBE001B0020000202BE000586680039
:106E800006002800060666004709DE00F20FB20081
:106E9000820032000243E80080003200C729DE0091
:106EA000F30FB2007D0032000343E8007B003200A4
:106EB000F107B2000170A000F507B2000570A00054
:106EC000C708DD004903DE00868070004700DD0052
:106ED000C72ADD004923DE00868272004722DD00DA
:106EE000030551000403500085835800030031005E
:106EF00000004000818048000A05E9008C1F7800EE
:106F00008A9FBE00040050008580580004024200A1
:106F100085824A0000004000818048000005EB00A7
:106F20000004BE006033B8000406BE000D48E10056
:106F300056003100110009004DCCD8000C01B800FA
:106F40000D02B8008481410060824A0082835300B0
:106F500003045C0084845C0060055D000A00E000BE
:106F600025003A00800578000D40E100490031001D
:106F70008800780007007800110009004D88D800CB
:106F80000C01B8000D02B8008481410060824A0003
:106F90006003110083835B0004045C00E0845C00F8
:106FA0000900E00021003A004F01BE000300E000AC
:106FB0002B003200E3016000070673008C81710032
:106FC00001003200640070004200DE004E5EDD0011
:106FD0000C007000C258DE0001E0A0008100070034
:106FE000CF017800818071004F06BE004F05BE00C2
:106FF0004F04BE00000006008C8343000D044C00CB
:10700000E0844C0060054D000000E9000A00E0004B
:10701000D4FF32008C8343000D044C00E0844C000C
:1070200060054D000000E900CEFF37000C0343006F
:107030008D834B0060044C00E0844C000000E900AC
:107040000900E000D8FF32000C0343008D834B00A1
:1070500060044C00E0844C000000E900D2FF3700DF
:107060004200DE004E5EDD000C007000C258DE0003
:1070700001E0A000CF0178000300E000DAFF320059
:1070800060001000E0801800D7FF3700F0FF2F00ED
:10709000AAFF3700F0FF2F00B9FF37000404BE003D
:1070A000B7FB0700870678000004FD008104FD009F
:1070B000B3FB0700078366000678A30003003200D5
:1070C0000960A7000800BE002C0037000D78A3005F
:1070D000020032000800BE00280037000778A30035
:1070E00026003A0001F0A10009F0A1000668A30003
:1070F00003003200F1FF2700F0FF2F00BAFF370036
:107100000D68A300030032000800BE008C807000F0
:10711000B5FF37000768A30007003A000648A30040
:1071200003003200F1FF2700F0FF2F00AEFF370011
:107130000D48A300030032006000B8008C8070008E
:10714000A9FF37000748A3000400320001F8270018
:10715000000020008C807000A3FF3700740007003F
:107160000004FD008104FD000205780070000700A6
:107170000802BE008A01780059FF37000160A000B4
:1071800012022000E243880097FF37000100E00070
:10719000120032000500E00010003200889FBE009F
:1071A0008A9FBE008C9FBE000006EB0001F8A30082
:1071B0000300320060001000E08018000CF0A00016
:1071C00005F8A3000300320060021200E0821A00FA
:1071D0000CF0A2008005EB0041FF37006000B80012
:1071E0000200050081017000270032008002EB00E0
:1071F00001F8A3000300320060001000E0801800D6
:1072000015002000F4072000020242002000340094
:10721000F7032000870360000604200000036300DA
:1072200002082000000161004700DE00C909DD00FE
:1072300000807100C708DE000600E0000800320090
:1072400087037100060032001000B0000180B0001A
:107250000188A30002003200C108DE000402E80039
:10726000F107B200F30F20000320E10003003D000E
:107270004722DD00810072002900370001F8270055
:107280000000EB00260037006000B8000000060098
:10729000680212007F20E100020034006000B800A4
:1072A0001F0037006011B8007020E10004003500B5
:1072B00080017800010078008000EB00700252002D
:1072C0000400E00009003400F00312000719DD009B
:1072D0008419DE000703DD00868171000400DE00F2
:1072E000070BDD00060070008408DE00F7FF2700B2
:1072F0008383630087037100060028000303630093
:10730000070032000700E00003003A00610160005E
:1073100002817300020032001000B0000180B00052
:107320000500A6000000060001F0A0000000060015
:107330004F0ADE004709DE00F107B200F20FB2008B
:107340000B003200F207B1000170A000C708DD0099
:10735000C901DE00838070004700DD000400A60044
:107360000000060060001000E08018000000060029
:10737000810F700001003A00000006008182CF00FA
:107380000500E00010003E008082CF00EE82420047
:107390007028E1000400390007003E0080007800FA
:1073A0000000EB000E003700708312008600DE0044
:1073B0000500DD000A003700708352008600DD0002
:1073C0000000EB0006003700E28252008508DD0075
:1073D000708312000603DE00868070000500DD0069
:1073E0007507B0000501EA000400A60000000600D1
:1073F00060001000E080180000000600889FBE00BA
:107400008A9FBE00841F7800170007004F00780095
:1074100011003300F0FF2F00838F6C0006003B004B
:10742000040565000A00A7000800370009F0A6005F
:107430001000200008003700820F5400838F5C008A
:10744000030039001000200001003E000000200071
:1074500009F0A7000000EA004F05BE004F04BE007F
:107460000000E000000006000004BE0063FE07000C
:107470000003BE000405BE000200BE005FFE070060
:10748000844F7500000006000000FA000600FC00B2
:1074900011028000F141B200110288000080FA0060
:1074A000000006000200FA00004F78001E4178003C
:1074B00041862000824878000080FA000000060023
:1074C0000800FA00003A80006100600000F0A700A8
:1074D0000000EA000000E9004F00DE0010479800BD
:1074E0001E4090000004E00004003200C142A900E8
:1074F000C542A800D022A900D422A800980C0700F9
:10750000D442A800CC82A8004268EF004368EF0094
:107510004468EF004628EF004828EF004A68EF0073
:107520003228EF003428EF003628EF003828EF002B
:107530003A68EF003068EF00E0AF20008040EB00D9
:10754000014878001C04070026040700A0C0B3000F
:107550002D040700AB0A0700C942A800C142A900D8
:10756000D022A900C542A8001E4090000004E000FF
:1075700003003200D422A8000060FE0001003700A2
:10758000D422A9001E4090000004A2000004E000E4
:1075900031003200111680000008200000806000D9
:1075A0000000E0001E003A004168EF00C542A9005B
:1075B0001C0037000060FE0041C8BF000004A200AC
:1075C0000004E00008003200CD22A800008823005B
:1075D00011002000750C0700CD22A90000402200F8
:1075E000410F2000710C0700911680000008200058
:1075F000008060000000E0000500320010C0B30011
:1076000041E8B700CD82A800CDA2A900050037004F
:107610004168EF00CDA2A800CD82A900010037008B
:107620000000000051168000004020000080600033
:107630000000E000DFFF3A00CD22A900C542A8000B
:10764000010037000060FE0010C0B3008D0307008A
:107650000004E000FBFF3200CD82A800CDA2A9000B
:107660004007A9004027A9006040A9006060A90068
:107670008780A9008780A9009780A9008660A9005B
:107680000060FE008780A9008780A9009780A9007C
:107690008660A9007CFF0700C70307004568EF006C
:1076A0004268EF000040EB002047980020A820002F
:1076B0008040EB000148780030A8200041CFB300A3
:1076C0000148780040A8200041C2B300014878007A
:1076D00050A820008040EB00014878004E050700CC
:1076E000C0AF200051C0B30001487800B0AF200007
:1076F00011C0B30001487800420B07005B0207008D
:10770000CD82A8000040EB00004F78003A0037001F
:10771000601680004C00DE00614060000004A200A2
:10772000614060000080FB00610060004C00DD00F3
:107730006116800001C0A100010070006016880081
:10774000601680004D00DE00614060000004A20071
:10775000614060000080FB00610060004D00DD00C2
:107760006116800001D0A100010070006016880041
:1077700000502300C10020000C0C070060168000A0
:107780004C00DE00614060000004A2006140600027
:107790000080FB00610060004C00DD00611680008D
:1077A00001C0A10001007000601688006016800012
:1077B0004D00DE00614060000004A20061406000F6
:1077C0000080FB00610060004D00DD00611680005C
:1077D00001D0A100010070006016880000F02900AF
:1077E00041022000F10B07000060FE00CD82A800DE
:1077F000CDA2A9001E4FE8001E407800E94F5000BE
:10780000C3FF360001003700000000005116800061
:1078100000402000008060000000E00001003A000D
:10782000FC0207004BC8BF000004E0001C0032004F
:1078300052C8BF000004E0000A00320052C8BF0076
:107840008080FB008100E900CF08DE0081407800E5
:107850000040E90052E8B7000104E00001003200F6
:1078600095F407004B68EF0030C8BF000080FB00B4
:10787000800040000086200000804000100078005A
:107880000000010030C8BF000040E80030E8B70049
:1078900030C8BF00E14F5000010036003068EF00F3
:1078A00070428000610060000000E0000C003200C7
:1078B000C0832000050A07000004E0000800320031
:1078C000E041800000407800EBF307000004A200D4
:1078D0000004E0000200320010C0B3003BE8B70033
:1078E00070428000620060000000E0000100320091
:1078F000F8F3070042C8BF000004E0002A0032008D
:1079000043C8BF000004E00003003200CDA2A8007D
:10791000CD82A9004368EF0044C8BF000004E00026
:107920002000320030428000414280004808DE00E2
:1079300080407800E0A720000148780030428000B5
:10794000414280004008DE0080407800F0A720001F
:107950000148780030428000414280004809DD0043
:107960004800DE0000007100C808DE00804078009A
:1079700000A8200001487800304280004142800089
:107980008040780010A82000014878004468EF008B
:10799000630007009B0A070099080700CDA2A90011
:1079A000CD82A8004268EF004AC8BF000004E00092
:1079B00095FF3200CDA2A900CD82A80032428000FE
:1079C000434280002207980033079800E0A7200078
:1079D00080C0EB0001487800F0A72000E1CFB300A1
:1079E0000148780000A82000D1CFB30001487800FA
:1079F00010A82000C1CFB30001487800480007005C
:107A00004A68EF000040EB00004F78003A00370072
:107A1000601680004C00DE00614060000004A2009F
:107A2000614060000080FB00610060004C00DD00F0
:107A30006116800001C0A10001007000601688007E
:107A4000601680004D00DE00614060000004A2006E
:107A5000614060000080FB00610060004D00DD00BF
:107A60006116800001D0A10001007000601688003E
:107A700000502300C10020004C0B0700601680005E
:107A80004C00DE00614060000004A2006140600024
:107A90000080FB00610060004C00DD00611680008A
:107AA00001C0A1000100700060168800601680000F
:107AB0004D00DE00614060000004A20061406000F3
:107AC0000080FB00610060004D00DD006116800059
:107AD00001D0A100010070006016880000F02900AC
:107AE00041022000310B07000060FE00CD82A8009B
:107AF000CDA2A9001E4FE8001E407800E94F5000BB
:107B0000C3FF36004A68EF004368EF004468EF00A7
:107B10005E0807003B0A0700390807003BFF3700F3
:107B20000000FA00D462A800001027002100200005
:107B30001E0B0700D462A9000080FA0000000600B6
:107B40000000FA006040A9006060A9008780A900D9
:107B50008780A9009780A9008660A900D4C2A900E7
:107B6000CD02A80000102700210020000F0B070005
:107B7000CD02A900040037000010270021002000DA
:107B80000A0B07000060FE00111680000020200094
:107B9000008060000000E000F7FF3200D4C2A800BF
:107BA0001000370000A0260081012000FF0A070016
:107BB0000060FE00601680004C00DE006140600046
:107BC0000004A200614060000080FB0061006000D2
:107BD0004C00DD006116800001C0A10001007000B2
:107BE00060168800111680000020200000806000D0
:107BF0000000E000EBFF3A00CD82A9001000370042
:107C000000A0260081012000E80A07000060FE00B5
:107C1000601680004C00DE00614060000004A2009D
:107C2000614060000080FB00610060004C00DD00EE
:107C30006116800001C0A10001007000601688007C
:107C40001116800000202000008060000000E0008D
:107C5000EBFF3200EB0907000080FA00000006008D
:107C60000200FA00CDA2A9000040EB00004F78000E
:107C7000110037000060FE0000502300C10020000A
:107C8000CA0A0700601680004900DE0061406000FB
:107C90000004A200614060000080FB006100600001
:107CA0004900DD00611680000190A1000100700014
:107CB000601688001E4FE80070CCB3009E4078002C
:107CC00080CF5000EBFF3600CD22A900D422A800BF
:107CD0003628EF003828EF001200370051168000D8
:107CE00000402000008060000000E00007003A0033
:107CF000B0418000C141800061004000E080480048
:107D0000B0418800C1418800020037003628EF00EA
:107D10003828EF0000502300C1002000A30A07000C
:107D20000060FE00B2418000C3418000900020004E
:107D300001002000800F5100818F5900E7FF3600BD
:107D4000100037000060FE0000502300C10020003A
:107D5000960A0700601680004C00DE00614060005B
:107D60000004A200614060000080FB006100600030
:107D70004C00DD006116800001C0A1000100700010
:107D800060168800511680000040200000806000CE
:107D90000000E000EBFF3200CD82A900D422A90050
:107DA0000080FA00000006000000FA0000E823004E
:107DB000010020007D0A07000080FA000000060094
:107DC0000400FA00000F7800110798001100370036
:107DD00000E8230001002000740A07000060FE0094
:107DE0001E00900000F0A7000000EA000000E9007B
:107DF0004F00DE00004078009E0090008100E90006
:107E0000110798000004E000020032000040EB007F
:107E1000050037001E00780010007800E10F5000C8
:107E2000EBFF320010C0B3000080FA000000060033
:107E30000800FA00404798005147980062479800B0
:107E400010002000000F7800DE40900021479800CD
:107E5000EE409000314798004E4090008080FB003B
:107E60000E80E8008E0178000101780021C0B30087
:107E7000B2040700210320000E007800D0FF0700A5
:107E80000004E000050032001E007800E20F500000
:107E900002003A0010002000010037000000EB0053
:107EA000004078000080FA00000006001400FA008C
:107EB000604F9800714F9800020F98002357980068
:107EC00010002000000F78006E4890000081FB0039
:107ED000EF0047000E80E8008201780012C0B30076
:107EE0001C0507006E4890008080FB000E80E800B3
:107EF00066004000810178002E5190008E089000AD
:107F0000FC0407000E80E8000E0178008000780075
:107F100020C0B300BB040700210320000E0078003E
:107F2000A7FF07000004E000050032001E007800F3
:107F3000E20F500002003A0010C0B30029003700E1
:107F400010002000000F78006E4890008080FB0039
:107F50006F0047008E0178000101780011C0B30066
:107F600076040700210320000E00780094FF07002C
:107F70000004A2000004E00003003A001E007800A4
:107F8000E20F5000020032000040EB001500370005
:107F900010002000000F78006E4890000080FB0069
:107FA0008E01780000017800AE5090000E0890001D
:107FB0007B040700210320000E00780080FF0700EB
:107FC0000004E000050032001E007800E20F5000BF
:107FD00002003A0010002000010037000000EB0012
:107FE000004078000080FA00000006000400FA005B
:107FF000004F7800114798001207980013C0B30093
:108000001E0190009E4090001E407800A7FF0700D0
:108010000080FA00000006000200FA000040EB00B9
:10802000004F780064C8BF000E017800F1C0B300B3
:10803000EEFF07000004A2000004E000020032008E
:108040000040EB00070037009E40780040C4B300BA
:1080500000C068000080FB000000E9004F00DE0067
:10806000004078000080FA00000006000000FA00DE
:10807000C0A9200011CAB3000148780080C1B30034
:1080800064E8B7004186200091407800D0A9200024
:108090000148780064C8BF000041EB0001C2B30092
:1080A00063FF07000004A2000004E00005003200A6
:1080B000F0A9200001CCB300014878000040EB009B
:1080C0002800370064C8BF00C2C0B30011C2B300AB
:1080D00057FF07000004A2000004E0000500320082
:1080E000E0A9200021CCB300014878000040EB005B
:1080F0001C00370064C8BF0042CCB30051C2B300BB
:108100004BFF07000004A2000004E000050032005D
:10811000F0A9200011CCB300014878000040EB002A
:108120001000370064C8BF0042C2B30001C2B300F0
:108130003FFF07000004A2000004E0000500320039
:10814000F0A9200011CCB300014878000040EB00FA
:108150000400370000AA20008040EB0001487800AE
:1081600010C0B3000080FA00000006000C00FA0006
:1081700030079800410798005207980064C8BF0074
:1081800063C0B3000E01780081C2B30047FF07004F
:108190000004A2000004E000020032000040EB00F6
:1081A0002B0037001E4090000080FB00C800DD005F
:1081B0001E4078000080FB00010070008000780005
:1081C0003E009000010878003E4090000080FB00D7
:1081D000C800DD002E4090000080FB000100700010
:1081E000800078004E009000010878005E4090000A
:1081F0000080FB00C800DD004E4090000080FB00C6
:1082000001007000800078005E0090000108780096
:108210003E00900010007800C280DE003E0090001A
:10822000010878004E00900010007800C280DE0047
:108230004E009000010878005E0090001000780069
:10824000C280DE005E0090000108780010C0B3001C
:108250000080FA00000006000400FA0020479800A1
:108260000040EB00004F780013C0B3000E0178000F
:10827000F1C0B3002E4090000CFF07000004E000A6
:10828000060032009E40780040C4B30080CF50000A
:1082900002003A0010002000010037000000EB004F
:1082A000004078000080FA00000006001400FA0088
:1082B0000060FE0072014700F00047006E004700BA
:1082C000AAFF07000004E000220032007E009000B8
:1082D000000F78000E089000100798001E0890000C
:1082E000200798001E0078004800DE0080407800DB
:1082F00020A82000014878001E0078008040780007
:1083000030A82000014878001E0090004800DE00E0
:108310008040780040A82000014878001E009000AE
:108320008040780050A82000014878002E0090007E
:108330004800DE008040780060A8200001487800F6
:108340002E0090008040780070A82000014878003E
:108350001200370020A8200080C0EB000148780000
:1083600030A8200080C0EB000148780040A8200021
:1083700080C0EB000148780050A8200080C0EB00CE
:108380000148780060A8200080C0EB000148780018
:1083900070A8200080C0EB00014878001E09900002
:1083A0008E0890007E0090006C024700EA014700B2
:1083B000440507005E009000300798006E009000B2
:1083C000400798003E0090004800DE0080407800A2
:1083D00080A82000014878003E009000804078008E
:1083E00090A82000014878004E0090004800DE0070
:1083F00080407800A0A82000014878004E0090003E
:1084000080407800B0A82000014878000080FA0081
:10841000000006000200FA000040EB00004F780068
:108420000040EB00170007000004E00011003200DC
:10843000D422A900C542A9000100370000000000B5
:108440000060FE0000502300C1002000D708070094
:108450001E4FE8001E407800FD4F5000F7FF360029
:1084600040E7A8004007A8004027A8000000FE0041
:10847000F3FF3700CD82A800CDA2A9000080FA004A
:10848000000006000400FA00204798000040EB00BE
:10849000004F78000040EB001047980012003700B2
:1084A0001E4FE8000060FE00CD82A800CDA2A9000A
:1084B00000A0260081012000BC080700CDA2A80072
:1084C000CD82A90000502300C1002000B70807009A
:1084D0001E407800E54F50000300360010C0B30086
:1084E000104798000500370051168000004020001A
:1084F000008060000000E000E9FF32001E409000B4
:108500000004E0000B0032002E4090000004E00068
:1085100005003200C542A800D422A800CD82A800E0
:10852000CDA2A90007003700CDA2A800CD82A900E6
:1085300004003700CD82A900CDA2A9001E40900002
:108540001B00370000502300C100200097080700DF
:10855000040037000060FE0000502300C10020002E
:108560009208070051168000004020000080600043
:108570000000E000F7FF320000502300C10020009F
:108580008A080700040037000060FE000050230046
:10859000C10020008508070051168000004020001F
:1085A000008060000000E000F7FF32001E409000F5
:1085B0000080FA00000006000000FA000A21EF0027
:1085C000F00920007008880000002800900888004A
:1085D0008E21EF008C21EF009021EF000080FA0047
:1085E000000006000000FA00E0002000800C880077
:1085F0000080FA00000006000000FA009021EF0061
:108600000080FA00000006000200FA00004F780027
:1086100000CAB3009E40780080CF500002003600B0
:1086200000CAB300004F78001E80FB00600C880079
:108630000080FA00000006000200FA00CD82A900C6
:10864000CDA2A8000060FE0023C0B3000E01780098
:1086500091C0B30060C3B30014FE07000060FE00C9
:108660009E40900060A82000014878009E4078005D
:1086700070A8200001487800CD82A800CDA2A900F2
:108680000080FA00000006000000FA00CD82A90078
:10869000CDA2A80005FF0700CD82A800CDA2A900A9
:1086A0000080FA00000006000000FA000080FA00D6
:1086B000000006000A00FA00300798004107980001
:1086C0000080EB00000F78000000EB00100798001E
:1086D0001F003700BE0090001E0090000080400088
:1086E000104078000080FB004800DD001E0F68008D
:1086F0000040EB00404798000F0037001E00780054
:108700000000E00006003D001E0078000000400070
:108710008000780010022100008F680003003700FD
:108720001E00780000004000000F78004E409000CE
:108730000040E800404798004E409000E74F50004E
:10874000EEFF36001E0090000000E80010079800C1
:108750009E0090004E009000808F5000DDFF390099
:108760001E0078000080FA00000006000600FA00F3
:10877000008FBE00220798002E0090008000EB00C2
:108780003E014000AE8148000200BE00D603070053
:108790000080FA00000006001A00FA00100F98008E
:1087A000210F9800320F9800430F98000001EB0052
:1087B0001E089000AE089000ECFF0700100798001C
:1087C0009E009000305C2A00808F50000200320032
:1087D0000040EB004C003700220020001E089000F3
:1087E000AE089000E1FF07008000EB002007980032
:1087F00031079800420020001E089000AE0890004B
:10880000DAFF07008000EB0040079800510798004E
:10881000620020001E089000AE089000D3FF070001
:1088200060079800820020001E089000AE089000AB
:10883000CEFF070070079800EE0090000020200097
:10884000808F5000020032000040EB002E00370005
:108850000000EB00000F7800140037009E00780045
:1088600070804000000178001E089000AE08900063
:10887000BEFF0700000F98003E0890001E00400059
:108880008E08900081407800014878001E00E800C2
:10889000BE089000008040008E089000C808DE00EE
:1088A00081407800014878001E8FE800F01F20000A
:1088B0009E007800808F5000E8FF360001202000E5
:1088C0003E0890007BFF0700FE009000810F5000E3
:1088D000020032000040EB000B0037004E00900019
:1088E000DE009000C001DD00020020002E0090009C
:1088F000BE00900000007100818071004E09900060
:108900000089BE0010C0B3000080FA00000006001D
:108910000A02FA006000B80010079A0021079A00C6
:108920006000B80030079A0041079A00212020001B
:108930008E8040000E80E800810178000001780000
:1089400000002A000100200093FF0700004F78007C
:10895000602020000E00400080017800E2872000A7
:1089600000402A00010020008BFF070010479800FC
:108970001E4078000004E0001D0032001E40900000
:108980000004A2000004E00009003A001E01920069
:10899000AE0192003E009200CE0092000000510015
:1089A00081805900E00F5000E08F58001000340023
:1089B0000E80E8000220200080007800E087200080
:1089C0007EF8070000002A0001002000A042880075
:1089D000B14288001E009200AE009200C0428800A2
:1089E000D142880010C0B3005CE8B700190037001E
:1089F0001E4090000004E0000B00320000402A00FE
:108A000001002000A0428800B14288003E00920090
:108A1000CE009200C0428800D142880010C0B3004E
:108A20005CE8B7000B003700022020008000EB005C
:108A3000E087200068F8070000402A0001002000BD
:108A4000A0428800B14288005828EF005A28EF0061
:108A50005C68EF0001202000E087200015FF070080
:108A6000F04288005CC8BF000080FA0000000600E9
:108A70000200FA00000F7800F01F20009E0078002E
:108A8000808F500004003E00E08720001E00400060
:108A900010407800010037000040EB000080FA0031
:108AA000000006000400FA00000F7800214798003B
:108AB000F01F20009E007800808F500004003E00D0
:108AC000E08720001E004000AE4090000148780082
:108AD0000080FA00000006000600FA00000F78008F
:108AE0001107980022079800F01F20009E007800D0
:108AF000808F500015003E001E0078006101B80014
:108B00002E0090008000EB000201400083814800AD
:108B10000020200001002000800F5100818F5900AB
:108B200003003600002020001E005000200798009F
:108B3000E08720001E0040002E0190008000780099
:108B40001E0090001DF80700010037000000000023
:108B50000080FA00000006000600FA00000F78000E
:108B60001107980022079800F01F20009E0078004F
:108B7000808F500014003E001E0078006101B80094
:108B80002E0090008000EB0002014000838148002D
:108B90000020200001002000800F5100818F59002B
:108BA00003003600002020001E005000200798001F
:108BB000E08720001E0040002E0190009E009000E3
:108BC000FEF7070001003700000000000080FA00F7
:108BD000000006000000FA005CC8BF000004A2000C
:108BE0000004E00006003A0001202000E087200099
:108BF000B0FE0700F1428000810F500002003200F9
:108C000010002000010037000000EB000040780059
:108C10000080FA00000006000200FA003CFF070096
:108C2000004F78001E4078000004E000040032008D
:108C300002102000E1872000E0A72000DFF70700F6
:108C40001E4078000080FA00000006000000FA00D4
:108C50000B0007000004E0000200320010C0B30067
:108C60000500370002102000E1A72000E087200067
:108C7000D2F70700140007000080FA000000060089
:108C80000000FA005CC8BF000004A2000004E0007D
:108C9000020032000040EB00090037000210200003
:108CA000E1A72000E0872000B6F7070000F0A7004A
:108CB0000000EA000000E9004F00DE0000407800FC
:108CC0000080FA00000006009602FA006000B8007A
:108CD000108F9A00218F9A00A2428000B342800038
:108CE00000002A0001002000800F5100818F5900F0
:108CF00003003A0000402A00010020000200370073
:108D000000002A0001002000200798003107980089
:108D1000C0428000D142800061004000E0804800F5
:108D2000400798005107980001202000E0872000AC
:108D300060FE07006007980050052000A10A20008F
:108D40004A0207002E009000BE0090006C0207004F
:108D50000004A2000004E000030032004802070003
:108D60000040EB00B10037000000EB00000F78007E
:108D70007F0037000000EB00100798006800370004
:108D80001E007800C600DD001E009000008040003C
:108D900000004000700798007E009000EF0F500028
:108DA0003D003E007E009000E40F50001A003200AB
:108DB000E40F500005003E000000E0000800320013
:108DC000E20F50000D0032002C003700E60F50007B
:108DD0001B003200E80F500020003200270037004F
:108DE0001E0090000000400000004700720040009C
:108DF000315C2A000108780046003700CE00900060
:108E00001E0090000000400000004700720040007B
:108E1000010878003F0037004E009000DE0090000F
:108E20004008DE00800078001E0090000000400036
:108E3000000047007200400001087800350037004C
:108E40001E0090000000400000004700720040003B
:108E500001202000010878002E0037001E0090003D
:108E6000000040000000470072004000EE0090004B
:108E70000108780000000000260037001E00900066
:108E80000000400000004700720040008080EB00BE
:108E9000010878001F0037007E009000700050002D
:108EA000000F98008E089000F01F2000808F500067
:108EB00012003E00E18720000E0890000080400074
:108EC000104078008080FB000E0890000000E80051
:108ED000E2872000624078000080FB004800DD004F
:108EE000810070001E00900000004000000047005C
:108EF0007200400001087800060037001E00900054
:108F00000000400000004700720040008080EB003D
:108F1000010878001E0090000000E800100798008B
:108F20009E009000F0032000808F500094FF3600D8
:108F30001E0078004700DD006101B8002E0090009F
:108F4000BE0090000200400083804800720147008C
:108F50003C0207000004A2000004E000030032000D
:108F6000C70107000040EB00300037001E0FE8008B
:108F70001E007800E40F50007EFF3600C00107009D
:108F8000212920008E804000200920000E00400092
:108F900081017800000178002E009000BE00900052
:108FA000FDFD07000004A2000004E0000200320002
:108FB0000040EB001D0037001E899200AE89920030
:108FC0004E009000DE009000800F5100818F59000C
:108FD00007003A00200920000E0040000220200077
:108FE000E1872000E7F607000000E0000200320001
:108FF0000040EB000D0037002E019000BE019000F4
:10900000A2428800B34288004E019000DE01900029
:10901000C2428800D342880010C0B3005CE8B700A9
:10902000EE019000F342880010C0B3000080FA0007
:10903000000006000000FA0000802000E1B72000D8
:109040001100980000802000E1B72000010878009E
:1090500000802000A00090000110A00021009800D6
:1090600000802000A00090000100A10021009800D5
:10907000008020008040EB0061409800F03120002B
:10908000A010880000002800B01088001822EF000F
:109090008A40A9008A20A9009A40A8009A20A80026
:1090A0000080FA00000006000200FA0000802000A4
:1090B000E0409000014F78001E4078000080FA00E8
:1090C000000006000000FA006040800066004000DA
:1090D000604088000AC8BF000040E9000AE8B70005
:1090E0000AC8BF000004E00003003A00400020006E
:1090F00040408800020037001000200040408800F7
:109100000080FA00000006000200FA00000F78005C
:109110001642A80070408000200090000000E0008F
:109120000300320070408000200090001E0878008C
:109130000828EF000080FA00000006000800FA008E
:10914000000F780021479800220798003307980005
:109150000080200020009000610060000000E0001E
:109160000A003A00AE0190002E4190009E00780067
:10917000C0B92000770007003E019000C1B920006F
:1091800010C0B3001F000700030037003E0090002E
:109190008000EB00010878000080FA000000060063
:1091A0000800FA00000F7800214798002207980075
:1091B00033079800008020002000900061006000CC
:1091C0000000E0000A003A00AE0190002E4190003D
:1091D0009E00780060B92000460007003E01900024
:1091E00061B9200010C0B30006000700030037007B
:1091F0003E0090008000EB00010878000080FA003B
:10920000000006000600FA00004F780011079800E1
:10921000220798000080200020009000610060007C
:109220000000E0002E003A002E0090001100200007
:109230000108780000802000100078009E00900057
:109240001100980000802000100078001E4878006F
:109250000080200010007800AE00900021009800EF
:109260000080200010007800E60040000080200010
:1092700001087800008020009000780060B920008C
:10928000808F500003003A0000802000E1B72000EA
:109290000108780000802000A00090000110A100CB
:1092A00021009800008020009000900000802000A5
:1092B00010007800808F500004003A0000802000E9
:1092C000A00090000100A000210098004040800014
:1092D0000000E00005003A008A40A80003003700C3
:1092E0002E0090008000EB00010878000080FA005A
:1092F000000006000800FA00000F7800110798002F
:1093000042479800330798003E009000000040005C
:10931000800078001E007800010878001E007800A8
:1093200010007800800078000100A0001E00780086
:10933000010878001E007800CE409000214098007F
:109340001E0078009E009000210098000080FA0026
:10935000000006000800FA00000F780011079800CE
:1093600042479800330798003E00900000004000FC
:10937000800078001E007800010878001E00780048
:10938000CE409000214098001E0078009E00900082
:10939000210098000080FA00000006000000FA009A
:1093A00000802000200090006200600000F0A70014
:1093B0000000EA000000EA004F00DE0000407800F4
:1093C0000080FA00000006000000FA000080200083
:1093D000200090006100600000F0A7000000EA009B
:1093E0000000EA004F00DE00004078000080FA0034
:1093F000000006000000FA0000002800301088007D
:109400000822EF0000052000250007000000EB0007
:109410001D0007001828EF000000EB000600070001
:109420000000EB000A0007008600A9009600A800D3
:109430000080FA00000006000200FA00000F780029
:109440009E007800E14088000080FA0000000600DD
:109450000200FA00000F78009E007800D1408800DA
:109460000080FA00000006000000FA00E0408000E2
:109470000080FA00000006000000FA00D0408000E2
:109480000080FA00000006000200FA00000F7800D9
:109490009E007800611088000080FA00000006003D
:1094A0000200FA00000F7800F00720009E0078000C
:1094B000808F5000020036000742A80001003700EC
:1094C0000742A9001828EF009E007800511088007C
:1094D0000080FA00000006000200FA00000F780089
:1094E0001E007800E10F500012003200E10F500022
:1094F00003003900E20F500015003200570037001A
:1095000050418000E1A72000810040000000E800F9
:109510005041880001007800C7FF070051418000DA
:10952000F00F2000808F5000470036002A28EF00FF
:109530004A0037002C28EF0010C0B3006BE8B700DA
:109540002868EF00A0862000C1FF07004300370015
:109550006BC8BF000004E0001C00320060418000C6
:109560000000E00008003A006AC8BF000080FB006D
:109570004800DD0050418800604180000000E800A4
:10958000604188000A00370060418000E10F500010
:1095900007003A006AC8BF008080FB00504180008D
:1095A00001007000504188002C28EF006B68EF002C
:1095B00051418000F00F2000808F500024003600C1
:1095C00000102000504188002400370028C8BF0048
:1095D0000004E00002003A00504180002041880071
:1095E00051418000F0072000808F50000A003600B3
:1095F00050418000A286200012417800E1A720009F
:109600008270780028C8BF000004E00002003A0021
:109610005041800020418800504180000000E80057
:109620005041880028C8BF000040E80028E8B70083
:1096300051418000F00F2000808F5000060036005E
:109640002A28EF0005003700000000000300370063
:1096500000000000010037000000000010C0B3004F
:109660000080FA00000006000000FE00A2BF2000FB
:109670000019780001097800000006000000FE00D3
:109680000000EB008000EB00F8FF07006627EF000A
:10969000000006000000FE00801F7800811F780097
:1096A000A1BF20000600FC0031007800303B88009C
:1096B00011007800303B880061E7A800000000003E
:1096C00000000000CF0078004F0078000000060086
:1096D00092018000910188009080BA001000BA00C9
:1096E000920188000000060092018000910188002C
:1096F0001000BA0092018800000006000000FE0081
:1097000061E7AF00FEFF3700F23F2000000161007B
:109710000C003A0022042400023B880092018000E1
:10972000910188000008BB004C4B020000000000C3
:1097300061E7AF00FEFF37009201880010002000B3
:1097400061A7AF00000020000000060061E7AF0045
:10975000FEFF37000000A7000D00370094018000D5
:109760009101880031002400013B88000208BB0001
:109770000388BB004C4B02000000000061E7AF0013
:10978000FEFF3700940188001000200061A7AF00A1
:10979000000020000000060061E7AF00FEFF370078
:1097A0000000A7000E00370033002400033B8800B0
:1097B00093018000910188000208BB00F20F200095
:1097C0000288BB004C4B02000000000061E7AF00C4
:1097D000FEFF3700930188001000200061A7AF0052
:1097E000000020000000060061E7AF00FEFF370028
:1097F000F30720008081610010003A00130024006C
:10980000033B88009301800091018800040420003C
:109810003208BB003298BB001400B100FCFF3A00D4
:109820004C4B02000000000061E7AF00FEFF370074
:10983000930188001000200061A7AF000000200005
:109840000000060061E7AF00FEFF3700F3072000CD
:109850008081610011003A0013002400033B88005E
:10986000930180009101880004042000F10F200082
:109870003208BB000198BB001400B100FCFF3A00A5
:109880004C4B02000000000061E7AF00FEFF370014
:10989000930188001000200061A7AF0000002000A5
:1098A00000000600F23F20000000610000000600FA
:1098B00002C02F0000006100F2FF2F008100610054
:1098C000000006002600FA00889FBE00600F980086
:1098D000710F98000217980013179800241798002A
:1098E0006E089000CF80DE00D5EF0700400798009B
:1098F000510798007E089000CF80DE00D0EF07006F
:1099000060079800710798000E109000CF80DE006D
:10991000CBEF0700000F9800110F98000E09900080
:109920009E0990006E009000FE0090001DF207005E
:1099300002EE220053262400B2F00700200F980008
:10994000310F98006E019000FE0190006E009000B3
:10995000FE009000ABF007000004BE000E0990006E
:109960009E0990000E0890009E089000A5F0070048
:109970000001BE000800BE00BDEF0700F7F30700BE
:109980004E019000DE0190000202BE0005F0A20030
:109990000001BE000400BE0002F2070002EE220039
:1099A0005326240097F00700400F9800510F9800AD
:1099B00012B62000632324002E089000BE089000F9
:1099C00090F0070092F30700008FBE0012B620004F
:1099D000632324004E089000DE08900089F0070001
:1099E0008BF307002007980031079800F0FF210053
:1099F000010020001E01BE00800F5100818F590020
:109A000003003400F0FF210001002000008FBE00A1
:109A100000002E00F1FF2F001E01BE00800F51003C
:109A2000818F590003003D0000002E00F1FF2F0040
:109A3000008FBE002E019000BE019000F0FF2100BB
:109A400001002000800F5100818F59000400340074
:109A5000F0FF210001002000200798003107980046
:109A60002E019000BE01900000002E00F1FF2F009B
:109A7000800F5100818F590004003D0000002E002E
:109A8000F1FF2F002007980031079800AE009000EA
:109A90001E109000010878009E0078002E109000A3
:109AA000010878004F04BE000080FA0000000600A4
:109AB0000000FA000621EF0030422F006008880005
:109AC000000328008008880084E0A90094E0A80032
:109AD00000C020008040EB00014878000080FA00C0
:109AE000000006000000FA002104800000102000A1
:109AF000008060000000E0000900320010C020007B
:109B0000104078008040E80010C020000148780034
:109B100000C0200011C0B300014878008500A900F2
:109B20000080FA00000006000400FA00008FBE006A
:109B30001E007800600888001E00BE004008DE009D
:109B400000007800700888000080FA00000006001D
:109B50000400FA000080EB008080EB00008FBE0064
:109B6000700880008000EB00C001DD0002002000D2
:109B7000600880008000EB00001F710001977100F9
:109B80001E00BE000080FA00000006000400FA007B
:109B9000008FBE001E00BE004008DE0000007800FE
:109BA000400888001E007800300888000080FA0015
:109BB000000006000800FA000080EB008080EB0047
:109BC000008FBE0031088000210798004108800006
:109BD000310798003E0090008000EB00C001DD00DE
:109BE000020020002E0090008000EB00001F71009A
:109BF000019771001E00BE000080FA000000060000
:109C00000000FA0000C020008040EB00014878000E
:109C100011E1A8000080FA00000006000000FA0030
:109C200011E1A9000080FA00000006000200FA001D
:109C300000C02000104F78001E4078000004E000B3
:109C40000300320000C020008040EB000148780093
:109C50001E4078000080FA00000006000000FA00B4
:109C600010C02000104078000080FB000080FA0047
:109C7000000006000000FA0010C020008040EB0049
:109C8000014878000080FA00000006000000FA0099
:109C90001821EF00400F2000E00888001421EF0099
:109CA000F03F2200D008880080002800F0088800DB
:109CB0001FE1A9006000B8001D0007008780A9000F
:109CC0009780A8000080FA00000006000400FA0057
:109CD000008FBE001E007800D00888001E00BE0065
:109CE0004008DE0000007800E00888000080FA00EC
:109CF000000006000400FA000080EB008080EB000A
:109D0000008FBE00E00880008000EB00C001DD0095
:109D100002002000D00880008000EB00001F7100CE
:109D2000019771001E00BE000080FA0000000600CE
:109D30000400FA00008FBE001E00BE004008DE00D6
:109D400000007800B00888001E007800A008880095
:109D50000080FA00000006000800FA000080EB0016
:109D60008080EB00008FBE00A108800021079800D2
:109D7000B1088000310798003E0090008000EB00A1
:109D8000C001DD00020020002E0090008000EB00EA
:109D9000001F7100019771001E00BE000080FA00D4
:109DA000000006000000FA000080FA000000060033
:109DB0000200FA00000F78009780A9009E0078004A
:109DC000C14388009780A8000080FA0000000600C8
:109DD0000000FA0020C020008040EB00014878001D
:109DE0001FE1A8000080FA00000006000000FA0051
:109DF0001FE1A9009780A9000080FA00000006007A
:109E00000200FA0020C02000104F78001E407800A9
:109E10000004E0000300320020C020008040EB007E
:109E2000014878001E4078000080FA00000006001B
:109E30000000FA0030C02000104078000080FB00D5
:109E40000080FA00000006000000FA0030C0200088
:109E50008040EB00014878000080FA000000060016
:109E60006608000004000000000000007208000006
:109E70000200000000000000740800000200000062
:109E800000000000FE0B00000200000000000000C7
:109E9000760800000200000000000000000C000036
:109EA0000200000000000000020C000002000000A0
:109EB0000000000078080000020000000000000020
:109EC0007E0B0000240000000000000000080000DD
:109ED00018000000000000007E0A000000010000E1
:109EE000000000001808000018000000000000003A
:109EF0006A0800000400000002000000AA0101003E
:109F000000000000600800000600000002000000E1
:109F100044435400431800003008000012000000C1
:109F200000000000420800001200000000000000D5
:109F3000A20B000020000000000000007A080000D2
:109F40000200000000000000E20B00001000000012
:109F500002000000C024FA00240825000E25740029
:109F6000257A25001425320025000000F20B0000A0
:109F700008000000000000006E080000040000005F
:109F8000000000007E080000000200000000000049
:109F9000540800000C00000000000000FA0B000054
:109FA0000400000002000000FFFFFF00FF000000AF
:109FB000C20B000020000000020000003863ED002A
:109FC0003EDA0F00493F5E00987B3F00DA0FC90080
:109FD0003F693700AC31680021223300B40F140010
:109FE00033682100A2330000040C000002000000CE
:109FF000000000007C0800000200000000000000DB
:10A00000000000000000FA007A68EF007B68EF00B3
:10A010000080FA00000006000400FA0020479800C3
:10A02000314798007AC8BF000040E800674F6000E1
:10A030007BC8BF009E40780080CF500003003A00EC
:10A040004E08A9000040EB001E0037000E00E8009B
:10A0500000017800BE4090002E409000A8EA070062
:10A060000004A2000004E000020032000040EB0007
:10A07000140037007AC8BF000080FB009E409000AB
:10A080008180FB004201DD0020BA20000000410079
:10A09000010878007AC8BF000080FB00C200DD0024
:10A0A00040BA200000804000BE4090000148780087
:10A0B0009E407800A2872000014978004E08A80041
:10A0C00010C0B3000080FA00000006000200FA0091
:10A0D000000F7800B1872000914078007AC8BF0057
:10A0E00080CF500003003A004E08A9000040EB006A
:10A0F0001C0037007BC8BF000080FB00C200DD00F1
:10A1000020BA200000804000900078001E007800F7
:10A11000010878007BC8BF000080FB004200DD0022
:10A120008080E80020BA2000008040009040780045
:10A130001E007800214098007BC8BF000040E80066
:10A14000674060007BE8B700B1872000914078004D
:10A150007AC8BF0080CF500001003A004E08A90025
:10A1600010C0B3000080FA00000006000000FA00F2
:10A17000B1872000914078007AC8BF0000C0680015
:10A180000080FB000000E9004F00DE000040780086
:10A190000080FA00000006000000FA000021EF0035
:10A1A000000028001008880000022800200888000D
:10A1B000B04380000000E00002003A004012250099
:10A1C000240007008460A9009460A800E0BF20007C
:10A1D0008040EB00014878000080FA000000060093
:10A1E0000200FA00000F78009E0078001108880035
:10A1F000E0BF20008040EB00014878000080FA00BA
:10A20000000006000000FA00100880000080FA003C
:10A21000000006000200FA00000F78009E0078009F
:10A2200001088800E0BF20008040EB000148780072
:10A230000080FA00000006000000FA00000880001C
:10A240000080FA00000006000000FA000080FA001A
:10A25000000006000200FA00000F78009460A900D8
:10A260009E007800B14388009460A8000080FA0046
:10A27000000006000000FA00E0BF20008040EB0074
:10A28000014878009460A80005E1A8000080FA0069
:10A29000000006000000FA0005E1A9009460A90092
:10A2A0000080FA00000006000200FA00E0BF200073
:10A2B000104F78001E4078000004E00003003200D8
:10A2C000E0BF20008040EB00014878001E4078008D
:10A2D0000080FA00000006000000FA00F0BF200035
:10A2E000104078000080FB000080FA0000000600AB
:10A2F0000000FA00F0BF20008040EB000148780029
:10A300000080FA00000006000000FA00C422EF00FE
:10A31000CC22EF00D422EF00702920000016880024
:10A32000F04E240040168800103A20008016880065
:10A33000C982A9006820EF006A20EF006A00A80027
:10A340006AA0A800C622EF00CE22EF00D622EF00BE
:10A35000F0FF210060198800113A8000F00B200006
:10A36000008160006004200071052000237420003B
:10A370008049780081497800824978005136800010
:10A38000F00F2E008080600000402100010070006E
:10A3900050368800A136800000FE2F00008060004B
:10A3A0003000B300A03688002135800000FE2F0069
:10A3B000008060005001B30020358800103A800012
:10A3C000000178000260A0006004200071052000F8
:10A3D0002374200080497800814978008249780000
:10A3E0006040A9006060A9006200A900C02E25009D
:10A3F000100007008660A9009660A8000080FA009F
:10A40000000006000000FA006040A8006060A9009B
:10A41000C02E2500070007008660A9009660A800EE
:10A420000080FA00000006000000FA000080FA0038
:10A43000000006000200FA00000F78009660A900F4
:10A440009E007800914388009660A8000080FA0082
:10A45000000006000200FA00000F78001E007800DD
:10A46000F4FF07000080FA00000006000000FA0078
:10A470008021EF008221EF00E0002000200C880006
:10A48000200C800000407800674060000080FB00E6
:10A49000A04388000080FA00000006000000FA00D7
:10A4A0000080FA00000006000000FA00200480008E
:10A4B000640060000000E00002003200F7FF0700C7
:10A4C0008440A9000080FA00000006000000FA00A5
:10A4D000A043800000407800674060000080FB00DF
:10A4E00067006000220C800081FF2F008100610066
:10A4F00001007000200C88000080FA0000000600B7
:10A500000000FA00210C800080FF2F000080600016
:10A51000200C88000080FA00000006000200FA000B
:10A52000000F78009E007800010C88000080FA007F
:10A53000000006000200FA00000F78009E0078007C
:10A54000110C88000080FA00000006000000FA00EC
:10A55000200480004200DE00614060000080FB00BB
:10A5600000F0A7000000EA000000EA004F00DE0053
:10A57000004078000080FA00000006000400FA00A5
:10A58000100798001E0090000000E0000A003A004A
:10A59000200C80004400DE00614060000080FB0071
:10A5A00000F0A7000000EA000000EA004F00DE0013
:10A5B000004F780001003700000000001E407800C6
:10A5C0000080FA00000006000000FA008660A90082
:10A5D0000080FA00000006000000FA006000B800E9
:10A5E000D3FD0700FAFD07006040A9008BFD0700BE
:10A5F0008780A9009780A800003125008DFF070003
:10A6000010C0B30042E8B70010C0B30043E8B70081
:10A610006060A8008660A9000080FA0000000600C3
:10A620000000FA00F1FD0700CBFD07003042880072
:10A63000414288006060A900C02E25007DFF070010
:10A6400010C0B30044E8B70010C0B30042E8B70040
:10A650006040A8008780A9009780A9008660A900B3
:10A660000080FA00000006000000FA0010C0B300ED
:10A670004CE8B7008660A9000080FA0000000600E0
:10A680000000FA0061058000F0FF280000806000F3
:10A6900000C0A000600588006105800080FF2F00D9
:10A6A000008060000000A00060058800E1058000D7
:10A6B000F08F2F00008060000090A000E00588006F
:10A6C00081058000F0FF28000080600000C0A0002D
:10A6D000800588009105800080FF2F0000806000C9
:10A6E0000000A0009005880021058000F0FF2800F0
:10A6F0000080600000C0A000200588000080FA00F3
:10A70000000006000000FA0000102300203A880034
:10A710004827EF007027EF007227EF007427EF0043
:10A720002200200080072000A109200033742000AF
:10A730008049780081497800824978000001EB0067
:10A7400060042000710520002374200080497800F7
:10A7500081497800824978000080FA0000000600F4
:10A760000000FA00E8FE0700C142A900C542A800A7
:10A77000003A8000610060000000E00002003A0042
:10A78000D022A900D422A800DEFF0700BCFF0700EA
:10A790003EFD0700C6FC070026FA070015FB070070
:10A7A0007DFE07000080FA0000000600F03FB100C7
:10A7B0000180B10006003500EE0309000000000032
:10A7C000403FB1000180B100FBFF3D001000B00030
:10A7D000203FB000020035000080090000000000AA
:04A7E000000006006F
:020000040001F9
:0857F8008AFA0000FB1F00000B
:00000001FF
