:020000040000fa
:080000000002040000000000f2
:020000040000fa
:04000800620700008b
:020000040000fa
:04000c006207000087
:020000040000fa
:040010006207000083
:020000040000fa
:04001400620700007f
:020000040000fa
:04001800620700007b
:020000040000fa
:04001c006207000077
:020000040000fa
:040020006207000073
:020000040000fa
:04002400620700006f
:020000040000fa
:04002800620700006b
:020000040000fa
:04002c006207000067
:020000040000fa
:040030006207000063
:020000040000fa
:0400340022030000a3
:020000040000fa
:04003800620700005b
:020000040000fa
:04003c006207000057
:020000040000fa
:040040006207000053
:020000040000fa
:04004400580300005d
:020000040000fa
:04004800620700004b
:020000040000fa
:04004c006207000047
:020000040000fa
:040050006207000043
:020000040000fa
:04005400620700003f
:020000040000fa
:04005800620700003b
:020000040000fa
:04005c006207000037
:020000040000fa
:040060006207000033
:020000040000fa
:04006400620700002f
:020000040000fa
:04006800de050000b1
:020000040000fa
:04006c006207000027
:020000040000fa
:040070006207000023
:020000040000fa
:04007400f402000092
:020000040000fa
:04007800620700001b
:020000040000fa
:04007c006207000017
:020000040000fa
:040080006207000013
:020000040000fa
:04008400620700000f
:020000040000fa
:04008800620700000b
:020000040000fa
:04008c006207000007
:020000040000fa
:040090006207000003
:020000040000fa
:0400940062070000ff
:020000040000fa
:0400980068030000f9
:020000040000fa
:04009c0062070000f7
:020000040000fa
:0400a00062070000f3
:020000040000fa
:0400a40062070000ef
:020000040000fa
:0400a80062070000eb
:020000040000fa
:0400ac0062070000e7
:020000040000fa
:0400b00062070000e3
:020000040000fa
:0400b40062070000df
:020000040000fa
:0400b80062070000db
:020000040000fa
:0400bc0062070000d7
:020000040000fa
:0400c00062070000d3
:020000040000fa
:0400c40062070000cf
:020000040000fa
:0400c80062070000cb
:020000040000fa
:0400cc0062070000c7
:020000040000fa
:0400d00062070000c3
:020000040000fa
:0400d40062070000bf
:020000040000fa
:0400d80062070000bb
:020000040000fa
:0400dc0062070000b7
:020000040000fa
:0400e00062070000b3
:020000040000fa
:0400e40062070000af
:020000040000fa
:0400e80062070000ab
:020000040000fa
:0400ec0062070000a7
:020000040000fa
:0400f0008e0300007b
:020000040000fa
:0400f400620700009f
:020000040000fa
:0400f800620700009b
:020000040000fa
:0400fc006207000097
:020000040000fa
:040100006207000092
:020000040000fa
:04010400620700008e
:020000040000fa
:04010800620700008a
:020000040000fa
:04010c006207000086
:020000040000fa
:040110006207000082
:020000040000fa
:04011400620700007e
:020000040000fa
:04011800620700007a
:020000040000fa
:04011c006207000076
:020000040000fa
:040120006207000072
:020000040000fa
:04012400620700006e
:020000040000fa
:04012800620700006a
:020000040000fa
:04012c006207000066
:020000040000fa
:040130006207000062
:020000040000fa
:04013400620700005e
:020000040000fa
:04013800620700005a
:020000040000fa
:04013c006207000056
:020000040000fa
:040140006207000052
:020000040000fa
:04014400620700004e
:020000040000fa
:04014800620700004a
:020000040000fa
:040208006207000089
:020000040000fa
:04020c006207000085
:020000040000fa
:040210006207000081
:020000040000fa
:04021400620700007d
:020000040000fa
:040218006207000079
:020000040000fa
:04021c006207000075
:020000040000fa
:040220006207000071
:020000040000fa
:04022400620700006d
:020000040000fa
:040228006207000069
:020000040000fa
:04022c006207000065
:020000040000fa
:040230006207000061
:020000040000fa
:0402340022030000a1
:020000040000fa
:040238006207000059
:020000040000fa
:04023c006207000055
:020000040000fa
:040240006207000051
:020000040000fa
:04024400580300005b
:020000040000fa
:040248006207000049
:020000040000fa
:04024c006207000045
:020000040000fa
:040250006207000041
:020000040000fa
:04025400620700003d
:020000040000fa
:040258006207000039
:020000040000fa
:04025c006207000035
:020000040000fa
:040260006207000031
:020000040000fa
:04026400620700002d
:020000040000fa
:04026800de050000af
:020000040000fa
:04026c006207000025
:020000040000fa
:040270006207000021
:020000040000fa
:04027400f402000090
:020000040000fa
:040278006207000019
:020000040000fa
:04027c006207000015
:020000040000fa
:040280006207000011
:020000040000fa
:04028400620700000d
:020000040000fa
:040288006207000009
:020000040000fa
:04028c006207000005
:020000040000fa
:040290006207000001
:020000040000fa
:0402940062070000fd
:020000040000fa
:0402980068030000f7
:020000040000fa
:04029c0062070000f5
:020000040000fa
:0402a00062070000f1
:020000040000fa
:0402a40062070000ed
:020000040000fa
:0402a80062070000e9
:020000040000fa
:0402ac0062070000e5
:020000040000fa
:0402b00062070000e1
:020000040000fa
:0402b40062070000dd
:020000040000fa
:0402b80062070000d9
:020000040000fa
:0402bc0062070000d5
:020000040000fa
:0402c00062070000d1
:020000040000fa
:0402c40062070000cd
:020000040000fa
:0402c80062070000c9
:020000040000fa
:0402cc0062070000c5
:020000040000fa
:0402d00062070000c1
:020000040000fa
:0402d40062070000bd
:020000040000fa
:0402d80062070000b9
:020000040000fa
:0402dc0062070000b5
:020000040000fa
:0402e00062070000b1
:020000040000fa
:0402e40062070000ad
:020000040000fa
:0402e80062070000a9
:020000040000fa
:0402ec0062070000a5
:020000040000fa
:0402f0008e03000079
:020000040000fa
:0402f400620700009d
:020000040000fa
:0402f8006207000099
:020000040000fa
:0402fc006207000095
:020000040000fa
:040300006207000090
:020000040000fa
:04030400620700008c
:020000040000fa
:040308006207000088
:020000040000fa
:04030c006207000084
:020000040000fa
:040310006207000080
:020000040000fa
:04031400620700007c
:020000040000fa
:040318006207000078
:020000040000fa
:04031c006207000074
:020000040000fa
:040320006207000070
:020000040000fa
:04032400620700006c
:020000040000fa
:040328006207000068
:020000040000fa
:04032c006207000064
:020000040000fa
:040330006207000060
:020000040000fa
:04033400620700005c
:020000040000fa
:040338006207000058
:020000040000fa
:04033c006207000054
:020000040000fa
:040340006207000050
:020000040000fa
:04034400620700004c
:020000040000fa
:040348006207000048
:020000040000fa
:100400008fa120000e7f22000e0188000000000056
:10041000000020000000e000020032000001200087
:100420002002880014000700a80207000000e00076
:1004300003003a0020fe23000100200002003700e4
:100440000000200001002000810f70000100320038
:1004500014000700000020000000e000020032004d
:100460000000020000000000a22f020000000000b7
:100470000040da000000fe004440a900c08c2000cb
:100480000000e0000300320000002000a00188000e
:100490004440a800000006008a1f78008b1f7800e7
:1004a0000000060091018800800478000000eb0045
:1004b0001a003700e284440032a0b4009905ba0063
:1004c000e284440032a0b4009906ba00e2844400f9
:1004d00032a0b4000006eb00476fde00fd07b2005b
:1004e000636ce10003003a00ebff07000000eb0043
:1004f0000a003700606ce10004003a00005deb0088
:100500008b05e900fdff3e00040037006168e10053
:10051000010032000086eb000b00070019c7ba008b
:100520001905ba000e04e00003003a000a00e000da
:10053000e0ff3a0000000600fe07b2009e018800be
:100540008a047800f5ff3700395dba008b05e900b1
:100550000c003200295dba008b05e900080032006a
:100560000c00e00003003a00e284440032a0b40032
:10057000f5ff370019ddba008b05e900faff3a00f4
:100580008904e800e184440032a0b40000000600c1
:10059000000000000000000000000000000000005b
:1005a000000000000000000000000000000000004b
:1005b000000000000000000000000000000000003b
:1005c000000000000000000000000000000000002b
:1005d000000000000000000000000000000000001b
:1005e00000000000000000003600f800809fbe0000
:1005f000829fbe00849fbe00869fbe000000fa005e
:1006000030048000680060000000e0000600320056
:10061000304480000000e0000200320030448000de
:10062000000001008660a9000080fa004f03be00b0
:100630004f02be004f01be004f00be003600f90061
:10064000004006003600f800809fbe00829fbe007a
:10065000849fbe00869fbe000000fa0050448000c8
:100660000000e00002003200504480000000010061
:1006700010a12000104078008040e80010a1200068
:100680000148780000a1200011c0b30001487800a3
:100690008460a9000080fa004f03be004f02be0034
:1006a0004f01be004f00be003600f90000400600ba
:1006b000801f78000000fa0010c0b30071e8b70096
:1006c00084e0a9000080fa004f0078000040060096
:1006d0003600f800809fbe00829fbe00849fbe004f
:1006e000869fbe000000fa0010c0b30070e8b7009b
:1006f000b21d07006000b800811d07008780a900b7
:100700000080fa004f03be004f02be004f01be0042
:100710004f00be003600f900004006003600f80029
:10072000809fbe00829fbe00849fbe00869fbe0049
:100730000000fa008a40a900c110800000082000d3
:10074000008060000000e0000800320018e2a9000c
:100750002e28ef00a0418000200090008000eb00d8
:10076000010878003428ef000d0137007041800047
:100770008000eb00b200200003002000820f500038
:10078000838f5800fc003e00006001000b00370022
:1007900039003700750037009c003700f300370040
:1007a000c8003700d9003700f0003700db00370001
:1007b000f10037003400370050003700608220001d
:1007c00020009000620060000000e000f3003a00aa
:1007d0006082200010009000a0418800608220000c
:1007e000100090001040780030e8b70060822000d0
:1007f000100090001000900090418800608220005e
:1008000010009000e6004000608220001100980077
:100810006082200090009000c09a2000808f5000dd
:1008200003003a00608220004199200011009800e6
:1008300060822000a00090000100a100210098002b
:1008400060822000900090006082200010007800fc
:10085000808f500004003a0060822000a0009000c9
:100860000110a000210098001602a800200020001e
:1008700070418800ca0037001622a800200020001e
:1008800070418800c6003700c110800000002800b9
:10089000008060000000e00008003200608220005c
:1008a000604090008040e800608220006140980035
:1008b00040002000f8190700b9003700b04180005f
:1008c0008000d100f00f20000080600090108800b0
:1008d000b041800061006000004078000004e0004a
:1008e00003003200b000200070418800ac003700e7
:1008f0003000200070418800a9003700c11080003e
:1009000000002800008060000000e00008003200c5
:1009100060822000604090008040e80060822000fb
:100920006140980040002000db1907009c00370060
:100930001622a800b04180004800de00e6006000fa
:10094000000f200001007000b0418800b04180001d
:100950000000a000b041880010c0b30038e8b70024
:1009600020002000704188008d00370038c8bf008b
:10097000e14f50000a0032009041800010007800e2
:10098000b04188009041800020009000d041880054
:1009900090418000204090003ce8b7000100370003
:1009a0003868ef00b1418000f00f2000808f5000c8
:1009b00009003600b04180004800de00e60060001b
:1009c000000f20000100700090108800a00020009f
:1009d0007041880072003700b0418000901088009c
:1009e000b041800061006000004078000004e00039
:1009f000030032005000200070418800680037007a
:100a0000300020007041880065003700c110800070
:100a100000002800008060000000e00009003200b3
:100a200060822000604090008040e80060822000ea
:100a30006140980019e2a9005000200096190700b3
:100a4000570037003cc8bf008080fb008100e900f0
:100a5000cf08de00814078000040e9003ce8b700a4
:100a60000104e00010003200904180006600400068
:100a70009041880030c8bf000040e90030e8b7006e
:100a800030c8bf000004e00003003a00200020004e
:100a900081190700420037001622a800200020001c
:100aa000704188003e003700d041800090407800bf
:100ab0008180fb00911088000000e800d041880090
:100ac00037003700c110800000002800008060005f
:100ad0000000e000090032006082200060409000c9
:100ae0008040e800608220006140980040002000c3
:100af0006919070019e2a900290037001662a80049
:100b00008000200070418800250037008000200010
:100b1000704188001662a80021003700d041800093
:100b20008110800081407800014878000000e800d2
:100b3000d04188003cc8bf000040e9003ce8b70055
:100b40003cc8bf000004e0000400320016a2a90067
:100b500060002000704188000200370016a2a80043
:100b60003c1907001682a8000d0037002000200065
:100b7000491907000a003700608220006040900099
:100b80008040e80060822000614098006000200002
:100b900041190700000000000100370000000000bc
:100ba0000080fa004f03be004f02be004f01be009e
:100bb0004f00be003600f900004006003600f80085
:100bc000809fbe00829fbe00849fbe00869fbe00a5
:100bd0000200fa00f0418000e20f5000880032006d
:100be000e20f500003003900e30f5000770032009d
:100bf0009500370031108000004020000080600028
:100c00000000e00005003a004110800000022000d2
:100c1000008060000000e0000a0032003110800017
:100c200000082000008060000000e0002400320086
:100c30004110800000202000008060000000e000e3
:100c40001f00320040108000640060000000e000df
:100c50000c003a0010002000aa1a07000042800091
:100c60000000e0000400320000428000011080001b
:100c7000814078000148780010002000f041880091
:100c80003600370000108000004f78000000eb00b5
:100c90009c1a0700104280000000e00005003200ae
:100ca00010428000104078000080fb001010880087
:100cb0000782a80020002000f041880027003700ac
:100cc0003110800000402000008060000000e00043
:100cd00022003200411080000002200000806000ed
:100ce0000000e0001d003a00401080006400600039
:100cf0000000e00004003a005468ef0030002000db
:100d0000f04188001300370054c8bf000004e00021
:100d10000d0032000000eb007a1a0700104280003c
:100d20000000e00005003200104280001040780012
:100d30000080fb00101088000782a800200020001f
:100d4000f0418800030037005468ef0030002000b5
:100d5000f041880000108000004f7800f0418000d2
:100d6000e10f500039003a004110800000022000dd
:100d7000008060000000e00036003200411080007a
:100d800000042000008060000000e0000b003a003a
:100d9000004280000000e0000400320000428000b9
:100da0000110800081407800014878002000200078
:100db000541a070080e8b7002900370000108000af
:100dc000004f780008c2a90025003700300020003d
:100dd0004c1a070080e8b70010c0b30054e8b70011
:100de00080c8bf000004e000020032000010800054
:100df000004f780010002000f041880018003700f4
:100e00004110800000002800008060000000e00029
:100e10000b003a000000eb003a1a07001042800075
:100e20000000e0000d003200104280001040780009
:100e30000080fb00101088000782a800080037001f
:100e40003e28ef0006003700ffff370000000000db
:100e50000300370000000000010037000000000020
:100e60008600a90040108000700060000000e000d3
:100e700004003a0040108000680060000000e000bc
:100e8000090032004ec8bf000004e0000600320036
:100e9000e1842000914078005042800000407800ba
:100ea000e81b07004e68ef000080fa004f03be0009
:100eb0004f02be004f01be004f00be003600f900d9
:100ec000004006000040da000000fe0000000500bf
:100ed0004f89de0082017800f001370007f8270013
:100ee000078361000638e10004003a00f70720009c
:100ef000878361008703710001003a0003f0a200bc
:100f0000889fbe008a9fbe008c9fbe00470ade00fd
:100f10000480a100c71ade000580a1000700280098
:100f20000785600087856100f70f20000720e1003a
:100f30009e0032000728e1009c0032000106780084
:100f40000400e000b4003200f70720008780600052
:100f50000170a0000500e000c0003200f70720008b
:100f6000878161000370a000050652000f003a005f
:100f70000b50e1000b0032000308e10002003a00d0
:100f80000200e1007e003200020450008384580019
:100f9000040031000001fd008101fd008402fd001c
:100fa0008a05fd006044b800210037000520e100fb
:100fb00005003d000001fd008101fd008402fd00ef
:100fc0008a05fd00050652007a60e1000500350043
:100fd0000170a1004722dd00848070008a807000cb
:100fe000630037006044b800ef02660007ff2f007f
:100ff000070666000500e00006003400f0831200da
:101000008714dd000511de00071bdd0006017100fd
:101010008519de007060e1000500350009047800e4
:1010200082047800030178008001eb00700656000e
:101030000b50e10003003a000200400083804800aa
:101040000400370060041400e0841c000200580013
:10105000838058000188a300060032008100d1007f
:101060000080d3008984d3000884d3000402e80000
:10107000270037000178a30025003a000100e000b6
:10108000030032008186cf00698656000a003700cf
:101090008c0020000000e00004003a000900780005
:1010a000880478000004eb00700252008086cf00b4
:1010b0000d0646000c06e9007060e10006003500f0
:1010c0008000780009007800880478000004eb00b4
:1010d00070065600700252000c00e0000c00340054
:1010e0008c08dd00f00316000703de008680700028
:1010f0000c00dd00074bde00060070008c4cdd00ac
:101100000743de00868474000c44dd000c025200ac
:101110006120e10020003500610160000700280027
:1011200087816400f7ff270087836400070374004a
:101130000300e00006003200820373000400320066
:101140000000e800e08048000188a3000e003a009b
:10115000f70f20000720e1004a003d000170a100c8
:101160004722dd00810072008a8070000000be000e
:101170004f06be004f05be004f04be000000060033
:101180006000b800faff37008100d1000080d30072
:101190000402e800eeff37000401780089017400c2
:1011a000c20007008a807000f1ff370018010700b5
:1011b000070278000001fd008101fd001401070015
:1011c00087027800850372000778a30004003200cc
:1011d0000001fd008101fd0027010700e4ff370049
:1011e000850362000768a300080032000b50e1008d
:1011f00003003200f0ff2f00f1ff2700dcff370073
:101200000001fd008101fd00d9ff37000468a30043
:10121000d7ff3200faff3700f8ff2700888360000d
:101220000b003a000000e00009003a00830364006c
:1012300082837300020032000200be00ccff370040
:101240000b50e100ceff3a000200be00c8ff37009d
:1012500014002000810064003eff3700f8ff2700e3
:101260008883610004003a000200e00002003a00b6
:101270008c007800beff3700150020008301640059
:1012800039ff370001f827000000200081007500b9
:10129000b7ff3700038368000700280007036300d7
:1012a000470ade000480a100c71ade000580a10005
:1012b000f70f20000720e100420032000728e1007c
:1012c00040003200889fbe008a9fbe008c1f7800bd
:1012d000f107b200f307b2000400e000640032003e
:1012e0000170a0000500e000680032000370a0005b
:1012f00085054200eb07b1000204b8000302b80004
:101300008484440060854a00020ab8008484440052
:101310000a854a00030ab8000405450004003300aa
:101320000804d0008984d2000a85d2008b05e90028
:101330006158e1003d003500021020000901610004
:101340000308200089816100f7072000878364007b
:1013500008867300c84cde00c853dd008784740023
:101360004855de000300e0000600320082037600ec
:10137000040032008904e80060054d000a88a300db
:101380000c003a00f70f20000758e10044003d0030
:101390000a70a100c75ddd000a8575008a00730030
:1013a000090078004f0678004f05be004f04be00cc
:1013b000000006000a05d1008984d3008b05e800ef
:1013c000f0ff3700881f78000604780090000700bf
:1013d000070278000001fd008101fd008c0007007c
:1013e00087027800850372000778a30005003200a9
:1013f0000001fd008101fd009f0007004f047800ff
:1014000000000600850372000748a30003003200b5
:10141000f0ff2f00f1ff2700f8ff37000000200049
:1014200001f8270088807000f4ff370088017800f9
:101430004848dd00808171004848de00c850dd006a
:1014400001007000c850de00060478000b0178002f
:101450001600070088807000d2ff37000500e0000a
:1014600005003200170020003a0007009dff3700fa
:1014700081037000f9ff3a00860078004f0678007b
:101480004f05be004f04be0000000500830371003d
:10149000f9ff3200270020002e00070094ff3700dc
:1014a00001f8270086807000f4ff37000100e0009b
:1014b00026003200610111007810e10023003c0099
:1014c0006022b8007010e10004003500800278004e
:1014d000010078008000eb00700151000200e00084
:1014e0000900340070031100062add00822ade00a4
:1014f0008603dd00878272000200de00860bdd00bd
:10150000070070008208de0084817100f4ff27006c
:1015100004826200848171000400280084826200d9
:101520006102600005f0a600000006000482710060
:10153000070032000000e800e080480000000600dc
:101540000002be006000b800efff37006000b80086
:1015500000000600889fbe000004eb006138e10037
:1015600016003a000100e00008003a00c800de0062
:101570004800dd00880020000100e00003003a0080
:10158000c800de004800dd00680444008184cf000c
:10159000e9845400060034008908dd00f08314005b
:1015a0008703de00878070000900dd000904440025
:1015b000610214004f04be00000006000300e000ba
:1015c00008003a00c811de004811dd008800200044
:1015d0000300e00003003a00c811de004811dd00fe
:1015e000680444008384cf00e9845400060034007a
:1015f0008919dd00f08314008713de0087817100f4
:101600000911dd0009044400e1021400e9ff37007c
:101610002700200001f0a70017002000470bde0084
:10162000f60fb200040032000643e8000a00320060
:101630004702b3000000060001037800f607b2007d
:101640000603700002003a000703b3000000060022
:101650008702b3000000060001037800f607b2001d
:1016600006037000020032000770a00000000600b0
:101670000760a000000006000478a3000400320008
:101680000578a300030032000168a30001003a00be
:101690000200be000160a00000000600881f780064
:1016a000030478000300e00007003d006000100024
:1016b000e080180060011900e081190002003b0081
:1016c00001f02d00030037000400070008f0a70018
:1016d00001f0a0004f04780000000600889fbe00c3
:1016e0008a9fbe00008270000402710004827100b3
:1016f000260032000004be000200be006011b800e7
:101700006b092000950220000182cf000a003900f9
:101710000541b1000082cf00070039000541b1004a
:101720000982cf00040039000541b1000882cf00d2
:10173000010039000541b10005425200120032009b
:101740000a003b0082817100610164008100d100c8
:101750000080d3008984d3000884d3008b05e8007f
:101760000442e800f7ff3a0007003700080444008d
:1017700089844c0000004800818048008b05e90006
:101780000442e900f9ff3a00030007004f05be00dc
:101790004f04be000000060081002000618055005b
:1017a0000b003d000b00200061fe2f000100e10056
:1017b0001d00340082817100610164008904d10040
:1017c0000884d3000000e800faff3a00710020000e
:1017d0006100640003007000020060000900320034
:1017e00061044400e0844c000988a5000500320033
:1017f0008b05e8006808e10002003a008904d10086
:101800000884d300f20f20000258e10005003d00db
:10181000c75ddd00f907b200898075000800780017
:10182000000006000bf827008b0078000000050080
:10183000000006000800fa00889fbe008a9fbe00d4
:101840008c9fbe000004be000200be00e2b79f00f5
:10185000f3b79f00f6ff07008102780005f0a100b2
:10186000000278000c0020000df827006fb19700ef
:10187000ffb197008c0f52008d8f5a000a003e0076
:101880000800be00eaff07008102780005f0a10011
:10189000000278006fb19700ffb197008c0f5200e3
:1018a0008d8f5a00030036000800be0094fd07002b
:1018b000980037000203be000000200001f823005a
:1018c000800f5300818f5b0003003a000800be00c8
:1018d000980007008f0037000802be004e3dde0072
:1018e0000b0020006000b800620065004f4dde0074
:1018f0000b0020000a0570008b85700085007800c1
:1019000001f0a10008007800e00f5000e08f5800bf
:1019100007003a00e20f5500e08f5d00330032000f
:10192000e30f5500e08f5d007b003a003200370086
:101930008702780005f0a10006027800e00f52004f
:10194000e08f5a003b0032008c0f52008d8f5a00fe
:101950002c003a00840f5000858f580018003a0080
:10196000e20f5500e08f5d0009003200e30f5500e3
:10197000e08f5d0009003200e10f5500e08f5d004f
:101980005b003200b8fd200099f4230062003700ac
:10199000020020000304240002003700020020009f
:1019a00003042c00b0fd20009104240039fe070040
:1019b0000200200003e8230036fe07005500370030
:1019c000e20f5500e08f5d0008003200e30f550084
:1019d000e08f5d00080032006044b800e10f550060
:1019e000e08f5d004c003a0044003700b8fd200055
:1019f0009904240048003700b8fd200099042c0009
:101a0000450037000600200007d0200004034300f3
:101a100085834b0086bf9f0097bf9f00800f5300b8
:101a2000818f5b00030039008c0f50008d8f5800b0
:101a300005003a000a08a30033003200b8fd200078
:101a400099fc2b00340037006033b8006203650056
:101a5000e00f5300e08f5b00080032000c00200014
:101a60000dd020000003460081834e006000b800c6
:101a7000840f5300858f5b00040039000800be000e
:101a800025020700010107002a000700e10f5500a9
:101a9000e08f5d00050032001e003900e20f5500a6
:101aa000e08f5d000b003a00030037000004be0029
:101ab00009f0a20018003700e2d22b00b33b23004c
:101ac0000ffd07000001be00b0fd200091042400be
:101ad00005003700e2d22b00b33b230008fd0700ce
:101ae000b2fd200093042400fcfc0700090037002d
:101af000b8fd200099f42b000700370008002000f3
:101b00000900280004003700b8fd200099fc2300dc
:101b1000010037000004be000800be004f06be00f2
:101b20004f05be004f04be000080fa000000060012
:101b3000000006000c00fa00889fbe008a9fbe00cd
:101b40008c9fbe000004be004f09de000300200091
:101b5000e2b79f00f3b79f00810678000df0a10067
:101b600000067800f0ff2f00f1c72400800f560018
:101b7000818f5e00100036000800be00ecff0700f9
:101b80008101780003f0a10000017800000020002e
:101b900001f82700800f5100818f5900b5003e00e9
:101ba0000200200003382000a0fd200091fc23004b
:101bb000d3fc0700a6003700f0ff2f00f1ed230053
:101bc000800f5600818f5e0011003e000085eb0003
:101bd000f0ff2f00f1972300800f5600818f5e00e9
:101be00055003e00f0ff2f00f1072000800f560047
:101bf000818f5e009f003e000801be000800be000d
:101c0000a4fd0700c0b79f00d1b79f00990037001f
:101c10000800be009d0007000004be00f0ff2f007a
:101c200071f92300800f5600818f5e0025003e0071
:101c3000f0ff2f00f1f22300800f5600818f5e002d
:101c400011003e000801be000800be00acfc070009
:101c50000200200003f82300a0fc07000005be00de
:101c600002002000030024000800be00a4fc0700be
:101c70000001be000a00be00a70107000004be006c
:101c80000005eb002c0037000200200003f82300c1
:101c90000800be0091fc07000005be000200200005
:101ca00003f823000800be0095fc07000001be00f9
:101cb0000a00be00980107000004be001a002000c0
:101cc0001d003700f0ff2f00b1012400800f5600e7
:101cd000818f5e0012003e000200200003fc230002
:101ce0000800be007dfc07000005be0002002000c9
:101cf00003fc23000800be0066fd07000200200070
:101d000003f823007efc07000001be000a00be00ad
:101d1000810107000004be002a00200006003700f1
:101d20000801be000000200001f82b007a01070026
:101d30000004be003a0020000801be000800be00fa
:101d400054fd07000002be000001be0084bf9f00da
:101d500095bf9f004ffd07000006be0052c22a003b
:101d6000c3d723004bfd0700d2502f0013e12300ff
:101d700063fc07000001be000c00be0045fd07002b
:101d800092aa2a00a3ea23005dfc07000001be001e
:101d90000fba97009fba97000400be003dfd0700f0
:101da0000002be0072242100a3dd2b000c00be0047
:101db00084bf9f0095bf9f0036fd070082a92c00bd
:101dc000c3e4230045fc07000001be000c00be0078
:101dd00030fd07000001be000fba97009fba9700c0
:101de000e10f450009003a000400be0044fc070072
:101df0000001be000800be0026fd07000001be0075
:101e00000800be0035fc0700190037004255dd0010
:101e10008c9d20000a0646000400be0038fc070026
:101e20000001be000800be001afd0700829e2000cf
:101e30000a0541001a01be0028fc07000801be0087
:101e400026fc07000001be001c00be0023fc0700aa
:101e50006fb19700ffb19700e00f5100e08f59007c
:101e6000030032000004be0009f0a20001003700a8
:101e70000004be000800be004f06be004f05be00b5
:101e80004f04be000080fa00000006000001be0002
:101e90008300780001f0a100020078000000060035
:101ea00001000700e60037000400fa00889fbe002a
:101eb0008a9fbe008c9fbe000004be004708de0063
:101ec000f00fb20051092000810f500041003c008a
:101ed0000806be00e00f5400e08f5c0003003d00e8
:101ee0000805be000bf0a200010037000805be0087
:101ef000d1072000810f50000a003c0002002000a2
:101f000003b024000a00be00fdfb070080bf9f0055
:101f100091bf9f006011b8000800be00ddfc070003
:101f20002b0037000200200003b024000a00be008e
:101f3000f3fb07000200200003b02400e7fb0700ca
:101f40000a01be00e5fb07000004be0002002000fd
:101f500003f02300b80007000000e0000700340091
:101f60000a01be000800be00e5fb070002002000d9
:101f700003f82300d9fb07000f0037000200200000
:101f800003f02b000800be00a90007000000e000dd
:101f900006003c000a01be000800be00d8fb070096
:101fa0000200200003f82300020037000a01be00ef
:101fb0000800be00d2fb0700e00f5600e08f5e0075
:101fc00003003d000004be0009f0a200010037003c
:101fd0000004be000800be004f06be004f05be0054
:101fe0004f04be000080fa0000000600889fbe007b
:101ff0008a9fbe008c9fbe000004be00040020002b
:1020000005f827008583600004037800840f5300df
:10201000858f5b0007003a000801be000800be0083
:102020009cfc07000001be000800be00b4fb0700d6
:1020300010003700e00f5000e08f58000f003c0008
:102040008101780003f0a10000017800e00f510049
:10205000e08f59006a00320010022000b050880062
:102060000801be000800be009cfb07000001be0086
:10207000a90007000004be0061003700478cde00a5
:10208000cf8cde00e00f5400e08f5c000f003a00c0
:102090006044b80004003700000040008180480020
:1020a00061044400e0844c00040020000508200086
:1020b0008181620004017800e00f5100e08f590037
:1020c000f5ff320061041400e0841c00f807b10041
:1020d0000980b10081017800f307b20000017800a7
:1020e0000200be000170a0000808a3000200320038
:1020f00000004000818048008984d1000884d3001a
:10210000000040008180480094012000020020006f
:10211000031020006055b8006066b8000c03410051
:102120008d834900800f5300818f5b0006003c00c7
:102130000606410087864900060050008780580047
:102140000a0541008b85490000004000818048005d
:102150008301d1000281d3000402e900efff3a00bd
:10216000e00f5000e08f58001b00320002262400d0
:1021700023da20000000200001f8230057fb0700ad
:102180000200200003f823002b0007000000e000fd
:10219000110035000226240023da20000000200070
:1021a00001f8230056fb07000200200003f823007b
:1021b000210007000000e000030034006205450034
:1021c000e0854d00040037006000b8006100650044
:1021d0000005450081854d00c744dd000800200052
:1021e0000000200001f0230008044000898448001a
:1021f0008b85d1000a85d3000804450089844d00f1
:102200000800be004f06be004f05be004f04be00d2
:10221000000006008001780002003700b159780004
:102220000201e9000200e000fcff3a0000000600a5
:10223000140020009d013700f4ff2f009b013700a0
:102240000001be001f0007000470a70003f0a100fa
:102250006509b100160032000d0035006828e10064
:1022600006003500f0ff2f00f1ff27000300e0001b
:1022700013003b00010028000000050000004000a2
:10228000818048008502e900fcff3a000800370021
:10229000f88f420002003c008000eb0000000500c7
:1022a0008100d1000080d3008502e800fcff3a00e5
:1022b0000300e00002003b0060001000e080180016
:1022c00000000600c70ade00f107b200f50fb200f9
:1022d00008003200e1cf4200020032000170a0008d
:1022e00024000500810f7000010032000408050081
:1022f00044000500810f700002003a001400050040
:102300008502e9000000400081c04800fcff3b005e
:102310000170a00024000500889fbe008a9fbe00b7
:102320008c9fbe001b0020000202be0005866800d4
:1023300006002800060666004709de00f20fb2001c
:10234000820032000243e80080003200c729de002c
:10235000f30fb2007d0032000343e8007b0032003f
:10236000f107b2000170a000f507b2000570a000ef
:10237000c708dd004903de00868070004700dd00ed
:10238000c72add004923de00868272004722dd0075
:1023900003055100040350008583580003003100f9
:1023a00000004000818048000a05e9008c1f780089
:1023b0008a9fbe000400500085805800040242003d
:1023c00085824a0000004000818048000005eb0043
:1023d0000004be006033b8000406be000d48e100f2
:1023e00056003100110009004dccd8000c01b80096
:1023f0000d02b8008481410060824a00828353004c
:1024000003045c0084845c0060055d000a00e00059
:1024100025003a00800578000d40e10049003100b8
:102420008800780007007800110009004d88d80066
:102430000c01b8000d02b8008481410060824a009e
:102440006003110083835b0004045c00e0845c0093
:102450000900e00021003a004f01be000300e00047
:102460002b003200e3016000070673008c817100cd
:1024700001003200640070004200de004e5edd00ac
:102480000c007000c258de0001e0a00081000700cf
:10249000cf017800818071004f06be004f05be005d
:1024a0004f04be00000006008c8343000d044c0066
:1024b000e0844c0060054d000000e9000a00e000e7
:1024c000d4ff32008c8343000d044c00e0844c00a8
:1024d00060054d000000e900ceff37000c0343000b
:1024e0008d834b0060044c00e0844c000000e90048
:1024f0000900e000d8ff32000c0343008d834b003d
:1025000060044c00e0844c000000e900d2ff37007a
:102510004200de004e5edd000c007000c258de009e
:1025200001e0a000cf0178000300e000daff3200f4
:1025300060001000e0801800d7ff3700f0ff2f0088
:10254000aaff3700f0ff2f00b9ff37000404be00d8
:102550002ffc0700870678000004fd008104fd00c1
:102560002bfc0700078366000678a30003003200f7
:102570000960a7000800be002c0037000d78a300fa
:10258000020032000800be00280037000778a300d0
:1025900026003a0001f0a10009f0a1000668a3009e
:1025a00003003200f1ff2700f0ff2f00baff3700d1
:1025b0000d68a300030032000800be008c8070008c
:1025c000b5ff37000768a30007003a000648a300dc
:1025d00003003200f1ff2700f0ff2f00aeff3700ad
:1025e0000d48a300030032006000b8008c8070002a
:1025f000a9ff37000748a3000400320001f82700b4
:10260000000020008c807000a3ff370074000700da
:102610000004fd008104fd00020578007000070041
:102620000802be008a01780059ff37000160a0004f
:10263000120220009244880097ff37000100e0005a
:10264000120032000500e00010003200889fbe003a
:102650008a9fbe008c9fbe000006eb0001f8a3001d
:102660000300320060001000e08018000cf0a000b1
:1026700005f8a3000300320060021200e0821a0095
:102680000cf0a2008005eb0041ff37006000b800ad
:102690000200050081017000270032008002eb007b
:1026a00001f8a3000300320060001000e080180071
:1026b00015002000f4072000020242002000340030
:1026c000f703200087036000060420000003630076
:1026d00002082000000161004700de00c909dd009a
:1026e00000807100c708de000600e000080032002c
:1026f00087037100060032001000b0000180b000b6
:102700000188a30002003200c108de000402e800d4
:10271000f107b200f30f20000320e10003003d00a9
:102720004722dd00810072002900370001f82700f0
:102730000000eb00260037006000b8000000060033
:10274000680212007f20e100020034006000b8003f
:102750001f0037006011b8007020e1000400350050
:1027600080017800010078008000eb0070025200c8
:102770000400e00009003400f00312000719dd0036
:102780008419de000703dd00868171000400de008d
:10279000070bdd00060070008408de00f7ff27004d
:1027a000838363008703710006002800030363002e
:1027b000070032000700e00003003a0061016000fa
:1027c00002817300020032001000b0000180b000ee
:1027d0000500a6000000060001f0a00000000600b1
:1027e0004f0ade004709de00f107b200f20fb20027
:1027f0000b003200f207b1000170a000c708dd0035
:10280000c901de00838070004700dd000400a600df
:102810000000060060001000e080180000000600c4
:10282000810f700001003a00000006008182cf0095
:102830000500e00010003e008082cf00ee824200e2
:102840007028e1000400390007003e008000780095
:102850000000eb000e003700708312008600de00df
:102860000500dd000a003700708352008600dd009d
:102870000000eb0006003700e28252008508dd0010
:10288000708312000603de00868070000500dd0004
:102890007507b0000501ea000400a600000006006c
:1028a00060001000e080180000000600889fbe0055
:1028b0008a9fbe00841f7800170007004f00780031
:1028c00011003300f0ff2f00838f6c0006003b00e7
:1028d000040565000a00a7000800370009f0a600fb
:1028e0001000200008003700820f5400838f5c0026
:1028f000030039001000200001003e00000020000d
:1029000009f0a7000000ea004f05be004f04be001a
:102910000000e000000006000004be0069fe0700a1
:102920000003be000405be000200be0065fe0700f5
:08293000844f75000000060051
:020000040000fa
:102938000d0a000000300000780000005345000038
:10294800414c000045440000005500004e53000073
:10295800454100004c450000440000004655000079
:102968004c4c000020410000434300004553000048
:1029780053000000554e00004b4e00004f5700001a
:102988004e0000000042000051340000305a0000a0
:102998003530000020620000726900006e67000098
:1029a8002d750000703a0000002000002053000040
:1029b80042530000205600006f6c00007461000054
:1029c800676500003a200000002000006d560000f6
:1029d80000200000202a00002a20000053420000a6
:1029e80053200000574f00005244000020520000be
:1029f800454100004420000046410000494c0000c9
:102a0800454400002028000074720000616e000038
:102a1800737000006f72000074290000202a000003
:102a28002a00000020200000507200006f620000a1
:102a380065200000726500006a650000637400008c
:102a480065640000202d0000206100007373000001
:102a5800756d0000696e0000672000005345000096
:102a6800414c0000454400002c2000007365000024
:102a78006e640000696e000067200000756e00003b
:102a880073650000616c0000206b00006579000030
:102a980073000000202000004465000076690000f3
:102aa800636500002074000079700000653a00003a
:102ab80020000000202000002a2a000020500000ea
:102ac800524f0000424500002046000041490000e6
:102ad8004c450000442000002a2a00000020000085
:102ae800204400006576000069630000652000004e
:102af8007265000073650000742000002863000000
:102b08006c65000061720000696e000067200000bb
:102b18006c610000746300006865000064200000b8
:102b280046550000534500002f700000726f0000ea
:102b38007465000063740000696f00006e73000024
:102b4800292e00002e2e0000002000002053000037
:102b58006563000075720000697400007920000048
:102b68006d6f0000646500003a200000002000003e
:102b7800202a00002a200000554e0000534500007e
:102b8800414c000020460000414900004c4500002f
:102b9800442000002a2a00000020000020440000f1
:102ba80041200000436f00006e6600006967000066
:102bb8007572000061740000696f00006e3a0000d1
:102bc8002000000020280000342000006365000079
:102bd8006c6c00002c2000004e5200002900000000
:102be800202000002a2a000020440000462000007f
:102bf800575200004954000045200000464100009b
:102c0800494c000045440000202a00002a0000002a
:102c180020200000546500006d7000002073000043
:102c28006f75000072630000653a000020690000bb
:102c38006e740000657200006e6100006c20000078
:102c480028620000656e0000636800002c20000008
:102c58006e6f00002074000068650000726d00004f
:102c680069730000746f000072730000290000008f
:102c7800202000002a2a000020540000454d0000b2
:102c880050200000434f00004e4600004947000016
:102c980020460000414900004c4500004420000047
:102ca8002a2a000000200000202a00002a20000014
:102cb8004645000054200000454e000041420000f7
:102cc8004c45000020460000414900004c450000ea
:102cd800442000002a2a00000020000020460000ae
:102ce80045540000733a00002043000048470000a4
:102cf8003d0000006f6e0000006f00006666000077
:102d08000020000044530000473d00000020000060
:102d180050430000484700003d000000202000000c
:102d28004e6f0000746500003a2000004645000020
:102d380054200000686500006c640000206f0000eb
:102d4800666600002c2000004f70000065720000cd
:102d580061740000696f00006e5300007461000028
:102d680074750000733d00000020000053610000ee
:102d780066650000747900005374000061740000f7
:102d8800757300003d00000020500000465300000d
:102d98007461000074750000733d0000002000009d
:102da800204d000066670000205300007461000099
:102db8007475000073200000496e000069740000fb
:102dc8003a2000000020000028460000455400007a
:102dd8005f4500004e20000070650000727300001f
:102de80069730000746500006e740000290000001b
:102df800202000002a2a0000204600004554000038
:102e08002050000045520000534900005354000070
:102e180020460000414900004c45000044200000c5
:102e28002a2a000000200000202a00002a20000092
:102e3800434500004c4c0000205600004f4c000059
:102e48005441000047450000205200004541000061
:102e58004420000046410000494c00004544000061
:102e6800202a00002a0000002020000043650000fe
:102e78006c6c0000200000003a20000000200000d8
:102e880020530000756d00003a2000000042000049
:102e980051340000305a0000353000002062000034
:102ea800726900006e6700002d7500007020000038
:102eb800636f00006d7000006c65000074650000b1
:102ec8002e00000042510000343000005a35000046
:102ed8003020000062720000696e0000672d00005b
:102ee8007570000020660000696e000069730000bc
:102ef800686500006420000057490000544800003d
:102f080020450000525200004f520000532e00008e
:102f18000044000041200000436f00006e6600007e
:102f28006967000000540000656d00007020000013
:102f3800456e0000616200006c65000000540000ee
:102f4800656d0000702000004d6f00006465000092
:102f5800004d000066670000205300007461000007
:102f68007475000073200000496e00006974000049
:102f78000044000065730000696700006e200000cf
:102f880043610000702000006d41000068000000ef
:102f98004465000073690000676e0000204300006c
:102fa80061700000206300005768000000440000c2
:102fb80065730000696700006e200000566f00000e
:102fc8006c74000061670000650000007d4a000025
:102fd80001000000170000008d9700007b4a0000e8
:102fe8000100000001000000979700007c4a0000e3
:102ff8000100000000000000a39700000046000048
:103008000200000018000000ad970000e54800002d
:1030180002010000c4090000bd970000e748000055
:103028000201000068010000cc970000e948000098
:103038000201000040380000db9700000047000054
:103048006f6c0000646500006e200000696d000070
:1030580061670000653a00000020000020000000c1
:1030680020400000002000003a200000004e000030
:103078004f5400002053000045540000202d00004c
:1030880020700000616300006b2000007661000082
:103098006c75000065200000726500007175000005
:1030a800697200006564000000200000206f0000c5
:1030b8006b000000202000004d490000534d000027
:1030c80041540000434800002c20000077610000b4
:1030d8006e740000200000002020000042790000eb
:1030e80074650000206f00007264000065720000c3
:1030f800202000003a200000444600002000000084
:10310800206d000041680000207600007320000058
:103118005342000053200000002000006d410000d1
:1031280068200000206f00006b000000206d000088
:1031380041680000202000004d490000534d000068
:10314800415400004348000000720000656100001f
:103158006420000066610000696c0000656400007e
:103168002028000069320000633d000000290000ab
:103178000042000051340000305a00003530000091
:10318800207300007461000074750000733a000039
:1031980000200000205600006f6c000074610000e1
:1031a8006765000020200000203a00002000000091
:1031b800206d00005600000020200000444100005f
:1031c800204300006f6e0000666900006720000061
:1031d8003a20000000200000203400002063000096
:1031e800656c00006c000000202000004e4f0000bd
:1031f8005420000034200000636500006c6c00005f
:10320800002c0000206e00006f6e00002d72000080
:10321800656d00006f760000616200006c6500005b
:10322800002c000020520000454d00004f560000c1
:10323800414200004c4500000020000020460000ec
:1032480045540000732000002020000020200000ca
:10325800203a00002000000043480000473d0000dd
:10326800006f00006e0000006f660000660000003e
:1032780020440000534700003d000000205000009b
:1032880043480000473d00000020000020200000c7
:103298004f7000006572000061740000696f0000e3
:1032a8006e5300007461000074750000733d0000e7
:1032b8000020000020540000656d00007020000010
:1032c8002020000020200000203a000020000000fc
:1032d8002d0000002e000000204300000020000008
:1032e80020430000656c00006c20000000200000f6
:1032f80020200000203a00002000000020200000cc
:1033080050610000636b000020730000756d0000c1
:10331800202000003a200000002000002043000088
:10332800656c00006c730000202000002020000065
:10333800203a000020000000202000004275000014
:10334800732000007265000073650000747300004c
:103358003a200000003f00003e3d00003c300000e5
:1033680031320000333400003536000037380000b1
:103378003941000042430000444500004600000077
:103388000d0a00005247000053200000427200005e
:10339800696e000067550000702000006a6900002f
:1033a800673a000020680000656c00006c6f000040
:1033b8000d0a0000004900003243000032200000de
:1033c8006275000073200000756e000077650000cc
:1033d80064670000653a0000206f00006b0d000074
:1033e8000a00000049320000433200002062000059
:1033f80075730000207500006e770000656400009a
:10340800676500003a200000425500005320000084
:1034180053540000494c00004c2000005354000055
:10342800554300004b0d00000a0000000d0a000083
:1034380047720000656500006e2000003d20000016
:10344800676f00006f6400002c20000072650000a8
:10345800642000003d20000062610000642c000030
:10346800206100006d62000065720000203d0000d0
:10347800206400006f6e000027740000206b0000bd
:103488006e6f0000770d00000a0000000d0a0000b2
:103498002a2a00002a2a00002a2a00002a2a0000d4
:1034a8002a2a00002a2a00002a2a00002a2a0000c4
:1034b8002a2a00002a2a00002a2a00002a2a0000b4
:1034c8002a2a00002a2a00002a2a00002a2a0000a4
:1034d8002a2a00002a2a00002a2a00002a0d0000b1
:1034e8000a0000000d0a00002a2a00002a2a00000b
:1034f8002a2a00002a2a00002a2a00002a2a000074
:103508002a200000737700006974000063680000d7
:10351800206f00006e2000003556000020200000bb
:103528002a2a00002a2a00002a2a00000d0a000080
:10353800000d00000a43000068650000636b00008e
:10354800202e00002e2e0000467200006f6e000034
:10355800742000004c6100007365000072200000b8
:103568004f6e00002e2e00002e2e00002e2e000082
:103578002e2e00003f3f00000d0a0000000d000045
:103588000a43000068650000636b0000202e0000fd
:103598002e2e0000467200006f6e0000742000009e
:1035a8004c61000073650000722000004f66000047
:1035b800662e00002e2e00002e2e00002e2e00005b
:1035c8002e3f00003f0d00000a0000000d0a000019
:1035d80043680000656300006b2000002e2e000089
:1035e8002e52000065610000722000004c6100004e
:1035f80073650000722000004f6e00002e2e000040
:103608002e2e00002e2e00002e2e00003f3f000020
:103618000d0a0000000d00000a4300006865000064
:10362800636b0000202e00002e2e00005265000063
:1036380061720000204c0000617300006572000098
:10364800204f0000666600002e2e00002e2e00007f
:103658002e2e00002e2e00003f3f00000d0a000015
:10366800000d00000a43000068650000636b00005d
:10367800202e00002e2e0000426100006c6c00001d
:103688002064000065740000656300007420000079
:1036980062650000616d0000206f00006e2e000062
:1036a8002e2e00002e2e00002e2e00002e3f000091
:1036b8003f0d00000a0000000d0a000043680000ea
:1036c800656300006b2000002e2e00002e420000d3
:1036d800616c00006c2000006465000074650000e7
:1036e8006374000020620000656100006d20000026
:1036f8006f660000662e00002e2e00002e2e0000a1
:103708002e2e00002e3f00003f0d00000a00000092
:103718000d0a000043680000656300006b2000008c
:103728002e2e00002e43000068650000636b000029
:10373800206200006f7400006820000049520000f9
:10374800206c0000696700006874000073200000a6
:103758004f4e00002e2e00002e2e00002e2e0000b0
:103768002e3f00003f0d00000a0000000d0a000077
:1037780043680000656300006b2000002e2e0000e7
:103788002e43000068650000636b000020620000a3
:103798006f7400006820000049520000206c00008f
:1037a8006967000068740000732000004f4600003d
:1037b800462e00002e2e00002e2e00002e2e000079
:1037c8003f3f00000d0a0000000d00000a2a00001b
:1037d8002a2a00002a2a00002a2a00002a2a000091
:1037e8002a2a00002a2a00002a2a00002a2a000081
:1037f8002a2a00002a2a00002a2a00002a2a000071
:103808002a2a00002a2a00002a2a00002a2a000060
:103818002a2a00000d0a0000000d00000a2a0000f4
:103828002a2a00002a2a00002a2a00002a41000029
:10383800757400006f2000006d6100007465000061
:103848006420000074650000737400007320000099
:10385800636f00006d7000006c6500007465000007
:103868002a2a00002a2a00000d0a0000000d000084
:103878000a2a00002a2a00002a2a00002a2a000010
:103888004d6100006e750000616c00002062000050
:10389800656100006d200000627200006561000033
:1038a8006b2000007465000073740000732a000028
:1038b8002a2a00002a0d00000a0000000d0a000054
:1038c8002a2a00002a20000020200000427200005e
:1038d800656100006b2000006561000063680000fe
:1038e80020620000656100006d200000696e000024
:1038f80020740000757200006e2c0000202000006b
:10390800202a00002a2a00002a0d00000a000000d0
:103918000d0a00002a2a00002a20000020200000aa
:103928005665000072690000667900002063000097
:103938006f72000072650000737000006f6e000007
:10394800646900006e670000206c0000617300006d
:1039580065720000206300006f6d00006573000051
:10396800206f00006e200000202000002a2a00009e
:103978002a2a00000d0a0000000d00000a2a000093
:103988002a2a0000536900006d7500006c7400005d
:10399800616e0000656f0000757300006c790000af
:1039a8002062000072650000616b00002062000068
:1039b8006f7400006820000062650000616d0000ff
:1039c80073200000746f0000206500007869000013
:1039d80074200000202a00002a2a00002a0d000076
:1039e8000a0000000d0a00002a2a00002a20000010
:1039f80020200000467200006f6e00007420000056
:103a080042650000616d000020620000726f0000d6
:103a18006b6500006e3f0000202a00002a2a000083
:103a28002a0d00000a0000000d0a00002a2a0000e2
:103a38002a2000002020000052650000617200006a
:103a480020420000656100006d20000062720000e5
:103a58006f6b0000656e00003f2000002a2a0000fe
:103a68002a2a00000d0a0000000d00000a2a0000a2
:103a78002a2a00002a2a00002a2a00005465000089
:103a88007374000073200000436f00006d70000025
:103a98006c650000746500002a2a00002a2a0000cc
:103aa8000d0a0000000000008081000082860000ee
:103ab80087990000a9aa0000010100000401000084
:083ac8001210000001010000d2
:020000040000fa
:103ad0000200fa00000f78000400370000e823001d
:103ae00001002000ac1307000060fe001e007800fb
:103af00000f0a7000000ea000000ea004f00de002e
:103b0000004078001e0fe9000004e000f3ff3a00d7
:103b10000080fa00000006000400fa001007980078
:103b20000000eb00000f780009003700703e200015
:103b30009e007800808f50000a003e000064200044
:103b400001002000941307000060fe001e0fe80033
:103b50001e00900010007800e10f5000f3ff3200cb
:103b600001003700000000001e00900010007800e7
:103b70000040780000e8b7001e00900010007800b8
:103b80000010a20000f0a7000000ea000000e90019
:103b90004f00de00004078000080fa0000000600c0
:103ba0000000fa0000c8bf000080fb00e60f5000d4
:103bb00008003e00110020008008dd00b004200055
:103bc000008060000000e0000200320010c0b3007e
:103bd000010037000040eb000080fa000000060002
:103be0000000fa0004c8bf000004a2000004e000c6
:103bf00003003200104080000000e8001040880000
:103c0000f00c070020032000b1ff07000080fa003d
:103c1000000006000600fa0010079800210798002f
:103c20000000eb00000f78000b003700f07c200054
:103c30009e007800808f5000020036000040eb00ac
:103c40000c003700000a200001002000521307007a
:103c50000060fe001e0fe8001e009000900078003b
:103c60002e009000008060000000e000efff3a00ae
:103c700010c0b3000080fa00000006000400fa0043
:103c80000000eb001007980010c0b30004e8b70074
:103c9000cc0c0700500020008dff07001602a80082
:103ca0001100200060212000daff07000040eb0037
:103cb000004f7800110037001662a8008100200034
:103cc00060212000d3ff07000004a2000004e000f0
:103cd0000e003a008010800016a2a8001682a800ec
:103ce0000101200060212000caff07000004a2009b
:103cf0000004e00007003a001e4fe8001e40780074
:103d0000e84f5000ecff36000300370000000000d1
:103d100001003700000000001642a800410020000a
:103d200060212000bbff0700a60c07005000200008
:103d300067ff07000e80e8008000780090c0b300a5
:103d400037000700104798001e4090000004e00074
:103d50000200320020c0b3000100370030c0b300c1
:103d600005e8b7000468ef001e4090000080fa00ec
:103d7000000006000000fa0089ff07000004e000d0
:103d80000700320096ff070004c8bf000004a2002d
:103d90000004e00004003200b8ff07000200370012
:103da000a00020004aff07000080fa000000060083
:103db0000800fa0020079800614798000040eb00d7
:103dc000004f780010003700100020001007980006
:103dd0000e80e80080017800b2002000ee409000e4
:103de0002e009000b90c07000e80e8004aff070083
:103df0000004e0000200320010c0b30006003700eb
:103e0000dcff07001e4fe8001e407800e44f500022
:103e1000edff36000040eb000080fa0000000600d5
:103e20001600fa0020579800210f98000040eb0080
:103e3000004f780023003700100020007007980022
:103e4000f20047000e80e800b300200012c0b3006b
:103e5000240d0700f00047000e80e80066004000d7
:103e6000b300200022c0b300060d0700ee0047009b
:103e70000e80e800010178008000780020c0b300c7
:103e8000c40c07006e00470023ff07000004e00099
:103e90000a0032000e5090008080fb001e509000ff
:103ea0000080fb004800dd00810070002e089000bb
:103eb0000108780010c0b30006003700adff07000e
:103ec0001e4fe8001e407800e44f5000daff360035
:103ed0000040eb000080fa00000006000800fa0035
:103ee0004047980031079800ce409000014f78007d
:103ef0003e00900000407800104798003e0090007f
:103f00004800de00004078002047980031c0b30030
:103f10000e007800a6ff07000080fa0000000600ef
:103f20000200fa00000f78009e0078000040eb00cd
:103f3000eaff07000004a2000004e00002003200d3
:103f40000040eb0003003700a0002000e0fe070067
:103f500010c0b3000080fa00000006002600fa003e
:103f60001017980041679800ce60900000c2b3001f
:103f700080cf5000020036000040eb000f003700f9
:103f800040c4b300004f7800ce6090001147980005
:103f90004e6090008080fb000e80e80001017800f8
:103fa0009e1090009bf807004e60900000c0e80053
:103fb000804078000e0078007dff07000080fa0046
:103fc000000006004200fa00501f9800611f980090
:103fd000627f98000327980040c4b30040479800d0
:103fe0000040eb00204798005e18900000407800e9
:103ff000206f98005e1890004800de0000407800b6
:10400000306f9800a00220000e00400021c0b300d5
:10401000d2ff07000004a2000004e000020032000a
:10402000100020005f003700a0002000a8fe07005d
:104030000040eb00104798002300370010002000dc
:10404000401f9800e4004700c00220000e0040001e
:10405000b300200012c0b300a20c0700e500470027
:10406000c00220000e00400066004000b3002000a7
:1040700052c2b300830c0700810320008e804000f1
:10408000c00220000e00400001017800800078008e
:1040900020c0b3003f0c0700800320000e0040004a
:1040a0009dfe0700204798002e4090000004a200cb
:1040b0000004e000010032002eff07001e409000c7
:1040c0000040e800104798001e409000e44f500068
:1040d00004003e002e4090000004a2000004e00016
:1040e000d6ff3a002e4090000004a2000004e00039
:1040f00002003200100020002a003700de4090004d
:10410000314798003e409000e14f500004003600d7
:10411000be40900040c2b30080cf50000200360085
:10412000200020001f003700ee4090002e68900015
:1041300080cf500004003a00fe4090003e6890009e
:1041400080cf500002003200200020001500370010
:104150003e40900000cfe9006e7890009e407800cd
:1041600080cf500002003600ee789000014f7800ba
:104170009e80fb006500470063004000010178005d
:10418000800078006e18900022f807000e20900042
:104190000000e000020032000e2090001e4878006f
:1041a0000000eb000080fa00000006002800fa0082
:1041b00020179800311798000040eb002067980006
:1041c000210220008e8040000e80e80081017800ee
:1041d00002c2b300800078002e10900079ff070023
:1041e000000f78001e0078000000e000020032009e
:1041f0001e007800090037002e6090000004e000e7
:1042000002003a001000200004003700ae40900089
:104210003e109000014878000000eb000080fa009a
:10422000000006000800fa00200798006147980087
:104230002e00900000407800004f78002e00900083
:104240004800de000040780010479800ee409000e3
:104250002147980031c0b3000e0078003fff0700ef
:104260000004a2000004e000020032001000200060
:1042700003003700800c200015fe07000000eb0053
:104280000080fa00000006002800fa0020179800bd
:10429000311798000040eb002067980021022000b1
:1042a0008e8040000e80e8008101780002c2b300d9
:1042b000800078002e10900042ff0700000f780069
:1042c0001e0078000000e000020032001e007800ae
:1042d0000e0037002e609000e14f500002003e00bb
:1042e00010002000090037002e4090008080fb0065
:1042f0003e4090000080fb004800dd00810070001f
:104300003e109000010878000000eb000080fa00e9
:10431000000006000800fa00200798003107980006
:104320002e00900000407800004f78002e00900092
:104330004800de0000407800104798003e009000e2
:1043400000407800204798003e0090004800de00c2
:10435000004078003047980041c0b3000e0078005c
:10436000fefe07000004a2000004e000020032008c
:104370001000200003003700800c2000d4fd07004f
:104380000000eb000080fa00000006000400fa00c4
:1043900010079800160037000000eb00000f7800af
:1043a000090037001e0fe800f07022009e00780020
:1043b000808f500013003e00000a20000100200002
:1043c000751107000060fe00eb0f07000004a2005b
:1043d0000004e000f3ff3a001e0090001040780057
:1043e0009e0090008100e80011079800ca0f0700a6
:1043f0001e009000104078000004e000e6ff3a0044
:1044000001003700000000000080fa0000000600f4
:104410000200fa00000f78001e007800dbff0700a2
:10442000c0492900d9ff07000080fa0000000600fb
:104430000800fa00889fbe00100798002107980026
:1044400062479800f0492900d0ff07006e409000b5
:104450000040e900004f7800180037001e00fb0004
:104460004202dd001e019000ae019000f002120039
:1044700004003b008502ea000518de008000eb0026
:1044800004003700851add000410de000080720091
:104490008418de00000078006f0060008004eb00ec
:1044a000000478000800be00329b29000000410093
:1044b00010407800980f07001e4fe9001e4078005a
:1044c0000004e000e5ff3d004f04be000080fa005c
:1044d000000006000a00fa004007980050c0b30030
:1044e000004f78000040eb00604798001e4fe90045
:1044f0009e81fb004e019000d0cc2c000010b80033
:104500004308de006a00b900000078000000510096
:10451000004078000043b00080407800030047006e
:1045200011409800ce009000d0cc2c000008b800bc
:104530004308de00400798004e0090000000e000b5
:10454000030032001e4078000004e000e7ff3a005c
:104550001e80fb008e00e800008040008bff0700fb
:104560000080fa00000006000a00fa0040079800e8
:104570000040eb0060479800e60047000e80e8002e
:104580008101780042c0b300800078001000200054
:104590008cfe0700000f78001e0078000000e0008d
:1045a000020032001e007800150037006e409000b7
:1045b000e14f500002003e001000200010003700c4
:1045c0002e4090008080fb003e4090000080fb0069
:1045d0004800dd00810070004e0090000108780066
:1045e0004e0090009000780000502400808f500012
:1045f0000200320030002000010037000000eb0014
:104600000080fa00000006000c00fa004007980045
:10461000510798000040eb0060479800e600470013
:104620000e80e8008101780042c0b300800078006d
:104630004e00900063fe0700000f78001e00780017
:104640000000e000020032001e0078002200370067
:104650006e409000e34f500002003e00100020002a
:104660001d0037002e4090000081fb008001eb0010
:104670003e4090000082fb008002eb004828dd00f5
:10468000c820de00810070004820dd0000017100bc
:10469000818171004e4090000080fb008000eb00a3
:1046a000c000dd0000002000000171008181710068
:1046b0005e4090000080fb008000eb00c800dd0041
:1046c0000000200000007100818071005e019000f8
:1046d0000089be000000eb000080fa000000060028
:1046e0000400fa00889fbe008e007800400520007c
:1046f000c5ff07000000e000020032000000eb00f0
:10470000210037001e00be004809dd004800de0021
:1047100000007100c808de0000007800630060003f
:104720008004eb00000478000800be002200200096
:1047300003002000820f5000838f58000d003200cc
:104740003200200003002000820f5000838f5800a9
:10475000060032001200200003002000820f5000eb
:10476000838f58000500320006003700100020003b
:104770000500370020002000030037003000200033
:10478000010037000000eb004f04be000080fa007b
:10479000000006000200fa00d1ff0700000f7800b9
:1047a0001e007800e20f5000030032001e00780067
:1047b000e30f500002003a000000eb002000370039
:1047c0001e0078000000e00002003a001000200007
:1047d0001b00370040412000d1fd07000004a2006b
:1047e0000004e00002003200100020001400370036
:1047f00020672300cafd07000004a2000004e000b7
:1048000002003200100020000d003700400620009a
:10481000affc0700b2ff0700000f78001e00780011
:10482000e20f5000030032001e007800e30f50003a
:1048300002003a000000eb000100370040002000b9
:104840000080fa00000006000400fa000040eb00bf
:10485000004f78000000eb00100798000e80e80081
:104860008000780090c0b3006dfd0700a00020001c
:1048700097fc07008e007800d0a724004bfe0700ad
:104880000000e000020032000000eb000a003700e8
:104890001e40780006e8b7001e4078000080fb004c
:1048a00067006000e70f500002003a00200020007f
:1048b00001003700100020000080fa000000060010
:1048c0000800fa0030079800630047008000780075
:1048d000d0a7240035fe0700000f78001e007800e6
:1048e0000000e000020032001e00780029003700be
:1048f0003e4090007040b300204798003e0090007a
:104900000000e000030032003e009000ae40900046
:10491000014878003e409000ae40900080cf5000ab
:1049200002003a000000eb001a003700ae40900091
:10493000d0a724003bfe0700000f78001e0078007f
:104940000000e000020032001e0078001100370075
:104950006400470080007800d0a7240013fe070001
:10496000000f78001e0078000000e0000200320016
:104970001e00780007003700ce4090002e409000c7
:1049800080cf5000020032005000200001003700ac
:104990000000eb000080fa00000006000a00fa00a8
:1049a000400798000040eb0060479800e600470091
:1049b000640047008101780022c0b30080007800c5
:1049c000700520007ffd0700000f78001e007800b2
:1049d0000000e000020032001e0078003b003700bb
:1049e0006e409000e14f500002003e001000200099
:1049f000360037004e4090008080fb005e40900003
:104a00000080fb004800dd000100700010079800e6
:104a10001e009000700060000000e00023003a00db
:104a2000200220003efd07000004a2000004e00078
:104a30000200320010002000240037004006200051
:104a400023fc0700e600470064004700810178006e
:104a500022c0b300800078007005200059fd0700d7
:104a6000000f78001e0078000000e0000200320015
:104a70001e007800150037004e4090008080fb003b
:104a80005e4090000080fb004800dd0001007000e7
:104a9000100798001e009000700060000000e00009
:104aa00002003a0060002000080037004e0090002d
:104ab0000000e00004003200ce009000400520001d
:104ac000d1fe0700010037000000eb000080fa0073
:104ad000000006000400fa000e80e8008000780064
:104ae000b0a72400b1fd0700000f78001e00780079
:104af0000000e000020032001e0078004100370094
:104b00002e409000e14f50001800320011c0b30059
:104b1000b0a72400c3fd0700000f78001e00780036
:104b20000000e000020032001e007800350037006f
:104b30000e80e80080007800b0a724009bfd0700ed
:104b4000000f78001e0078000000e0000200320034
:104b50001e0078002b0037002e409000e14f5000df
:104b60000200320050002000260037000e80e800ce
:104b700080007800c0a724008cfd0700000f78009b
:104b80001e0078000000e000020032001e007800e5
:104b90001c0037002e4090000004e0001800320096
:104ba0008040eb00c0a724009efd0700000f7800a6
:104bb0001e0078000000e000020032001e007800b5
:104bc000100037000e80e80080007800c0a72400a5
:104bd00076fd0700000f78001e0078000000e0005e
:104be000020032001e007800060037002e409000c0
:104bf0000004e000020032005000200001003700f5
:104c00000000eb000080fa00000006000800fa0037
:104c1000300798000e80e8008000780000602400d3
:104c200099fd0700000f78001e0078000000e000ea
:104c3000020032001e0078002e0037003e00900077
:104c40000000e000030032009e0090003e00900053
:104c5000010878001e009000700060000000e00075
:104c6000020032000000eb00220037001e0090001e
:104c70000040a0008000780000602400a5fd07002f
:104c8000000f78001e0078000000e00002003200f3
:104c90001e0078001700370064004700800078008d
:104ca0000060240078fd0700000f78001e007800e7
:104cb0000000e000020032001e0078000d00370006
:104cc0002e009000700060000000e00002003a003a
:104cd00050002000070037003e0090000000e00078
:104ce00003003200ae0090003e0090000108780002
:104cf0000000eb000080fa00000006000400fa004b
:104d0000100798000040eb00004f780010003700bb
:104d10001e80fb00000040009e009000808040004c
:104d20001e80fb00f29a2900624078003cfc0700dc
:104d30000004a2000004e000020032001000200085
:104d400007003700a000200061fb07001e4fe800ad
:104d50001e407800e34f5000edff36000000eb00ee
:104d60000080fa00000006000000fa0000032000a6
:104d70006bfc07000004a2000004e0000200320007
:104d800010002000080037004006200050fb0700fc
:104d900053fe0700e10f500002003a000000eb0054
:104da00001003700400020000080fa0000000600eb
:104db0000200fa00000f78001e007800e20f500099
:104dc00006003200e30f500006003200e10f5000f1
:104dd00006003a00204a290005003700904a2900c1
:104de00003003700204b290001003700e04b290069
:104df0000080fa00000006003000fa00889fbe0024
:104e00008a9fbe008c9fbe000000eb0050079800f8
:104e10006000b800200f9800310f98006000b800c3
:104e2000400f9800510f98000040eb00405f980041
:104e30000000eb004007980010c0b30007e8b7007f
:104e400000c0eb0008e8b700e0ceb30000e8b70010
:104e5000604c29006efd0700704c29006cfd0700b6
:104e60000000eb00700f98007e0047008000780083
:104e700090c0b300eafb07000004e0001900320014
:104e80007e089000504088007e0047008000780037
:104e9000f0c3b300e2fb07000004e00002003200b0
:104ea0007e0890006040880020c0b30007e8b7008b
:104eb000904d290035fd07005040800085fd07001a
:104ec000904e290052fd07006a004700a6fd07002a
:104ed000300798003e0090000000e00007003a0014
:104ee00011003700d04e290049fd070010c0b30063
:104ef00008e8b700100020007d013700605129004c
:104f000043fd07004041200005fc07002067230007
:104f100003fc070040062000edfa07006a00470086
:104f200091fd0700300798005e00900070408800f7
:104f3000e054290015fd07005e0090008000eb00a2
:104f400042c0b3003afd07003e0090000000e000c0
:104f500002003a00604c290001003700e0552900aa
:104f60002bfd07003e0090000000e000050032002d
:104f70003e0090000040780008e8b7003e00900036
:104f80005b01370030c0b30007e8b70024c8bf009a
:104f90000004a2000004e0000800320010c0b300ca
:104fa00024e8b7003057290019fd0700100420003d
:104fb000dbfb0700007d2000c5fa0700905a29009e
:104fc000f2fc0700c6fd070079ff070010fd07008f
:104fd000f0fd0700300798003e0090000000e00060
:104fe00008003200b05b290009fd07004e00900068
:104ff0000000e00005003a00be0090004107980064
:105000000200370040c0b30007e8b7007c0047004b
:105010002bfe0700300798004e58900012e8b700aa
:10502000105d2900d9fc07004e5890000080fb005d
:105030008000eb0022c0b300fdfc07003e009000a2
:105040000000e00002003a00605e29000100370025
:10505000405f2900eefc07003e0090000000e000e9
:10506000060032004e0090000000e00005003a000b
:10507000be009000410798000200370050c0b30006
:1050800007e8b70093fe0700300798003e00900045
:105090000000e00002003a00c06029000100370073
:1050a000c0632900b9fc0700604c2900d8fc070048
:1050b0003e0090000000e000050032004e0090002d
:1050c0000000e00002003a00be0090004107980096
:1050d0000000eb0000179800000220000e004000c6
:1050e0008000780080c0b3004dfb07000004e000a2
:1050f000020032000e10900000418800740047004a
:1051000026fe0700300798003e0090000000e000f7
:105110000800320070652900bdfc07004e009000b9
:105120000000e0007d003a00be00900041079800ba
:105130007a00370060c0b30007e8b7002e0890007f
:10514000be089000a0408800b14088001067290088
:105150008efc07002e089000be089000000078002a
:10516000640060008000eb00511798004017980021
:105170004e109000de109000e00f5000e08f5800bd
:1051800002003200e06729000100370010682900a2
:105190007efc0700506829007cfc07002e08900068
:1051a000be08900000007800620060008000eb0004
:1051b00071179800601798006e109000fe10900014
:1051c000e00f5000e08f580002003200e067290035
:1051d00001003700106829006cfc0700b068290046
:1051e0006afc07002e089000be08900000007800be
:1051f000680060008006eb00000678000c00be002e
:10520000e00f5000e08f580002003200e0672900f4
:1052100001003700106829007dfc07002e0890006f
:10522000be08900000007800640060008005eb007c
:10523000000578000a00be00e00f5000e08f580023
:105240000a0032002e089000be089000000078008e
:10525000620060008004eb00000478000800be00db
:10526000e00f5000e08f58002c003a006000b800ba
:1052700010179800211798007800470080007800e8
:1052800010052000e0fc07000000e00004003a00e8
:105290004e089000de089000c0408800d140880091
:1052a000200220000e004000800078003005200021
:1052b000d5fc07000000e00004003a001e1090003a
:1052c000ae109000e0408800f1408800206929007d
:1052d0002efc07002e089000be08900082c0b3008c
:1052e00053fc0700906b290028fc07004e08900033
:1052f000de08900082c0b3004dfc0700806c2900de
:1053000022fc07001e109000ae10900082c0b30077
:1053100047fc0700604c29003dfc07000000eb0043
:1053200030179800600220000e00400037fe070092
:10533000300798003e0090000000e00002003a00b4
:105340003e10900080408800306d29000ffc07005f
:105350003e1090008000eb0042c0b30034fc070018
:105360003e0090000000e00002003a00706e29004c
:1053700001003700c06f290025fc07003e009000a7
:105380000000e000050032004e0090000000e00048
:1053900002003a00be009000410798006c004700f0
:1053a00056fe0700300798003e0090000000e00025
:1053b000120032007071290015fc07004e009000a9
:1053c0000000e00003003a003e009000004078003a
:1053d000020037004e0090000040780008e8b70057
:1053e0004e0090000000e00002003a003e009000f5
:1053f000010037004e0090003d00370070c0b30040
:1054000007e8b7006000b800008fbe000040eb0066
:10541000404798001d0037004e4090000080fb0080
:1054200000004000ec0047000080400010007800c1
:105430008000eb001e0f40005e974800807329003b
:10544000d2fb07004e4090000080fb000000e80007
:1054500020fc070000742900ccfb07004e409000a0
:105460000080fb0000004000ec004700008040008e
:105470001000780017fc0700904e2900e4fb07009d
:105480004e4090000040e800404798004e40900099
:10549000e34f5000e0ff360030742900bbfb0700eb
:1054a0001e0078000bfc0700904e2900d8fb070077
:1054b0004e0090000000e00002003a00b0742900a5
:1054c0000100370060762900d1fb07004e009000f4
:1054d0000000e00002003a0080c0b30007e8b70017
:1054e0004e0090000040780008e8b7004e009000a1
:1054f0004f06be004f05be004f04be000080fa00fc
:10550000000006000800fa00200798003107980004
:105510000040eb00204798002e00900020409000b3
:10552000e14f50000b003a002e0090001000780070
:105530008e80e8001dfb0700000f78002e409000d1
:105540008080fb003e009000010878001e0078007b
:10555000040037002e00900010007800be0090007c
:1055600049fb07000080fa00000006000e00fa0068
:1055700050079800610798000040eb001047980022
:105580000040eb00204798000000eb002007980047
:105590000040eb00004f7800370037001e80fb0012
:1055a0004300dd008080e800a07e290000804000ec
:1055b000104090000080fb00610060000040780017
:1055c0000004e0000c0032001e80fb004300dd0000
:1055d000e4004000a07e2900008040001000780018
:1055e0000000e00004003a002e4090000040e80077
:1055f000204798001f0037001e80fb00c300dd001d
:10560000a07e290000804000e8004700bdff0700a1
:10561000300798003e0090000000e00009003200d2
:105620002e0090000000e00002003a00be00900052
:10563000210798001e4090000040e80010479800a5
:105640000c0037001e80fb004300dd00e40040003a
:10565000a07e290000804000900078004e0090005d
:10566000808f5000030032001e4090000040e80090
:10567000104798001e4fe8001e407800e64f50008b
:10568000c6ff36009e40900022822000014978002b
:10569000ae40900032822000014978005e00900008
:1056a0000000e000030032005e0090001e41900008
:1056b000024878006e0090000000e0000300320015
:1056c0006e009000ae409000014878002e009000df
:1056d0000080fa00000006000a00fa000000eb005b
:1056e000100798000040eb00004f7800560037008c
:1056f0001e80fb00c300dd00a07e2900008040006a
:10570000200798002e009000304090000080fb00a1
:1057100061006000004078000004e00004003200f6
:105720002e009000200090000000e00040003200b9
:1057300068004700800078002e00900071ff07008d
:10574000300798003e0090000000e00005003a009d
:105750002e009000a00090004e009000808f50001e
:10576000350032002e00900020409000e14f5000a4
:1057700007003a002e009000200090008040780042
:105780002e00900010007800a6fa070005003700f0
:105790002e009000a00090002e00900010007800d5
:1057a000dcfa0700300798003e0090000000e0009f
:1057b000060032001e0090000000e00020003a00c9
:1057c000be009000110798001e00370068004700d7
:1057d000800078002e0090004aff070030079800f4
:1057e0003e0090000000e000060032001e00900025
:1057f0000000e00013003a00be009000110798007e
:10580000100037002e009000a00090004e00900085
:10581000808f50000b0032001e0090000000e0005e
:1058200008003a00500020001007980005003700db
:1058300000000000030037000000000001003700f6
:10584000000000001e4fe8001e407800e64f5000a8
:10585000a7ff36001e0090000080fa00000006003e
:105860000a00fa000000eb0040079800208229009f
:10587000e7fa070030822900e5fa07000040eb0054
:10588000004f7800470037001e80fb00c300dd009a
:10589000a07e290000804000100798001083290096
:1058a000bafa07001e00900030009000b7fa070017
:1058b00040832900b5fa07001e0090001000780010
:1058c0008000eb0042c0b300d9fa070070832900c2
:1058d000aefa07001e009000304090000080fb00f0
:1058e00061006000004078000004e0000700320022
:1058f0001e009000200090000000e00003003a002d
:10590000b0832900c2fa070025003700660047006f
:10591000800078001e009000fafe07002007980023
:105920002e0090000000e000020032003e00070060
:105930001b0037001e0090002040900000404000f7
:10594000004178003e0090008000eb00b8fa0700ac
:105950001e009000a00090003e009000808f50003c
:1059600003003a0090852900a9fa07000c003700cf
:10597000e085290085fa07001e0090002040900075
:1059800000404000004178001e0090002000900080
:105990008000eb00a6fa0700208229009cfa07008d
:1059a0001e4fe8001e407800e64f5000b6ff36005c
:1059b0006600470080007800508e240032fa07000d
:1059c0000000e00016003a00680047008000780000
:1059d00080c1b30012f907000004e000100032009b
:1059e0000087290069fa07003e009000b9fa070015
:1059f0004088290065fa07004e009000b5fa0700bc
:105a0000be0090004e009000808f500002003a00cf
:105a10001089290001003700a08929007cfa0700bd
:105a20000080fa00000006000000fa00908a2900b9
:105a300056fa070000c8bf000080fb00a5fa070067
:105a4000b08b290072fa07000080fa0000000600ff
:105a50001800fa00889fbe008a9fbe008c9fbe007f
:105a60000000eb00400798006000b800100f98009d
:105a7000210f98000040eb00605798006800470035
:105a80008000780090c0b300e5f8070070479800e8
:105a9000a00020000ef80700208229005cfa070011
:105aa000d08b29005afa0700d08c290037fa07005a
:105ab0007e4090000004e000050032004e0090009f
:105ac00084fa0700c08d290051fa07000100370051
:105ad000d5ff0700008e29002cfa0700760047004a
:105ae00080007800d0a72400b0f907000000e00093
:105af0001a003a006e50900012e8b7006e50900005
:105b00000080fb008000eb0022c0b30048fa0700d1
:105b10006e5090000080fb0063006000e30f5000b7
:105b200002003a00f08e290001003700808f290022
:105b300016fa07006e5090000080fb0064006000c1
:105b40000000e00002003200509029000100370000
:105b5000509129002efa070001003700b2ff07001c
:105b60001092290009fa07007200470080007800af
:105b700040052000a4fa07000000e0003d003a00c4
:105b80001e089000ae089000a0408800b140880038
:105b900000932900fdf907001e089000ae08900050
:105ba00000007800640060008006eb0000067800ca
:105bb0000c00be00e00f5000e08f580002003200e1
:105bc000509329000100370080932900eff9070066
:105bd000c0932900edf907001e089000ae08900060
:105be00000007800620060008005eb00000578008e
:105bf0000a00be00e00f5000e08f580002003200a3
:105c0000509329000100370080932900dff9070035
:105c100020942900ddf907001e089000ae089000ce
:105c200000007800680060008004eb000004780049
:105c30000800be00e00f5000e08f58000200320064
:105c4000509329000100370080932900cff9070005
:105c500090942900cdf907001e089000ae0890002e
:105c600082c0b300f2f9070020822900e8f907009a
:105c7000010037006cff0700d0952900c3f9070029
:105c8000680047008000780080c0b30064f8070017
:105c90000004e000250032004e0090000041880022
:105ca0004e0090008000780040552f00008040009a
:105cb000200798002e0090000000e00005003d0045
:105cc000c0962900b1f907002e0090000000ea00fc
:105cd000200798002e019000706626000090b90001
:105ce000c288de004f90de0000805000f9f9070006
:105cf000e0962900a5f90700ae0090007066260026
:105d00000089b9004299de004f88de000000510092
:105d10006a01b9000200780000805000edf9070028
:105d200000972900baf90700010037003eff07007d
:105d30006a004700f1fb07000000e0002c003a0079
:105d40006000b800008fbe000040eb006047980084
:105d50001d0037006e4090000080fb0000004000f6
:105d6000ea00470000804000100078008000eb004f
:105d70001e0f40005e9748003097290083f9070006
:105d80006e4090000080fb000000e800d1f90700a1
:105d9000b09729007df907006e4090000080fb005d
:105da00000004000ea00470000804000100078003a
:105db000c8f90700c08d290095f907006e409000d2
:105dc0000040e800604798006e409000e34f5000ac
:105dd000e0ff3600209829006cf907001e007800cb
:105de000bcf90700c08d290089f9070003003700be
:105df0001099290065f907000bff0700104080008b
:105e00000000e00006003200009a29005ff9070058
:105e100010408000aff90700208229007cf90700bc
:105e20004f06be004f05be004f04be000080fa00c2
:105e3000000006000000fa000600fc0011028000cd
:105e4000f141b200110288000080fa000000060053
:105e50000200fa00004f78001e417800e18820001f
:105e6000824878000080fa00000006000200fa0074
:105e70000000eb00000f780007003700f0e124007d
:105e80009e007800808f50000a003e000000000055
:105e90000060fe001e0fe800113a8000000027009d
:105ea0008080600000002200808f5000f3ff3a00e5
:105eb00001003700000000000080fa00000006002a
:105ec0000400fa0010079800160037000000eb00ed
:105ed000000f7800090037001e0fe800f070220064
:105ee0009e007800808f500013003e00000a2000c2
:105ef00001002000a80a07000060fe001e0907003c
:105f00000004a2000004e000f3ff3a001e0090002d
:105f1000104078009e0090008100e8001107980072
:105f2000fd0807001e009000104078000004e0000b
:105f3000e6ff3a0001003700000000000080fa0090
:105f4000000006000a00fa00003a800061006000cc
:105f500000f0a7000000ea000000e9004f00de00aa
:105f6000404798004e4090000004e00004003200da
:105f7000c142a900c542a800d022a900d422a8008d
:105f8000720a0700b9ff0700d442a800cc82a8001b
:105f90006868ef006968ef006a68ef006c28ef003e
:105fa0006e28ef007068ef005828ef005a28ef00c5
:105fb0005c28ef005e28ef006068ef004091200051
:105fc0008040eb0001487800b2030700bc030700e3
:105fd000a0c0b300c303070095070700c942a8008b
:105fe000c142a900d022a900c542a8004e4090009d
:105ff0000004e00002003200d422a80001003700b3
:10600000d422a900cd82a800cda2a9004007a900f2
:106010004027a9006040a9006060a9008780a9000e
:106020008780a9009780a9008660a9000060fe0013
:106030008780a9008780a9009780a9008660a900b1
:106040007cff0700930307006b68ef006868ef00b0
:106050000040eb0050479800808920008040eb0012
:10606000014878009089200041cfb30001487800b2
:10607000a089200041c2b30001487800b089200007
:106080008040eb00014878002091200031c0b3002f
:1060900001487800109120008040eb000148780012
:1060a0001f090700d482a80000d0270001002000ab
:1060b000390a07007f08070000d0270001002000f0
:1060c000350a0700409c29007dff0700c502a80093
:1060d000eaf607000004e00003003200f09d29000a
:1060e00077ff070002003700609f290074ff070058
:1060f0000040eb00004f78001d0037006016800064
:106100004c00de00614060000004a20061406000bd
:106110000080fb00610060004c00dd006116800023
:1061200001c0a100010070006016880060168000a8
:106130004d00de00614060000004a200614060008c
:106140000080fb00610060004d00dd0061168000f2
:1061500001d0a1000100700060168800002021001d
:10616000a10720000c0a07000060fe001e4fe80097
:106170001e407800e94f5000e0ff3600cda2a90094
:10618000cd82a900e800470067004700f7fc070040
:106190007e4090000004e0000500320016fb07007e
:1061a0004dfd0700e800470067004700effc0700cf
:1061b0007e4090000004e000030032001000200048
:1061c00010079800080037000e4890000004e00017
:1061d000030032000000eb001007980002003700b7
:1061e0002000200010079800cd82a800cda2a900b1
:1061f00017fe07009afd07000040eb00604798007b
:106200001e009000e10f500003003a00cd82a9006b
:10621000cda2a800050037001e009000e20f50003c
:1062200002003200cd82a800cda2a80000f0290013
:1062300041022000d80907000060fe00a0a129004b
:106240001fff0700a0a429001dff070050c0b300d6
:106250004c03070060a7290019ff0700d422a800fb
:10626000d0a9290016ff0700cc82a90040c1b300c5
:106270004403070030ac290011ff0700cc82a800be
:1062800040c1b3003f030700a0ae29000cff070088
:10629000d442a90040c1b3003a030700f0b029007e
:1062a00007ff0700d442a80040c1b3003503070030
:1062b00050b3290002ff0700c502a90040c1b30086
:1062c0003003070000b62900fdfe0700c502a80044
:1062d00040c1b3002b030700c0b82900f8fe070037
:1062e000cd62a80040c1b30026030700a0bb29006f
:1062f000f3fe070090be2900f1fe070010c129003f
:10630000effe0700b0c32900edfe070020c62900fc
:10631000ebfe0700c0c82900e9fe070010cc2900e9
:10632000e7fe0700c502a9000300370000000000d7
:1063300001003700000000000060fe001016800021
:10634000610060000000e00004003a0060cf290016
:10635000dbfe0700cc82a90001003700cc82a80038
:1063600010168000620060000000e00004003a00a7
:10637000d442a90080d12900d1fe070001003700d6
:10638000d442a80010168000610060000000e00008
:10639000e6ff3a0010168000620060000000e00096
:1063a000e4ff3a00d442a800cc82a80090d3290090
:1063b000c3fe07001e009000e10f500003003a00ea
:1063c000cd82a900cda2a800050037001e009000d4
:1063d000e20f500002003200cd82a800cda2a8003a
:1063e0005116800000402000008060000000e000a6
:1063f00003003a0048020700cd82a800cda2a90000
:10640000cd82a80092fd0700e0c1b300dd020700c5
:1064100000f02900410220005f0907000060fe0033
:10642000efff37000000fa00d462a8000010270038
:106430002100200058090700d462a9000080fa005a
:10644000000006000000fa006040a9006060a9009a
:106450008780a9008780a9009780a9008660a9008d
:10646000d4c2a900cd02a8000010270021002000fe
:1064700049090700cd02a9000400370000102700d9
:1064800021002000440907000060fe001116800072
:1064900000202000008060000000e000f7ff3200d4
:1064a000d4c2a8001000370000a0260081012000ff
:1064b000390907000060fe00601680004c00de0015
:1064c000614060000004a200614060000080fb00a9
:1064d000610060004c00dd006116800001c0a10079
:1064e0000100700060168800111680000020200056
:1064f000008060000000e000ebff3a00cd82a900c0
:106500001000370000a026008101200022090700aa
:106510000060fe00601680004c00de0061406000fc
:106520000004a200614060000080fb006100600088
:106530004c00dd006116800001c0a1000100700068
:106540006016880011168000002020000080600086
:106550000000e000ebff3200f10707000080fa00c6
:10656000000006000200fa00cda2a9000040eb00e6
:10657000004f7800110037000060fe00005023003b
:10658000c100200004090700601680004900de00f9
:10659000614060000004a200614060000080fb00d8
:1065a000610060004900dd00611680000190a100db
:1065b00001007000601688001e4fe80070ccb30028
:1065c0009e40780080cf5000ebff3600cd22a9001e
:1065d000d422a8005c28ef005e28ef0012003700ec
:1065e0005116800000402000008060000000e000a4
:1065f00007003a00e0428000f14280006100400064
:10660000e0804800e0428800f14288000200370044
:106610005c28ef005e28ef0000502300c10020003e
:10662000dd0807000060fe00e2428000f3428000c7
:106630009000200001002000800f5100818f590040
:10664000e7ff3600100037000060fe000050230016
:10665000c1002000d0080700601680004c00de005a
:10666000614060000004a200614060000080fb0007
:10667000610060004c00dd006116800001c0a100d7
:106680000100700060168800511680000040200054
:10669000008060000000e000ebff3200cd82a90026
:1066a000d422a9000080fa00000006000000fa00d1
:1066b00000e8230001002000b70807000080fa006e
:1066c000000006000400fa00000f7800110798008f
:1066d0001100370000e8230001002000ae08070089
:1066e0000060fe001e00900000f0a7000000ea001d
:1066f0000000e9004f00de00004078009e0090009e
:106700008100e900110798000004e0000200320057
:106710000040eb00050037001e00780010007800f4
:10672000e10f5000ebff320010c0b3000080fa0010
:10673000000006000800fa00404798005147980002
:106740006247980010002000000f7800de409000a3
:1067500021479800ee409000314798004e4090004d
:106760008080fb000e80e8008e0178000101780037
:1067700021c0b30055020700210320000e0078005d
:10678000d0ff07000004e000050032001e00780082
:10679000e20f500002003a00100020000100370014
:1067a0000000eb00004078000080fa0000000600c6
:1067b0001400fa00604f9800714f9800020f980083
:1067c0002357980010002000000f78006e489000ba
:1067d0000081fb00ef0047000e80e8008201780096
:1067e00012c0b300bf0207006e4890008080fb001b
:1067f0000e80e80066004000810178002e51900074
:106800008e0890009f0207000e80e8000e017800bd
:106810008000780020c0b3005e0207002103200042
:106820000e007800a7ff07000004e000050032001a
:106830001e007800e20f500002003a0010c0b300c2
:106840002900370010002000000f78006e489000eb
:106850008080fb006f0047008e0178000101780006
:1068600011c0b30019020700210320000e007800b8
:1068700094ff07000004a2000004e00003003a00b7
:106880001e007800e20f5000020032000040eb00d2
:106890001500370010002000000f78006e489000af
:1068a0000080fb008e01780000017800ae5090005f
:1068b0000e0890001e020700210320000e00780041
:1068c00080ff07000004e000050032001e00780091
:1068d000e20f500002003a001000200001003700d3
:1068e0000000eb00004078000080fa000000060085
:1068f0000400fa00004f7800114798001207980032
:1069000013c0b3001e0190009e4090001e4078000e
:10691000a7ff07000080fa00000006000200fa004e
:106920000040eb00004f78008ec8bf000e017800d9
:10693000f1c0b300eeff07000004a2000004e00075
:10694000020032000040eb00070037009e40780054
:1069500040c4b30000c068000080fb000000e900f4
:106960004f00de00004078000080fa0000000600c2
:106970000000fa00208b200011cab3000148780003
:1069800080c1b3008ee8b700e18820009140780014
:10699000308b2000014878008ec8bf000041eb001a
:1069a00001c2b30063ff07000004a2000004e0007e
:1069b00005003200508b200001ccb3000148780064
:1069c0000040eb00280037008ec8bf00c2c0b300f3
:1069d00011c2b30057ff07000004a2000004e0004a
:1069e00005003200408b200021ccb3000148780024
:1069f0000040eb001c0037008ec8bf0042ccb30043
:106a000051c2b3004bff07000004a2000004e000e5
:106a100005003200508b200011ccb30001487800f3
:106a20000040eb00100037008ec8bf0042c2b30028
:106a300001c2b3003fff07000004a2000004e00011
:106a400005003200508b200011ccb30001487800c3
:106a50000040eb0004003700608b20008040eb001a
:106a60000148780010c0b3000080fa000000060062
:106a70000c00fa0030079800410798005207980070
:106a80008ec8bf0063c0b3000e01780081c2b3009e
:106a900047ff07000004a2000004e00002003200eb
:106aa0000040eb002b0037001e4090000080fb00f0
:106ab000c800dd001e4078000080fb00010070006f
:106ac000800078003e009000010878003e40900071
:106ad0000080fb00c800dd002e4090000080fb001d
:106ae00001007000800078004e00900001087800de
:106af0005e4090000080fb00c800dd004e4090002a
:106b00000080fb0001007000800078005e009000b3
:106b1000010878003e00900010007800c280de007e
:106b20003e009000010878004e00900010007800b0
:106b3000c280de004e009000010878005e009000e8
:106b400010007800c280de005e009000010878002e
:106b500010c0b3000080fa00000006000400fa0034
:106b6000204798000040eb00004f780013c0b300ae
:106b70000e017800f1c0b3002e4090000cff07001a
:106b80000004e000060032009e40780040c4b300dc
:106b900080cf500002003a001000200001003700b2
:106ba0000000eb00004078000080fa0000000600c2
:106bb0001400fa000060fe0072014700f000470078
:106bc0006e004700aaff07000004e0002200320028
:106bd0007e009000000f78000e08900010079800cb
:106be0001e089000200798001e0078004800de0074
:106bf00080407800e0892000014878001e0078007d
:106c000080407800f0892000014878001e00900044
:106c10004800de0080407800008a200001487800ab
:106c20001e00900080407800108a20000148780003
:106c30002e0090004800de0080407800208a20006e
:106c4000014878002e00900080407800308a2000b3
:106c50000148780012003700e089200080c0eb0076
:106c600001487800f089200080c0eb0001487800de
:106c7000008a200080c0eb0001487800108a2000c4
:106c800080c0eb0001487800208a200080c0eb0023
:106c900001487800308a200080c0eb00014878006d
:106ca0001e0990008e0890007e0090006c02470044
:106cb000ea014700f70207005e00900030079800e5
:106cc0006e009000400798003e0090004800de00f3
:106cd00080407800408a2000014878003e00900003
:106ce00080407800508a2000014878004e009000d3
:106cf0004800de0080407800608a2000014878006b
:106d00004e00900080407800708a20000148780092
:106d10000080fa00000006000200fa000040eb00cc
:106d2000004f78000040eb00150007000004e00071
:106d300011003200d422a900c542a9000100370089
:106d4000000000000060fe0000502300c100200091
:106d5000110707001e4fe8001e407800fd4f50004d
:106d6000f7ff360040e7a8004007a8004027a8002a
:106d70000060fe00feff37000080fa000000060001
:106d80000400fa00204798000040eb00004f780014
:106d90000040eb0010479800120037001e4fe8003b
:106da0000060fe00cd82a800cda2a90000a02600b0
:106db00081012000f8060700cda2a800cd82a9001d
:106dc00000502300c1002000f30607001e40780099
:106dd000e54f50000300360010c0b3001047980084
:106de0000500370051168000004020000080600040
:106df0000000e000e9ff32002e4090000004e000b7
:106e000005003200c542a800d422a800cd82a80007
:106e1000cda2a90002003700cda2a800cd82a90012
:106e200000502300c1002000db06070004003700eb
:106e30000060fe0000502300c1002000d6060700bd
:106e40005116800000402000008060000000e0003b
:106e5000f7ff320000502300c1002000ce060700db
:106e6000040037000060fe0000502300c100200035
:106e7000c906070051168000004020000080600015
:106e80000000e000f7ff32001e4090000080fa0092
:106e9000000006000000fa000a21ef00f0092000bf
:106ea0007008880000002800900888008e21ef00fc
:106eb0008c21ef009021ef000080fa000000060016
:106ec0000000fa00e0002000800c88000080fa003a
:106ed000000006000000fa009021ef000080fa0098
:106ee000000006000200fa00004f780000cab3005c
:106ef0009e40780080cf50000200360000cab300e8
:106f0000004f78001e80fb00600c88000080fa00b3
:106f1000000006000200fa00cd82a900cda2a80060
:106f20000060fe0023c0b3000e01780091c0b300e2
:106f300060c3b3001efe07000060fe009e4090008c
:106f4000c0892000014878009e407800d089200048
:106f500001487800cd82a800cda2a9000080fa00e7
:106f6000000006000000fa00cd82a900cda2a80012
:106f70000fff0700cd82a800cda2a9000080fa0073
:106f8000000006000400fa00204798000040eb00d3
:106f9000004f78000500370000a026008101200086
:106fa0007d0607000060fe001e4fe8002e409000a6
:106fb0009e40780080cf5000f7ff39000080fa0033
:106fc000000006000000fa006082200041992000c5
:106fd000110098006082200041992000010878008b
:106fe00060822000a00090000110a0002100980005
:106ff00060822000a00090000100a1002100980004
:10700000608220008040eb0061409800f031200059
:10701000a010880000002800b01088001822ef009f
:107020008a40a9008a20a9009a40a8009a20a800b6
:107030000080fa00000006000200fa0060822000d2
:10704000e0409000014f78001e4078000080fa0078
:10705000000006000000fa00904180006600400039
:107060009041880030c8bf000040e90030e8b70018
:1070700030c8bf000004e00003003a0040002000d8
:107080007041880002003700100020007041880025
:107090000080fa00000006000200fa00000f7800ed
:1070a0001642a800a0418000200090000000e000ef
:1070b00003003200a0418000200090001e087800ec
:1070c0002e28ef000080fa00000006000800fa00f9
:1070d000000f780021479800220798003307980096
:1070e0006082200020009000610060000000e0004d
:1070f0000a003a00ae0190002e4190009e007800f8
:10710000209b2000770007003e019000219b20007b
:1071100010c0b3001f000700030037003e009000be
:107120008000eb00010878000080fa0000000600f3
:107130000800fa00000f7800214798002207980005
:1071400033079800608220002000900061006000fa
:107150000000e0000a003a00ae0190002e419000cd
:107160009e007800c09a2000460007003e01900073
:10717000c19a200010c0b3000600070003003700ca
:107180003e0090008000eb00010878000080fa00cb
:10719000000006000600fa00004f78001107980072
:1071a00022079800608220002000900061006000ab
:1071b0000000e0002e003a002e0090001100200098
:1071c0000108780060822000100078009e00900086
:1071d0001100980060822000100078001e4878009e
:1071e0006082200010007800ae009000210098001e
:1071f0006082200010007800e600400060822000dd
:10720000010878006082200090007800c09a200079
:10721000808f500003003a006082200041992000d6
:107220000108780060822000a00090000110a100f9
:107230002100980060822000900090006082200071
:1072400010007800808f500004003a006082200017
:10725000a00090000100a000210098007041800073
:107260000000e00005003a008a40a8000300370053
:107270002e0090008000eb00010878000080fa00ea
:10728000000006000800fa00000f780011079800bf
:1072900042479800330798003e00900000004000ed
:1072a000800078001e007800010878001e00780039
:1072b00010007800800078000100a0001e00780017
:1072c000010878001e007800ce4090002140980010
:1072d0001e0078009e009000210098000080fa00b7
:1072e000000006000800fa00000f7800110798005f
:1072f00042479800330798003e009000000040008d
:10730000800078001e007800010878001e007800d8
:10731000ce409000214098001e0078009e00900012
:10732000210098000080fa00000006000000fa002a
:1073300060822000200090006200600000f0a70042
:107340000000ea000000ea004f00de000040780084
:107350000080fa00000006000000fa0060822000b1
:10736000200090006100600000f0a7000000ea002b
:107370000000ea004f00de00004078000080fa00c4
:10738000000006000000fa008268ef008368ef004a
:107390000080fa00000006000400fa002047980070
:1073a00082c8bf000040e800674f600083c8bf008c
:1073b0009e40780080cf500002003a000040eb0071
:1073c0000a00370082c8bf000080fb0081a02000b7
:1073d0002e419000827078001e41780021882000a4
:1073e000824878007428a80010c0b3000080fa001a
:1073f000000006000200fa00318820009140780069
:1074000082c8bf0080cf500003003a007428a90052
:107410000040eb001500370083c8bf000080fb0070
:1074200081a02000614f780083c8bf000040e800c1
:107430006740600083e8b700318820009140780001
:1074400082c8bf0080cf500001003a007428a90014
:107450001e80fb0080004000809f200000804000d4
:10746000100078000000010010c0b3000080fa0096
:10747000000006000000fa003188200091407800ea
:1074800082c8bf0000c068000080fb000000e90067
:107490004f00de00004078000080fa000000060087
:1074a0000200fa0040912000104f78001e80fb007f
:1074b00061006000004078000004e000020032003b
:1074c000cc82a90001003700cc82a8001e80fb00fe
:1074d000620060000000e00002003200d442a90017
:1074e00001003700d442a8001e80fb006400600049
:1074f0000000e00002003200c502a90001003700d0
:10750000c502a800a09020001e4878000080fa0064
:10751000000006000200fa0050912000104f780091
:10752000909020001e4878000080fa0000000600bd
:107530000000fa000080fa00000006000000fa00d7
:107540000080fa00000006000000fa00d09320003e
:107550009040780060c5b30080cf500007003a002b
:10756000d09320008040eb0001487800cd82a90034
:10757000cda2a800a0c0b30078e8b7000080fa0050
:10758000000006000000fa0078c8bf000004e00018
:1075900007003200e093200090407800f0c2b30072
:1075a00080cf500002003a000000fe00ffff3700cd
:1075b000d09320008040eb0001487800e093200049
:1075c0008040eb0001487800cd82a900cda2a80040
:1075d0000080fa00000006000000fa00cd82a8003a
:1075e000cda2a900d09320008040eb000148780094
:1075f000e09320008040eb00014878007868ef00bd
:107600000080fa00000006000000fa000080fa0086
:10761000000006000000fa000080fa0000000600ea
:107620000000fa0000002800301088000822ef0057
:1076300000052000250007000000eb001d000700ea
:107640003e28ef000000eb00060007000000eb0002
:107650000a0007008600a9009600a8000080fa0032
:10766000000006000200fa00000f78009e0078007b
:10767000114288000080fa00000006000200fa00b3
:10768000000f78009e007800014288000080fa0018
:10769000000006000000fa00104280000080fa009e
:1076a000000006000000fa00004280000080fa009e
:1076b000000006000200fa00000f78009e0078002b
:1076c000611088000080fa00000006000200fa0045
:1076d000000f7800f00720009e007800808f500097
:1076e000020036000742a800010037000742a90047
:1076f0003e28ef009e007800511088000080fa00bc
:10770000000006000200fa00000f78001e0078005a
:10771000e10f500012003200e10f50000300390069
:10772000e20f500015003200570037008042800001
:1077300041892000810040000000e800804288006c
:1077400001007800c7ff070081428000f00f200091
:10775000808f5000470036005028ef004a00370065
:107760005228ef0010c0b3007fe8b7004e68ef006a
:10777000e0872000c1ff0700430037007fc8bf003b
:107780000004e0001c003200904280000000e00095
:1077900008003a007ec8bf000080fb004800dd0002
:1077a00080428800904280000000e80090428800fb
:1077b0000a00370090428000e10f500007003a00b5
:1077c0007ec8bf008080fb00804280000100700006
:1077d000804288005228ef007f68ef0081428000dd
:1077e000f00f2000808f5000240036000010200091
:1077f00080428800240037004ec8bf000004e0002b
:1078000002003a008042800050428800814280009d
:10781000f0072000808f50000a0036008042800070
:10782000e2872000124178004189200082707800b0
:107830004ec8bf000004e00002003a008042800011
:1078400050428800804280000000e80080428800aa
:107850004ec8bf000040e8004ee8b70081428000fb
:10786000f00f2000808f5000060036005028ef00f7
:107870000500370000000000030037000000000092
:10788000010037000000000010c0b3000080fa00c3
:10789000000006002600fa00889fbe00600f9800d6
:1078a000710f98000217980013179800241798007a
:1078b0006e089000cf80de0085e507004007980045
:1078c000510798007e089000cf80de0080e5070019
:1078d00060079800710798000e109000cf80de00be
:1078e0007be50700000f9800110f98000e0990002b
:1078f0009e0990006e009000fe009000cde707000a
:1079000002ee22005326240062e60700200f9800b2
:10791000310f98006e019000fe0190006e00900003
:10792000fe0090005be607000004be000e09900018
:107930009e0990000e0890009e08900055e60700f2
:107940000001be000800be006de50700a7e90700c2
:107950004e019000de0190000202be0005f0a20080
:107960000001be000400be00b2e7070002ee2200e4
:107970005326240047e60700400f9800510f980057
:1079800012b62000632324002e089000be08900049
:1079900040e6070042e90700008fbe0012b6200053
:1079a000632324004e089000de08900039e60700ab
:1079b0003be907002007980031079800f0ff2100fd
:1079c000010020001e01be00800f5100818f590070
:1079d00003003400f0ff210001002000008fbe00f2
:1079e00000002e00f1ff2f001e01be00800f51008d
:1079f000818f590003003d0000002e00f1ff2f0091
:107a0000008fbe002e019000be019000f0ff21000b
:107a100001002000800f5100818f590004003400c4
:107a2000f0ff210001002000200798003107980096
:107a30002e019000be01900000002e00f1ff2f00eb
:107a4000800f5100818f590004003d0000002e007e
:107a5000f1ff2f002007980031079800ae0090003a
:107a60001e109000010878009e0078002e109000f3
:107a7000010878004f04be000080fa0000000600f4
:107a80000000fa000621ef0030422f006008880055
:107a9000000328008008880084e0a90094e0a80082
:107aa00020a120008040eb00014878000080fa000f
:107ab000000006000000fa002104800000102000f1
:107ac000008060000000e0000900320030a12000ca
:107ad000104078008040e80030a120000148780084
:107ae00020a1200011c0b300014878008500a90042
:107af0000080fa00000006000400fa00008fbe00bb
:107b00001e007800600888001e00be004008de00ed
:107b100000007800700888000080fa00000006006d
:107b20000400fa000080eb008080eb00008fbe00b4
:107b3000700880008000eb00c001dd000200200022
:107b4000600880008000eb00001f71000197710049
:107b50001e00be000080fa00000006000400fa00cb
:107b6000008fbe001e00be004008de00000078004e
:107b7000400888001e007800300888000080fa0065
:107b8000000006000800fa000080eb008080eb0097
:107b9000008fbe0031088000210798004108800056
:107ba000310798003e0090008000eb00c001dd002e
:107bb000020020002e0090008000eb00001f7100ea
:107bc000019771001e00be000080fa000000060050
:107bd0000000fa0020a120008040eb00014878005e
:107be00011e1a8000080fa00000006000000fa0081
:107bf00011e1a9000080fa00000006000200fa006e
:107c000020a12000104f78001e4078000004e00002
:107c10000300320020a120008040eb0001487800e2
:107c20001e4078000080fa00000006000000fa0004
:107c300030a12000104078000080fb000080fa0096
:107c4000000006000000fa0030a120008040eb0098
:107c5000014878000080fa00000006000000fa00e9
:107c60001821ef00400f2000e00888001421ef00e9
:107c7000f03f2200d008880080002800f00888002b
:107c80001fe1a9006000b8001d0007008780a9005f
:107c90009780a8000080fa00000006000400fa00a7
:107ca000008fbe001e007800d00888001e00be00b5
:107cb0004008de0000007800e00888000080fa003c
:107cc000000006000400fa000080eb008080eb005a
:107cd000008fbe00e00880008000eb00c001dd00e6
:107ce00002002000d00880008000eb00001f71001f
:107cf000019771001e00be000080fa00000006001f
:107d00000400fa00008fbe001e00be004008de0026
:107d100000007800b00888001e007800a0088800e5
:107d20000080fa00000006000800fa000080eb0066
:107d30008080eb00008fbe00a10880002107980022
:107d4000b1088000310798003e0090008000eb00f1
:107d5000c001dd00020020002e0090008000eb003a
:107d6000001f7100019771001e00be000080fa0024
:107d7000000006000000fa000080fa000000060083
:107d80000200fa00000f78009780a9009e0078009a
:107d9000614488009780a8000080fa000000060077
:107da0000000fa0040a120008040eb00014878006c
:107db0001fe1a8000080fa00000006000000fa00a1
:107dc0001fe1a9009780a9000080fa0000000600ca
:107dd0000200fa0040a12000104f78001e407800f9
:107de0000004e0000300320040a120008040eb00ce
:107df000014878001e4078000080fa00000006006c
:107e00000000fa0050a12000104078000080fb0024
:107e10000080fa00000006000000fa0050a12000d7
:107e20008040eb00014878000080fa000000060066
:107e30000000fa009068ef009168ef000080fa00ff
:107e4000000006000400fa0020479800314798001f
:107e500090c8bf000040e800674f600091c8bf00b5
:107e60009e40780080cf500003003a007408a900bb
:107e70000040eb001e0037000e00e8000001780013
:107e8000be4090002e409000160207000004a200a1
:107e90000004e000020032000040eb001400370054
:107ea00090c8bf000080fb009e4090008180fb00d6
:107eb0004201dd00809b20000000410001087800a5
:107ec00090c8bf000080fb00c200dd00a09b200026
:107ed00000804000be409000014878009e4078003d
:107ee00002892000014978007408a80010c0b3007e
:107ef0000080fa00000006000200fa00000f78007f
:107f0000118920009140780090c8bf0080cf5000b8
:107f100003003a007408a9000040eb001c00370081
:107f200091c8bf000080fb00c200dd00809b2000e4
:107f300000804000900078001e0078000108780062
:107f400091c8bf000080fb004200dd008080e80097
:107f5000809b200000804000904078001e00780048
:107f60002140980091c8bf000040e80067406000d1
:107f700091e8b700118920009140780090c8bf00b7
:107f800080cf500001003a007408a90010c0b3006f
:107f90000080fa00000006000000fa0011892000ad
:107fa0009140780090c8bf0000c068000080fb00ce
:107fb0000000e9004f00de00004078000080fa0079
:047fc00000000600b7
:020000040000fa
:107fc4007a08000004000000000000008608000099
:107fd4000200000000000000880800000200000009
:107fe40000000000100a0000020000000000000071
:107ff4008a0800000200000000000000120a0000cd
:108004000200000000000000140a0000020000004a
:10801400000000008c0800000200000000000000c6
:10802400940900002400000000000000260800005d
:108034001800000000000000940800000001000087
:10804400000000003e0800001800000000000000ce
:108054007e0800000400000002000000aa010100e4
:10806400000000008e080000020000000200000072
:108074001900000056080000120000000000000073
:10808400000800002600000000000000680800004e
:108094001200000000000000b809000020000000e9
:1080a4000000000090080000020000000000000032
:1080b400f80900001000000002000000503a8a0095
:1080c4003a983a009e3a04003b0a3b00a43ac200a4
:1080d4003a000000080a0000080000000000000048
:1080e400820800000400000000000000d80900001d
:1080f40020000000020000003863ed003eda0f00ab
:10810400493f5e00987b3f00da0fc9003f693700a2
:10811400ac31680021223300b40f1400336821000d
:10812400a2330000160a0000020000000000000054
:10813400920800000200000000000000000000009f
:020000040000fa
:108144000000fa000021ef00000028001008880059
:108154000002280020088800504480000000e0004d
:1081640002003a00a00f2400240007008460a90044
:108174009460a80000a120008040eb000148780032
:108184000080fa00000006000200fa00000f7800e8
:108194009e0078001108880000a120008040eb00b8
:1081a400014878000080fa00000006000000fa0090
:1081b400100880000080fa00000006000200fa00a7
:1081c400000f78009e0078000108880000a12000bc
:1081d4008040eb00014878000080fa0000000600af
:1081e4000000fa00000880000080fa000000060089
:1081f4000000fa000080fa00000006000200fa0005
:10820400000f78009460a9009e0078005144880013
:108214009460a8000080fa00000006000000fa0044
:1082240000a120008040eb00014878009460a80081
:1082340005e1a8000080fa00000006000000fa0032
:1082440005e1a9009460a9000080fa00000006007e
:108254000200fa0000a12000104f78001e407800b0
:108264000004e0000300320000a120008040eb0085
:10827400014878001e4078000080fa0000000600e3
:108284000000fa0010a12000104078000080fb00dc
:108294000080fa00000006000000fa0010a120008f
:1082a4008040eb00014878000080fa0000000600de
:1082b4000000fa0080002000001188002222ef0054
:1082c400200220004011880021e2a8002342a800d7
:1082d4000080fa00000006000000fa000000000020
:1082e40010118000610060000000e000fcff32001b
:1082f40010118000620060000000e0000100320004
:108304002222a90030118000004078000080fa0089
:10831400000006000200fa00004f78000000000090
:108324001111800000202000008060000000e000a7
:10833400fbff3a001e80fb00201188000080fa0039
:10834400000006000000fa001011800000407800d0
:10835400614060000080fb0000f0a7000000ea001c
:108364000000ea004f00de00004078000080fa00c0
:10837400000006000000fa00111180000020200017
:10838400008060000000e00007003a001111800046
:1083940000402000008060000000e0000200320085
:1083a40010002000010037000000eb0000407800be
:1083b4000080fa00000006000000fa00101180009e
:1083c4004800de00614060000080fb0000f0a70070
:1083d4000000ea000000ea004f00de0000407800e0
:1083e4000080fa00000006000000fa00101180006e
:1083f4000080fa00000006000000fa0021e2a80054
:108404002342a8000080fa00000006000000fa00e1
:1084140021e2a9002342a9000080fa00000006001e
:108424000000fa00c422ef00cc22ef00d422ef00b7
:108434007029200000168800f04e240040168800a1
:10844400103a200080168800c982a9006820ef0035
:108454006a20ef006a00a8006aa0a800c622ef0004
:10846400ce22ef00d622ef00f0ff21006019880031
:10847400113a8000f00b20000081600060042000ad
:108484007105200023742000804978008149780018
:108494008249780051368000f00f2e008080600001
:1084a400004021000100700050368800a136800091
:1084b40000fe2f00008060003000b300a03688006a
:1084c4002135800000fe2f00008060005001b300c1
:1084d40020358800103a8000000178000260a00076
:1084e4006004200071052000237420008049780076
:1084f40081497800824978006040a9006060a90041
:108504006200a900203e2400100007008660a90034
:108514009660a8000080fa00000006000000fa003f
:108524006040a8006060a900203e24000700070006
:108534008660a9009660a8000080fa00000006008a
:108544000000fa000080fa00000006000200fa00b1
:10855400000f78009660a9009e00780031448800de
:108564009660a8000080fa00000006000200fa00ed
:10857400000f78001e007800f4ff07000080fa0066
:10858400000006000000fa008021ef008221ef00c5
:10859400e0002000200c8800200c800000407800bf
:1085a400674060000080fb00404488000080fa00bf
:1085b400000006000000fa000080fa000000060037
:1085c4000000fa0020048000640060000000e00065
:1085d40002003200f7ff07008440a9000080fa007f
:1085e400000006000000fa004044800000407800cb
:1085f400674060000080fb0067006000220c800080
:1086040081ff2f008100610001007000200c8800b0
:108614000080fa00000006000000fa00210c80002f
:1086240080ff2f0000806000200c88000080fa008a
:10863400000006000200fa00000f78009e00780097
:10864400010c88000080fa00000006000200fa0015
:10865400000f78009e007800110c88000080fa005a
:10866400000006000000fa00200480004200de0042
:10867400614060000080fb0000f0a7000000ea00f9
:108684000000ea004f00de00004078000080fa009d
:10869400000006000400fa00100798001e00900075
:1086a4000000e0000a003a00200c80004400de00d4
:1086b400614060000080fb0000f0a7000000ea00b9
:1086c4000000ea004f00de00004f78000100370090
:1086d400000000001e4078000080fa000000060040
:1086e4000600fa00204798003147980022079800b6
:1086f4000040eb00004f7800110037001e80fb00a3
:1087040081d52900e14078002e40900080cf5000b0
:108714000a003a001e80fb0001d62900e1407800df
:108724003e40900080cf500004003a002e0090009c
:108734001e48780010c0b300050037001e4fe80043
:108744001e407800e74f5000ecff36000040eb007d
:108754000080fa00000006000600fa00004f7800ce
:1087640011079800220798001e407800e84f500037
:10877400020036000040eb000b0037001e80fb00b7
:1087840081d52900e14078001e009000014878005e
:108794001e80fb0001d62900e14078002e009000e5
:1087a4000148780010c0b3000080fa000000060001
:1087b4000000fa008660a9000080fa0000000600ac
:1087c4000000fa006000b8004cfd070073fd0700cc
:1087d4006040a90004fd07008780a9009780a800d5
:1087e4006040240059ff070010c0b30068e8b700d8
:1087f40010c0b30069e8b7006060a8008660a900f3
:108804000080fa00000006000000fa006afd07007c
:1088140044fd070060438800714388006060a9003c
:10882400203e240049ff070010c0b3006ae8b700e7
:1088340010c0b30068e8b7006040a8008780a900b2
:108844009780a9008660a9000080fa000000060055
:108854000000fa0010c0b30072e8b7008660a900f7
:108864000080fa00000006000000fa0061058000a4
:10887400f0ff28000080600000c0a00060058800b0
:108884006105800080ff2f00008060000000a000d0
:1088940060058800e1058000f08f2f0000806000f3
:1088a4000090a000e005880081058000f0ff28000a
:1088b4000080600000c0a000800588009105800051
:1088c40080ff2f00008060000000a0009005880059
:1088d40021058000f0ff28000080600000c0a00097
:1088e400200588000080fa00000006000000fa005d
:1088f40000102300203a88004827ef007027ef007b
:108904007227ef007427ef00220020008007200068
:10891400a10920003374200080497800814978003f
:10892400824978000001eb006004200071052000fa
:1089340023742000804978008149780082497800b6
:108944000080fa00000006000000fa00b4fe0700f0
:10895400c142a900c542a800003a8000610060003d
:108964000000e00002003a00d022a900d422a800ae
:10897400deff0700bcff0700b7fc07003ffc070051
:108984008ff9070025fb0700edfd07000080fa00c2
:0489940000000600d9
:020000040000fa
:10899800f03fb1000180b10006003500ee03090088
:1089a80000000000403fb1000180b100fbff3d0026
:1089b8001000b000203fb000020035000080090020
:0889c8000000000000000600a1
:020000040000fa
:1089d000809fbe00ec80570031007800d0438800b3
:1089e000110078007ce8b7004f00be0000000600d0
:0c89f0000000fa000080fa000000060001
:020000040000fa
:020000040001f9
:0457f800bafa0000f9
:020000040000fa
:020000040001f9
:0457fc003b3f00002f
:00000001FF
