:020000040000fa
:080000000002040000000000f2
:020000040000fa
:0400080012080000da
:020000040000fa
:04000c0012080000d6
:020000040000fa
:0400100012080000d2
:020000040000fa
:0400140012080000ce
:020000040000fa
:0400180012080000ca
:020000040000fa
:04001c0012080000c6
:020000040000fa
:0400200012080000c2
:020000040000fa
:0400240012080000be
:020000040000fa
:0400280012080000ba
:020000040000fa
:04002c0012080000b6
:020000040000fa
:0400300012080000b2
:020000040000fa
:0400340022030000a3
:020000040000fa
:0400380012080000aa
:020000040000fa
:04003c0012080000a6
:020000040000fa
:0400400012080000a2
:020000040000fa
:04004400580300005d
:020000040000fa
:04004800120800009a
:020000040000fa
:04004c001208000096
:020000040000fa
:040050001208000092
:020000040000fa
:04005400620700003f
:020000040000fa
:04005800120800008a
:020000040000fa
:04005c001208000086
:020000040000fa
:040060001208000082
:020000040000fa
:04006400120800007e
:020000040000fa
:04006800de050000b1
:020000040000fa
:04006c001208000076
:020000040000fa
:040070001208000072
:020000040000fa
:04007400f402000092
:020000040000fa
:04007800120800006a
:020000040000fa
:04007c001208000066
:020000040000fa
:040080001208000062
:020000040000fa
:04008400120800005e
:020000040000fa
:04008800120800005a
:020000040000fa
:04008c001208000056
:020000040000fa
:040090001208000052
:020000040000fa
:04009400120800004e
:020000040000fa
:0400980068030000f9
:020000040000fa
:04009c001208000046
:020000040000fa
:0400a0001208000042
:020000040000fa
:0400a400120800003e
:020000040000fa
:0400a800120800003a
:020000040000fa
:0400ac001208000036
:020000040000fa
:0400b0001208000032
:020000040000fa
:0400b400120800002e
:020000040000fa
:0400b800120800002a
:020000040000fa
:0400bc001208000026
:020000040000fa
:0400c0001208000022
:020000040000fa
:0400c400120800001e
:020000040000fa
:0400c800120800001a
:020000040000fa
:0400cc001208000016
:020000040000fa
:0400d0001208000012
:020000040000fa
:0400d400120800000e
:020000040000fa
:0400d800120800000a
:020000040000fa
:0400dc001208000006
:020000040000fa
:0400e0001208000002
:020000040000fa
:0400e40012080000fe
:020000040000fa
:0400e80012080000fa
:020000040000fa
:0400ec0012080000f6
:020000040000fa
:0400f0008e0300007b
:020000040000fa
:0400f40012080000ee
:020000040000fa
:0400f80012080000ea
:020000040000fa
:0400fc0012080000e6
:020000040000fa
:0401000012080000e1
:020000040000fa
:0401040012080000dd
:020000040000fa
:0401080012080000d9
:020000040000fa
:04010c0012080000d5
:020000040000fa
:0401100012080000d1
:020000040000fa
:0401140012080000cd
:020000040000fa
:0401180012080000c9
:020000040000fa
:04011c0012080000c5
:020000040000fa
:0401200012080000c1
:020000040000fa
:0401240012080000bd
:020000040000fa
:0401280012080000b9
:020000040000fa
:04012c0012080000b5
:020000040000fa
:0401300012080000b1
:020000040000fa
:0401340012080000ad
:020000040000fa
:0401380012080000a9
:020000040000fa
:04013c0012080000a5
:020000040000fa
:0401400012080000a1
:020000040000fa
:04014400120800009d
:020000040000fa
:040148001208000099
:020000040000fa
:0402080012080000d8
:020000040000fa
:04020c0012080000d4
:020000040000fa
:0402100012080000d0
:020000040000fa
:0402140012080000cc
:020000040000fa
:0402180012080000c8
:020000040000fa
:04021c0012080000c4
:020000040000fa
:0402200012080000c0
:020000040000fa
:0402240012080000bc
:020000040000fa
:0402280012080000b8
:020000040000fa
:04022c0012080000b4
:020000040000fa
:0402300012080000b0
:020000040000fa
:0402340022030000a1
:020000040000fa
:0402380012080000a8
:020000040000fa
:04023c0012080000a4
:020000040000fa
:0402400012080000a0
:020000040000fa
:04024400580300005b
:020000040000fa
:040248001208000098
:020000040000fa
:04024c001208000094
:020000040000fa
:040250001208000090
:020000040000fa
:04025400620700003d
:020000040000fa
:040258001208000088
:020000040000fa
:04025c001208000084
:020000040000fa
:040260001208000080
:020000040000fa
:04026400120800007c
:020000040000fa
:04026800de050000af
:020000040000fa
:04026c001208000074
:020000040000fa
:040270001208000070
:020000040000fa
:04027400f402000090
:020000040000fa
:040278001208000068
:020000040000fa
:04027c001208000064
:020000040000fa
:040280001208000060
:020000040000fa
:04028400120800005c
:020000040000fa
:040288001208000058
:020000040000fa
:04028c001208000054
:020000040000fa
:040290001208000050
:020000040000fa
:04029400120800004c
:020000040000fa
:0402980068030000f7
:020000040000fa
:04029c001208000044
:020000040000fa
:0402a0001208000040
:020000040000fa
:0402a400120800003c
:020000040000fa
:0402a8001208000038
:020000040000fa
:0402ac001208000034
:020000040000fa
:0402b0001208000030
:020000040000fa
:0402b400120800002c
:020000040000fa
:0402b8001208000028
:020000040000fa
:0402bc001208000024
:020000040000fa
:0402c0001208000020
:020000040000fa
:0402c400120800001c
:020000040000fa
:0402c8001208000018
:020000040000fa
:0402cc001208000014
:020000040000fa
:0402d0001208000010
:020000040000fa
:0402d400120800000c
:020000040000fa
:0402d8001208000008
:020000040000fa
:0402dc001208000004
:020000040000fa
:0402e0001208000000
:020000040000fa
:0402e40012080000fc
:020000040000fa
:0402e80012080000f8
:020000040000fa
:0402ec0012080000f4
:020000040000fa
:0402f0008e03000079
:020000040000fa
:0402f40012080000ec
:020000040000fa
:0402f80012080000e8
:020000040000fa
:0402fc0012080000e4
:020000040000fa
:0403000012080000df
:020000040000fa
:0403040012080000db
:020000040000fa
:0403080012080000d7
:020000040000fa
:04030c0012080000d3
:020000040000fa
:0403100012080000cf
:020000040000fa
:0403140012080000cb
:020000040000fa
:0403180012080000c7
:020000040000fa
:04031c0012080000c3
:020000040000fa
:0403200012080000bf
:020000040000fa
:0403240012080000bb
:020000040000fa
:0403280012080000b7
:020000040000fa
:04032c0012080000b3
:020000040000fa
:0403300012080000af
:020000040000fa
:0403340012080000ab
:020000040000fa
:0403380012080000a7
:020000040000fa
:04033c0012080000a3
:020000040000fa
:04034000120800009f
:020000040000fa
:04034400120800009b
:020000040000fa
:040348001208000097
:020000040000fa
:100400000fc320000e7f22000e01880000000000b4
:10041000000020000000e000020032000001200087
:100420002002880014000700000307000000e0001d
:1004300003003a00003126000100200002003700ce
:100440000000200001002000810f70000100320038
:1004500014000700000020000000e000020032004d
:100460000000020000000000124e02000000000028
:100470000040da000000fe004440a9000095210081
:100480000000e0000300320000002000a00188000e
:100490004440a800000006008a1f78008b1f7800e7
:1004a0000000060091018800800478000000eb0045
:1004b0001a003700e284440032a0b4009905ba0063
:1004c000e284440032a0b4009906ba00e2844400f9
:1004d00032a0b4000006eb00476fde00fd07b2005b
:1004e000636ce10003003a00ebff07000000eb0043
:1004f0000a003700606ce10004003a00005deb0088
:100500008b05e900fdff3e00040037006168e10053
:10051000010032000086eb000b00070019c7ba008b
:100520001905ba000e04e00003003a000a00e000da
:10053000e0ff3a0000000600fe07b2009e018800be
:100540008a047800f5ff3700395dba008b05e900b1
:100550000c003200295dba008b05e900080032006a
:100560000c00e00003003a00e284440032a0b40032
:10057000f5ff370019ddba008b05e900faff3a00f4
:100580008904e800e184440032a0b40000000600c1
:10059000000000000000000000000000000000005b
:1005a000000000000000000000000000000000004b
:1005b000000000000000000000000000000000003b
:1005c000000000000000000000000000000000002b
:1005d000000000000000000000000000000000001b
:1005e00000000000000000003600f800809fbe0000
:1005f000829fbe00849fbe00869fbe000000fa005e
:1006000030048000680060000000e0000600320056
:10061000d04480000000e00002003200d04480009e
:10062000000001008660a9000080fa004f03be00b0
:100630004f02be004f01be004f00be003600f90061
:10064000004006003600f800809fbe00829fbe007a
:10065000849fbe00869fbe000000fa00f044800028
:100660000000e00002003200f044800000000100c1
:1006700090c22000104078008040e80090c2200026
:100680000148780080c2200011c0b3000148780002
:100690008460a9000080fa004f03be004f02be0034
:1006a0004f01be004f00be003600f90000400600ba
:1006b000801f78000000fa0010c0b30079e8b7008e
:1006c00084e0a9000080fa004f0078000040060096
:1006d0003600f800809fbe00829fbe00849fbe004f
:1006e000869fbe000000fa0010c0b30078e8b70093
:1006f000ae2f07006000b8007d2f07008780a9009b
:100700000080fa004f03be004f02be004f01be0042
:100710004f00be003600f900004006003600f80029
:10072000809fbe00829fbe00849fbe00869fbe0049
:100730000000fa008a40a900c110800000082000d3
:10074000008060000000e0000800320018e2a9000c
:100750004828ef0070428000200090008000eb00ed
:10076000010878004e28ef000d013700404280005c
:100770008000eb00b200200003002000820f500038
:10078000838f5800fc003e00006001000b00370022
:1007900039003700750037009c003700f300370040
:1007a000c8003700d9003700f0003700db00370001
:1007b000f10037003400370050003700008420007b
:1007c00020009000620060000000e000f3003a00aa
:1007d00000842000100090007042880000842000f7
:1007e00010009000104078004ae8b7000084200014
:1007f00010009000100090006042880000842000eb
:1008000010009000e60040000084200011009800d5
:10081000008420009000900000bc2000808f5000d9
:1008200003003a000084200081ba200011009800e3
:1008300000842000a00090000100a1002100980089
:1008400000842000900090000084200010007800b8
:10085000808f500004003a0000842000a000900027
:100860000110a000210098001602a800200020001e
:1008700040428800ca0037001622a800200020004d
:1008800040428800c6003700c110800000002800e8
:10089000008060000000e0000800320000842000ba
:1008a000604090008040e800008420006140980093
:1008b00040002000572b0700b9003700804280001d
:1008c0008000d100f00f20000080600090108800b0
:1008d0008042800061006000004078000004e00079
:1008e00003003200b000200040428800ac00370016
:1008f0003000200040428800a9003700c11080006d
:1009000000002800008060000000e00008003200c5
:1009100000842000604090008040e80000842000b7
:1009200061409800400020003a2b07009c003700ef
:100930001622a800804280004800de00e600600029
:10094000000f20000100700080428800804280007b
:100950000000a0008042880010c0b30052e8b70039
:1009600020002000404288008d00370052c8bf00a0
:10097000e14f50000a003200604280001000780011
:10098000804288006042800020009000a0428800e1
:10099000604280002040900056e8b7000100370018
:1009a0005268ef0081428000f00f2000808f5000dd
:1009b00009003600804280004800de00e60060004a
:1009c000000f20000100700090108800a00020009f
:1009d00040428800720037008042800090108800fa
:1009e0008042800061006000004078000004e00068
:1009f00003003200500020004042880068003700a9
:100a0000300020004042880065003700c11080009f
:100a100000002800008060000000e00009003200b3
:100a200000842000604090008040e80000842000a6
:100a30006140980019e2a90050002000f52a070043
:100a40005700370056c8bf008080fb008100e900d6
:100a5000cf08de00814078000040e90056e8b7008a
:100a60000104e00010003200604280006600400097
:100a7000604288004ac8bf000040e9004ae8b70069
:100a80004ac8bf000004e00003003a002000200034
:100a9000e02a0700420037001622a80020002000ac
:100aa000404288003e003700a0428000904078001d
:100ab0008180fb00911088000000e800a0428800bf
:100ac00037003700c110800000002800008060005f
:100ad0000000e00009003200008420006040900027
:100ae0008040e80000842000614098004000200021
:100af000c82a070019e2a900290037001662a800d9
:100b0000800020004042880025003700800020003f
:100b1000404288001662a80021003700a0428000f1
:100b20008110800081407800014878000000e800d2
:100b3000a042880056c8bf000040e90056e8b70050
:100b400056c8bf000004e0000400320016a2a9004d
:100b500060002000404288000200370016a2a80072
:100b60009b2a07001682a8000d00370020002000f5
:100b7000a82a07000a003700008420006040900087
:100b80008040e80000842000614098006000200060
:100b9000a02a07000000000001003700000000004c
:100ba0000080fa004f03be004f02be004f01be009e
:100bb0004f00be003600f900004006003600f80085
:100bc000809fbe00829fbe00849fbe00869fbe00a5
:100bd0000200fa00c0428000e20f5000880032009c
:100be000e20f500003003900e30f5000770032009d
:100bf0009500370031108000004020000080600028
:100c00000000e00005003a004110800000022000d2
:100c1000008060000000e0000a0032003110800017
:100c200000082000008060000000e0002400320086
:100c30004110800000202000008060000000e000e3
:100c40001f00320040108000640060000000e000df
:100c50000c003a0010002000092c0700d042800050
:100c60000000e00004003200d0428000011080004b
:100c7000814078000148780010002000c0428800c0
:100c80003600370000108000004f78000000eb00b5
:100c9000fb2b0700e04280000000e000050032006e
:100ca000e0428000104078000080fb0010108800b7
:100cb0000782a80020002000c042880027003700db
:100cc0003110800000402000008060000000e00043
:100cd00022003200411080000002200000806000ed
:100ce0000000e0001d003a00401080006400600039
:100cf0000000e00004003a006e68ef0030002000c1
:100d0000c0428800130037006ec8bf000004e00036
:100d10000d0032000000eb00d92b0700e0428000fc
:100d20000000e00005003200e04280001040780042
:100d30000080fb00101088000782a800200020001f
:100d4000c0428800030037006e68ef0030002000ca
:100d5000c042880000108000004f7800c042800030
:100d6000e10f500039003a004110800000022000dd
:100d7000008060000000e00036003200411080007a
:100d800000042000008060000000e0000b003a003a
:100d9000d04280000000e00004003200d042800019
:100da0000110800081407800014878002000200078
:100db000b32b070094e8b70029003700001080002b
:100dc000004f780008c2a90025003700300020003d
:100dd000ab2b070094e8b70010c0b3006ee8b70073
:100de00094c8bf000004e000020032000010800040
:100df000004f780010002000c04288001800370023
:100e00004110800000002800008060000000e00029
:100e10000b003a000000eb00992b0700e042800035
:100e20000000e0000d003200e04280001040780039
:100e30000080fb00101088000782a800080037001f
:100e40005828ef0006003700ffff370000000000c1
:100e50000300370000000000010037000000000020
:100e60008600a90040108000700060000000e000d3
:100e700004003a0040108000680060000000e000bc
:100e80000900320068c8bf000004e000060032001c
:100e90008186200091407800204380000040780047
:100ea0004f2e07006868ef000080fa004f03be0075
:100eb0004f02be004f01be004f00be003600f900d9
:100ec000004006003600f800809fbe00829fbe00f2
:100ed000849fbe00869fbe000600fa008560a900c0
:100ee0004000370030118000404798003cc8bf00e8
:100ef0000004e0000d003a004e409000e94f500021
:100f00000a0032003dc8bf000004a2000004e00057
:100f1000310032004e419000e18320008248780089
:100f200010c0b3003de8b7002e0037003cc8bf003a
:100f30000040e8003ce8b7003cc8bf00ea4f500062
:100f4000270036003c68ef0090c0b300e21f0700a6
:100f50000040eb00004f7800030037000040eb003a
:100f6000dd1f07001e4fe8001e407800e94f5000cb
:100f7000faff360010c0b300d71f07000000eb00d7
:100f80001007980007003700000a20000100200029
:100f9000e33007000060fe001e0090000000e80043
:100fa000100798000c2f07000004a2000004e000c6
:100fb000040032009e009000f0702200808f5000ec
:100fc000f1ff360000d0270001002000d4300700d8
:100fd0000000fe00030037000000000001003700a1
:100fe0000000000010118000610060000000e000bf
:100ff000bcff3a0010118000620060000000e000b9
:10100000010032002222a9000080fa004f03be0036
:101010004f02be004f01be004f00be003600f90077
:10102000004006000040da000000fe00000005005d
:10103000839f68000100e00002003d006000100096
:10104000e08018000300e00002003d006001110094
:10105000e0811900170007004f00e00002003b008c
:1010600060001000e0801800000006004f89de00dc
:101070008201780012023700811f78000100e00031
:1010800002003d0060001000e08018000300e00056
:1010900002003d0060011100e08119001500070009
:1010a0004f00e00002003b0060001000e0801800ec
:1010b000000006006022b800060220000000d000f8
:1010c0008180d2000482d2008582d2000000a0007c
:1010d0000202520083825a000300310002024200e1
:1010e00083824a000000a1000603e900f3ff3a00f2
:1010f00000000600efff07000400be00000006002d
:1011000007f82700078361000638e10004003a0071
:10111000f7072000878361008703710001003a0010
:1011200003f0a200889fbe008a9fbe008c9fbe0075
:10113000470ade000480a100c71ade000580a10076
:10114000070028000785600087856100f70f2000f1
:101150000720e1009e0032000728e1009c003200d9
:10116000010678000400e000b4003200f707200018
:10117000878060000170a0000500e000c000320020
:10118000f7072000878161000370a0000506520068
:101190000f003a000b50e1000b0032000308e100a1
:1011a00002003a000200e1007e003200020450001a
:1011b00083845800040031000001fd008101fd001e
:1011c0008402fd008a05fd006044b800210037005c
:1011d0000520e10005003d000001fd008101fd004a
:1011e0008402fd008a05fd00050652007a60e100d8
:1011f000050035000170a1004722dd0084807000e9
:101200008a807000630037006044b800ef02660017
:1012100007ff2f00070666000500e0000600340007
:10122000f08312008714dd000511de00071bdd00ce
:10123000060171008519de007060e10005003500cf
:101240000904780082047800030178008001eb0033
:10125000700656000b50e10003003a000200400007
:10126000838048000400370060041400e0841c0000
:1012700002005800838058000188a3000600320055
:101280008100d1000080d3008984d3000884d3007a
:101290000402e800270037000178a30025003a0087
:1012a0000100e000030032008186cf00698656000d
:1012b0000a0037008c0020000000e00004003a0023
:1012c00009007800880478000004eb0070025200e6
:1012d0008086cf000d0646000c06e9007060e10034
:1012e0000600350080007800090078008804780046
:1012f0000004eb0070065600700252000c00e00083
:101300000c0034008c08dd00f00316000703de003b
:10131000868070000c00dd00074bde0006007000c8
:101320008c4cdd000743de00868474000c44dd0035
:101330000c0252006120e1002000350061016000d4
:101340000700280087816400f7ff27008783640077
:10135000070374000300e0000600320082037300fc
:10136000040032000000e800e08048000188a3008b
:101370000e003a00f70f20000720e1004a003d0070
:101380000170a1004722dd00810072008a80700098
:101390000000be004f06be004f05be004f04be0059
:1013a000000006006000b800faff37008100d1009d
:1013b0000080d3000402e800eeff3700040178004b
:1013c00089017400c20007008a807000f1ff3700b5
:1013d00018010700070278000001fd008101fd00ef
:1013e0001401070087027800850372000778a300c4
:1013f000040032000001fd008101fd00270107000b
:10140000e4ff3700850362000768a300080032008c
:101410000b50e10003003200f0ff2f00f1ff270026
:10142000dcff37000001fd008101fd00d9ff37001e
:101430000468a300d7ff3200faff3700f8ff270047
:10144000888360000b003a000000e00009003a00c9
:101450008303640082837300020032000200be0036
:10146000ccff37000b50e100ceff3a000200be0077
:10147000c8ff370014002000810064003eff3700e1
:10148000f8ff27008883610004003a000200e000b2
:1014900002003a008c007800beff370015002000e3
:1014a0008301640039ff370001f8270000002000a5
:1014b00081007500b7ff370003836800070028002c
:1014c00007036300470ade000480a100c71ade009c
:1014d0000580a100f70f20000720e1004200320044
:1014e0000728e10040003200889fbe008a9fbe00ae
:1014f0008c1f7800f107b200f307b2000400e0008f
:10150000640032000170a0000500e00068003200b5
:101510000370a00085054200eb07b1000204b8008b
:101520000302b8008484440060854a00020ab800bf
:10153000848444000a854a00030ab8000405450073
:10154000040033000804d0008984d2000a85d20048
:101550008b05e9006158e1003d00350002102000d4
:10156000090161000308200089816100f70720005c
:101570008783640008867300c84cde00c853dd0012
:10158000878474004855de000300e0000600320046
:1015900082037600040032008904e80060054d00f3
:1015a0000a88a3000c003a00f70f20000758e1005a
:1015b00044003d000a70a100c75ddd000a8575008a
:1015c0008a007300090078004f0678004f05be00be
:1015d0004f04be00000006000a05d1008984d30034
:1015e0008b05e800f0ff3700881f780006047800bc
:1015f00090000700070278000001fd008101fd0056
:101600008c00070087027800850372000778a3002a
:10161000050032000001fd008101fd009f00070070
:101620004f04780000000600850372000748a300fd
:1016300003003200f0ff2f00f1ff2700f8ff370012
:101640000000200001f8270088807000f4ff3700b8
:10165000880178004848dd00808171004848de003c
:10166000c850dd0001007000c850de00060478009c
:101670000b0178001600070088807000d2ff370049
:101680000500e00005003200170020003a000700c6
:101690009dff370081037000f9ff3a008600780053
:1016a0004f0678004f05be004f04be000000050045
:1016b00083037100f9ff3200270020002e0007008d
:1016c00094ff370001f8270086807000f4ff370090
:1016d0000100e00026003200610111007810e100f5
:1016e00023003c006022b8007010e10004003500c7
:1016f00080027800010078008000eb00700151004a
:101700000200e0000900340070031100062add0029
:10171000822ade008603dd00878272000200de007e
:10172000860bdd00070070008208de0084817100f6
:10173000f4ff270004826200848171000400280005
:10174000848262006102600005f0a60000000600cd
:1017500004827100070032000000e800e0804800c9
:10176000000006000002be006000b800efff370076
:101770006000b80000000600889fbe000004eb0077
:101780006138e10016003a000100e00008003a006c
:10179000c800de004800dd00880020000100e000f5
:1017a00003003a00c800de004800dd006804440081
:1017b0008184cf00e9845400060034008908dd00ec
:1017c000f08314008703de00878070000900dd00cd
:1017d00009044400610214004f04be00000006002a
:1017e0000300e00008003a00c811de004811dd00e7
:1017f000880020000300e00003003a00c811de006a
:101800004811dd00680444008384cf00e98454005b
:10181000060034008919dd00f08314008713de0010
:10182000878171000911dd0009044400e102140000
:10183000e9ff37002700200001f0a7001700200073
:10184000470bde00f60fb200040032000643e8004a
:101850000a0032004702b3000000060001037800ce
:10186000f607b2000603700002003a000703b30057
:10187000000006008702b3000000060001037800a4
:10188000f607b20006037000020032000770a000e5
:10189000000006000760a000000006000478a30016
:1018a000040032000578a300030032000168a300a1
:1018b00001003a000200be000160a0000000060026
:1018c000881f7800030478000300e00007003d0053
:1018d00060001000e080180060011900e08119002c
:1018e00002003b0001f02d00030037000400070058
:1018f00008f0a70001f0a0004f04780000000600e7
:10190000889fbe008a9fbe000082700004027100a2
:1019100004827100260032000004be000200be00f6
:101920006011b8006b092000950220000182cf00f1
:101930000a0039000541b1000082cf0007003900dc
:101940000541b1000982cf00040039000541b10012
:101950000882cf00010039000541b1000542520064
:10196000120032000a003b008281710061016400b4
:101970008100d1000080d3008984d3000884d30083
:101980008b05e8000442e800f7ff3a000700370043
:101990000804440089844c0000004800818048000d
:1019a0008b05e9000442e900f9ff3a000300070053
:1019b0004f05be004f04be0000000600810020005d
:1019c000618055000b003d000b00200061fe2f00e0
:1019d0000100e1001d00340082817100610164009a
:1019e0008904d1000884d3000000e800faff3a001f
:1019f00071002000610064000300700002006000bc
:101a00000900320061044400e0844c000988a5000c
:101a1000050032008b05e8006808e10002003a008a
:101a20008904d1000884d300f20f20000258e1009d
:101a300005003d00c75ddd00f907b2008980750033
:101a400008007800000006000bf827008b007800e3
:101a500000000500000006000800fa00889fbe0094
:101a60008a9fbe008c9fbe000004be000200be0024
:101a7000e2b79f00f3b79f00f6ff070081027800ee
:101a800005f0a100000278000c0020000df82700ee
:101a90006fb19700ffb197008c0f52008d8f5a00e5
:101aa0000a003e000800be00eaff0700810278003d
:101ab00005f0a100000278006fb19700ffb1970018
:101ac0008c0f52008d8f5a00030036000800be00b4
:101ad00094fd0700980037000203be0000002000bc
:101ae00001f82300800f5300818f5b0003003a0050
:101af0000800be00980007008f0037000802be00f3
:101b00004e3dde000b0020006000b8006200650062
:101b10004f4dde000b0020000a0570008b85700021
:101b20008500780001f0a10008007800e00f500067
:101b3000e08f580007003a00e20f5500e08f5d008b
:101b400033003200e30f5500e08f5d007b003a0068
:101b5000320037008702780005f0a1000602780005
:101b6000e00f5200e08f5a003b0032008c0f520011
:101b70008d8f5a002c003a00840f5000858f58003a
:101b800018003a00e20f5500e08f5d0009003200b6
:101b9000e30f5500e08f5d0009003200e10f5500b2
:101ba000e08f5d005b003200b8fd200099f4230057
:101bb0006200370002002000030424000200370006
:101bc0000200200003042c00b0fd2000910424003a
:101bd00039fe07000200200003e8230036fe07005c
:101be00055003700e20f5500e08f5d00080032001d
:101bf000e30f5500e08f5d00080032006044b8003c
:101c0000e10f5500e08f5d004c003a0044003700c2
:101c1000b8fd20009904240048003700b8fd2000da
:101c200099042c00450037000600200007d0200052
:101c30000403430085834b0086bf9f0097bf9f002e
:101c4000800f5300818f5b00030039008c0f500020
:101c50008d8f580005003a000a08a30033003200b7
:101c6000b8fd200099fc2b00340037006033b80029
:101c700062036500e00f5300e08f5b000800320054
:101c80000c0020000dd020000003460081834e0090
:101c90006000b800840f5300858f5b00040039009a
:101ca0000800be009d020700010107002a0007008e
:101cb000e10f5500e08f5d00050032001e00390085
:101cc000e20f5500e08f5d000b003a000300370083
:101cd0000004be0009f0a20018003700e2d22b0079
:101ce000b33b23000ffd07000001be00b0fd200044
:101cf0009104240005003700e2d22b00b33b2300ff
:101d000008fd0700b2fd200093042400fcfc07003e
:101d100009003700b8fd200099f42b0007003700b8
:101d2000080020000900280004003700b8fd20004a
:101d300099fc2300010037000004be000800be002b
:101d40004f06be004f05be004f04be000080fa00e3
:101d500000000600000006000c00fa00889fbe008c
:101d60008a9fbe008c9fbe000004be004f09de00ab
:101d700003002000e2b79f00f3b79f0081067800c0
:101d80000df0a10000067800f0ff2f00f1c724003d
:101d9000800f5600818f5e00100036000800be00e4
:101da000ecff07008101780003f0a100000178003a
:101db0000000200001f82700800f5100818f59009a
:101dc000b5003e000200200003382000a0fd2000e6
:101dd00091fc2300d3fc0700a6003700f0ff2f0082
:101de000f1ed2300800f5600818f5e0011003e0050
:101df0000085eb00f0ff2f00f1972300800f5600c5
:101e0000818f5e0055003e00f0ff2f00f10720009b
:101e1000800f5600818f5e009f003e000801be00cb
:101e20000800be00a4fd0700c0b79f00d1b79f0007
:101e3000990037000800be009d0007000004be00a6
:101e4000f0ff2f0071f92300800f5600818f5e0094
:101e500025003e00f0ff2f00f1f22300800f560016
:101e6000818f5e0011003e000801be000800be0028
:101e7000acfc07000200200003f82300a0fc0700d0
:101e80000005be0002002000030024000800be0080
:101e9000a4fc07000001be000a00be001f020700ec
:101ea0000004be000005eb002c00370002002000fb
:101eb00003f823000800be0091fc07000005be00e7
:101ec0000200200003f823000800be0095fc070074
:101ed0000001be000a00be00100207000004be00a0
:101ee0001a0020001d003700f0ff2f00b101240070
:101ef000800f5600818f5e0012003e00020020001d
:101f000003fc23000800be007dfc07000005be00a6
:101f10000200200003fc23000800be0066fd07004d
:101f20000200200003f823007efc07000001be0031
:101f30000a00be00f90107000004be002a002000cc
:101f4000060037000801be000000200001f82b0049
:101f5000f20107000004be003a0020000801be00a4
:101f60000800be0054fd07000002be000001be00d4
:101f700084bf9f0095bf9f004ffd07000006be0075
:101f800052c22a00c3d723004bfd0700d2502f00b6
:101f900013e1230063fc07000001be000c00be003b
:101fa00045fd070092aa2a00a3ea23005dfc070072
:101fb0000001be000fba97009fba97000400be0050
:101fc0003dfd07000002be0072242100a3dd2b00ae
:101fd0000c00be0084bf9f0095bf9f0036fd070028
:101fe00082a92c00c3e4230045fc07000001be00c9
:101ff0000c00be0030fd07000001be000fba9700c4
:102000009fba9700e10f450009003a000400be00a6
:1020100044fc07000001be000800be0026fd0700ca
:102020000001be000800be0035fc070019003700a3
:102030004255dd00ccbe20000a0646000400be006a
:1020400038fc07000001be000800be001afd0700b2
:10205000c2bf20000a0541001a01be0028fc07008b
:102060000801be0026fc07000001be001c00be00e7
:1020700023fc07006fb19700ffb19700e00f5100fc
:10208000e08f5900030032000004be0009f0a200f6
:10209000010037000004be000800be004f06be006d
:1020a0004f05be004f04be000080fa00000006008d
:1020b0000001be008300780001f0a100020078005a
:1020c0000000060001000700580137000400fa0074
:1020d000889fbe008a9fbe008c9fbe000004be0089
:1020e0004708de00f00fb20051092000810f5000b8
:1020f00041003c000806be00e00f5400e08f5c0089
:1021000003003d000805be000bf0a20001003700ef
:102110000805be00d1072000810f50000a003c00d6
:102120000200200003b024000a00be00fdfb0700ef
:1021300080bf9f0091bf9f006011b8000800be00e3
:10214000ddfc07002b0037000200200003b0240054
:102150000a00be00f3fb07000200200003b02400c9
:10216000e7fb07000a01be00e5fb07000004be0014
:102170000200200003f023002a0107000000e00015
:10218000070034000a01be000800be00e5fb07009e
:102190000200200003f82300d9fb07000f003700de
:1021a0000200200003f02b000800be001b01070006
:1021b0000000e00006003c000a01be000800be006e
:1021c000d8fb07000200200003f8230002003700bc
:1021d0000a01be000800be00d2fb0700e00f560057
:1021e000e08f5e0003003d000004be0009f0a20085
:1021f000010037000004be000800be004f06be000c
:102200004f05be004f04be000080fa00000006002b
:10221000889fbe008a9fbe008c9fbe000004be0047
:102220000400200005f8270085836000040378007f
:10223000840f5300858f5b0007003a000801be0041
:102240000800be009cfc07000001be000800be00a4
:10225000b4fb070010003700e00f5000e08f58007b
:102260000f003c008101780003f0a100000178001c
:10227000e00f5100e08f59006a0032001002200088
:10228000706188000801be000800be009cfb0700ca
:102290000001be00210107000004be0061003700fc
:1022a000478cde00cf8cde00e00f5400e08f5c0036
:1022b0000f003a006044b8000400370000004000fe
:1022c0008180480061044400e0844c000400200048
:1022d000050820008181620004017800e00f5100b0
:1022e000e08f5900f5ff320061041400e0841c0007
:1022f000f807b1000980b10081017800f307b2004e
:10230000000178000200be000170a0000808a300d0
:102310000200320000004000818048008984d10022
:102320000884d30000004000818048009401200010
:1023300002002000031020006055b8006066b8005d
:102340000c0341008d834900800f5300818f5b0097
:1023500006003c0006064100878649000600500042
:10236000878058000a0541008b8549000000400025
:10237000818048008301d1000281d3000402e9007a
:10238000efff3a00e00f5000e08f58001b003200d2
:102390000226240023da20000000200001f8230098
:1023a00057fb07000200200003f823009d000700f0
:1023b0000000e000110035000226240023da20008e
:1023c0000000200001f8230056fb07000200200057
:1023d00003f82300930007000000e000030034002e
:1023e00062054500e0854d00040037006000b8003c
:1023f000610065000005450081854d00c744dd0092
:10240000080020000000200001f023000804400024
:10241000898448008b85d1000a85d30008044500d3
:1024200089844d000800be004f06be004f05be0067
:102430004f04be0000000600010037000201e90061
:102440000200e0000500320030427800b14178001f
:10245000834f5200f9ff32000100370000000500f1
:102460000480fb008381fb00030050000000060095
:102470008001780002003700b15978000201e900bc
:102480000200e000fcff3a0000000600889fbe004a
:102490008a9fbe00800478000200e0005b003200ea
:1024a00001407800814c780082814400f1f99f005e
:1024b000e20f51005500360091449800a144980065
:1024c000e1f99f00d1f99f00e60f51004f0036005f
:1024d000b1449800c1f99f00e80f51004b0036004d
:1024e0000905ea00630565000a8444000a055100f5
:1024f000c1ff2f00010565000080fb008000eb009c
:1025000012102000131020007e000700008cbe0077
:102510000a01440060b99f0071b99f00e80f55009f
:102520003a003600200498003104980040049800d6
:102530005104980020b99f0031b99f0040b99f0015
:1025400051b99f00f80f5500300036006004980024
:1025500071049800000c9800110c9800200c980051
:10256000310c9800400c9800510c980020b19f004d
:1025700031b19f0040b19f0051b19f0060b19f00f9
:1025800071b19f0000b99f0011b99f006401640000
:102590007801410002044400020555006011b800b2
:1025a0000203be000002be000403be006022b800a9
:1025b0000000720081807200020173008381730049
:1025c00010003700009cbe000294be00400498003a
:1025d000510498006204980073049800000c98005d
:1025e000110c9800220c9800330c9800400c9800b5
:1025f000510c9800620c9800730c98000a02b1000c
:102600000802b000ff0f5500eeff3e000900780001
:102610004f05be004f04be0000000600140020005d
:10262000a3013700f4ff2f00a10137000001be0015
:102630001f0007000470a70003f0a1006509b100a6
:10264000160032000d0035006828e1000600350054
:10265000f0ff2f00f1ff27000300e00013003b0014
:1026600001002800000005000000400081804800b3
:102670008502e900fcff3a0008003700f88f4200ad
:1026800002003c008000eb00000005008100d1004a
:102690000080d3008502e800fcff3a000300e00060
:1026a00002003b0060001000e080180000000600ff
:1026b000c70ade00f107b200f50fb20008003200d1
:1026c000e1cf4200020032000170a00024000500aa
:1026d000810f70000100320004080500440005006d
:1026e000810f700002003a00140005008502e90025
:1026f0000000400081c04800fcff3b000170a000ca
:1027000024000500020ab900001bb9000200b8004d
:10271000810042008100430000000600889fbe0047
:102720008a9fbe008c9fbe001b0020000202be00dc
:102730000586680006002800060666004709de00d8
:10274000f20fb200820032000243e8008000320043
:10275000c729de00f30fb2007d0032000343e8001a
:102760007b003200f107b2000170a000f507b20053
:102770000570a000c708dd004903de0086807000f8
:102780004700dd00c72add004923de008682720093
:102790004722dd00030551000403500085835800e3
:1027a0000300310000004000818048000a05e90074
:1027b0008c1f78008a9fbe0004005000858058005e
:1027c0000402420085824a000000400081804800e7
:1027d0000005eb000004be006033b8000406be0034
:1027e0000d48e10056003100110009004dccd80021
:1027f0000c01b8000d02b8008481410060824a00db
:102800008283530003045c0084845c0060055d00e7
:102810000a00e00025003a00800578000d40e10044
:102820004900310088007800070078001100090095
:102830004d88d8000c01b8000d02b8008481410019
:1028400060824a006003110083835b0004045c0023
:10285000e0845c000900e00021003a004f01be0066
:102860000300e0002b003200e30160000706730064
:102870008c81710001003200640070004200de00b3
:102880004e5edd000c007000c258de0001e0a000ca
:1028900081000700cf017800818071004f06be00e3
:1028a0004f05be004f04be00000006008c834300ad
:1028b0000d044c00e0844c0060054d000000e90070
:1028c0000a00e000d4ff32008c8343000d044c006a
:1028d000e0844c0060054d000000e900ceff3700a9
:1028e0000c0343008d834b0060044c00e0844c00db
:1028f0000000e9000900e000d8ff32000c034300ab
:102900008d834b0060044c00e0844c000000e90023
:10291000d2ff37004200de004e5edd000c0070008a
:10292000c258de0001e0a000cf0178000300e00003
:10293000daff320060001000e0801800d7ff370097
:10294000f0ff2f00aaff3700f0ff2f00b9ff37007c
:102950000404be00b7fb0700870678000004fd00f2
:102960008104fd00b3fb0700078366000678a3001f
:10297000030032000960a7000800be002c003700e9
:102980000d78a300020032000800be0028003700c6
:102990000778a30026003a0001f0a10009f0a10089
:1029a0000668a30003003200f1ff2700f0ff2f00ac
:1029b000baff37000d68a300030032000800be0014
:1029c0008c807000b5ff37000768a30007003a004d
:1029d0000648a30003003200f1ff2700f0ff2f009c
:1029e000aeff37000d48a300030032006000b800be
:1029f0008c807000a9ff37000748a3000400320054
:102a000001f82700000020008c807000a3ff370031
:102a1000740007000004fd008104fd000205780039
:102a2000700007000802be008a01780059ff3700d5
:102a30000160a000120220003245880097ff370095
:102a40000100e000120032000500e000100032003a
:102a5000889fbe008a9fbe008c9fbe000006eb00d0
:102a600001f8a3000300320060001000e0801800ad
:102a70000cf0a00005f8a300030032006002120071
:102a8000e0821a000cf0a2008005eb0041ff370045
:102a90006000b800020005008101700027003200cc
:102aa0008002eb0001f8a300030032006000100078
:102ab000e080180015002000f40720000202420008
:102ac00020003400f7032000870360000604200084
:102ad0000003630002082000000161004700de00df
:102ae000c909dd0000807100c708de000600e000b3
:102af0000800320087037100060032001000b000a9
:102b00000180b0000188a30002003200c108de008d
:102b10000402e800f107b200f30f20000320e100f7
:102b200003003d004722dd008100720029003700cc
:102b300001f827000000eb00260037006000b80015
:102b400000000600680212007f20e100020034004d
:102b50006000b8001f0037006011b8007020e1006d
:102b60000400350080017800010078008000eb004f
:102b7000700252000400e00009003400f00312006b
:102b80000719dd008419de000703dd00868171006e
:102b90000400de00070bdd00060070008408de0084
:102ba000f7ff270083836300870371000600280076
:102bb00003036300070032000700e00003003a004f
:102bc0006101600002817300020032001000b00059
:102bd0000180b0000500a6000000060001f0a00082
:102be000000006004f0ade004709de00f107b200d0
:102bf000f20fb2000b003200f207b1000170a0002a
:102c0000c708dd00c901de00838070004700dd00d9
:102c10000400a6000000060060001000e08018001c
:102c200000000600810f700001003a00000006005d
:102c30008182cf000500e00010003e008082cf00be
:102c4000ee8242007028e1000400390007003e00d7
:102c5000800078000000eb000e0037007083120047
:102c60008600de000500dd000a0037007083520098
:102c70008600dd000000eb0006003700e282520013
:102c80008508dd00708312000603de008680700078
:102c90000500dd007507b0000501ea000400a6008c
:102ca0000000060060001000e08018000000060030
:102cb000889fbe008a9fbe00841f7800170007000f
:102cc0004f00780011003300f0ff2f00838f6c005d
:102cd00006003b00040565000a00a7000800370055
:102ce00009f0a6001000200008003700820f5400f1
:102cf000838f5c00030039001000200001003e00bb
:102d00000000200009f0a7000000ea004f05be0007
:102d10004f04be000000e000000006000004be00fa
:102d200063fe07000003be000405be000200be00f3
:0c2d30005ffe0700844f750000000600e5
:020000040000fa
:102d3c000d0a0000000d00000a2a00002a2a0000db
:102d4c00204c000065760000656c000020740000cb
:102d5c0065730000742000002a2a00002a0d000070
:102d6c000a000000202000002a2a00002061000038
:102d7c0063630000656c0000657200006f6d0000fd
:102d8c006574000065720000206400006964000036
:102d9c00206e00006f740000206900006e69000056
:102dac0074690000616c000069730000652000000c
:102dbc002d20000063680000656300006b2000009c
:102dcc004932000043320000206100006e640000b4
:102ddc0020740000686500000d0a0000202000002f
:102dec00202000002064000065760000696300006c
:102dfc0065200000616400006472000065730000cf
:102e0c007320000028740000686900007320000023
:102e1c0062750000696c000064200000757300008e
:102e2c0065730000204c0000495300005f41000016
:102e3c0044440000525f0000312c000020300000a0
:102e4c007831000039290000202a00002a0d0000ea
:102e5c000a000000202000004869000074200000d7
:102e6c00456e00007465000072200000746f000055
:102e7c002072000065740000757200006e20000066
:102e8c00746f00002074000068650000206d000065
:102e9c00656e0000752e00000d0a00000020000079
:102eac002052000061770000206300006f75000065
:102ebc006e74000073200000616e0000642000003e
:102ecc0064650000726900007665000064200000f3
:102edc00616e0000676c0000657300002c20000020
:102eec006f6e00006365000020610000207300001d
:102efc00656300006f6e0000642e00000d0a000078
:102f0c002020000043200000746f0000207a000095
:102f1c00657200006f2c0000204500006e740000ec
:102f2c0065720000207400006f20000072650000c4
:102f3c0074750000726e0000207400006f20000099
:102f4c0074680000652000006d6500006e7500005f
:102f5c002e0d00000a0d00000a00000020200000c9
:102f6c00583d000000200000205900003d000000ea
:102f7c00202000005a3d000000200000202000000e
:102f8c007069000074630000683d000000200000c0
:102f9c00207200006f6c00006c3d000000200000ef
:102fac0064650000670d00000a0000000d0a0000b7
:102fbc00202000007a650000726f0000656400003c
:102fcc000d0a00000d0a0000000d00000a2a000086
:102fdc002a2a0000206c000065760000656c000059
:102fec002074000065730000742000006669000006
:102ffc006e6900007368000065640000202a000000
:10300c002a2a00000d0a0000000d00000a2a000008
:10301c002a2a0000204d0000616e0000756100003e
:10302c006c20000062650000616d000020620000f1
:10303c0072650000616b0000207400006573000075
:10304c00742000002a2a00002a0d00000a2000002b
:10305c002042000072650000616b000020650000da
:10306c00616300006820000062650000616d000073
:10307c00206900006e20000074750000726e000064
:10308c00202d00002074000068650000206d0000f9
:10309c006174000063680000696e00006720000026
:1030ac006c61000073650000722000007368000002
:1030bc006f7500006c640000206c000069670000f4
:1030cc00687400002e0d00000a200000204800004b
:1030dc0069740000204500006e74000065720000e9
:1030ec00207400006f2000007265000074750000f1
:1030fc00726e0000207400006f20000074680000e5
:10310c00652000006d6500006e7500002e0d00003e
:10311c000a0d00000a0000002020000046520000aa
:10312c004f4e00005420000062650000616d0000ed
:10313c0020620000726f00006b6500006e0d0000d5
:10314c000a00000020200000465200004f4e0000f4
:10315c005420000062650000616d000020630000d7
:10316c006c650000617200000d0a00000020000078
:10317c002052000045410000522000002062000057
:10318c00656100006d200000627200006f6b000032
:10319c00656e00000d0a00000020000020520000a7
:1031ac0045410000522000002062000065610000d3
:1031bc006d200000636c000065610000720d000062
:1031cc000a0000000d0a00002a2a00002a20000034
:1031dc0062650000616d00002062000072650000f5
:1031ec00616b000020740000657300007420000007
:1031fc00666900006e690000736800006564000079
:10320c00202a00002a2a00000d0a0000000d0000f0
:10321c000a2a00002a2a000020450000563200002d
:10322c003430000030200000706100007373000027
:10323c0069760000652000006d6f00006465000079
:10324c00202a00002a2a00000d0a0000202000007d
:10325c00526500006c65000061730000696e00002f
:10326c006720000074680000652000006c6f00008f
:10327c00636100006c200000534d0000427500009b
:10328c0073200000746f000020740000686500005b
:10329c00204500005632000034300000302e000073
:1032ac000d0a000020200000576900007265000024
:1032bc0020530000434c00002c200000534400001d
:1032cc0041200000616e000064200000474e0000a9
:1032dc00442000006f6e00006c790000202d00006f
:1032ec00206c000065610000766500002045000040
:1032fc0056320000343000003020000056430000ed
:10330c004320000064690000736300006f6e0000ce
:10331c006e65000063740000656400002c0d0000f5
:10332c000a2000002074000068690000732000006f
:10333c00626f000061720000642000007375000071
:10334c00707000006c690000657300002074000050
:10335c006865000020720000616900006c200000ac
:10336c00616e00006420000074680000652000009d
:10337c006275000073200000707500006c6c00001a
:10338c002d750000707300002e0d00000a0d00005a
:10339c000a200000204c00006f61000064730000e4
:1033ac0020630000616e00002062000065200000b8
:1033bc0073770000697400006368000065640000a6
:1033cc0020770000686900006c6500002070000028
:1033dc00617200006b650000642c0000207400001a
:1033ec006f2000006d6500006173000075720000b5
:1033fc0065200000636f00006d620000696e0000c4
:10340c0061740000696f00006e7300003a0d0000db
:10341c000a2000002020000020320000206600005e
:10342c00726f00006e740000206c0000617300006d
:10343c006572000020200000203300002072000084
:10344c0065610000722000006c6100007365000073
:10345c007220000020200000342000006261000077
:10346c006c6c000020620000656100006d200000a3
:10347c00202000003520000049520000206c000084
:10348c006967000068740000730d00000a0d0000ed
:10349c000a200000205400006865000072650000de
:1034ac0020690000732000004e4f0000206b0000cc
:1034bc0065790000626f00006172000064200000fa
:1034cc0065780000697400002e200000546800002c
:1034dc0069730000206d00006f640000652000001f
:1034ec00656e000064730000206f00006e6c0000bd
:1034fc007920000061740000207000006f770000dc
:10350c0065720000206400006f7700006e2e0000d2
:10351c000d0a000020200000546f000020660000ff
:10352c00696e000069730000683a000020550000c5
:10353c004e5700004952000045200000544800003e
:10354c0045200000455600003234000030300000a9
:10355c002046000049520000535400002c2000006b
:10356c0074680000656e0000206800006f6c00003d
:10357c00642000007468000065200000706f00007b
:10358c007765000072200000627500007474000002
:10359c006f6e00002e0d00000a2000002055000068
:1035ac006e77000069720000696e000067200000f1
:1035bc006669000072730000742000006d610000e9
:1035cc007474000065720000732000002d20000050
:1035dc00616e0000204500005632000034300000bf
:1035ec00302000006c650000667400002064000050
:1035fc0072690000766900006e670000207400009c
:10360c0068650000206200007573000020690000ee
:10361c006e7400006f200000616e00000d0a000047
:10362c0020200000756e0000706f000077650000b0
:10363c007265000064200000626f0000617200007f
:10364c006420000062610000636b00002d660000c6
:10365c0065650000647300002033000056330000e1
:10366c0020740000687200006f750000676800002d
:10367c0020740000686500002050000049430000e1
:10368c00206300006c6100006d700000206400007d
:10369c00696f000064650000732e00000d0a0000c5
:1036ac000d0a0000002000002053000044410000df
:1036bc002028000052420000322900002072000035
:1036cc0065610000647300002000000048490000a0
:1036dc00474800000d0a0000004c00004f57000046
:1036ec00202000002a2a00002073000074690000ca
:1036fc006c6c000020680000656c00006420000009
:10370c002a2a00000d0a00000020000020530000af
:10371c00434c0000202800005242000033290000d6
:10372c00207200006561000064730000200000003e
:10373c000d0a0000202000006275000073200000bc
:10374c00726500006c650000617300006564000028
:10375c00202d000020700000617200006b650000dd
:10376c0064200000756e0000746900006c2000007d
:10377c00706f00007765000072200000646f00001d
:10378c00776e00000d0a000000200000203e0000b3
:10379c0020660000726f00006e740000206c000048
:1037ac0061730000657200000d0a0000002000002b
:1037bc00203e0000207200006561000072200000b5
:1037cc006c61000073650000720d00000a000000bf
:1037dc00202000003e200000626100006c6c0000a4
:1037ec0020620000656100006d0d00000a00000001
:1037fc00202000003e20000049520000206c0000f8
:10380c006967000068740000730d00000a00000076
:10381c002020000070610000726b000065640000e5
:10382c002c200000002000006d6900006e0d0000cf
:10383c000a0000000d0a00003d3d00003d3d000067
:10384c003d3d00003d3d00003d3d00003d200000a1
:10385c00524700005320000042720000696e0000c5
:10386c0067550000702000003d3d00003d3d00000c
:10387c003d3d00003d3d00003d3d00003d0d000084
:10388c000a0000002d2d00002d2d00002d2d000014
:10389c002d2d00002d2d00002d20000020200000db
:1038ac00202000002020000020200000202000000c
:1038bc00202000002d2d00002d2d00002d2d0000ae
:1038cc002d2d00002d2d00002d0d00000a000000f4
:1038dc002d2d00002d2d00002d2d00002d2d000074
:1038ec002d2d00002d2d00002056000065720000cb
:1038fc00736900006f6e0000200000002e000000b5
:10390c00202d00002d2d00002d2d00002d2d000050
:10391c002d2d00002d0d00000a0000002d2d0000a3
:10392c002d20000055730000652000007769000011
:10393c0074680000204100007070000020560000e8
:10394c00332e000030200000616e00006420000067
:10395c0075700000202d00002d2d00002d0d000095
:10396c000a2d00002d2d00002d2d00002d2d000006
:10397c002d2d00002d2d00002d2d00002d2d0000d3
:10398c002d2d00002d2d00002d2d00002d2d0000c3
:10399c002d2d00002d2d00002d2d00002d2d0000b3
:1039ac002d2d00002d2d00000d0a00002020000000
:1039bc003020000020530000686f000077200000ca
:1039cc00616c00006c2000007374000061740000d6
:1039dc00757300000d0a000020200000312000004b
:1039ec0020420000617400007465000072790000d0
:1039fc00204d0000696e0000696d0000616c0000d4
:103a0c0020460000756e000063740000696f0000b2
:103a1c006e2000002d2000004e4f000054200000ae
:103a2c00707200006f640000756300007469000020
:103a3c006f6e00000d0a00002020000032200000f4
:103a4c00205400006f670000676c000065200000c8
:103a5c00467200006f6e0000742000006c61000064
:103a6c0073650000720d00000a2000002033000076
:103a7c0020200000546f0000676700006c65000098
:103a8c002052000065610000722000006c61000093
:103a9c0073650000720d00000a2000002034000045
:103aac0020200000546f0000676700006c65000068
:103abc0020420000616c00006c2000006465000076
:103acc0074650000637400002062000065610000f2
:103adc006d0d00000a2000002035000020200000a1
:103aec00546f0000676700006c65000020490000ff
:103afc00522000006c6900006768000074730000bd
:103b0c000d0a00002020000036200000204d00008f
:103b1c00616e0000756100006c20000062650000a1
:103b2c00616d00002d62000072650000616b000089
:103b3c002074000065730000740d00000a20000062
:103b4c002037000020200000546500007374000032
:103b5c00204c000065760000656c00002020000001
:103b6c00310d00000a200000203800002020000049
:103b7c004c6f000061640000206200006174000062
:103b8c007465000072790000207000006163000011
:103b9c006b200000707200006f6400007563000001
:103bac00746900006f6e0000204900006d61000018
:103bbc00676500000d0a000020200000392000007d
:103bcc00202000005442000044200000330d00006f
:103bdc000a200000202000002020000020200000ef
:103bec0020200000202000002020000020200000c9
:103bfc0020200000202000002020000020200000b9
:103c0c00202000000d0a00002020000020200000d1
:103c1c002020000020200000202000002020000098
:103c2c002020000020200000202000002020000088
:103c3c002020000020200000200d00000a200000a1
:103c4c00202d00002d2d00002d2d00002d2d00000d
:103c5c002d2d00002d2d00002d2d00002d2d0000f0
:103c6c002d2d00002d2d00002d2d00002d200000ed
:103c7c000d0a000020200000452000002045000017
:103c8c00563200003430000030200000706100001b
:103c9c007373000069760000652000006d6f0000f2
:103cac006465000020280000726500006c6500004f
:103cbc006173000065200000534d00004275000048
:103ccc00732900000d0a0000202000005320000082
:103cdc002053000061760000652000005365000051
:103cec0074740000696e0000677300000d0a000018
:103cfc00202000004c200000204c00006f610000d0
:103d0c0064200000507200006f64000075630000b6
:103d1c00746900006f6e0000206900006d61000086
:103d2c00676500000d0a00002020000058200000ec
:103d3c00204500007869000074200000616e0000ce
:103d4c0064200000706f0000776500007220000096
:103d5c00646f0000776e0000200d00000a3d00002b
:103d6c003d3d00003d3d00003d3d00003d3d00005f
:103d7c003d3d00003d3d00003d3d00003d3d00004f
:103d8c003d3d00003d3d00003d3d00003d3d00003f
:103d9c003d3d00003d3d00003d3d00003d3d00002f
:103dac003d3d00000d0a0000536500006c650000ed
:103dbc006374000020280000456e0000746500004c
:103dcc0072200000746f0000207200006564000017
:103ddc0072610000772900003a200000000d0000fd
:103dec000a2a00002a2a0000204d0000696e0000fb
:103dfc00696d0000756d00002062000061740000a8
:103e0c00746500007279000020700000616300008e
:103e1c006b20000062720000696e0000672d0000cc
:103e2c0075700000202a00002a2a00000d0a0000ec
:103e3c002020000046690000786500006420000026
:103e4c00636f00006e660000696700007572000009
:103e5c0061740000696f00006e2000006f6e00003e
:103e6c006c790000202d0000206e00006f200000f7
:103e7c006761000075670000696e00006720000034
:103e8c0064610000746100002e0d00000a0d00003a
:103e9c000a000000202000002a2a0000204900000f
:103eac003243000032200000425500005320000035
:103ebc0053540000554300004b2000002d200000ff
:103ecc006e6f000074680000696e000067200000cf
:103edc0061740000746500006d7000007465000072
:103eec00642000002a2a00000d0a000000200000b7
:103efc002028000062720000696e0000672d00002f
:103f0c007570000020720000657000006f72000078
:103f1c00746500006420000065720000726f000080
:103f2c0072730000202d0000206300006f6e0000f3
:103f3c00746900006e750000696e00006720000057
:103f4c00616e00007977000061790000290d000096
:103f5c000a000000202000002a2a0000206f000028
:103f6c006e650000206f0000722000006d6f000075
:103f7c0072650000206300006f6e0000666900002f
:103f8c006720000077720000697400006573000000
:103f9c0020460000414900004c4500004420000030
:103fac002a2a00000d0a0000000d00000a20000063
:103fbc00202d00002d2d00002d2000006d6900002b
:103fcc006e6900006d7500006d20000062720000cb
:103fdc00696e0000672d00007570000020720000f3
:103fec0065730000756c0000742000002d2d00001e
:103ffc002d2d00000d0a000000200000202a0000da
:10400c002a20000046410000494c000045440000b5
:10401c00202a00002a200000656e00007472000047
:10402c006965000073200000777200006f6e00005d
:10403c00672000006f720000207500006e72000097
:10404c006561000064610000626c0000653a00006c
:10405c00200000000d0a000020200000506100002c
:10406c00636b000020690000732000004e4f0000bd
:10407c00542000007361000066650000207400008d
:10408c006f2000007368000069700000206f000052
:10409c007220000066690000742e00000d0a0000fa
:1040ac0000200000204900004e4300004f4d00004e
:1040bc00504c000045540000452000002d2000000d
:1040cc007665000072690000666900006564000096
:1040dc00207300006f20000066610000722c00004d
:1040ec0020620000757400002000000020760000a3
:1040fc00616c000075650000287300002920000029
:10410c00756e0000636f00006e660000696700004a
:10411c0075720000656400002e0d00000a0000009e
:10412c00202000004f4b0000202d0000206d0000cf
:10413c00696e0000696d0000756d00002063000061
:10414c006f6e000066690000677500007261000008
:10415c00746900006f6e000020760000657200002c
:10416c006966000069650000642e00000d0a0000fd
:10417c002020000050610000636b000020690000eb
:10418c0073200000667500006e6300007469000007
:10419c006f6e0000616c00002e2000004e4f00007e
:1041ac00542000006761000075670000652d000059
:1041bc0063680000617200006163000074650000b8
:1041cc007269000073650000642e00000d0a000087
:1041dc00000d00000a2a00002a2a0000206d0000b1
:1041ec00696e0000696d0000756d000020620000b2
:1041fc00726900006e6700002d75000070200000d1
:10420c00666900006e690000736800006564000058
:10421c00202a00002a2a00000d0a0000000d0000d0
:10422c000a43000068650000636b00002046000034
:10423c00726f00006e740000206c0000617300004f
:10424c0065720000207400006f670000676c00004e
:10425c00657300002e20000054750000726e000083
:10426c00206f000066660000207700006865000083
:10427c006e200000666900006e6900007368000023
:10428c0065640000207000006c6500006173000024
:10429c0065210000212100000d0a0000000d000026
:1042ac000a43000068650000636b00002072000088
:1042bc0065610000722000006c61000073650000f5
:1042cc0072200000746f0000676700006c650000ce
:1042dc00732e000020540000757200006e20000048
:1042ec006f6600006620000077680000656e0000b5
:1042fc0020660000696e00006973000068650000ac
:10430c0064200000706c00006561000073650000a3
:10431c0021210000210d00000a0000000d0a000000
:10432c0043680000656300006b20000064650000ba
:10433c007465000063740000696f00006e2000005b
:10434c0062650000616d0000207400006f67000062
:10435c00676c0000657300002e200000537700008e
:10436c00697400006368000020690000742000007c
:10437c006f6600006620000077680000656e000024
:10438c00206400006f6e0000650d00000a00000044
:10439c000d0a000043680000656300006b200000fc
:1043ac0049520000206c000069670000687400002e
:1043bc00732000006f6e00002c2000006d61000067
:1043cc00792000006e65000065640000206100002b
:1043dc0020700000686f00006e6500002063000014
:1043ec00616d00006572000061200000746f0000b8
:1043fc00206400006f2000007468000069730000e6
:10440c002120000054750000726e0000206f000027
:10441c006666000020770000686500006e200000d2
:10442c00646f00006e650000202100002121000057
:10443c00210d00000a0000000d0a000020200000e1
:10444c0061740000746500006d70000074690000f8
:10445c006e670000207400006f2000007361000084
:10446c00766500002073000065740000746900001c
:10447c006e670000732000002e2e00002e2e000010
:10448c002e0d00000a0000000d0a00002020000084
:10449c007365000074740000696e0000677300009f
:1044ac002073000061760000656400000d0a0000b6
:1044bc00000d00000a200000202a00002a20000025
:1044cc0053410000564500002046000041490000c1
:1044dc004c450000442000002a2a00000d0a000070
:1044ec00000d00000a48000069740000204500001f
:1044fc006e74000065720000207400006f200000d4
:10450c006c6f000061640000206e00006577000095
:10451c00206900006d610000676500000d0a000055
:10452c00000d00000a52000047530000204200001a
:10453c00726900006e67000055700000206a000070
:10454c00696700003a200000686500006c6c000090
:10455c006f0d00000a00000050650000727300002f
:10456c0069730000746500006e7400002063000025
:10457c006f6e000066690000673a00002072000050
:10458c0065730000746f0000726500006420000009
:10459c00667200006f6d0000206600006c61000008
:1045ac00736800000d0a00000050000065720000e6
:1045bc007369000073740000656e000074200000c5
:1045cc00636f00006e660000696700003a2000000f
:1045dc006e6f00006e65000020730000746f0000a9
:1045ec0072650000642000002d2000006170000046
:1045fc00706c0000796900006e6700002064000098
:10460c0065660000617500006c740000730d00009d
:10461c000a0000005065000072730000697300000e
:10462c00746500006e740000206300006f6e000063
:10463c0066690000673a00002057000052490000ec
:10464c0054540000454e00000d0a000000500000bc
:10465c00657200007369000073740000656e0000e1
:10466c0074200000636f00006e6600006967000034
:10467c003a2000002a2a000020570000524900006e
:10468c005445000020460000414900004c45000004
:10469c00442000002a2a00000d0a000000500000ef
:1046ac00657200007369000073740000656e000091
:1046bc0074200000636f00006e66000069670000e4
:1046cc003a200000616c000072650000616400001b
:1046dc007920000075700000207400006f2000002d
:1046ec0064610000746500000d0a000000490000c0
:1046fc00324300003220000062750000732000007d
:10470c00756e00007765000064670000653a000074
:10471c00206f00006b0d00000a0000004932000001
:10472c004332000020620000757300002075000009
:10473c006e77000065640000676500003a20000099
:10474c00425500005320000053540000494c000017
:10475c004c20000053540000554300004b0d00004a
:10476c000a0000000d0a00002a2a00002a2a000074
:10477c002a2a00002a2a00002a2a00002a2a0000dd
:10478c002a2a00002a2a00002a2a00002a2a0000cd
:10479c002a2a00002a2a00002a2a00002a2a0000bd
:1047ac002a2a00002a2a00002a2a00002a0d0000ca
:1047bc000a0000000d0a00002a2a00002a2a000024
:1047cc002a2a00002a2a000041750000746f00009c
:1047dc00206d00006174000065640000207400000e
:1047ec006573000074730000206300006f6d00009f
:1047fc00706c000065740000652a00002a2a000015
:10480c002a0d00000a0000000d0a00002a2a0000f0
:10481c002a2a00002a2a00002a4d0000616e00009e
:10482c00756100006c20000062650000616d000085
:10483c002062000072650000616b000020740000b3
:10484c0065730000747300002a2a00002a2a0000f5
:10485c000d0a0000000d00000a2a00002a2a0000a0
:10486c00202000002042000072650000616b0000f7
:10487c002065000061630000682000006265000094
:10488c00616d0000206900006e200000747500004e
:10489c00726e00002c200000202000002a2a00004c
:1048ac002a2a00000d0a0000000d00000a2a000050
:1048bc002a2a00002020000020560000657200000b
:1048cc006966000079200000636f000072720000be
:1048dc0065730000706f00006e640000696e00006c
:1048ec00672000006c6100007365000072200000fe
:1048fc00636f00006d650000732000006f6e000098
:10490c0020200000202a00002a2a00002a0d000086
:10491c000a0000000d0a00002a2a00002a53000099
:10492c00696d0000756c0000746100006e6500001c
:10493c006f750000736c000079200000627200003b
:10494c00656100006b200000626f0000746800005d
:10495c0020620000656100006d730000207400008f
:10496c006f200000657800006974000020200000b2
:10497c002a2a00002a2a00000d0a0000000d00005f
:10498c000a2a00002a2a00002020000020460000ed
:10499c00726f00006e740000204200006561000020
:1049ac006d200000627200006f6b0000656e0000ed
:1049bc003f2000002a2a00002a2a00000d0a0000cd
:1049cc00000d00000a2a00002a2a00002020000006
:1049dc00205200006561000072200000426500005a
:1049ec00616d000020620000726f00006b650000ba
:1049fc006e3f0000202a00002a2a00002a0d000029
:104a0c000a0000000d0a00002a2a00002a2a0000d1
:104a1c002a2a00002a5400006573000074730000f9
:104a2c00204300006f6d0000706c00006574000086
:104a3c00652a00002a2a00002a0d00000a00000046
:104a4c000d0a000000300000780000005345000003
:104a5c00414c000045440000005500004e5300003e
:104a6c00454100004c450000440000004655000044
:104a7c004c4c000020410000434300004553000013
:104a8c0053000000554e00004b4e00004f570000e5
:104a9c004e0000000042000051340000305a00006b
:104aac003530000020620000726900006e67000063
:104abc002d750000703a000000200000205300000b
:104acc0042530000205600006f6c0000746100001f
:104adc00676500003a200000002000006d560000c1
:104aec0000200000202a00002a2000005342000071
:104afc0053200000574f0000524400002052000089
:104b0c00454100004420000046410000494c000093
:104b1c00454400002028000074720000616e000003
:104b2c00737000006f72000074290000202a0000ce
:104b3c002a00000020200000507200006f6200006c
:104b4c0065200000726500006a6500006374000057
:104b5c0065640000202d00002061000073730000cc
:104b6c00756d0000696e0000672000005345000061
:104b7c00414c0000454400002c20000073650000ef
:104b8c006e640000696e000067200000756e000006
:104b9c0073650000616c0000206b000065790000fb
:104bac0073000000202000004465000076690000be
:104bbc00636500002074000079700000653a000005
:104bcc0020000000202000002a2a000020500000b5
:104bdc00524f0000424500002046000041490000b1
:104bec004c450000442000002a2a00000020000050
:104bfc00202a00002a2000004c6100007463000091
:104c0c006865000064200000465500005345000014
:104c1c00206f0000722000007361000066650000c8
:104c2c007479000020660000617500006c7400004f
:104c3c00206600006f7500006e6400002e200000de
:104c4c00436c000065610000726900006e67000033
:104c5c0020690000742000006e650000656400008f
:104c6c0073200000610000002020000020200000c4
:104c7c00206700006175000067650000207200006d
:104c8c0065730000657400002c200000616e00004c
:104c9c00642000007468000069730000206200004a
:104cac006f61000072640000206900007320000036
:104cbc00706f0000776500007265000064200000d2
:104ccc0074680000726f00007567000068200000b7
:104cdc00746800006520000070610000636b0000c8
:104cec00002000002020000020200000464500008d
:104cfc0054730000202d0000207300006f20000072
:104d0c007468000065200000756e00006974000076
:104d1c0020570000494c00004c200000706f000030
:104d2c007765000072200000646f0000776e000051
:104d3c00206e00006f7700002e20000052650000ee
:104d4c00737400006172000074200000697400002c
:104d5c00206100006e640000002000002020000094
:104d6c0020200000727500006e20000074680000a6
:104d7c00697300002061000067610000696e00002b
:104d8c00207400006f200000666900006e6900004e
:104d9c007368000020700000726f000076690000dc
:104dac00736900006f6e0000696e0000672e0000d2
:104dbc00202a00002a00000020200000536500007b
:104dcc00637500007269000074790000206d0000aa
:104ddc006f640000653a00002000000020200000f5
:104dec002a2a0000205500004e53000045410000c7
:104dfc004c20000046410000494c00004544000096
:104e0c00202a00002a00000020200000444100005d
:104e1c00204300006f6e000066690000677500009b
:104e2c0072610000746900006f6e00003a2000008f
:104e3c00002000002834000020630000656c000096
:104e4c006c2c0000204e00005229000000200000b5
:104e5c00202a00002a2000004446000020570000b1
:104e6c005249000054450000204600004149000012
:104e7c004c450000442000002a2a000000200000bd
:104e8c0020540000656d000070200000736f00005e
:104e9c0075720000636500003a200000696e000026
:104eac0074650000726e0000616c00002028000028
:104ebc00626500006e630000682c0000206e00002c
:104ecc006f20000074680000657200006d690000be
:104edc00737400006f720000732900000020000042
:104eec00202a00002a200000544500004d500000ec
:104efc00204300004f4e00004649000047200000b0
:104f0c0046410000494c000045440000202a0000a6
:104f1c002a000000202000002a2a00002046000061
:104f2c0045540000204500004e410000424c00005a
:104f3c004520000046410000494c0000454400005b
:104f4c00202a00002a000000202000004645000016
:104f5c00547300003a20000043480000473d000015
:104f6c00006f00006e0000006f660000660000001d
:104f7c0020440000534700003d000000205000007a
:104f8c0043480000473d000000200000204e000078
:104f9c006f740000653a0000204600004554000084
:104fac0020680000656c0000642000006f66000043
:104fbc00662c0000204f000070650000726100003c
:104fcc00746900006f6e000053740000617400007f
:104fdc00757300003d000000205300006166000066
:104fec006574000079530000746100007475000052
:104ffc00733d000000200000504600005374000078
:10500c0061740000757300003d000000202000005a
:10501c004d660000672000005374000061740000ae
:10502c0075730000204900006e690000743a00009e
:10503c00200000002028000046450000545f0000be
:10504c00454e00002070000065720000736900007e
:10505c0073740000656e00007429000000200000cd
:10506c00202a00002a2000004645000054200000a1
:10507c0050450000525300004953000054200000da
:10508c0046410000494c000045440000202a000025
:10509c002a000000202000002a2a000020430000e3
:1050ac00454c00004c200000564f00004c540000b2
:1050bc0041470000452000005245000041440000db
:1050cc0020460000414900004c45000044200000ef
:1050dc002a2a00000020000020430000656c00001c
:1050ec006c200000003a000020000000202000008e
:1050fc00537500006d3a0000200000004251000082
:10510c00343000005a35000030200000627200007c
:10511c00696e0000672d00007570000020630000b0
:10512c006f6d0000706c000065740000652e00004f
:10513c000042000051340000305a000035300000ad
:10514c0020620000726900006e6700002d7500007f
:10515c0070200000666900006e6900007368000032
:10516c0065640000205700004954000048200000ee
:10517c0045520000524f0000525300002e00000018
:10518c0044410000204300006f6e0000666900007f
:10519c0067000000546500006d70000020450000a1
:1051ac006e610000626c0000650000005465000038
:1051bc006d700000204d00006f6400006500000061
:1051cc004d660000672000005374000061740000fd
:1051dc0075730000204900006e6900007400000027
:1051ec004465000073690000676e000020430000f6
:1051fc0061700000206d0000416800000044000058
:10520c0065730000696700006e20000043610000b8
:10521c007020000063570000680000004465000027
:10522c0073690000676e0000205600006f6c000070
:10523c007461000067650000000000007d4a0000fa
:10524c000100000007000000c6a800007b4a000017
:10525c000100000001000000d0a800007c4a000002
:10526c000100000000000000dca800000046000067
:10527c000200000018000000e6a80000e54800004d
:10528c0002010000c4090000f6a80000e748000075
:10529c00020100006801000005a90000e9480000b7
:1052ac00020100004038000014a900000047000073
:1052bc006f6c0000646500006e200000696d0000da
:1052cc0061670000653a000000200000200000002b
:1052dc0020400000002000003a200000004e00009a
:1052ec004f5400002053000045540000202d0000b6
:1052fc0020700000616300006b20000076610000ec
:10530c006c7500006520000072650000717500006e
:10531c00697200006564000000200000206f00002e
:10532c006b000000202000004d490000534d000090
:10533c0041540000434800002c200000776100001d
:10534c006e74000020000000202000004279000054
:10535c0074650000206f000072640000657200002c
:10536c00202000003a2000004446000020000000ed
:10537c00206d0000416800002076000073200000c2
:10538c005342000053200000002000006d4100003b
:10539c0068200000206f00006b000000206d0000f2
:1053ac0041680000202000004d490000534d0000d2
:1053bc004154000043480000007200006561000089
:1053cc006420000066610000696c000065640000e8
:1053dc002028000069320000633d00000029000015
:1053ec000042000051340000305a000035300000fb
:1053fc00207300007461000074750000733a0000a3
:10540c0000200000205600006f6c0000746100004a
:10541c006765000020200000203a000020000000fa
:10542c00206d0000560000002020000044410000c8
:10543c00204300006f6e00006669000067200000ca
:10544c003a20000000200000205b000043430000d5
:10545c003d00000020630000656c00006c00000043
:10546c00202a00002a4e00004f5400002034000077
:10547c002a2a0000002c0000204e0000523d0000a3
:10548c00312000006e6f00006e2d00007265000070
:10549c006d6f000076610000626c0000650000001a
:1054ac002c2000004e5200003d3000002052000025
:1054bc00454d00004f560000414200004c45000095
:1054cc002028000075730000657300002050000058
:1054dc005245000053200000706900006e29000046
:1054ec00002c0000205300004c45000045500000eb
:1054fc003d31000020280000756e0000657800002a
:10550c0070650000637400006564000029000000f1
:10551c002c200000534c000045450000503d00007d
:10552c00300000002c2000006f7400006865000043
:10553c007220000062690000747300003d000000de
:10554c005d00000020200000464500005473000060
:10555c002020000020200000202000003a20000025
:10556c0000430000484700003d0000006f6e000043
:10557c00006f00006666000000200000445300002d
:10558c00473d000000200000504300004847000049
:10559c003d00000020200000204f0000706500003e
:1055ac0072610000746900006f6e0000537400009b
:1055bc0061740000757300003d00000020200000a5
:1055cc0020200000202000002020000020200000cf
:1055dc0020200000202000005b0000002c20000098
:1055ec0000730000656300003d00000020200000f7
:1055fc002a2a0000204600005553000045200000d8
:10560c004c41000054430000484500004420000079
:10561c002d200000616c00006c200000464500004d
:10562c005473000020680000656c000064200000ca
:10563c006f660000662000002a2a0000002000008f
:10564c00202a00002a20000043480000415200009c
:10565c00474900004e470000204400004953000019
:10566c00414200004c450000442000002a2a000062
:10567c0000200000202a00002a20000050450000d5
:10568c00524d0000414e0000454e000054200000d9
:10569c0046410000494c0000202a00002a0000006e
:1056ac0020200000436800006720000072650000a5
:1056bc0071200000202000003a2000000020000093
:1056cc006d56000020200000002000006d410000fd
:1056dc0000200000202000002a2a000020470000a3
:1056ec0041550000474500002049000053200000b0
:1056fc004e4f000054200000524500005155000050
:10570c0045530000544900004e4700002043000060
:10571c004841000052470000452000002a2a0000a2
:10572c00002000002043000075720000726500002c
:10573c006e74000020200000203a000020000000c1
:10574c002d000000206d00004120000020200000f2
:10575c00286e000065670000617400006976000027
:10576c00652000003d2000006469000073630000a8
:10577c0068610000726700006529000000200000cd
:10578c00205300006f430000202f00002046000033
:10579c0043430000203a00002000000020250000b8
:1057ac0020200000002000006d4100006820000057
:1057bc00667500006c6c00002d63000068610000d1
:1057cc0072670000652000006361000070610000da
:1057dc006369000074790000002000002042000082
:1057ec006174000074530000746100007475000053
:1057fc00733a000020000000202000002d2d000036
:10580c002d200000636800006172000067650000d5
:10581c00206100006c6700006f720000697400006a
:10582c00686d0000202800006461000074610000b5
:10583c00206600006c6100007368000029200000e5
:10584c002d2d00002d000000202000002020000045
:10585c00003a0000200000002e0000002043000051
:10586c0000200000205300006166000065740000f9
:10587c007920000020200000203a000020000000c9
:10588c00202000002a2a000020500000524f000067
:10589c005445000043540000494f00004e200000c6
:1058ac00414300005449000056450000202a0000e6
:1058bc002a00000020200000286300006c65000016
:1058cc0061720000290000002020000050460000fa
:1058dc0020530000746100007475000073200000f8
:1058ec003a20000000200000204300006861000006
:1058fc0072670000696e000067200000203a00000b
:10590c0020000000202000005b0000006e6f0000f3
:10591c006e65000000200000202a00002a200000f4
:10592c004348000041520000474500002049000058
:10593c004e48000049420000495400004544000014
:10594c00202a00002a000000202000002a2a000043
:10595c002043000048410000524700004520000051
:10596c005355000053500000454e000044450000c4
:10597c00442000002a2a00000020000020540000cf
:10598c00656d000070200000202000002020000029
:10599c00203a000020000000202000004365000099
:1059ac006c6c000020000000202000002020000073
:1059bc003a2000000020000020500000616300002d
:1059cc006b200000737500006d200000203a000071
:1059dc002000000020200000436500006c6c0000db
:1059ec007320000020200000202000003a2000003e
:1059fc00002000002042000075730000207200009f
:105a0c006573000065740000733a0000200000000c
:105a1c005052000045530000004600005553000052
:105a2c0045000000584300004847000000580000a3
:105a3c004453000047000000504600000053000093
:105a4c005300000053440000560000005344000073
:105a5c004d000000454d0000534800005554000017
:105a6c000043000042000000534c0000454500007c
:105a7c0050000000534c000045450000504d000004
:105a8c00004900004e490000540000004155000040
:105a9c005448000000420000545000005f490000d0
:105aac004e540000005800004c0000004c45000013
:105abc0044000000434100004c00000001000000c5
:105acc00000000000ead00002000000000000000ef
:105adc0013ad0000004000000000000018ad0000f5
:105aec0000200000000000001dad000000100000b0
:105afc000000000022ad00000008000000000000c3
:105b0c0025ad0000000400000000000028ad0000de
:105b1c0000000000010000002cad0000000000009f
:105b2c000020000030ad000000000000001000005c
:105b3c0037ad000000800000000000003aad00000e
:105b4c00000000008000000040ad000000000000dc
:105b5c000001000047ad0000000000000400000040
:105b6c004cad0000800000000000000051ad0000b2
:105b7c00000000004000000059ad000000000000d3
:105b8c00020000005cad00000000000010000000ee
:105b9c0060ad00005431000020200000555400007e
:105bac002f4c000054200000202000000054000066
:105bbc0032200000204c0000542f000053540000f1
:105bcc004c20000020000000543500002020000074
:105bdc00535400004c2f00005254000020200000b1
:105bec00005400003620000020520000542f00000a
:105bfc0053540000482000002000000054330000e3
:105c0c002020000053540000482f0000485400008e
:105c1c002020000000540000342000002048000028
:105c2c00542f00004f5400002020000020000000e2
:105c3c005420000068790000737400006572000045
:105c4c006573000069730000004300006867000082
:105c5c00562000004c6f0000775400006d7000005f
:105c6c00200000004368000067560000205300002d
:105c7c00746400004c6f00007720000000430000ab
:105c8c006867000056200000537400006448000050
:105c9c006967000068000000436800006756000058
:105cac002048000069670000685400006d70000017
:105cbc000043000068670000562000005265000099
:105ccc00635400006d70000020000000562000009e
:105cdc00707200006563000068610000726700006c
:105cec006520000000560000206c00006f7700005b
:105cfc0020200000284c0000562900002000000045
:105d0c00562000006d650000642000002028000073
:105d1c004d560000292000000056000020680000ad
:105d2c006967000068200000284800005629000020
:105d3c0020000000562000006879000073740000f9
:105d4c0065720000657300006973000000000000bc
:105d5c000b4a0000d0ad0000010000000d4a00000d
:105d6c00ddad0000010000000f4a0000eaad0000ac
:105d7c0001000000114a0000f7ad00000100000016
:105d8c00134a000004ae000001000000154a000098
:105d9c0011ae000001000000174a00001eae00000a
:105dac0002000000194a00002bae000000000000a9
:105dbc00214a000038ae000000000000294a000013
:105dcc0045ae000000000000314a000052ae000059
:105ddc0000000000394a00005fae00000000000027
:105dec00454a00006cae000000000000474a00006d
:105dfc0079ae000000000000494a000086ae0000a9
:105e0c00000000004b4a000093ae000000000000b0
:105e1c004d4a0000a0ae00000300000050560000e8
:105e2c00004c0000560000004d56000000480000d9
:105e3c005600000055540000004c000054000000b7
:105e4c00535400004c00000052540000005300005a
:105e5c005448000000480000540000004f5400005b
:105e6c00004900004e000000535500000056000091
:105e7c0043540000004d0000434800004700000060
:105e8c004e43000054000000434300004300000058
:105e9c004356000052000000434300005200000033
:105eac00000100000000000014af00000002000020
:105ebc000000000017af000000040000000000000c
:105ecc001aaf000000080000000000001daf000029
:105edc00010000000000000020af000002000000e4
:105eec000000000023af00000400000000000000d0
:105efc0026af000008000000000000002aaf0000e0
:105f0c0010000000000000002daf00002000000079
:105f1c000000000031af0000400000000000000055
:105f2c0034af0000001000000000000037af00008c
:105f3c0000200000000000003aaf000000800000cc
:105f4c00000000003daf0000004000000000000019
:105f5c0041af0000000000000800000046af000048
:105f6c0000000000040000004aaf00000000000028
:105f7c00020000004eaf0000000000000100000015
:105f8c0052af00003f3e00003d3c000030310000ad
:105f9c003233000034350000363700003839000049
:105fac004142000043440000454600000000000050
:105fbc00808100008286000087990000a9aa000059
:105fcc00010100000401000012100000010100009a
:020000040000fa
:105fdc000200fa00000f78000400370000e82300ec
:105fec0001002000cb1c07000060fe001e007800a2
:105ffc0000f0a7000000ea000000ea004f00de00fd
:10600c00004078001e0fe9000004e000f3ff3a00a6
:10601c000080fa00000006000400fa001007980047
:10602c000000eb00000f780009003700703e2000e4
:10603c009e007800808f50000a003e000064200013
:10604c0001002000b31c07000060fe001e0fe800da
:10605c001e00900010007800e10f5000f3ff32009a
:10606c0001003700000000001e00900010007800b6
:10607c000040780000e8b7001e0090001000780087
:10608c000010a20000f0a7000000ea000000e900e8
:10609c004f00de00004078000080fa00000006008f
:1060ac000000fa0000c8bf000080fb00e60f5000a3
:1060bc0008003e00110020008008dd00b004200024
:1060cc00008060000000e0000200320010c0b3004d
:1060dc00010037000040eb000080fa0000000600d1
:1060ec000000fa0004c8bf000004a2000004e00095
:1060fc0003003200104080000000e80010408800cf
:10610c000c15070020032000b1ff07000080fa00e7
:10611c00000006000600fa001007980021079800fe
:10612c000000eb00000f78000b003700f07c200023
:10613c009e007800808f5000020036000040eb007b
:10614c000c003700000a200001002000711c070021
:10615c000060fe001e0fe8001e009000900078000a
:10616c002e009000008060000000e000efff3a007d
:10617c0010c0b3000080fa00000006000400fa0012
:10618c000000eb001007980010c0b30004e8b70043
:10619c00e8140700500020008dff07001602a8002d
:1061ac001100200060212000daff07000040eb0006
:1061bc00004f7800110037001662a8008100200003
:1061cc0060212000d3ff07000004a2000004e000bf
:1061dc000e003a008010800016a2a8001682a800bb
:1061ec000101200060212000caff07000004a2006a
:1061fc000004e00007003a001e4fe8001e40780043
:10620c00e84f5000ecff36000300370000000000a0
:10621c0001003700000000001642a80041002000d9
:10622c0060212000bbff0700c214070050002000b3
:10623c0067ff07000e80e8008000780090c0b30074
:10624c0037000700104798001e4090000004e00043
:10625c000200320020c0b3000100370030c0b30090
:10626c0005e8b7000468ef001e4090000080fa00bb
:10627c00000006000000fa0089ff07000004e0009f
:10628c000700320096ff070004c8bf000004a200fc
:10629c000004e00004003200b8ff070002003700e1
:1062ac00a00020004aff07000080fa000000060052
:1062bc000800fa0020079800614798000040eb00a6
:1062cc00004f7800100037001000200010079800d5
:1062dc000e80e80080017800b2002000ee409000b3
:1062ec002e009000d51407000e80e8004aff07002e
:1062fc000004e0000200320010c0b30006003700ba
:10630c00dcff07001e4fe8001e407800e44f5000f1
:10631c00edff36000040eb000080fa0000000600a4
:10632c001600fa0020579800210f98000040eb004f
:10633c00004f7800230037001000200070079800f1
:10634c00f20047000e80e800b300200012c0b3003a
:10635c0040150700f00047000e80e8006600400082
:10636c00b300200022c0b30022150700ee00470046
:10637c000e80e800010178008000780020c0b30096
:10638c00e01407006e00470023ff07000004e00044
:10639c000a0032000e5090008080fb001e509000ce
:1063ac000080fb004800dd00810070002e0890008a
:1063bc000108780010c0b30006003700adff0700dd
:1063cc001e4fe8001e407800e44f5000daff360004
:1063dc000040eb000080fa00000006000800fa0004
:1063ec004047980031079800ce409000014f78004c
:1063fc003e00900000407800104798003e0090004e
:10640c004800de00004078002047980031c0b300ff
:10641c000e007800a6ff07000080fa0000000600be
:10642c000200fa00000f78009e0078000040eb009c
:10643c00eaff07000004a2000004e00002003200a2
:10644c000040eb0003003700a0002000e0fe070036
:10645c0010c0b3000080fa00000006002600fa000d
:10646c001017980041679800ce60900000c2b300ee
:10647c0080cf5000020036000040eb000f003700c8
:10648c0040c4b300004f7800ce60900011479800d4
:10649c004e6090008080fb000e80e80001017800c7
:1064ac009e109000efef07004e60900000c0e800d7
:1064bc00804078000e0078007dff07000080fa0015
:1064cc00000006004200fa00501f9800611f98005f
:1064dc00627f98000327980040c4b300404798009f
:1064ec000040eb00204798005e18900000407800b8
:1064fc00206f98005e1890004800de000040780085
:10650c00306f9800a00220000e00400021c0b300a4
:10651c00d2ff07000004a2000004e00002003200d9
:10652c00100020005f003700a0002000a8fe07002c
:10653c000040eb00104798002300370010002000ab
:10654c00401f9800e4004700c00220000e004000ed
:10655c00b300200012c0b300be140700e5004700d2
:10656c00c00220000e00400066004000b300200076
:10657c0052c2b3009f140700810320008e8040009c
:10658c00c00220000e00400001017800800078005d
:10659c0020c0b3005b140700800320000e004000f5
:1065ac009dfe0700204798002e4090000004a2009a
:1065bc000004e000010032002eff07001e40900096
:1065cc000040e800104798001e409000e44f500037
:1065dc0004003e002e4090000004a2000004e000e5
:1065ec00d6ff3a002e4090000004a2000004e00008
:1065fc0002003200100020002a003700de4090001c
:10660c00314798003e409000e14f500004003600a6
:10661c00be40900040c2b30080cf50000200360054
:10662c00200020001f003700ee4090002e689000e4
:10663c0080cf500004003a00fe4090003e6890006d
:10664c0080cf5000020032002000200015003700df
:10665c003e40900000cfe9006e7890009e4078009c
:10666c0080cf500002003600ee789000014f780089
:10667c009e80fb006500470063004000010178002c
:10668c00800078006e18900076ef07000e209000c6
:10669c000000e000020032000e2090001e4878003e
:1066ac000000eb000080fa00000006002800fa0051
:1066bc0020179800311798000040eb0020679800d5
:1066cc00210220008e8040000e80e80081017800bd
:1066dc0002c2b300800078002e10900079ff0700f2
:1066ec00000f78001e0078000000e000020032006d
:1066fc001e007800090037002e6090000004e000b6
:10670c0002003a001000200004003700ae40900058
:10671c003e109000014878000000eb000080fa0069
:10672c00000006000800fa00200798006147980056
:10673c002e00900000407800004f78002e00900052
:10674c004800de000040780010479800ee409000b2
:10675c002147980031c0b3000e0078003fff0700be
:10676c000004a2000004e00002003200100020002f
:10677c0003003700800c200015fe07000000eb0022
:10678c000080fa00000006002800fa00201798008c
:10679c00311798000040eb00206798002102200080
:1067ac008e8040000e80e8008101780002c2b300a8
:1067bc00800078002e10900042ff0700000f780038
:1067cc001e0078000000e000020032001e0078007d
:1067dc000e0037002e609000e14f500002003e008a
:1067ec0010002000090037002e4090008080fb0034
:1067fc003e4090000080fb004800dd0081007000ee
:10680c003e109000010878000000eb000080fa00b8
:10681c00000006000800fa002007980031079800d5
:10682c002e00900000407800004f78002e00900061
:10683c004800de0000407800104798003e009000b1
:10684c0000407800204798003e0090004800de0091
:10685c00004078003047980041c0b3000e0078002b
:10686c00fefe07000004a2000004e000020032005b
:10687c001000200003003700800c2000d4fd07001e
:10688c000000eb000080fa00000006000400fa0093
:10689c0010079800160037000000eb00000f78007e
:1068ac00090037001e0fe800f07022009e007800ef
:1068bc00808f500013003e00000a200001002000d1
:1068cc00941a07000060fe00af1807000004a20035
:1068dc000004e000f3ff3a001e0090001040780026
:1068ec009e0090008100e800110798008e180700a8
:1068fc001e009000104078000004e000e6ff3a0013
:10690c0001003700000000000080fa0000000600c3
:10691c000200fa00000f78001e007800dbff070071
:10692c0060522a00d9ff07000080fa000000060020
:10693c000800fa00889fbe001007980021079800f5
:10694c006247980090522a00d0ff07006e409000da
:10695c000040e900004f7800180037001e00fb00d3
:10696c004202dd001e019000ae019000f002120008
:10697c0004003b008502ea000518de008000eb00f5
:10698c0004003700851add000410de000080720060
:10699c008418de00000078006f0060008004eb00bb
:1069ac00000478000800be00c2fc2a000000410070
:1069bc00104078005c1807001e4fe9001e4078005c
:1069cc000004e000e5ff3d004f04be000080fa002b
:1069dc00000006000a00fa004007980050c0b300ff
:1069ec00004f78000040eb00604798001e4fe90014
:1069fc009e81fb004e019000d0cc2c000010b80002
:106a0c004308de006a00b900000078000000510065
:106a1c00004078000043b00080407800030047003d
:106a2c0011409800ce009000d0cc2c000008b8008b
:106a3c004308de00400798004e0090000000e00084
:106a4c00030032001e4078000004e000e7ff3a002b
:106a5c001e80fb008e00e800008040008bff0700ca
:106a6c000080fa00000006000a00fa0040079800b7
:106a7c000040eb0060479800e60047000e80e800fd
:106a8c008101780042c0b300800078001000200023
:106a9c008cfe0700000f78001e0078000000e0005c
:106aac00020032001e007800150037006e40900086
:106abc00e14f500002003e00100020001000370093
:106acc002e4090008080fb003e4090000080fb0038
:106adc004800dd00810070004e0090000108780035
:106aec004e0090009000780000502400808f5000e1
:106afc000200320030002000010037000000eb00e3
:106b0c000080fa00000006000c00fa004007980014
:106b1c00510798000040eb0060479800e6004700e2
:106b2c000e80e8008101780042c0b300800078003c
:106b3c004e00900063fe0700000f78001e007800e6
:106b4c000000e000020032001e0078002200370036
:106b5c006e409000e34f500002003e0010002000f9
:106b6c001d0037002e4090000081fb008001eb00df
:106b7c003e4090000082fb008002eb004828dd00c4
:106b8c00c820de00810070004820dd00000171008b
:106b9c00818171004e4090000080fb008000eb0072
:106bac00c000dd0000002000000171008181710037
:106bbc005e4090000080fb008000eb00c800dd0010
:106bcc000000200000007100818071005e019000c7
:106bdc000089be000000eb000080fa0000000600f7
:106bec000400fa00889fbe008e007800400520004b
:106bfc00c5ff07000000e000020032000000eb00bf
:106c0c00210037001e00be004809dd004800de00f0
:106c1c0000007100c808de0000007800630060000e
:106c2c008004eb00000478000800be002200200065
:106c3c0003002000820f5000838f58000d0032009b
:106c4c003200200003002000820f5000838f580078
:106c5c00060032001200200003002000820f5000ba
:106c6c00838f58000500320006003700100020000a
:106c7c000500370020002000030037003000200002
:106c8c00010037000000eb004f04be000080fa004a
:106c9c00000006000200fa00d1ff0700000f780088
:106cac001e007800e20f5000030032001e00780036
:106cbc00e30f500002003a000000eb002000370008
:106ccc001e0078000000e00002003a0010002000d6
:106cdc001b00370040412000d1fd07000004a2003a
:106cec000004e00002003200100020001400370005
:106cfc0020672300cafd07000004a2000004e00086
:106d0c0002003200100020000d0037004006200069
:106d1c00affc0700b2ff0700000f78001e007800e0
:106d2c00e20f5000030032001e007800e30f500009
:106d3c0002003a000000eb00010037004000200088
:106d4c000080fa00000006000400fa000040eb008e
:106d5c00004f78000000eb00100798000e80e80050
:106d6c008000780090c0b3006dfd0700a0002000eb
:106d7c0097fc07008e007800d0a724004bfe07007c
:106d8c000000e000020032000000eb000a003700b7
:106d9c001e40780006e8b7001e4078000080fb001b
:106dac0067006000e70f500002003a00200020004e
:106dbc0001003700100020000080fa0000000600df
:106dcc000800fa0030079800630047008000780044
:106ddc00d0a7240035fe0700000f78001e007800b5
:106dec000000e000020032001e0078002b0037008b
:106dfc00be40900080ceb30000c060007040b30075
:106e0c00204798003e0090000000e0000300320094
:106e1c003e009000ae409000014878003e4090004b
:106e2c00ae40900080cf500002003a000000eb0012
:106e3c001a003700ae409000d0a7240039fe07009e
:106e4c00000f78001e0078000000e0000200320005
:106e5c001e007800110037006400470080007800a5
:106e6c00d0a7240011fe0700000f78001e00780048
:106e7c000000e000020032001e007800070037001e
:106e8c00ce4090002e40900080cf50000200320087
:106e9c0050002000010037000000eb000080fa00d9
:106eac00000006000a00fa00400798000040eb00c2
:106ebc0060479800e60047006400470081017800b5
:106ecc0022c0b30080007800700520007dfd070013
:106edc00000f78001e0078000000e0000200320075
:106eec001e0078003b0037006e409000e14f5000d0
:106efc0002003e0010002000360037004e4090008b
:106f0c008080fb005e4090000080fb004800dd00ac
:106f1c0001007000100798001e00900070006000c7
:106f2c000000e00023003a00200220003cfd070096
:106f3c000004a2000004e000020032001000200057
:106f4c00240037004006200021fc0700e600470023
:106f5c00640047008101780022c0b30080007800f3
:106f6c007005200057fd0700000f78001e00780008
:106f7c000000e000020032001e007800150037000f
:106f8c004e4090008080fb005e4090000080fb0033
:106f9c004800dd0001007000100798001e009000f2
:106fac00700060000000e00002003a006000200069
:106fbc00080037004e0090000000e0000400320092
:106fcc00ce00900040052000cffe070001003700e6
:106fdc000000eb000080fa00000006000400fa003c
:106fec000e80e80080007800b0a72400affd0700f9
:106ffc00000f78001e0078000000e0000200320054
:10700c001e007800410037002e409000e14f5000e8
:10701c001800320011c0b300b0a72400c1fd070056
:10702c00000f78001e0078000000e0000200320023
:10703c001e007800350037000e80e80080007800d4
:10704c00b0a7240099fd0700000f78001e007800ff
:10705c000000e000020032001e0078002b00370018
:10706c002e409000e14f50000200320050002000f2
:10707c00260037000e80e80080007800c0a72400ae
:10708c008afd0700000f78001e0078000000e00069
:10709c00020032001e0078001c0037002e409000c9
:1070ac000004e000180032008040eb00c0a7240070
:1070bc009cfd0700000f78001e0078000000e00027
:1070cc00020032001e007800100037000e80e8002d
:1070dc0080007800c0a7240074fd0700000f780022
:1070ec001e0078000000e000020032001e00780054
:1070fc00060037002e4090000004e0000200320031
:10710c0050002000010037000000eb000080fa0066
:10711c00000006000800fa00300798000e80e80016
:10712c00800078000060240097fd0700000f7800b5
:10713c001e0078000000e000020032001e00780003
:10714c002e0037003e0090000000e00003003200eb
:10715c009e0090003e009000010878001e009000f8
:10716c00700060000000e000020032000000eb0044
:10717c00220037001e0090000040a0008000780024
:10718c0000602400a3fd0700000f78001e007800ab
:10719c000000e000020032001e00780017003700eb
:1071ac0064004700800078000060240076fd070032
:1071bc00000f78001e0078000000e0000200320092
:1071cc001e0078000d0037002e009000700060004b
:1071dc000000e00002003a005000200007003700d9
:1071ec003e0090000000e00003003200ae00900072
:1071fc003e009000010878000000eb000080fa00cf
:10720c00000006000400fa00100798000040eb0094
:10721c00004f7800100037001e80fb00000040007b
:10722c009e009000808040001e80fb0082fc2a00a3
:10723c00624078003afc07000004a2000004e00061
:10724c00020032001000200007003700a0002000d0
:10725c005ffb07001e4fe8001e407800e34f500014
:10726c00edff36000000eb000080fa000000060085
:10727c000000fa000003200069fc07000004a200d3
:10728c000004e0000200320010002000080037006b
:10729c00400620004efb070051fe0700e10f500096
:1072ac0002003a000000eb00010037004000200013
:1072bc000080fa00000006000200fa00000f7800bf
:1072cc001e007800e20f500006003200e30f500061
:1072dc0006003200e10f500006003a00c0522a00ae
:1072ec000500370030532a0003003700c0532a0032
:1072fc000100370080542a000080fa0000000600cc
:10730c003800fa00889fbe008a9fbe008c9fbe008a
:10731c000000eb00500798006000b800200f9800a8
:10732c00310f98006000b800400f9800510f980082
:10733c000040eb00405f98000000eb004007980015
:10734c0010c0b30007e8b70000c0eb0008e8b700b6
:10735c00e0ceb30000e8b70000552a006cfd070032
:10736c0010552a006afd07000000eb00700f980012
:10737c007e0047008000780090c0b300e8fb070057
:10738c000004e000190032007e0890005040880094
:10739c007e00470080007800f0c3b300e0fb0700dc
:1073ac000004e000020032007e089000604088007b
:1073bc0020c0b30007e8b70030562a0033fd0700a1
:1073cc005040800083fd070030572a0050fd070015
:1073dc006a004700a4fd0700300798003e009000ab
:1073ec000000e00007003a001100370070572a0037
:1073fc0047fd070010c0b30008e8b70010002000dc
:10740c0098013700005a2a0041fd07004041200036
:10741c0003fc07002067230001fc07004006200046
:10742c00ebfa07006a0047008ffd07003007980051
:10743c005e00900070408800805d2a0013fd0700fc
:10744c005e0090008000eb0042c0b30038fd0700e6
:10745c003e0090000000e00002003a0000552a00b7
:10746c0001003700805e2a0029fd07003e009000d5
:10747c000000e000050032003e0090000040780063
:10748c0008e8b7003e0090007601370030c0b3002a
:10749c0007e8b7006000b8000017980011179800b3
:1074ac00000220000e004000800078004005200003
:1074bc0095fd07000000e0001d003a000e10900042
:1074cc009e109000028220000300200080027800b1
:1074dc00010278008200780003007800818062004d
:1074ec000000620070179800611798006e109000f1
:1074fc00fe109000e00f5000e08f58000c0032009e
:10750c00d05f2a0002fd0700a0632a0000fd0700df
:10751c0070672a00fefc0700306b2a00fcfc070099
:10752c0010042000befb0700007d2000a8fa070015
:10753c00206e2a00d5fc0700a9fd07005eff07009e
:10754c00f3fc0700d3fd0700300798003e009000c5
:10755c000000e00008003200406f2a00ecfc07003d
:10756c004e0090000000e00005003a00be009000c4
:10757c00410798000200370040c0b30007e8b7008d
:10758c007c0047000efe0700300798004e58900014
:10759c0012e8b700a0702a00bcfc07004e589000ff
:1075ac000080fb008000eb0022c0b300e0fc070071
:1075bc003e0090000000e00002003a00f0712a004a
:1075cc0001003700d0722a00d1fc07003e00900069
:1075dc000000e000060032004e0090000000e000c9
:1075ec0005003a00be0090004107980002003700e9
:1075fc0050c0b30007e8b70078fe070030079800ca
:10760c003e0090000000e00002003a0050742a0096
:10761c000100370050772a009cfc070000552a0017
:10762c00bbfc07003e0090000000e00005003200ab
:10763c004e0090000000e00002003a00be009000f6
:10764c00410798000000eb00201798004002200032
:10765c000e0040008000780080c0b30030fb0700b3
:10766c000004e000020032002e109000004188005f
:10767c00740047000bfe0700300798003e00900096
:10768c000000e0000800320000792a00a0fc07008e
:10769c004e0090000000e0007d003a00be0090001b
:1076ac00410798007a00370060c0b30007e8b700c4
:1076bc002e089000be089000a0408800b1408800c1
:1076cc00a07a2a0071fc07002e089000be089000da
:1076dc0000007800640060008000eb00111f98002f
:1076ec00001f98000e1890009e189000e00f50009c
:1076fc00e08f580002003200707b2a000100370036
:10770c00a07b2a0061fc0700e07b2a005ffc0700dd
:10771c002e089000be089000000078006200600007
:10772c008000eb00311f9800201f98002e1890004d
:10773c00be189000e00f5000e08f5800020032009d
:10774c00707b2a0001003700a07b2a004ffc070049
:10775c00407c2a004dfc07002e089000be089000cb
:10776c0000007800680060008006eb0000067800de
:10777c000c00be00e00f5000e08f580002003200f9
:10778c00707b2a0001003700a07b2a0060fc0700f8
:10779c002e089000be089000000078006400600085
:1077ac008005eb00000578000a00be00e00f5000d9
:1077bc00e08f58000a0032002e089000be0890009e
:1077cc0000007800620060008004eb000004780088
:1077dc000800be00e00f5000e08f58002c003a006b
:1077ec006000b800301798004117980078004700e7
:1077fc008000780010052000c3fc07000000e000aa
:10780c0004003a004e089000de089000c04088004a
:10781c00d1408800600220000e00400080007800fb
:10782c0030052000b8fc07000000e00004003a001e
:10783c003e109000ce109000e0408800f14088008f
:10784c00b07c2a0011fc07002e089000be089000a6
:10785c0082c0b30036fc0700207f2a000bfc070017
:10786c004e089000de08900082c0b30030fc070088
:10787c0010802a0005fc07003e109000ce109000ee
:10788c0082c0b3002afc070000552a0020fc070028
:10789c000000eb0050179800a00220000e004000e2
:1078ac001cfe0700300798003e0090000000e0002e
:1078bc0002003a005e10900080408800c0802a00d0
:1078cc00f2fb07005e1090008000eb0042c0b3009a
:1078dc0017fc07003e0090000000e00002003a0098
:1078ec0000822a000100370050832a0008fc0700a0
:1078fc003e0090000000e000050032004e009000b9
:10790c000000e00002003a00be0090004107980021
:10791c006c0047003bfe0700300798003e009000cb
:10792c000000e0001200320000852a00f8fb07007e
:10793c004e0090000000e00003003a003e00900072
:10794c0000407800020037004e00900000407800a4
:10795c0008e8b7004e0090000000e00002003a007a
:10796c003e009000010037004e0090003d003700b3
:10797c0070c0b30007e8b7006000b800008fbe000d
:10798c000040eb00404798001d0037004e4090002f
:10799c000080fb0000004000ec004700008040002d
:1079ac00100078008000eb001e0f40005e9748002e
:1079bc0010872a00b5fb07004e4090000080fb00aa
:1079cc000000e80003fc070090872a00affb0700cb
:1079dc004e4090000080fb0000004000ec0047008f
:1079ec000080400010007800fafb070030572a0096
:1079fc00c7fb07004e4090000040e800404798004d
:107a0c004e409000e34f5000e0ff3600c0872a0044
:107a1c009efb07001e007800eefb070030572a0083
:107a2c00bbfb07004e0090000000e00002003a0093
:107a3c0040882a0001003700f0892a00b4fb0700b7
:107a4c004e0090000000e00002003a0080c0b3003d
:107a5c0007e8b7004e0090000040780008e8b70037
:107a6c004e0090004f06be004f05be004f04be00f6
:107a7c000080fa00000006000800fa0020079800b9
:107a8c00310798000040eb00204798002e00900032
:107a9c0020409000e14f50000b003a002e00900067
:107aac00100078008e80e80000fb0700000f7800c3
:107abc002e4090008080fb003e0090000108780072
:107acc001e007800040037002e0090001000780093
:107adc00be0090002cfb07000080fa00000006009e
:107aec000e00fa0050079800610798000040eb0068
:107afc00104798000040eb00204798000000eb0076
:107b0c00200798000040eb00004f7800370037004a
:107b1c001e80fb004300dd008080e80040922a00bc
:107b2c0000804000104090000080fb00610060006d
:107b3c00004078000004e0000c0032001e80fb00c6
:107b4c004300dd00e400400040922a000080400029
:107b5c00100078000000e00004003a002e40900075
:107b6c000040e800204798001f0037001e80fb00f3
:107b7c00c300dd0040922a0000804000e80047006e
:107b8c00bdff0700300798003e0090000000e000a9
:107b9c00090032002e0090000000e00002003a00c4
:107bac00be009000210798001e4090000040e800a5
:107bbc00104798000c0037001e80fb004300dd00ce
:107bcc00e400400040922a000080400090007800c1
:107bdc004e009000808f5000030032001e40900039
:107bec000040e800104798001e4fe8001e40780047
:107bfc00e64f5000c6ff36009e40900022822000c7
:107c0c0001497800ae409000328220000149780092
:107c1c005e0090000000e000030032005e00900067
:107c2c001e419000024878006e0090000000e000b9
:107c3c00030032006e009000ae40900001487800c6
:107c4c002e0090000080fa00000006000a00fa00e6
:107c5c000000eb00100798000040eb00004f78008c
:107c6c00560037001e80fb00c300dd0040922a0046
:107c7c0000804000200798002e00900030409000bb
:107c8c000080fb0061006000004078000004e00010
:107c9c00040032002e009000200090000000e00054
:107cac004000320068004700800078002e009000f1
:107cbc0071ff0700300798003e0090000000e000c4
:107ccc0005003a002e009000a00090004e0090009d
:107cdc00808f5000350032002e0090002040900024
:107cec00e14f500007003a002e0090002000900059
:107cfc00804078002e0090001000780089fa070070
:107d0c00050037002e009000a00090002e0090007f
:107d1c0010007800bffa0700300798003e00900072
:107d2c000000e000060032001e0090000000e000a1
:107d3c0020003a00be009000110798001e0037008a
:107d4c0068004700800078002e0090004aff070072
:107d5c00300798003e0090000000e0000600320062
:107d6c001e0090000000e00013003a00be009000de
:107d7c0011079800100037002e009000a000900012
:107d8c004e009000808f50000b0032001e009000bf
:107d9c000000e00008003a00500020001007980096
:107dac000500370000000000030037000000000051
:107dbc0001003700000000001e4fe8001e40780054
:107dcc00e64f5000a7ff36001e0090000080fa001e
:107ddc00000006000a00fa000000eb0040079800c3
:107dec00c0952a00cafa0700d0952a00c8fa0700e5
:107dfc000040eb00004f7800470037001e80fb006e
:107e0c00c300dd0040922a0000804000100798005b
:107e1c00b0962a009dfa07001e00900030009000da
:107e2c009afa0700e0962a0098fa07001e009000c4
:107e3c00100078008000eb0042c0b300bcfa0700d1
:107e4c0010972a0091fa07001e0090003040900015
:107e5c000080fb0061006000004078000004e0003e
:107e6c00070032001e009000200090000000e0008f
:107e7c0003003a0050972a00a5fa070025003700a6
:107e8c0066004700800078001e009000fafe070094
:107e9c00200798002e0090000000e0000200320045
:107eac003e0007001b0037001e0090002040900091
:107ebc0000404000004178003e0090008000eb0044
:107ecc009bfa07001e009000a00090003e0090005e
:107edc00808f500003003a0030992a008cfa07007a
:107eec000c00370080992a0068fa07001e009000e9
:107efc002040900000404000004178001e0090009f
:107f0c00200090008000eb0089fa0700c0952a0041
:107f1c007ffa07001e4fe8001e407800e64f500025
:107f2c00b6ff36006600470080007800508e2400b3
:107f3c0015fa07000000e00016003a006800470040
:107f4c008000780080c1b300f5f807000004e00061
:107f5c0010003200a09a2a004cfa07003e00900054
:107f6c009cfa0700e09b2a0048fa07004e0090009c
:107f7c0098fa0700be0090004e009000808f5000d1
:107f8c0002003a00b09c2a0001003700409d2a00f4
:107f9c005ffa07000080fa00000006000000fa00fb
:107fac00309e2a0039fa070000c8bf000080fb0091
:107fbc0088fa0700509f2a0055fa07000080fa0043
:107fcc00000006005e00fa00889fbe008a9fbe007b
:107fdc008c9fbe000000eb00400f98006000b800c2
:107fec0010179800211798000040eb00606798006c
:107ffc00780047008000780090c0b300c8f80700f4
:10800c0070579800a0002000f1f70700c0952a00d7
:10801c003ffa0700709f2a003dfa070070a02a0063
:10802c001afa07007e5090000004e00005003200b0
:10803c004e08900067fa070060a12a0034fa070086
:10804c0001003700d5ff0700a0a12a000ffa070096
:10805c00600220000e00400080007800d0a72400b1
:10806c0092f907000000e0003e003a006e609000bc
:10807c0012e8b7006e6090000080fb008000eb00ff
:10808c0022c0b3002afa070090a22a00fff90700c9
:10809c006e6090000080fb00630060000000e80050
:1080ac004cfa070000a32a00f8f907006e60900054
:1080bc000080fb0063006000e30f50000200320000
:1080cc0060a32a00f1f907006e6090000080fb00ad
:1080dc00640060000000e0000200320010a42a00de
:1080ec000100370060a52a00e8f907006e609000d7
:1080fc000080fb00700060000000e0000200320015
:10810c0070a72a0001003700e0a82a00dff9070059
:10811c0080a92a00ddf907006e6090000080fb004a
:10812c008000eb00820e200003002000800278000b
:10813c0001027800820078000300780081806200e0
:10814c000000620080047800010478000800be0082
:10815c0022c0b300f6f9070060aa2a00ecf9070068
:10816c00010037008dff070080aa2a00c7f907001d
:10817c00200220000e004000800078004005200006
:10818c0061fa07000000e000b9003a001e109000f0
:10819c00ae109000a0408800b140880070ab2a005f
:1081ac00baf907001e109000ae1090000000780085
:1081bc00640060008005eb00000578000a00be003a
:1081cc00e00f5000e08f580002003200c0ab2a00d4
:1081dc0001003700f0ab2a00acf9070030ac2a00e4
:1081ec00aaf907001e109000ae1090000000780055
:1081fc00620060008006eb00000678000c00be00f8
:10820c00e00f5000e08f580002003200c0ab2a0093
:10821c0001003700f0ab2a009cf9070090ac2a0053
:10822c009af907001e109000ae1090000000780024
:10823c00680060008000eb0001279800701f980018
:10824c007e1890008e209000e00f5000e08f5800b8
:10825c0002003200c0ab2a0001003700f0ab2a004c
:10826c008af9070000ad2a0088f907001e1090005b
:10827c00ae10900082c0b300adf90700c0952a0083
:10828c00a3f907000040eb00004f980040ae2a0015
:10829c007ef907000040eb0070479800290037007a
:1082ac007e4090000080fb006600b90080007800e2
:1082bc0040d62a00008040001000be001e11900025
:1082cc00ae119000800278000102780082007800e4
:1082dc000300780081806200000062002027980073
:1082ec00112798001e209000ae209000e00f500047
:1082fc00e08f5800100032000e4890000004e0009f
:10830c000200320040af2a0060f907007e40900066
:10831c000080fb006600b90000007800e40040001b
:10832c0040d62a00008040001000780057f9070062
:10833c0010c0b300004f98007e4090000040e80051
:10834c00704798007e409000f14f5000d4ff3600eb
:10835c000e4890000004e0000200320040af2a00fa
:10836c004af9070070af2a0048f907001cfa070009
:10837c00d1fb070045f9070060aa2a0043f9070062
:10838c001e109000ae10900002022000030020008e
:10839c0080027800010278008200780003007800e7
:1083ac00818062000000620040279800312798000d
:1083bc003e209000ce209000e00f5000e08f58003f
:1083cc0002003200c0af2a0030f907001e109000e6
:1083dc00ae10900002002400030020008002780000
:1083ec0001027800020078008300780000806200af
:1083fc008100620061279800502798005e20900051
:10840c00ee209000e00f5000e08f58000200320088
:10841c0050b22a001df907001e119000ae119000f9
:10842c000000210001002000020278000301780006
:10843c0080017800810078000300620081006100f7
:10844c00012f9800702798007e2090008e289000b5
:10845c00e00f5000e08f580002003200f0b32a0009
:10846c000af90700c0952a0029f907000100370016
:10847c00cafe07000000eb00401798000000eb005c
:10848c005017980060b52a0000f907008002200000
:10849c000e0040008000780050c1b300a0f7070028
:1084ac000004e0001a003200a00220000e00400080
:1084bc008000780040c1b30099f707000004e00089
:1084cc00130032004e10900042f9070050b62a00fb
:1084dc00eef807005e1090003ef90700b0b62a00d7
:1084ec00eaf807004e1090000000e0000300320094
:1084fc005e1090000000e00002003a00f0b62a0086
:10850c00e2f80700c0952a0001f9070001003700c6
:10851c00a2fe070070b92a00dcf8070078004700bb
:10852c0080007800a0c0b3007df707000004e000d5
:10853c000f0032004e089000500798005e0090002b
:10854c000000e00005003d0060ba2a00cff80700eb
:10855c005e0090000000ea00500798005e0090005a
:10856c001cf9070080ba2a00e9f80700010037005f
:10857c008afe070050bc2a00c4f8070078004700a8
:10858c0080007800d0c0b30065f707000004e0005d
:10859c00110032004e0890000ef9070040bd2a0071
:1085ac00baf80700780047008000780000c1b300db
:1085bc005bf707000004e000050032004e08900055
:1085cc0004f9070090bd2a00d1f80700030037001a
:1085dc0072fe07000100370070fe070030bf2a0052
:1085ec00aaf80700780047008000780060c1b3004b
:1085fc004bf707000004e000070032004e08900023
:10860c008000eb0042c0b300c9f80700c0952a00f7
:10861c00bff807000100370060fe070020c02a00e9
:10862c00bbf807000040eb00404f98008d0037006e
:10863c000000eb0060179800a0c22a0093f8070016
:10864c004e4890000080fb006600b90000007800e6
:10865c008080e800e0ea2a000080400010007800ea
:10866c008af80700f0c22a0088f807004e489000ec
:10867c000080fb006600b90000007800e4004000b8
:10868c00e0ea2a000080400010407800e34f5000e0
:10869c0015003a000040eb00606f98004e489000c7
:1086ac000080fb006600b90080007800e0ea2a0038
:1086bc000080400010007800e10220008e80400015
:1086cc00faf7070000f0a7000000ea000000e9003c
:1086dc004f00de00504f98006e6890000080fb0049
:1086ec00601798000f0037004e4890000080fb0088
:1086fc006600b90080007800e0ea2a0000804000a3
:10870c0010007800c10220008e8040001ef8070087
:10871c0000f0a7000000ea000000e9004f00de00b6
:10872c00504f98005e4890000004a2000004e00046
:10873c000200320019fe0700470037004e48900037
:10874c000080fb006600b90000007800e4004000e7
:10875c00e0ea2a000080400010407800e14f500011
:10876c000a0032004e4890000080fb006600b90001
:10877c0000007800e4004000e0ea2a00008040009d
:10878c0010407800e24f50002f003a004e48900005
:10879c000080fb006600b90000007800e400400097
:1087ac00e0ea2a000080400010407800e14f5000c1
:1087bc0005003a006e1090008000780040552f00a4
:1087cc0000804000010037006e1090007007980088
:1087dc007e0090000000e00005003d0060ba2a0019
:1087ec002af807007e0090000000ea00700798004d
:1087fc007e019000706626000090b900c288de00f1
:10880c004f90de000080500072f8070020c32a0051
:10881c001ef80700fe009000706626000089b90063
:10882c004299de004f88de00000051006a01b90059
:10883c00020078000080500066f8070040c32a0050
:10884c0033f80700040037006e10900061f8070041
:10885c0060a12a002ef807004e4890000040e80066
:10886c00404f98004e489000f04f500070ff36007b
:10887c0070c32a0005f80700000320000e0040001a
:10888c0080007800100520009ff807000000e00031
:10889c0012003a000e1890009e189000c0408800fc
:1088ac00d14088000e1890009e18900082c0b30032
:1088bc001ff807000e1890009e189000e00f500053
:1088cc00e08f58000200320060c42a00010037001b
:1088dc0000c62a000ef8070001003700affd0700a4
:1088ec00a0c62a00e9f70700000320000e00400094
:1088fc00800078003005200083f807000000e000bd
:10890c0012003a000e1890009e189000e04088006b
:10891c00f14088000e1890009e18900082c0b300a1
:10892c0003f807000e1890009e189000e00f5000fe
:10893c00e08f580002003200f0b32a00010037002b
:10894c0000c62a00f2f707000100370093fd07006c
:10895c0090c72a00cdf707000040eb00407f98003d
:10896c00c10320008e804000400320000e00400018
:10897c008101780082c0b30080007800500520008f
:10898c00d0f607000000e0009c003a004e78900002
:10899c000004e000990032006000b800100f98004d
:1089ac00210f980010c0b300605798000040eb00f6
:1089bc00005798001d0037000e5090000080fb00ff
:1089cc0000004700407090000081fb008001eb002c
:1089dc000e5090000080fb004300dd000002780088
:1089ec00f002120004003b008502ea008510dd0055
:1089fc000000eb00040037008512de000410dd00df
:108a0c008418dd00818072001e099000ae09900070
:108a1c000000710081807100100f9800210f9800e8
:108a2c000e5090000040e800005798004e789000df
:108a3c008e50900080cf5000030031000e509000fb
:108a4c00e34f5000dcff36004e789000e34f5000af
:108a5c0003003e004e7890000040400001003700bb
:108a6c0080c0b300004178001e089000ae08900052
:108a7c00aff7070080c82a0084f707000040eb001e
:108a8c00005798002a0037000e5090000080fb0021
:108a9c006600b9008000780060f52a000080400074
:108aac001001be001e089000ae0890000202780073
:108abc0003017800800178008100780003006200d7
:108acc0081006100212f9800102f98001e28900023
:108adc00ae289000e00f5000e08f580011003200db
:108aec006e5090000004a2000004e000020032006e
:108afc0040af2a0065f707000e5090000080fb0085
:108b0c006600b90000007800e400400060f52a001f
:108b1c0000804000100078005cf707000040eb007c
:108b2c00605798000e5090000040e80000579800e5
:108b3c000e509000f24f5000d3ff36006e50900054
:108b4c000004e00002003200c0c82a004ff7070002
:108b5c0060aa2a004df707001e099000ae0990008c
:108b6c0000002100010020000202780003017800bf
:108b7c0080017800810078000300620081006100b0
:108b8c00412f9800302f98003e289000ce2890005e
:108b9c00e00f5000e08f58000200320010c92a008c
:108bac003af707001e099000ae0990000000220061
:108bbc000100200002027800030178008001780097
:108bcc00810078000300620081006100612f980031
:108bdc00502f98005e289000ee289000e00f500077
:108bec00e08f580002003200a0ca2a0027f70700c5
:108bfc00c0952a0046f7070001003700e7fc070084
:108c0c0030cc2a0021f7070078004700800078005c
:108c1c0080c0b300c2f507000004e000250032005c
:108c2c004e089000004188004e08900080007800ab
:108c3c0040552f0000804000200798002e00900027
:108c4c000000e00005003d0060ba2a000ff70700a5
:108c5c002e0090000000ea00200798002e019000e2
:108c6c00706626000090b900c288de004f90de00ce
:108c7c000080500057f7070020c32a0003f70700b5
:108c8c00ae009000706626000089b9004299de00a3
:108c9c004f88de00000051006a01b9000200780024
:108cac00008050004bf7070040c32a0018f707005c
:108cbc0001003700b9fc07007a00470051f90700a2
:108ccc000000e0002c003a006000b800008fbe00ed
:108cdc000040eb00604798001d0037006e4090008c
:108cec000080fb0000004000fa00470000804000bc
:108cfc00100078008000eb001e0f40005e974800cb
:108d0c0020cd2a00e1f607006e4090000080fb00a9
:108d1c000000e8002ff70700a0cd2a00dbf60700c3
:108d2c006e4090000080fb0000004000fa004700fd
:108d3c00008040001000780026f7070060a12a0090
:108d4c00f3f607006e4090000040e8006047980082
:108d5c006e409000e34f5000e0ff360010ce2a002a
:108d6c00caf607001e0078001af7070060a12a0057
:108d7c00e7f607000300370000cf2a00c3f6070010
:108d8c0086fc0700104080000000e0000600320066
:108d9c00f0cf2a00bdf60700104080000df7070049
:108dac00c0952a00daf607004f06be004f05be003c
:108dbc004f04be000080fa00000006000000fa001c
:108dcc000600fc0011028000f141b2001102880083
:108ddc000080fa00000006000200fa00004f780044
:108dec001e417800218a2000824878000080fa0019
:108dfc00000006000200fa000000eb00000f7800f3
:108e0c0007003700f0e124009e007800808f5000ae
:108e1c000a003e00000000000060fe001e0fe8008b
:108e2c00113a8000000027008080600000002200c2
:108e3c00808f5000f3ff3a00010037000000000063
:108e4c000080fa00000006000400fa0010079800e9
:108e5c00160037000000eb00000f78000900370007
:108e6c001e0fe800f07022009e007800808f5000ea
:108e7c0013003e00000a200001002000251107000d
:108e8c000060fe00400f07000004a2000004e00098
:108e9c00f3ff3a001e009000104078009e009000f6
:108eac008100e800110798001f0f07001e009000ba
:108ebc00104078000004e000e6ff3a0001003700a3
:108ecc00000000000080fa00000006000400fa0018
:108edc00204798000000eb00000f780009003700d5
:108eec001e0fe800f07022009e007800808f50006a
:108efc000b003e00000a20000100200005110700b5
:108f0c000060fe00200f07000004a2000004e00037
:108f1c00f3ff3a002e409000030f070001003700ca
:108f2c00000000000080fa00000006000200fa00b9
:108f3c00000f78003d68ef001e0078000000e00094
:108f4c00100032001e007800bfff07000e00370033
:108f5c005116800000402000008060000000e000fe
:108f6c0003003a0068060700cd82a800cda2a90034
:108f7c000060fe000010270021002000e510070013
:108f8c0001003700000000003dc8bf000004a20033
:108f9c000004e000eeff3a00e0692900aaff070098
:108fac003ec8bf000080fa00000006001600fa0060
:108fbc00881f7800100f9800210f98000040eb00dc
:108fcc00004f78001e089000ae089000e00f500093
:108fdc00e08f580009003d00d0c2b300bbff070072
:108fec001e089000ae08900060001000e080180091
:108ffc001007980021079800040037001e09900004
:10900c00ae09900012079800230798001e84fb00fd
:10901c001e009000ae009000a20020000300200073
:10902c0031e00700004078000043b0008040780039
:10903c0008004700614098001e4fe8001e00900099
:10904c00ae009000a20020000300200016e00700f4
:10905c0010079800210798001e009000ae009000a9
:10906c00e00f5000e08f5800e8ff3a000500370091
:10907c001e4fe9001e80fb0000004700604090007e
:10908c0092ff07001e4078000004e000f8ff3a0051
:10909c004f0478000080fa00000006000e00fa0071
:1090ac00600798006e009000cf80de008270200078
:1090bc000289b900020178006003b90086017800ca
:1090cc0003014100837020000300b800010141003e
:1090dc0082007800e00f5000e08f580004003d0043
:1090ec00f2ff2100030020000000410081804900b4
:1090fc004309dd004d02de0004027100cd8ade0062
:10910c0024079800350798002e009000be009000b0
:10911c00a200200003002000c2df070040079800d7
:10912c00510798002e009000be009000a200200075
:10913c0003002000cddf0700008fbe001e00be0024
:10914c00e00f5000e08f580004003d001e00be00f0
:10915c0060001000e0801800008fbe002e00900010
:10916c00be009000e00f5000e08f580007003d005b
:10917c004e009000de009000e00f5000e08f580091
:10918c0002003a00d0c2b30050ff07004e0090001e
:10919c00de00900085ff0700e0c2b3004bff070024
:1091ac001e00be0081ff07000080fa0000000600d0
:1091bc000e00fa00106a290023ff070004050700bf
:1091cc000004a2000004e00017003200806b2900ac
:1091dc001dff0700007329001bff07003d68ef000f
:1091ec000c00370051168000004020000080600009
:1091fc000000e00003003a00c3050700cd82a80080
:10920c00cda2a9000060fe00001027002100200064
:10921c00401007003dc8bf000004a2000004e0009d
:10922c00f0ff3a006d0037005075290006ff07006b
:10923c003d68ef00010037000000000074050700d6
:10924c00c0aa2000fd0f070010079800e0aa20001c
:10925c00fa0f07002007980000ab2000f70f07005b
:10926c003007980020ab2000f40f0700400798004f
:10927c0040ab2000f10f070050079800407b2900fd
:10928c00f1fe07001e009000cf80de0047ff0700b4
:10929c00907b2900ecfe07002e009000cf80de00b2
:1092ac0042ff0700e07b2900e7fe07003e0090002c
:1092bc00cf80de003dff0700307c2900e2fe070076
:1092cc004e00900075ff0700d07c2900defe0700e1
:1092dc005e00900071ff0700507d2900dafe070048
:1092ec000040eb00004f78000d0037005116800055
:1092fc0000402000008060000000e00003003a0005
:10930c0081050700cd82a800cda2a9000060fe0057
:10931c000010270021002000fe0f07001e4fe80060
:10932c0030c6b3009e40780080cf500004003e0051
:10933c003dc8bf000004a2000004e000ebff3a00af
:10934c003dc8bf000004e000bbff3200e1832000f9
:10935c0091407800414f98003d68ef00ce48900056
:10936c0030c6b30080cf500004003200ce489000cd
:10937c0030c4b30080cf500016003a00b1418000d9
:10938c001e00900000805000b0418800c141800058
:10939c002e00900000805000c04188003a28ef0059
:1093ac00b041800071b12000930f0700c0418000d4
:1093bc0091b12000900f0700d0418000b1b1200086
:1093cc008d0f0700c07d29009ffe070000000000e4
:1093dc009aff3700b07e29009bfe07000080fa0040
:1093ec00000006000400fa000040eb00004f78007b
:1093fc000040eb0010479800b080290092fe070057
:10940c00c502a9003d68ef003f0037000060fe0078
:10941c005116800000402000008060000000e00039
:10942c0003003a0038050700cd82a800cda2a900a0
:10943c00101680006100600000f0a7000000ea0038
:10944c000000e9004f00de00204798001016800055
:10945c006200600000f0a7000000ea000000e900d4
:10946c004f00de00304798002e4090000004e000d2
:10947c0002003200cc82a90001003700cc82a80087
:10948c003e4090000004e00002003200d442a900eb
:10949c0001003700d442a8002e4090009e4f50008f
:1094ac00090032002e4090000004e000020032005f
:1094bc002089290001003700808a290062fe0700fc
:1094cc00ae409000014f7800be4090001e409000ce
:1094dc0080cf5000090032003e4090000004e000b4
:1094ec0002003200d08b290001003700308d29009a
:1094fc0055fe0700be409000114798000010270051
:10950c0021002000830f07003dc8bf000004a2000b
:10951c000004e000bdff3a00cc82a800d442a800b1
:10952c00c502a800808e290047fe07000080fa00c3
:10953c00000006000000fa0017e2a9009a40a900fa
:10954c009a20a9008a40a9008a20a900c842a80034
:10955c00c862a8000080fa00000006000400fa00af
:10956c000000eb00000f78000000eb0010079800e3
:10957c00d090290034fe0700eeff070090b52900bb
:10958c0031fe070050168000640060000000e0000f
:10959c0002003200c0b629000100370030b72900a4
:1095ac0029fe0700b0b8290027fe070050168000de
:1095bc00680060000000e00002003200c0b6290024
:1095cc000100370030b729001ffe0700e0b9290061
:1095dc001dfe07003d68ef00010037000000000091
:1095ec005116800000402000008060000000e00068
:1095fc0003003a00c4040700cd82a800cda2a90044
:10960c003dc8bf000004e000500032003ec8bf005f
:10961c000080fb0031032000810f50001d00320040
:10962c0031032000810f500004003c002103200076
:10963c00810f500008003200430037004103200026
:10964c00810f50002200320051032000810f500086
:10965c002e0032003c003700601680004400de0013
:10966c00614060000004a200614060000080fb00cb
:10967c00610060004400dd00611680000140a10023
:10968c000100700060168800b0bc2900eefd0700d8
:10969c002d003700a01680004200de006140600003
:1096ac000004a200614060000080fb0061006000cb
:1096bc004200dd00a11680000120a1000100700015
:1096cc00a0168800d0bd2900dffd07001e00370062
:1096dc00201680004800de00614060000004a200fb
:1096ec00614060000080fb00610060004800dd000c
:1096fc00211680000180a100010070002016880056
:10970c00e0be2900d0fd07000f0037006016800076
:10971c004b00de00614060000004a200614060006c
:10972c000080fb00610060004b00dd0061168000d2
:10973c0001b0a1000100700060168800e0bf290094
:10974c00c1fd0700000000003d68ef000060fe0056
:10975c000010270021002000ee0e07001e0fe8006d
:10976c00f07621009e007800808f50009bff360021
:10977c000000eb00000f78001e0090000000e800d5
:10978c0010079800e0c02900affd07001e009000f4
:10979c008000eb0005fe070090c12900aafd070020
:1097ac008fff37000000fa0000c22900a6fd070059
:1097bc0080c42900a4fd0700e0c62900a2fd070013
:1097cc00f00f200001002000f8fd070040c8290020
:1097dc009dfd0700f00f200001002000f3fd0700a5
:1097ec0060c8290098fd070040c9290096fd0700b4
:1097fc000080fa00000006000600fa0040479800be
:10980c004e4090000080fb006101b90000fd2f006c
:10981c00f1ff2f000200400083804800320420003a
:10982c0003002000820f5000838f5800d4003e00ac
:10983c000060010043003700440037007f00370010
:10984c008d0037009b003700a9003700b7003700a8
:10985c00b8003700c6003700cb003700ca0037000d
:10986c00c9003700c8003700c7003700c6003700f2
:10987c00c5003700c4003700c3003700c2003700f2
:10988c00c1003700c0003700ac003700be00370005
:10989c00bd003700bc003700bb003700ba003700f2
:1098ac00b9003700b4003700b7003700b6003700f6
:1098bc00b5003700b4003700b3003700b2003700f2
:1098cc00a0003700b0003700af003700ae00370003
:1098dc00ad003700ac003700ab003700aa003700f2
:1098ec00a9003700a8003700a7003700a6003700f2
:1098fc00a5003700a4003700a3003700a2003700f2
:10990c00a1003700a00037008c0037009e00370004
:10991c009d0037009c0037009b0037009a003700f1
:10992c0099003700940037009700370096003700f5
:10993c0095003700940037009300370092003700f1
:10994c00800037009ff90700900037000040eb00c3
:10995c00204798000040eb003047980050ef29005a
:10996c0039fd070005f207000004a2000004e00026
:10997c000300320000f5290033fd07008300370097
:10998c005ff60700000f78001e0078000000e00072
:10999c0002003200d0f729002bfd0700abf80700be
:1099ac000000e0000200320000fb290026fd070049
:1099bc00e30047000e80e80049f80700b0fd2900dd
:1099cc0021fd07002e4090000004e0000900320049
:1099dc0030002a001cfd07002e4090000080fb0088
:1099ec008000eb0071fd070000032a0016fd070044
:1099fc000e0037003e4090000004e00009003200e9
:109a0c0070052a0010fd07003e4090000080fb000e
:109a1c008000eb0065fd0700c0072a000afd070067
:109a2c000200370060092a0007fd0700e9f807006b
:109a3c00f00e2a0004fd07005400370050112a00d4
:109a4c0001fd0700601680004400de0061406000ec
:109a5c000004a200614060000080fb006100600017
:109a6c004400dd00611680000140a100010070007f
:109a7c00601688004500370050152a00f2fc0700dc
:109a8c00a01680004200de00614060000004a200cd
:109a9c00614060000080fb00610060004200dd005e
:109aac00a11680000120a10001007000a016880002
:109abc003600370040192a00e3fc0700201680000e
:109acc004800de00614060000004a20061406000bc
:109adc000080fb00610060004800dd002116800062
:109aec000180a100010070002016880027003700bb
:109afc00e01c2a00d4fc0700601680004b00de003e
:109b0c00614060000004a200614060000080fb0026
:109b1c00610060004b00dd006116800001b0a10007
:109b2c000100700060168800180037002dfe070039
:109b3c00160037009efd07001400370087fe070053
:109b4c001200370020222a00bffc07007f05070007
:109b5c000004e00003003200a0242a00bafc070035
:109b6c000a003700f0252a00b7fc07000700370071
:109b7c0010c0b3000600370020c0b300040037004b
:109b8c000000000001003700000000000040eb0066
:109b9c000080fa00000006000200fa000100370005
:109bac0000000000fffe07000000eb00dffc0700d8
:109bbc0011ff0700004f78001e4078000004e00001
:109bcc00f7ff32001e4078000080fa00000006000b
:109bdc000000fa00cd82a800faf8070070272a00ce
:109bec0099fc0700511680000040200000806000a6
:109bfc000000e00003003a0043030700cd82a800f8
:109c0c00cda2a9000060fe0000502300c10020007e
:109c1c00c00d0700f3ff37000a00fa00003a80007d
:109c2c006100600000f0a7000000ea000000e900fd
:109c3c004f00de00404798004e4090000004e000ca
:109c4c0004003200c142a900c542a800d022a900dc
:109c5c00d422a8009c0d070066fc0700d442a80083
:109c6c00cc82a8007068ef007168ef007268ef009a
:109c7c007428ef007628ef007868ef002628ef00b4
:109c8c002828ef002a28ef002c28ef002e68ef0080
:109c9c0080b220008040eb00014878007903070077
:109cac0083030700a0c0b3008a030700c40a07009f
:109cbc00c942a800c142a900d022a900c542a800ef
:109ccc004e4090000004e00002003200d422a800b4
:109cdc0001003700d422a900cd82a800cda2a90092
:109cec004007a9004027a9006040a9006060a900b6
:109cfc008780a9008780a9009780a9008660a900a9
:109d0c000060fe008780a9008780a9009780a900c9
:109d1c008660a90029fc07005a0307007368ef004e
:109d2c007068ef000040eb0050479800000c0700f3
:109d3c00d482a80000d0270001002000750d070078
:109d4c00600b070000d0270001002000710d0700f8
:109d5c008560a9009560a80070292a003afc0700cc
:109d6c00ed0407000004e00003003200202b2a0061
:109d7c0035fc070003003700b02d2a0032fc070029
:109d8c005c0c070060b2200080c0eb00014878003a
:109d9c0050b2200080c0eb000148780070b1200068
:109dac00260d0700b041880090b12000230d07005c
:109dbc00c0418800b0b12000200d0700d0418800c0
:109dcc00ef0407000004a2000004e00009003200c8
:109ddc00de0407000004e0000300320000312a001a
:109dec0019fc070005003700d0322a0016fc0700ca
:109dfc000200370050352a0013fc0700d022a900be
:109e0c00d422a80000502300c1002000410d0700ff
:109e1c0061ff0700e24f500001003a006cff0700a1
:109e2c00c502a800d5f007000004e00003003200d2
:109e3c00d0372a0004fc07000200370040392a0002
:109e4c0001fc07000040eb00004f78001d003700bc
:109e5c00601680004c00de00614060000004a2002f
:109e6c00614060000080fb00610060004c00dd0080
:109e7c006116800001c0a10001007000601688000e
:109e8c00601680004d00de00614060000004a200fe
:109e9c00614060000080fb00610060004d00dd004f
:109eac006116800001d0a1000100700060168800ce
:109ebc0000202100a1072000160d07000060fe0005
:109ecc001e4fe8001e407800e94f5000e0ff3600be
:109edc00cda2a900cd82a900e80047006700470089
:109eec00fff607007e4090000004e0000500320001
:109efc0003f5070055f70700e80047006700470027
:109f0c00f7f607007e4090000004e00003003200ea
:109f1c001000200010079800080037000e48900031
:109f2c000004e000030032000000eb001007980072
:109f3c00020037002000200010079800cd82a800f6
:109f4c00cda2a9001ff80700a2f707000040eb0004
:109f5c00604798001e009000e10f500003003a008b
:109f6c00cd82a900cda2a800050037001e009000ec
:109f7c00e20f500002003200cd82a800cda2a80052
:109f8c0000f0290041022000e20c07000060fe00f6
:109f9c00803b2a00acfb0700003e2a00aafb07000e
:109fac00a0402a00a8fb070010432a00a6fb0700cc
:109fbc00b0452a00a4fb070000492a00a2fb0700b9
:109fcc00c502a900030037000000000001003700a3
:109fdc00000000000060fe001016800061006000b0
:109fec000000e00004003a00504c2a0096fb0700e9
:109ffc00cc82a90001003700cc82a800101680008a
:10a00c00620060000000e00004003a00d442a900a5
:10a01c00704e2a008cfb070001003700d442a800c8
:10a02c0010168000610060000000e000e6ff3a00be
:10a03c0010168000620060000000e000e4ff3a00af
:10a04c00d442a800cc82a80080502a007efb0700d6
:10a05c001e009000e10f500003003a00cd82a900d1
:10a06c00cda2a800050037001e009000e20f5000a2
:10a07c0002003200cd82a800cda2a800d4fe0700b9
:10a08c00b4ff37000000fa00d462a80000102700cb
:10a09c00210020009f0c0700d462a9000080fa0068
:10a0ac00000006000000fa006040a9006060a900f2
:10a0bc008780a9008780a9009780a9008660a900e5
:10a0cc00d4c2a900cd02a800001027002100200056
:10a0dc00900c0700cd02a9000400370000102700e7
:10a0ec00210020008b0c07000060fe001116800080
:10a0fc0000202000008060000000e000f7ff32002c
:10a10c00d4c2a8001000370000a026008101200056
:10a11c00800c07000060fe00601680004c00de0022
:10a12c00614060000004a200614060000080fb0000
:10a13c00610060004c00dd006116800001c0a100d0
:10a14c0001007000601688001116800000202000ad
:10a15c00008060000000e000ebff3a00cd82a90017
:10a16c001000370000a0260081012000690c0700b8
:10a17c000060fe00601680004c00de006140600054
:10a18c000004a200614060000080fb0061006000e0
:10a19c004c00dd006116800001c0a10001007000c0
:10a1ac0060168800111680000020200000806000de
:10a1bc000000e000ebff3200dd0a07000080fa002f
:10a1cc00000006000200fa00cda2a9000040eb003e
:10a1dc00004f7800110037000060fe000050230093
:10a1ec00c10020004b0c0700601680004900de0007
:10a1fc00614060000004a200614060000080fb0030
:10a20c00610060004900dd00611680000190a10032
:10a21c0001007000601688001e4fe80070ccb3007f
:10a22c009e40780080cf5000ebff3600cd22a90075
:10a23c00d422a8002a28ef002c28ef0012003700a7
:10a24c005116800000402000008060000000e000fb
:10a25c0007003a00504180006141800061004000dd
:10a26c00e0804800504188006141880002003700be
:10a27c002a28ef002c28ef0000502300c1002000fa
:10a28c00240c07000060fe005241800063418000f6
:10a29c009000200001002000800f5100818f590098
:10a2ac00e7ff3600100037000060fe00005023006e
:10a2bc00c1002000170c0700601680004c00de0067
:10a2cc00614060000004a200614060000080fb005f
:10a2dc00610060004c00dd006116800001c0a1002f
:10a2ec0001007000601688005116800000402000ac
:10a2fc00008060000000e000ebff3200cd82a9007e
:10a30c00d422a9000080fa00000006000000fa0028
:10a31c0000e8230001002000fe0b07000080fa007b
:10a32c00000006000400fa00000f780011079800e6
:10a33c001100370000e8230001002000f50b070096
:10a34c000060fe001e00900000f0a7000000ea0074
:10a35c000000e9004f00de00004078009e009000f5
:10a36c008100e900110798000004e00002003200af
:10a37c000040eb00050037001e007800100078004c
:10a38c00e10f5000ebff320010c0b3000080fa0068
:10a39c00000006000800fa0040479800514798005a
:10a3ac006247980010002000000f7800de409000fb
:10a3bc0021479800ee409000314798004e409000a5
:10a3cc008080fb000e80e8008e017800010178008f
:10a3dc0021c0b30099040700210320000e0078006f
:10a3ec00d0ff07000004e000050032001e007800da
:10a3fc00e20f500002003a0010002000010037006c
:10a40c000000eb00004078000080fa00000006001d
:10a41c001400fa00604f9800714f9800020f9800da
:10a42c002357980010002000000f78006e48900011
:10a43c000081fb00ef0047000e80e80082017800ed
:10a44c0012c0b300030507006e4890008080fb002b
:10a45c000e80e80066004000810178002e519000cb
:10a46c008e089000e30407000e80e8000e017800cf
:10a47c008000780020c0b300a20407002103200054
:10a48c000e007800a7ff07000004e0000500320072
:10a49c001e007800e20f500002003a0010c0b3001a
:10a4ac002900370010002000000f78006e48900043
:10a4bc008080fb006f0047008e017800010178005e
:10a4cc0011c0b3005d040700210320000e007800ca
:10a4dc0094ff07000004a2000004e00003003a000f
:10a4ec001e007800e20f5000020032000040eb002a
:10a4fc001500370010002000000f78006e48900007
:10a50c000080fb008e01780000017800ae509000b6
:10a51c000e08900062040700210320000e00780052
:10a52c0080ff07000004e000050032001e007800e8
:10a53c00e20f500002003a0010002000010037002a
:10a54c000000eb00004078000080fa0000000600dc
:10a55c000400fa00004f7800114798001207980089
:10a56c0013c0b3001e0190009e4090001e40780066
:10a57c00a7ff07000080fa00000006000200fa00a6
:10a58c000040eb00004f7800a2c8bf000e0178001d
:10a59c00f1c0b300eeff07000004a2000004e000cd
:10a5ac00020032000040eb00070037009e407800ac
:10a5bc0040c4b30000c068000080fb000000e9004c
:10a5cc004f00de00004078000080fa00000006001a
:10a5dc000000fa0060ac200011cab30001487800fa
:10a5ec0080c1b300a2e8b700218a20009140780016
:10a5fc0070ac200001487800a2c8bf000041eb00fd
:10a60c0001c2b30063ff07000004a2000004e000d5
:10a61c000500320090ac200001ccb300014878005a
:10a62c000040eb0028003700a2c8bf00c2c0b30036
:10a63c0011c2b30057ff07000004a2000004e000a1
:10a64c000500320080ac200021ccb300014878001a
:10a65c000040eb001c003700a2c8bf0042ccb30086
:10a66c0051c2b3004bff07000004a2000004e0003d
:10a67c000500320090ac200011ccb30001487800ea
:10a68c000040eb0010003700a2c8bf0042c2b3006c
:10a69c0001c2b3003fff07000004a2000004e00069
:10a6ac000500320090ac200011ccb30001487800ba
:10a6bc000040eb0004003700a0ac20008040eb0011
:10a6cc000148780010c0b3000080fa0000000600ba
:10a6dc000c00fa00300798004107980052079800c8
:10a6ec00a2c8bf0063c0b3000e01780081c2b300e2
:10a6fc0047ff07000004a2000004e0000200320043
:10a70c000040eb002b0037001e4090000080fb0047
:10a71c00c800dd001e4078000080fb0001007000c6
:10a72c00800078003e009000010878003e409000c8
:10a73c000080fb00c800dd002e4090000080fb0074
:10a74c0001007000800078004e0090000108780035
:10a75c005e4090000080fb00c800dd004e40900081
:10a76c000080fb0001007000800078005e0090000b
:10a77c00010878003e00900010007800c280de00d6
:10a78c003e009000010878004e0090001000780008
:10a79c00c280de004e009000010878005e00900040
:10a7ac0010007800c280de005e0090000108780086
:10a7bc0010c0b3000080fa00000006000400fa008c
:10a7cc00204798000040eb00004f780013c0b30006
:10a7dc000e017800f1c0b3002e4090000cff070072
:10a7ec000004e000060032009e40780040c4b30034
:10a7fc0080cf500002003a0010002000010037000a
:10a80c000000eb00004078000080fa000000060019
:10a81c000a00fa000060fe0068014700e4004700ef
:10a82c0066004700aaff07000004e0001500320094
:10a83c00ae009000b04180000080400020079800de
:10a84c00be009000c041800000804000300798009e
:10a85c004e0090000000ea00400798002e00900087
:10a86c00c1aa2000640a07003e009000e1aa200063
:10a87c00610a07004e00900001ab20005e0a070041
:10a88c0012003700c0aa200080c0eb0001487800fd
:10a89c00d0aa200080c0eb0001487800e0aa20007c
:10a8ac0080c0eb0001487800f0aa200080c0eb00cb
:10a8bc000148780000ab200080c0eb000148780014
:10a8cc0010ab200080c0eb00014878004e019000d6
:10a8dc00be0090002e0090008e81e80003027800ec
:10a8ec008e017800de0507001e00780021ab2000e9
:10a8fc00410a07001e00900041ab20003e0a0700f1
:10a90c000080fa00000006000200fa000040eb0094
:10a91c00004f78000040eb00150007000004e00039
:10a92c0011003200d422a900c542a9000100370051
:10a93c00000000000060fe0000502300c100200059
:10a94c00740a07001e4fe8001e407800fd4f5000af
:10a95c00f7ff360040e7a8004007a8004027a800f2
:10a96c000060fe00feff37000080fa0000000600c9
:10a97c000400fa00204798000040eb00004f7800dc
:10a98c000040eb0010479800120037001e4fe80003
:10a99c000060fe00cd82a800cda2a90000a0260078
:10a9ac00810120005b0a0700cda2a800cd82a9007e
:10a9bc0000502300c1002000560a07001e407800fa
:10a9cc00e54f50000300360010c0b300104798004c
:10a9dc000500370051168000004020000080600008
:10a9ec000000e000e9ff32002e4090000004e0007f
:10a9fc0005003200c542a800d422a800cd82a800d0
:10aa0c00cda2a90002003700cda2a800cd82a900da
:10aa1c0000502300c10020003e0a0700040037004c
:10aa2c000060fe0000502300c1002000390a07001e
:10aa3c005116800000402000008060000000e00003
:10aa4c00f7ff320000502300c1002000310a07003c
:10aa5c00040037000060fe0000502300c1002000fd
:10aa6c002c0a070051168000004020000080600076
:10aa7c000000e000f7ff32001e4090000080fa005a
:10aa8c00000006000000fa000a21ef00f009200087
:10aa9c007008880000002800900888008e21ef00c4
:10aaac008c21ef009021ef000080fa0000000600de
:10aabc000000fa00e0002000800c88000080fa0002
:10aacc00000006000000fa009021ef000080fa0060
:10aadc00000006000200fa00004f780000cab30024
:10aaec009e40780080cf50000200360000cab300b0
:10aafc00004f78001e80fb00600c88000080fa007c
:10ab0c00000006000200fa00cd82a900cda2a80028
:10ab1c000060fe0023c0b3000e01780091c0b300aa
:10ab2c0060c3b3003afe07000060fe009e40900038
:10ab3c0000ab2000014878009e40780010ab20004c
:10ab4c0001487800cd82a800cda2a9000080fa00af
:10ab5c00000006000000fa00cd82a900cda2a800da
:10ab6c002bff0700cd82a800cda2a9000080fa001f
:10ab7c00000006000400fa00204798000040eb009b
:10ab8c00004f78000500370000a02600810120004e
:10ab9c00e00907000060fe001e4fe8002e40900008
:10abac009e40780080cf5000f7ff39000080fa00fb
:10abbc00000006000a00fa003007980041079800d0
:10abcc000080eb00000f78000000eb0010079800ed
:10abdc001f003700be0090001e0090000080400057
:10abec00104078000080fb004800dd001e0f68005c
:10abfc000040eb00404798000f0037001e00780023
:10ac0c000000e00006003d001e007800000040003f
:10ac1c008000780010022100008f680003003700cc
:10ac2c001e00780000004000000f78004e4090009d
:10ac3c000040e800404798004e409000e74f50001d
:10ac4c00eeff36001e0090000000e8001007980090
:10ac5c009e0090004e009000808f5000ddff390068
:10ac6c001e0078000080fa00000006000600fa00c2
:10ac7c00008fbe00220798002e0090008000eb0091
:10ac8c003e014000ae8148000200be007d0407007a
:10ac9c000080fa00000006001a00fa00100f98005d
:10acac00210f9800320f9800430f98000001eb0021
:10acbc001e089000ae089000ecff070010079800eb
:10accc009e009000305c2a00808f50000200320001
:10acdc000040eb004c003700220020001e089000c2
:10acec00ae089000e1ff07008000eb002007980001
:10acfc0031079800420020001e089000ae0890001a
:10ad0c00daff07008000eb0040079800510798001d
:10ad1c00620020001e089000ae089000d3ff0700d0
:10ad2c0060079800820020001e089000ae0890007a
:10ad3c00ceff070070079800ee0090000020200066
:10ad4c00808f5000020032000040eb002e003700d4
:10ad5c000000eb00000f7800140037009e00780014
:10ad6c0070804000000178001e089000ae08900032
:10ad7c00beff0700000f98003e0890001e00400028
:10ad8c008e08900081407800014878001e00e80091
:10ad9c00be089000008040008e089000c808de00bd
:10adac0081407800014878001e8fe800f01f2000d9
:10adbc009e007800808f5000e8ff360001202000b4
:10adcc003e0890007bff0700fe009000810f5000b2
:10addc00020032000040eb000b0037004e009000e8
:10adec00de009000c001dd00020020002e0090006b
:10adfc00be00900000007100818071004e0990002f
:10ae0c000089be0010c0b3000080fa0000000600ec
:10ae1c000a02fa006000b80010079a0021079a0095
:10ae2c006000b80030079a0041079a0021202000ea
:10ae3c008e8040000e80e8008101780000017800cf
:10ae4c0000002a000100200093ff0700004f78004b
:10ae5c00602020000e00400080017800828a2000d3
:10ae6c0000402a00010020008bff070010479800cb
:10ae7c001e4078000004e0001d0032001e409000cf
:10ae8c000004a2000004e00009003a001e01920038
:10ae9c00ae0192003e009200ce00920000005100e4
:10aeac0081805900e00f5000e08f580010003400f2
:10aebc000e80e8000220200080007800808a2000ac
:10aecc0068dd070000002a00010020001044880003
:10aedc00214488001e009200ae009200304488008d
:10aeec004144880010c0b3008ae8b700190037004d
:10aefc001e4090000004e0000b00320000402a00cd
:10af0c000100200010448800214488003e0092007b
:10af1c00ce009200304488004144880010c0b30039
:10af2c008ae8b7000b003700022020008000eb00fd
:10af3c00808a200052dd070000402a00010020001a
:10af4c0010448800214488008628ef008828ef00f0
:10af5c008a68ef0001202000808a200015ff07007e
:10af6c00604488008ac8bf000080fa000000060018
:10af7c000200fa00000f7800f01f20009e007800fd
:10af8c00808f500004003e00808a20001e0040008c
:10af9c0010407800010037000040eb000080fa0000
:10afac00000006000400fa00000f7800214798000a
:10afbc00f01f20009e007800808f500004003e009f
:10afcc00808a20001e004000ae40900001487800ae
:10afdc000080fa00000006000600fa00000f78005e
:10afec001107980022079800f01f20009e0078009f
:10affc00808f500015003e001e0078006101b800e3
:10b00c002e0090008000eb0002014000838148007c
:10b01c000020200001002000800f5100818f59007a
:10b02c0003003600002020001e005000200798006e
:10b03c00808a20001e0040002e01900080007800c5
:10b04c001e00900007dd0700010037000000000023
:10b05c000080fa00000006000600fa00000f7800dd
:10b06c001107980022079800f01f20009e0078001e
:10b07c00808f500014003e001e0078006101b80063
:10b08c002e0090008000eb000201400083814800fc
:10b09c000020200001002000800f5100818f5900fa
:10b0ac0003003600002020001e00500020079800ee
:10b0bc00808a20001e0040002e0190009e0090000f
:10b0cc00e8dc070001003700000000000080fa00f7
:10b0dc00000006000000fa008ac8bf000004a200ad
:10b0ec000004e00006003a0001202000808a2000c5
:10b0fc00b0fe070061448000810f50000200320056
:10b10c0010002000010037000000eb000040780028
:10b11c000080fa00000006000200fa003cff070065
:10b12c00004f78001e4078000004e000040032005c
:10b13c0002102000818a200080aa2000c9dc0700b0
:10b14c001e4078000080fa00000006000000fa00a3
:10b15c000b0007000004e0000200320010c0b30036
:10b16c00050037000210200081aa2000808a2000f0
:10b17c00bcdc0700140007000080fa000000060089
:10b18c000000fa008ac8bf000004a2000004e0001e
:10b19c00020032000040eb000900370002102000d2
:10b1ac0081aa2000808a2000a0dc070000f0a70004
:10b1bc000000ea000000e9004f00de0000407800cb
:10b1cc000080fa00000006009602fa006000b80049
:10b1dc00108f9a00218f9a00124480002344800023
:10b1ec0000002a0001002000800f5100818f5900bf
:10b1fc0003003a0000402a00010020000200370042
:10b20c0000002a0001002000200798003107980058
:10b21c00304480004144800061004000e0804800e0
:10b22c00400798005107980001202000808a2000d8
:10b23c0060fe07006007980050052000a10a20005e
:10b24c00f10207002e009000be00900013030700cf
:10b25c000004a2000004e00003003200ef0207002b
:10b26c000040eb00b10037000000eb00000f78004d
:10b27c007f0037000000eb001007980068003700d3
:10b28c001e007800c600dd001e009000008040000b
:10b29c0000004000700798007e009000ef0f5000f7
:10b2ac003d003e007e009000e40f50001a0032007a
:10b2bc00e40f500005003e000000e00008003200e2
:10b2cc00e20f50000d0032002c003700e60f50004a
:10b2dc001b003200e80f500020003200270037001e
:10b2ec001e0090000000400000004700720040006b
:10b2fc00315c2a000108780046003700ce0090002f
:10b30c001e0090000000400000004700720040004a
:10b31c00010878003f0037004e009000de009000de
:10b32c004008de00800078001e0090000000400005
:10b33c00000047007200400001087800350037001b
:10b34c001e0090000000400000004700720040000a
:10b35c0001202000010878002e0037001e0090000c
:10b36c00000040000000470072004000ee0090001a
:10b37c000108780000000000260037001e00900035
:10b38c000000400000004700720040008080eb008d
:10b39c00010878001f0037007e00900070005000fc
:10b3ac00000f98008e089000f01f2000808f500036
:10b3bc0012003e00818a20000e08900000804000a0
:10b3cc00104078008080fb000e0890000000e80020
:10b3dc00828a2000624078000080fb004800dd007b
:10b3ec00810070001e00900000004000000047002b
:10b3fc007200400001087800060037001e00900023
:10b40c000000400000004700720040008080eb000c
:10b41c00010878001e0090000000e800100798005a
:10b42c009e009000f0032000808f500094ff3600a7
:10b43c001e0078004700dd006101b8002e0090006e
:10b44c00be0090000200400083804800720147005b
:10b45c00e30207000004a2000004e0000300320035
:10b46c006e0207000040eb00300037001e0fe800b2
:10b47c001e007800e40f50007eff360067020700c4
:10b48c00212920008e804000200920000e00400061
:10b49c0081017800000178002e009000be00900021
:10b4ac00fdfd07000004a2000004e00002003200d1
:10b4bc000040eb001d0037001e899200ae899200ff
:10b4cc004e009000de009000800f5100818f5900db
:10b4dc0007003a00200920000e0040000220200046
:10b4ec00818a2000d1db07000000e000020032005e
:10b4fc000040eb000d0037002e019000be019000c3
:10b50c0012448800234488004e019000de01900014
:10b51c00324488004344880010c0b3008ae8b70066
:10b52c00ee0190006344880010c0b3000080fa0064
:10b53c00000006000000fa000084200081ba200000
:10b54c00110098000084200081ba200001087800c6
:10b55c0000842000a00090000110a00021009800a1
:10b56c0000842000a00090000100a10021009800a0
:10b57c00008420008040eb0061409800f0312000f6
:10b58c00a010880000002800b01088001822ef00de
:10b59c008a40a9008a20a9009a40a8009a20a800f5
:10b5ac000080fa00000006000200fa00008420006f
:10b5bc00e0409000014f78001e4078000080fa00b7
:10b5cc00000006000000fa006042800066004000a7
:10b5dc00604288004ac8bf000040e9004ae8b70052
:10b5ec004ac8bf000004e00003003a0040002000fd
:10b5fc0040428800020037001000200040428800c2
:10b60c000080fa00000006000200fa00000f78002b
:10b61c001642a80070428000200090000000e0005c
:10b62c000300320070428000200090001e08780059
:10b63c004828ef000080fa00000006000800fa001d
:10b64c00000f7800214798002207980033079800d4
:10b65c000084200020009000610060000000e000e9
:10b66c000a003a00ae0190002e4190009e00780036
:10b67c0060bc2000770007003e01900061bc2000f8
:10b68c0010c0b3001f000700030037003e009000fd
:10b69c008000eb00010878000080fa000000060032
:10b6ac000800fa00000f7800214798002207980044
:10b6bc003307980000842000200090006100600097
:10b6cc000000e0000a003a00ae0190002e4190000c
:10b6dc009e00780000bc2000460007003e01900050
:10b6ec0001bc200010c0b3000600070003003700a7
:10b6fc003e0090008000eb00010878000080fa000a
:10b70c00000006000600fa00004f780011079800b0
:10b71c002207980000842000200090006100600047
:10b72c000000e0002e003a002e00900011002000d6
:10b73c000108780000842000100078009e00900022
:10b74c001100980000842000100078001e4878003a
:10b75c000084200010007800ae00900021009800ba
:10b76c000084200010007800e600400000842000d7
:10b77c0001087800008420009000780000bc2000b4
:10b78c00808f500003003a000084200081ba200012
:10b79c000108780000842000a00090000110a10096
:10b7ac00210098000084200090009000008420006c
:10b7bc0010007800808f500004003a0000842000b4
:10b7cc00a00090000100a0002100980040428000e1
:10b7dc000000e00005003a008a40a8000300370092
:10b7ec002e0090008000eb00010878000080fa0029
:10b7fc00000006000800fa00000f780011079800fe
:10b80c0042479800330798003e009000000040002b
:10b81c00800078001e007800010878001e00780077
:10b82c0010007800800078000100a0001e00780055
:10b83c00010878001e007800ce409000214098004e
:10b84c001e0078009e009000210098000080fa00f5
:10b85c00000006000800fa00000f7800110798009d
:10b86c0042479800330798003e00900000004000cb
:10b87c00800078001e007800010878001e00780017
:10b88c00ce409000214098001e0078009e00900051
:10b89c00210098000080fa00000006000000fa0069
:10b8ac0000842000200090006200600000f0a700df
:10b8bc000000ea000000ea004f00de0000407800c3
:10b8cc000080fa00000006000000fa00008420004e
:10b8dc00200090006100600000f0a7000000ea006a
:10b8ec000000ea004f00de00004078000080fa0003
:10b8fc00000006000000fa009668ef009768ef0061
:10b90c000080fa00000006000400fa0020479800ae
:10b91c0096c8bf000040e800674f600097c8bf00a2
:10b92c009e40780080cf500002003a000040eb00af
:10b93c000a00370096c8bf000080fb00c1c1200080
:10b94c002e419000827078001e41780061892000a1
:10b95c00824878007c28a80010c0b3000080fa0050
:10b96c00000006000200fa00718920009140780066
:10b97c0096c8bf0080cf500003003a007c28a90075
:10b98c000040eb001500370097c8bf000080fb009b
:10b99c00c1c12000614f780097c8bf000040e8008b
:10b9ac006740600097e8b7007189200091407800eb
:10b9bc0096c8bf0080cf500001003a007c28a90037
:10b9cc001e80fb0080004000c0c0200000804000b2
:10b9dc00100078000000010010c0b3000080fa00d5
:10b9ec00000006000000fa007189200091407800e8
:10b9fc0096c8bf0000c068000080fb000000e90092
:10ba0c004f00de00004078000080fa0000000600c5
:10ba1c000200fa0080b22000104f78001e80fb005c
:10ba2c0061006000004078000004e0000200320079
:10ba3c00cc82a90001003700cc82a8001e80fb003c
:10ba4c00620060000000e00002003200d442a90055
:10ba5c0001003700d442a8001e80fb006400600087
:10ba6c000000e00002003200c502a900010037000e
:10ba7c00c502a800e0b120001e4878000080fa0042
:10ba8c00000006000200fa0090b22000104f78006f
:10ba9c00d0b120001e4878000080fa00000006009b
:10baac000000fa000080fa00000006000000fa0016
:10babc000080fa00000006000000fa0010b520001b
:10bacc009040780060c5b30080cf500007003a006a
:10badc0010b520008040eb0001487800cd82a90011
:10baec00cda2a800a0c0b30080e8b7000080fa0087
:10bafc00000006000000fa0080c8bf000004e0004f
:10bb0c000700320020b5200090407800f0c2b3004e
:10bb1c0080cf500002003a000000fe00ffff37000b
:10bb2c0010b520008040eb000148780020b52000c3
:10bb3c008040eb0001487800cd82a900cda2a8007e
:10bb4c000080fa00000006000000fa00cd82a80078
:10bb5c00cda2a90010b520008040eb000148780070
:10bb6c0020b520008040eb00014878008068ef0091
:10bb7c000080fa00000006000000fa000080fa00c5
:10bb8c00000006000000fa000080fa000000060029
:10bb9c000000fa0000002800301088000822ef0096
:10bbac0000052000250007000000eb001d00070029
:10bbbc005828ef000000eb00060007000000eb0027
:10bbcc000a0007008600a9009600a8000080fa0071
:10bbdc00000006000200fa00000f78009e007800ba
:10bbec00e14288000080fa00000006000200fa0022
:10bbfc00000f78009e007800d14288000080fa0087
:10bc0c00000006000000fa00e04280000080fa000c
:10bc1c00000006000000fa00d04280000080fa000c
:10bc2c00000006000200fa00000f78009e00780069
:10bc3c00611088000080fa00000006000200fa0083
:10bc4c00000f7800f00720009e007800808f5000d5
:10bc5c00020036000742a800010037000742a90085
:10bc6c005828ef009e007800511088000080fa00e0
:10bc7c00000006000200fa00000f78001e00780099
:10bc8c00e10f500012003200e10f500003003900a8
:10bc9c00e20f50001500320057003700504380006f
:10bcac0081aa2000810040000000e8005043880079
:10bcbc0001007800c7ff070051438000f00f2000ff
:10bccc00808f5000470036006a28ef004a0037008a
:10bcdc006c28ef0010c0b30093e8b7006868ef0061
:10bcec0020892000c1ff07004300370093c8bf0024
:10bcfc000004e0001c003200604380000000e00003
:10bd0c0008003a0092c8bf000080fb004800dd002c
:10bd1c0050438800604380000000e80060438800c6
:10bd2c000a00370060438000e10f500007003a0022
:10bd3c0092c8bf008080fb0050438000010070005f
:10bd4c00504388006c28ef009368ef00514380004b
:10bd5c00f00f2000808f50002400360000102000cf
:10bd6c00504388002400370068c8bf000004e0007e
:10bd7c0002003a0050438000204388005143800069
:10bd8c00f0072000808f50000a00360050438000de
:10bd9c00228920001241780081aa2000827078004c
:10bdac0068c8bf000004e00002003a005043800065
:10bdbc0020438800504380000000e8005043880076
:10bdcc0068c8bf000040e80068e8b7005143800035
:10bddc00f00f2000808f5000060036006a28ef001c
:10bdec0005003700000000000300370000000000d1
:10bdfc00010037000000000010c0b3000080fa0002
:04be0c00000006002c
:020000040000fa
:10be10000000fe0042c220000019780001097800ed
:10be2000000006000000fe000000eb008000eb00b8
:10be3000f8ff07006627ef00000006000000fe0084
:10be4000801f7800811f780041c220000600fc009e
:10be500031007800303b880011007800303b8800ca
:10be600061e7a8000000000000000000cf0078009b
:10be70004f007800000006009201800091018800c8
:10be80009080ba001000ba009201880000000600fd
:10be900092018000910188001000ba009201880090
:10bea000000006000000fe0061e7af00feff370063
:10beb000f23f2000000161000c003a00220424003f
:10bec000023b880092018000910188000008bb00bd
:10bed000205f02000000000061e7af00feff3700b6
:10bee000920188001000200061a7af000000200030
:10bef0000000060061e7af00feff37000000a7006a
:10bf00000d00370094018000910188003100240069
:10bf1000013b88000208bb000388bb00205f0200d1
:10bf20000000000061e7af00feff370094018800c9
:10bf30001000200061a7af000000200000000600f4
:10bf400061e7af00feff37000000a7000e003700da
:10bf500033002400033b8800930180009101880096
:10bf60000208bb00f20f20000288bb00205f020025
:10bf70000000000061e7af00feff3700930188007a
:10bf80001000200061a7af000000200000000600a4
:10bf900061e7af00feff3700f307200080816100fa
:10bfa00010003a0013002400033b88009301800036
:10bfb00091018800040420003208bb003298bb00c5
:10bfc0001400b100fcff3a00205f020000000000f6
:10bfd00061e7af00feff37009301880010002000ea
:10bfe00061a7af00000020000000060061e7af007d
:10bff000feff3700f30720008081610011003a0046
:10c0000013002400033b8800930180009101880005
:10c0100004042000f10f20003208bb000198bb008f
:10c020001400b100fcff3a00205f02000000000095
:10c0300061e7af00feff3700930188001000200089
:10c0400061a7af000000200000000600f23f2000c2
:10c05000000061000000060002c02f000000610027
:0cc06000f2ff2f008100610000000600cc
:020000040000fa
:10c06c002600fa00889fbe00600f9800710f9800a0
:10c07c000217980013179800241798006e08900068
:10c08c00cf80de00f6d307004007980051079800d8
:10c09c007e089000cf80de00f1d307006007980087
:10c0ac00710798000e109000cf80de00ecd30700d3
:10c0bc00000f9800110f98000e0990009e09900037
:10c0cc006e009000fe00900060d6070002ee220089
:10c0dc0053262400f5d40700200f9800310f980048
:10c0ec006e019000fe0190006e009000fe0090002a
:10c0fc00eed407000004be000e0990009e099000cb
:10c10c000e0890009e089000e8d407000001be00c5
:10c11c000800be0000d407003ad807004e0190007a
:10c12c00de0190000202be0005f0a2000001be007c
:10c13c000400be0045d6070002ee22005326240060
:10c14c00dad40700400f9800510f980012b6200067
:10c15c00632324002e089000be089000d3d407005f
:10c16c00d5d70700008fbe0012b620006323240031
:10c17c004e089000de089000ccd40700ced7070004
:10c18c002007980031079800f0ff210001002000e3
:10c19c001e01be00800f5100818f59000300340036
:10c1ac00f0ff210001002000008fbe0000002e00d7
:10c1bc00f1ff2f001e01be00800f5100818f59002e
:10c1cc0003003d0000002e00f1ff2f00008fbe0089
:10c1dc002e019000be019000f0ff21000100200014
:10c1ec00800f5100818f590004003400f0ff2100b2
:10c1fc000100200020079800310798002e019000c4
:10c20c00be01900000002e00f1ff2f00800f5100a6
:10c21c00818f590004003d0000002e00f1ff2f001b
:10c22c0020079800310798002e009000be00900067
:10c23c0060001000e080180020079800310798007b
:10c24c00ae0090001e109000010878009e0078004f
:10c25c002e109000010878004f04be000080fa00f8
:10c26c00000006000000fa000621ef0030422f000b
:10c27c0060088800000328008008880084e0a9007a
:10c28c0094e0a800a0c220008040eb000148780098
:10c29c000080fa00000006000000fa002104800073
:10c2ac0000102000008060000000e0000900320057
:10c2bc00b0c22000104078008040e800b0c22000de
:10c2cc0001487800a0c2200011c0b30001487800da
:10c2dc008500a9000080fa00000006000400fa00a6
:10c2ec00008fbe001e007800600888001e00be0093
:10c2fc004008de0000007800700888000080fa001a
:10c30c00000006000400fa000080eb008080eb00c7
:10c31c00008fbe00700880008000eb00c001dd00c3
:10c32c0002002000600880008000eb00001f7100fc
:10c33c00019771001e00be000080fa00000006008c
:10c34c000400fa00008fbe001e00be004008de0094
:10c35c0000007800400888001e0078003008880033
:10c36c000080fa00000006000800fa000080eb00d4
:10c37c008080eb00008fbe00310880002107980000
:10c38c0041088000310798003e0090008000eb00cf
:10c39c00c001dd00020020002e0090008000eb00a8
:10c3ac00001f7100019771001e00be000080fa0092
:10c3bc00000006000000fa00a0c220008040eb0044
:10c3cc000148780011e1a8000080fa000000060086
:10c3dc000000fa0011e1a9000080fa00000006003c
:10c3ec000200fa00a0c22000104f78001e40780016
:10c3fc000004e00003003200a0c220008040eb00eb
:10c40c00014878001e4078000080fa000000060009
:10c41c000000fa00b0c22000104078000080fb0041
:10c42c000080fa00000006000000fa00b0c22000f4
:10c43c008040eb00014878000080fa000000060004
:10c44c000000fa001821ef00400f2000e0088800df
:10c45c001421ef00f03f2200d00888008000280053
:10c46c00f00888001fe1a9006000b8001d0007005b
:10c47c008780a9009780a8000080fa0000000600c1
:10c48c000400fa00008fbe001e007800d00888005f
:10c49c001e00be004008de0000007800e0088800a6
:10c4ac000080fa00000006000400fa000080eb0097
:10c4bc008080eb00008fbe00e00880008000eb0065
:10c4cc00c001dd0002002000d00880008000eb00dd
:10c4dc00001f7100019771001e00be000080fa0061
:10c4ec00000006000400fa00008fbe001e00be0013
:10c4fc004008de0000007800b00888001e007800bc
:10c50c00a00888000080fa00000006000800fa006d
:10c51c000080eb008080eb00008fbe00a108800043
:10c52c0021079800b1088000310798003e00900068
:10c53c008000eb00c001dd00020020002e00900006
:10c54c008000eb00001f7100019771001e00be00ff
:10c55c000080fa00000006000000fa000080fa00db
:10c56c00000006000200fa00000f78009780a90076
:10c57c009e007800014588009780a8000080fa0092
:10c58c00000006000000fa00c0c220008040eb0052
:10c59c00014878001fe1a8000080fa0000000600a6
:10c5ac000000fa001fe1a9009780a9000080fa00a2
:10c5bc00000006000200fa00c0c22000104f7800f4
:10c5cc001e4078000004e00003003200c0c22000ce
:10c5dc008040eb00014878001e4078000080fa0093
:10c5ec00000006000000fa00d0c2200010407800c5
:10c5fc000080fb000080fa00000006000000fa003a
:10c60c00d0c220008040eb00014878000080fa0086
:04c61c000000060014
:020000040000fa
:10c620008e08000004000000000000009a080000ce
:10c6300002000000000000009c0800000200000052
:10c6400000000000280c00000200000000000000b4
:10c650009e08000002000000000000002a0c0000fc
:10c6600002000000000000002c0c0000020000008e
:10c6700000000000a0080000020000000000000010
:10c68000a80b00002400000000000000400800008b
:10c690001800000000000000a80a000000010000cf
:10c6a0000000000058080000180000000000000012
:10c6b000920800000400000002000000aa0101002e
:10c6c00000000000a20800000200000002000000bc
:10c6d00019000000240800001c00000000000000f9
:10c6e00000080000240000000000000070080000a6
:10c6f0001200000000000000cc0b00002000000031
:10c7000000000000a408000002000000000000007b
:10c710000c0c000010000000020000000e5d48003c
:10c720005d565d005c5dc2005dc85d00625d8000bd
:10c730005d0000001c0c000008000000000000006c
:10c74000960800000400000000000000a808000097
:10c750000002000000000000820800000c00000041
:10c7600000000000240c0000040000000200000093
:10c77000ffffff00ff000000ec0b000020000000a6
:10c78000020000003863ed003eda0f00493f5e0012
:10c79000987b3f00da0fc9003f693700ac31680071
:10c7a00021223300b40f140033682100a2330000ab
:10c7b0002e0c00000200000000000000a60800008f
:0cc7c0000200000000000000000000006b
:020000040000fa
:10c7cc000000fa00a468ef00a568ef000080fa00f2
:10c7dc00000006000400fa0020479800314798003a
:10c7ec00a4c8bf000040e800674f6000a5c8bf00a8
:10c7fc009e40780080cf500003003a007c08a900ce
:10c80c000040eb001e0037000e00e800000178002d
:10c81c00be4090002e409000f40107000004a200de
:10c82c000004e000020032000040eb00140037006e
:10c83c00a4c8bf000080fb009e4090008180fb00dc
:10c84c004201dd00c0bc200000004100010878005e
:10c85c00a4c8bf000080fb00c200dd00e0bc2000cb
:10c86c0000804000be409000014878009e40780057
:10c87c00428a2000014978007c08a80010c0b3004f
:10c88c000080fa00000006000200fa00000f780099
:10c89c00518a200091407800a4c8bf0080cf50007e
:10c8ac0003003a007c08a9000040eb001c00370094
:10c8bc00a5c8bf000080fb00c200dd00c0bc20008a
:10c8cc0000804000900078001e007800010878007d
:10c8dc00a5c8bf000080fb004200dd008080e8009e
:10c8ec00c0bc200000804000904078001e00780002
:10c8fc0021409800a5c8bf000040e80067406000d8
:10c90c00a5e8b700518a200091407800a4c8bf0068
:10c91c0080cf500001003a007c08a90010c0b30081
:10c92c000080fa00000006000000fa00518a200086
:10c93c0091407800a4c8bf0000c068000080fb00d4
:10c94c000000e9004f00de00004078000080fa0093
:10c95c00000006000000fa000021ef000000280093
:10c96c00100888000002280020088800f04480008d
:10c97c000000e00002003a0080502600240007006e
:10c98c008460a9009460a80080c220008040eb0065
:10c99c00014878000080fa00000006000200fa004e
:10c9ac00000f78009e0078001108880080c22000db
:10c9bc008040eb00014878000080fa00000006007f
:10c9cc000000fa00100880000080fa000000060049
:10c9dc000200fa00000f78009e0078000108880021
:10c9ec0080c220008040eb00014878000080fa00f3
:10c9fc00000006000000fa00000880000080fa0029
:10ca0c00000006000000fa000080fa00000006009a
:10ca1c000200fa00000f78009460a9009e007800d4
:10ca2c00f14488009460a8000080fa000000060021
:10ca3c000000fa0080c220008040eb000148780022
:10ca4c009460a80005e1a8000080fa000000060030
:10ca5c000000fa0005e1a9009460a9000080fa002a
:10ca6c00000006000200fa0080c22000104f78007f
:10ca7c001e4078000004e0000300320080c2200059
:10ca8c008040eb00014878001e4078000080fa00de
:10ca9c00000006000000fa0090c220001040780050
:10caac000080fb000080fa00000006000000fa0085
:10cabc0090c220008040eb00014878000080fa0012
:10cacc00000006000000fa00800020000011880021
:10cadc002222ef00200220004011880021e2a80051
:10caec002342a8000080fa00000006000000fa00b3
:10cafc000000000010118000610060000000e000e8
:10cb0c00fcff320010118000620060000000e000a9
:10cb1c00010032002222a900301180000040780070
:10cb2c000080fa00000006000200fa00004f7800b6
:10cb3c000000000011118000002020000080600027
:10cb4c000000e000fbff3a001e80fb002011880073
:10cb5c000080fa00000006000000fa0010118000ae
:10cb6c0000407800614060000080fb0000f0a700ee
:10cb7c000000ea000000ea004f00de0000407800f0
:10cb8c000080fa00000006000000fa00111180007d
:10cb9c0000202000008060000000e00007003a0048
:10cbac001111800000402000008060000000e000b7
:10cbbc000200320010002000010037000000eb00e2
:10cbcc00004078000080fa00000006000000fa0027
:10cbdc00101180004800de00614060000080fb0006
:10cbec0000f0a7000000ea000000ea004f00de00a1
:10cbfc00004078000080fa00000006000000fa00f7
:10cc0c00101180000080fa00000006000000fa00fd
:10cc1c0021e2a8002342a8000080fa0000000600d0
:10cc2c000000fa0021e2a9002342a9000080fa00ca
:10cc3c00000006000000fa00c422ef00cc22ef0036
:10cc4c00d422ef007029200000168800f04e24003a
:10cc5c0040168800103a200080168800c982a9006e
:10cc6c006820ef006a20ef006a00a8006aa0a80004
:10cc7c00c622ef00ce22ef00d622ef00f0ff2100fb
:10cc8c0060198800113a8000f00b200000816000d0
:10cc9c006004200071052000237420008049780076
:10ccac00814978008249780051368000f00f2e00bf
:10ccbc008080600000402100010070005036880028
:10cccc00a136800000fe2f00008060003000b30011
:10ccdc00a03688002135800000fe2f000080600007
:10ccec005001b30020358800103a80000001780014
:10ccfc000260a00060042000710520002374200055
:10cd0c008049780081497800824978006040a90008
:10cd1c006060a9006200a900c08626001000070010
:10cd2c008660a9009660a8000080fa00000006004a
:10cd3c000000fa006040a8006060a900c0862600d0
:10cd4c00070007008660a9009660a8000080fa0022
:10cd5c00000006000000fa000080fa000000060047
:10cd6c000200fa00000f78009660a9009e0078007f
:10cd7c00d14488009660a8000080fa0000000600ec
:10cd8c000200fa00000f78001e007800f4ff070084
:10cd9c000080fa00000006000000fa008021ef007d
:10cdac008221ef00e0002000200c8800200c800085
:10cdbc0000407800674060000080fb00e044880081
:10cdcc000080fa00000006000000fa000080fa0063
:10cddc00000006000000fa002004800064006000df
:10cdec000000e00002003200f7ff07008440a900b9
:10cdfc000080fa00000006000000fa00e044800009
:10ce0c0000407800674060000080fb006700600015
:10ce1c00220c800081ff2f00810061000100700056
:10ce2c00200c88000080fa00000006000000fa00c8
:10ce3c00210c800080ff2f0000806000200c8800f7
:10ce4c000080fa00000006000200fa00000f7800d3
:10ce5c009e007800010c88000080fa00000006009b
:10ce6c000200fa00000f78009e007800110c880078
:10ce7c000080fa00000006000000fa002004800088
:10ce8c004200de00614060000080fb0000f0a70063
:10ce9c000000ea000000ea004f00de0000407800cd
:10ceac000080fa00000006000400fa001007980049
:10cebc001e0090000000e0000a003a00200c8000e8
:10cecc004400de00614060000080fb0000f0a70021
:10cedc000000ea000000ea004f00de00004f78007e
:10ceec0001003700000000001e4078000080fa00ae
:10cefc00000006000000fa002d00070002000700e9
:10cf0c000080fa00000006000000fa0070b2200059
:10cf1c0011c0b3000148780060b2200080c0eb0063
:10cf2c000148780050b2200080c0eb000148780026
:10cf3c0020b220008040eb000148780010b22000a5
:10cf4c0041cfb3000148780000b2200041c2b300c9
:10cf5c0001487800f0b120008040eb0001487800d7
:10cf6c00c0b120008040eb0001487800b0b1200037
:10cf7c008040eb0001487800a0b120008040eb001d
:10cf8c000148780090b120008040eb000148780007
:10cf9c0080b120008040eb000148780070b1200087
:10cfac008040eb00014878000080fa000000060089
:10cfbc000200fa000000eb00000f780005003700bb
:10cfcc0080aa20001e0040008040eb000148780041
:10cfdc001e0fe800f00f20009e007800808f50009c
:10cfec00f7ff36000080fa00000006000600fa0089
:10cffc002047980031479800220798000040eb002a
:10d00c00004f7800110037001e80fb00e1fd2a0064
:10d01c00e14078002e40900080cf50000a003a008a
:10d02c001e80fb0061fe2a00e14078003e4090002b
:10d03c0080cf500004003a002e0090001e4878006b
:10d04c0010c0b300050037001e4fe8001e407800ea
:10d05c00e74f5000ecff36000040eb000080fa0078
:10d06c00000006000600fa00004f78001107980037
:10d07c00220798001e407800e84f5000020036004e
:10d08c000040eb000b0037001e80fb00e1fd2a0086
:10d09c00e14078001e009000014878001e80fb00e3
:10d0ac0061fe2a00e14078002e00900001487800d3
:10d0bc0010c0b3000080fa00000006000000fa0067
:10d0cc008660a9000080fa00000006000000fa004b
:10d0dc006000b80003fd07002afd07006040a900ae
:10d0ec00bbfc07008780a9009780a8000089260058
:10d0fc001bff070010c0b30070e8b70010c0b300ee
:10d10c0071e8b7006060a8008660a9000080fa0092
:10d11c00000006000000fa0021fd0700fbfc0700e0
:10d12c00a0438800b14388006060a900c086260037
:10d13c000bff070010c0b30072e8b70010c0b300bb
:10d14c0070e8b7006040a8008780a9009780a9000c
:10d15c008660a9000080fa00000006000000fa00ba
:10d16c0010c0b3007ae8b7008660a9000080fa000e
:10d17c00000006000000fa0061058000f0ff2800a6
:10d18c000080600000c0a000600588006105800080
:10d19c0080ff2f00008060000000a0006005880068
:10d1ac00e1058000f08f2f00008060000090a0004f
:10d1bc00e005880081058000f0ff280000806000f9
:10d1cc0000c0a000800588009105800080ff2f0022
:10d1dc00008060000000a000900588002105800000
:10d1ec00f0ff28000080600000c0a000200588002f
:10d1fc000080fa00000006000600fa0010079800f4
:10d20c00210798009e009000010f78001e00780006
:10d21c00804078002e009000014878002e0090008d
:10d22c000000e8009e007800c808de00814078000d
:10d23c00014878000080fa00000006000200fa00a5
:10d24c00000f78001e007800104078008080fb00f2
:10d25c001e00e800104078000080fb004800dd0054
:10d26c00010070000080fa00000006000000fa00c7
:10d27c0000102300203a88004827ef007027ef00a9
:10d28c007227ef007427ef00220020008007200097
:10d29c00a10920003374200080497800814978006e
:10d2ac00824978000001eb00600420007105200029
:10d2bc0023742000804978008149780082497800e5
:10d2cc000080fa00000006000000fa0059fe07007a
:10d2dc00c142a900c542a800003a8000610060006c
:10d2ec000000e00002003a00d022a900d422a800dd
:10d2fc00deff07009fff070051fc0700d9fb07006a
:10d30c008cf8070022fa070092fd07000080fa0053
:04d31c000000060007
:020000040000fa
:10d32000f03fb1000180b10006003500ee030900b6
:10d3300000000000403fb1000180b100fbff3d0054
:10d340001000b000203fb00002003500008009004e
:08d350000000000000000600cf
:020000040000fa
:10d35800809fbe00ec805700310078007044880040
:10d368001100780090e8b7004f00be0000000600ea
:0cd378000000fa000080fa00000006002f
:020000040000fa
:020000040001f9
:0457f800bafa0000f9
:020000040000fa
:020000040001f9
:0457fc003b3f00002f
:00000001FF
