:020000040000fa
:080000000002040000000000f2
:020000040000fa
:0400080012080000da
:020000040000fa
:04000c0012080000d6
:020000040000fa
:0400100012080000d2
:020000040000fa
:0400140012080000ce
:020000040000fa
:0400180012080000ca
:020000040000fa
:04001c0012080000c6
:020000040000fa
:0400200012080000c2
:020000040000fa
:0400240012080000be
:020000040000fa
:0400280012080000ba
:020000040000fa
:04002c0012080000b6
:020000040000fa
:0400300012080000b2
:020000040000fa
:0400340022030000a3
:020000040000fa
:0400380012080000aa
:020000040000fa
:04003c0012080000a6
:020000040000fa
:0400400012080000a2
:020000040000fa
:04004400580300005d
:020000040000fa
:04004800120800009a
:020000040000fa
:04004c001208000096
:020000040000fa
:040050001208000092
:020000040000fa
:04005400620700003f
:020000040000fa
:04005800120800008a
:020000040000fa
:04005c001208000086
:020000040000fa
:040060001208000082
:020000040000fa
:04006400120800007e
:020000040000fa
:04006800de050000b1
:020000040000fa
:04006c001208000076
:020000040000fa
:040070001208000072
:020000040000fa
:04007400f402000092
:020000040000fa
:04007800120800006a
:020000040000fa
:04007c001208000066
:020000040000fa
:040080001208000062
:020000040000fa
:04008400120800005e
:020000040000fa
:04008800120800005a
:020000040000fa
:04008c001208000056
:020000040000fa
:040090001208000052
:020000040000fa
:04009400120800004e
:020000040000fa
:0400980068030000f9
:020000040000fa
:04009c001208000046
:020000040000fa
:0400a0001208000042
:020000040000fa
:0400a400120800003e
:020000040000fa
:0400a800120800003a
:020000040000fa
:0400ac001208000036
:020000040000fa
:0400b0001208000032
:020000040000fa
:0400b400120800002e
:020000040000fa
:0400b800120800002a
:020000040000fa
:0400bc001208000026
:020000040000fa
:0400c0001208000022
:020000040000fa
:0400c400120800001e
:020000040000fa
:0400c800120800001a
:020000040000fa
:0400cc001208000016
:020000040000fa
:0400d0001208000012
:020000040000fa
:0400d400120800000e
:020000040000fa
:0400d800120800000a
:020000040000fa
:0400dc001208000006
:020000040000fa
:0400e0001208000002
:020000040000fa
:0400e40012080000fe
:020000040000fa
:0400e80012080000fa
:020000040000fa
:0400ec0012080000f6
:020000040000fa
:0400f0008e0300007b
:020000040000fa
:0400f40012080000ee
:020000040000fa
:0400f80012080000ea
:020000040000fa
:0400fc0012080000e6
:020000040000fa
:0401000012080000e1
:020000040000fa
:0401040012080000dd
:020000040000fa
:0401080012080000d9
:020000040000fa
:04010c0012080000d5
:020000040000fa
:0401100012080000d1
:020000040000fa
:0401140012080000cd
:020000040000fa
:0401180012080000c9
:020000040000fa
:04011c0012080000c5
:020000040000fa
:0401200012080000c1
:020000040000fa
:0401240012080000bd
:020000040000fa
:0401280012080000b9
:020000040000fa
:04012c0012080000b5
:020000040000fa
:0401300012080000b1
:020000040000fa
:0401340012080000ad
:020000040000fa
:0401380012080000a9
:020000040000fa
:04013c0012080000a5
:020000040000fa
:0401400012080000a1
:020000040000fa
:04014400120800009d
:020000040000fa
:040148001208000099
:020000040000fa
:0402080012080000d8
:020000040000fa
:04020c0012080000d4
:020000040000fa
:0402100012080000d0
:020000040000fa
:0402140012080000cc
:020000040000fa
:0402180012080000c8
:020000040000fa
:04021c0012080000c4
:020000040000fa
:0402200012080000c0
:020000040000fa
:0402240012080000bc
:020000040000fa
:0402280012080000b8
:020000040000fa
:04022c0012080000b4
:020000040000fa
:0402300012080000b0
:020000040000fa
:0402340022030000a1
:020000040000fa
:0402380012080000a8
:020000040000fa
:04023c0012080000a4
:020000040000fa
:0402400012080000a0
:020000040000fa
:04024400580300005b
:020000040000fa
:040248001208000098
:020000040000fa
:04024c001208000094
:020000040000fa
:040250001208000090
:020000040000fa
:04025400620700003d
:020000040000fa
:040258001208000088
:020000040000fa
:04025c001208000084
:020000040000fa
:040260001208000080
:020000040000fa
:04026400120800007c
:020000040000fa
:04026800de050000af
:020000040000fa
:04026c001208000074
:020000040000fa
:040270001208000070
:020000040000fa
:04027400f402000090
:020000040000fa
:040278001208000068
:020000040000fa
:04027c001208000064
:020000040000fa
:040280001208000060
:020000040000fa
:04028400120800005c
:020000040000fa
:040288001208000058
:020000040000fa
:04028c001208000054
:020000040000fa
:040290001208000050
:020000040000fa
:04029400120800004c
:020000040000fa
:0402980068030000f7
:020000040000fa
:04029c001208000044
:020000040000fa
:0402a0001208000040
:020000040000fa
:0402a400120800003c
:020000040000fa
:0402a8001208000038
:020000040000fa
:0402ac001208000034
:020000040000fa
:0402b0001208000030
:020000040000fa
:0402b400120800002c
:020000040000fa
:0402b8001208000028
:020000040000fa
:0402bc001208000024
:020000040000fa
:0402c0001208000020
:020000040000fa
:0402c400120800001c
:020000040000fa
:0402c8001208000018
:020000040000fa
:0402cc001208000014
:020000040000fa
:0402d0001208000010
:020000040000fa
:0402d400120800000c
:020000040000fa
:0402d8001208000008
:020000040000fa
:0402dc001208000004
:020000040000fa
:0402e0001208000000
:020000040000fa
:0402e40012080000fc
:020000040000fa
:0402e80012080000f8
:020000040000fa
:0402ec0012080000f4
:020000040000fa
:0402f0008e03000079
:020000040000fa
:0402f40012080000ec
:020000040000fa
:0402f80012080000e8
:020000040000fa
:0402fc0012080000e4
:020000040000fa
:0403000012080000df
:020000040000fa
:0403040012080000db
:020000040000fa
:0403080012080000d7
:020000040000fa
:04030c0012080000d3
:020000040000fa
:0403100012080000cf
:020000040000fa
:0403140012080000cb
:020000040000fa
:0403180012080000c7
:020000040000fa
:04031c0012080000c3
:020000040000fa
:0403200012080000bf
:020000040000fa
:0403240012080000bb
:020000040000fa
:0403280012080000b7
:020000040000fa
:04032c0012080000b3
:020000040000fa
:0403300012080000af
:020000040000fa
:0403340012080000ab
:020000040000fa
:0403380012080000a7
:020000040000fa
:04033c0012080000a3
:020000040000fa
:04034000120800009f
:020000040000fa
:04034400120800009b
:020000040000fa
:040348001208000097
:020000040000fa
:100400002fc320000e7f22000e0188000000000094
:10041000000020000000e000020032000001200087
:100420002002880014000700000307000000e0001d
:1004300003003a008012250001002000020037006e
:100440000000200001002000810f70000100320038
:1004500014000700000020000000e000020032004d
:1004600000000200000000002a3c02000000000022
:100470000040da000000fe004440a90040e62000f1
:100480000000e0000300320000002000a00188000e
:100490004440a800000006008a1f78008b1f7800e7
:1004a0000000060091018800800478000000eb0045
:1004b0001a003700e284440032a0b4009905ba0063
:1004c000e284440032a0b4009906ba00e2844400f9
:1004d00032a0b4000006eb00476fde00fd07b2005b
:1004e000636ce10003003a00ebff07000000eb0043
:1004f0000a003700606ce10004003a00005deb0088
:100500008b05e900fdff3e00040037006168e10053
:10051000010032000086eb000b00070019c7ba008b
:100520001905ba000e04e00003003a000a00e000da
:10053000e0ff3a0000000600fe07b2009e018800be
:100540008a047800f5ff3700395dba008b05e900b1
:100550000c003200295dba008b05e900080032006a
:100560000c00e00003003a00e284440032a0b40032
:10057000f5ff370019ddba008b05e900faff3a00f4
:100580008904e800e184440032a0b40000000600c1
:10059000000000000000000000000000000000005b
:1005a000000000000000000000000000000000004b
:1005b000000000000000000000000000000000003b
:1005c000000000000000000000000000000000002b
:1005d000000000000000000000000000000000001b
:1005e00000000000000000003600f800809fbe0000
:1005f000829fbe00849fbe00869fbe000000fa005e
:1006000030048000680060000000e0000600320056
:10061000e04480000000e00002003200e04480007e
:10062000000001008660a9000080fa004f03be00b0
:100630004f02be004f01be004f00be003600f90061
:10064000004006003600f800809fbe00829fbe007a
:10065000849fbe00869fbe000000fa000045800017
:100660000000e000020032000045800000000100b0
:10067000b0c22000104078008040e800b0c22000e6
:1006800001487800a0c2200011c0b30001487800e2
:100690008460a9000080fa004f03be004f02be0034
:1006a0004f01be004f00be003600f90000400600ba
:1006b000801f78000000fa0010c0b3007be8b7008c
:1006c00084e0a9000080fa004f0078000040060096
:1006d0003600f800809fbe00829fbe00849fbe004f
:1006e000869fbe000000fa0010c0b3007ae8b70091
:1006f000ba2607006000b800892607008780a90095
:100700000080fa004f03be004f02be004f01be0042
:100710004f00be003600f900004006003600f80029
:10072000809fbe00829fbe00849fbe00869fbe0049
:100730000000fa008a40a900c110800000082000d3
:10074000008060000000e0000800320018e2a9000c
:100750004a28ef0080428000200090008000eb00db
:10076000010878005028ef000d013700504280004a
:100770008000eb00b200200003002000820f500038
:10078000838f5800fc003e00006001000b00370022
:1007900039003700750037009c003700f300370040
:1007a000c8003700d9003700f0003700db00370001
:1007b000f10037003400370050003700208420005b
:1007c00020009000620060000000e000f3003a00aa
:1007d00020842000100090008042880020842000a7
:1007e00010009000104078004ce8b70020842000f2
:1007f00010009000100090007042880020842000bb
:1008000010009000e60040002084200011009800b5
:10081000208420009000900020bc2000808f500099
:1008200003003a0020842000a1ba200011009800a3
:1008300020842000a00090000100a1002100980069
:100840002084200090009000208420001000780078
:10085000808f500004003a0020842000a000900007
:100860000110a000210098001602a800200020001e
:1008700050428800ca0037001622a800200020003d
:1008800050428800c6003700c110800000002800d8
:10089000008060000000e00008003200208420009a
:1008a000604090008040e800208420006140980073
:1008b0004000200063220700b9003700904280000a
:1008c0008000d100f00f20000080600090108800b0
:1008d0009042800061006000004078000004e00069
:1008e00003003200b000200050428800ac00370006
:1008f0003000200050428800a9003700c11080005d
:1009000000002800008060000000e00008003200c5
:1009100020842000604090008040e8002084200077
:100920006140980040002000462207009c003700ec
:100930001622a800904280004800de00e600600019
:10094000000f20000100700090428800904280005b
:100950000000a0009042880010c0b30054e8b70027
:1009600020002000504288008d00370054c8bf008e
:10097000e14f50000a003200704280001000780001
:10098000904288007042800020009000b0428800b1
:10099000704280002040900058e8b7000100370006
:1009a0005468ef0091428000f00f2000808f5000cb
:1009b00009003600904280004800de00e60060003a
:1009c000000f20000100700090108800a00020009f
:1009d00050428800720037009042800090108800da
:1009e0009042800061006000004078000004e00058
:1009f0000300320050002000504288006800370099
:100a0000300020005042880065003700c11080008f
:100a100000002800008060000000e00009003200b3
:100a200020842000604090008040e8002084200066
:100a30006140980019e2a90050002000012207003f
:100a40005700370058c8bf008080fb008100e900d4
:100a5000cf08de00814078000040e90058e8b70088
:100a60000104e00010003200704280006600400087
:100a7000704288004cc8bf000040e9004ce8b70055
:100a80004cc8bf000004e00003003a002000200032
:100a9000ec210700420037001622a80020002000a9
:100aa000504288003e003700b042800090407800fd
:100ab0008180fb00911088000000e800b0428800af
:100ac00037003700c110800000002800008060005f
:100ad0000000e00009003200208420006040900007
:100ae0008040e80020842000614098004000200001
:100af000d421070019e2a900290037001662a800d6
:100b0000800020005042880025003700800020002f
:100b1000504288001662a80021003700b0428000d1
:100b20008110800081407800014878000000e800d2
:100b3000b042880058c8bf000040e90058e8b7003c
:100b400058c8bf000004e0000400320016a2a9004b
:100b500060002000504288000200370016a2a80062
:100b6000a72107001682a8000d00370020002000f2
:100b7000b42107000a003700208420006040900064
:100b80008040e80020842000614098006000200040
:100b9000ac21070000000000010037000000000049
:100ba0000080fa004f03be004f02be004f01be009e
:100bb0004f00be003600f900004006003600f80085
:100bc000809fbe00829fbe00849fbe00869fbe00a5
:100bd0000200fa00d0428000e20f5000880032008c
:100be000e20f500003003900e30f5000770032009d
:100bf0009500370031108000004020000080600028
:100c00000000e00005003a004110800000022000d2
:100c1000008060000000e0000a0032003110800017
:100c200000082000008060000000e0002400320086
:100c30004110800000202000008060000000e000e3
:100c40001f00320040108000640060000000e000df
:100c50000c003a001000200015230700e04280003d
:100c60000000e00004003200e0428000011080003b
:100c7000814078000148780010002000d0428800b0
:100c80003600370000108000004f78000000eb00b5
:100c900007230700f04280000000e000050032005a
:100ca000f0428000104078000080fb0010108800a7
:100cb0000782a80020002000d042880027003700cb
:100cc0003110800000402000008060000000e00043
:100cd00022003200411080000002200000806000ed
:100ce0000000e0001d003a00401080006400600039
:100cf0000000e00004003a007068ef0030002000bf
:100d0000d04288001300370070c8bf000004e00024
:100d10000d0032000000eb00e5220700f0428000e9
:100d20000000e00005003200f04280001040780032
:100d30000080fb00101088000782a800200020001f
:100d4000d0428800030037007068ef0030002000b8
:100d5000d042880000108000004f7800d042800010
:100d6000e10f500039003a004110800000022000dd
:100d7000008060000000e00036003200411080007a
:100d800000042000008060000000e0000b003a003a
:100d9000e04280000000e00004003200e0428000f9
:100da0000110800081407800014878002000200078
:100db000bf22070096e8b700290037000010800026
:100dc000004f780008c2a90025003700300020003d
:100dd000b722070096e8b70010c0b30070e8b7006c
:100de00096c8bf000004e00002003200001080003e
:100df000004f780010002000d04288001800370013
:100e00004110800000002800008060000000e00029
:100e10000b003a000000eb00a5220700f042800022
:100e20000000e0000d003200f04280001040780029
:100e30000080fb00101088000782a800080037001f
:100e40005a28ef0006003700ffff370000000000bf
:100e50000300370000000000010037000000000020
:100e60008600a90040108000700060000000e000d3
:100e700004003a0040108000680060000000e000bc
:100e8000090032006ac8bf000004e000060032001a
:100e9000a186200091407800304380000040780017
:100ea0005b2507006a68ef000080fa004f03be0070
:100eb0004f02be004f01be004f00be003600f900d9
:100ec000004006003600f800809fbe00829fbe00f2
:100ed000849fbe00869fbe000600fa008560a900c0
:100ee0004000370030118000404798003ec8bf00e6
:100ef0000004e0000d003a004e409000e94f500021
:100f00000a0032003fc8bf000004a2000004e00055
:100f1000310032004e419000018420008248780068
:100f200010c0b3003fe8b7002e0037003ec8bf0036
:100f30000040e8003ee8b7003ec8bf00ea4f50005e
:100f4000270036003e68ef0090c0b300ca170700c4
:100f50000040eb00004f7800030037000040eb003a
:100f6000c51707001e4fe8001e407800e94f5000eb
:100f7000faff360010c0b300bf1707000000eb00f7
:100f80001007980007003700000a20000100200029
:100f9000ef2707000060fe001e0090000000e80040
:100fa00010079800182607000004a2000004e000c3
:100fb000040032009e009000f0702200808f5000ec
:100fc000f1ff360000d0270001002000e0270700d5
:100fd0000000fe00030037000000000001003700a1
:100fe0000000000010118000610060000000e000bf
:100ff000bcff3a0010118000620060000000e000b9
:10100000010032002222a9000080fa004f03be0036
:101010004f02be004f01be004f00be003600f90077
:10102000004006000040da000000fe00000005005d
:10103000839f68000100e00002003d006000100096
:10104000e08018000300e00002003d006001110094
:10105000e0811900170007004f00e00002003b008c
:1010600060001000e0801800000006004f89de00dc
:101070008201780012023700811f78000100e00031
:1010800002003d0060001000e08018000300e00056
:1010900002003d0060011100e08119001500070009
:1010a0004f00e00002003b0060001000e0801800ec
:1010b000000006006022b800060220000000d000f8
:1010c0008180d2000482d2008582d2000000a0007c
:1010d0000202520083825a000300310002024200e1
:1010e00083824a000000a1000603e900f3ff3a00f2
:1010f00000000600efff07000400be00000006002d
:1011000007f82700078361000638e10004003a0071
:10111000f7072000878361008703710001003a0010
:1011200003f0a200889fbe008a9fbe008c9fbe0075
:10113000470ade000480a100c71ade000580a10076
:10114000070028000785600087856100f70f2000f1
:101150000720e1009e0032000728e1009c003200d9
:10116000010678000400e000b4003200f707200018
:10117000878060000170a0000500e000c000320020
:10118000f7072000878161000370a0000506520068
:101190000f003a000b50e1000b0032000308e100a1
:1011a00002003a000200e1007e003200020450001a
:1011b00083845800040031000001fd008101fd001e
:1011c0008402fd008a05fd006044b800210037005c
:1011d0000520e10005003d000001fd008101fd004a
:1011e0008402fd008a05fd00050652007a60e100d8
:1011f000050035000170a1004722dd0084807000e9
:101200008a807000630037006044b800ef02660017
:1012100007ff2f00070666000500e0000600340007
:10122000f08312008714dd000511de00071bdd00ce
:10123000060171008519de007060e10005003500cf
:101240000904780082047800030178008001eb0033
:10125000700656000b50e10003003a000200400007
:10126000838048000400370060041400e0841c0000
:1012700002005800838058000188a3000600320055
:101280008100d1000080d3008984d3000884d3007a
:101290000402e800270037000178a30025003a0087
:1012a0000100e000030032008186cf00698656000d
:1012b0000a0037008c0020000000e00004003a0023
:1012c00009007800880478000004eb0070025200e6
:1012d0008086cf000d0646000c06e9007060e10034
:1012e0000600350080007800090078008804780046
:1012f0000004eb0070065600700252000c00e00083
:101300000c0034008c08dd00f00316000703de003b
:10131000868070000c00dd00074bde0006007000c8
:101320008c4cdd000743de00868474000c44dd0035
:101330000c0252006120e1002000350061016000d4
:101340000700280087816400f7ff27008783640077
:10135000070374000300e0000600320082037300fc
:10136000040032000000e800e08048000188a3008b
:101370000e003a00f70f20000720e1004a003d0070
:101380000170a1004722dd00810072008a80700098
:101390000000be004f06be004f05be004f04be0059
:1013a000000006006000b800faff37008100d1009d
:1013b0000080d3000402e800eeff3700040178004b
:1013c00089017400c20007008a807000f1ff3700b5
:1013d00018010700070278000001fd008101fd00ef
:1013e0001401070087027800850372000778a300c4
:1013f000040032000001fd008101fd00270107000b
:10140000e4ff3700850362000768a300080032008c
:101410000b50e10003003200f0ff2f00f1ff270026
:10142000dcff37000001fd008101fd00d9ff37001e
:101430000468a300d7ff3200faff3700f8ff270047
:10144000888360000b003a000000e00009003a00c9
:101450008303640082837300020032000200be0036
:10146000ccff37000b50e100ceff3a000200be0077
:10147000c8ff370014002000810064003eff3700e1
:10148000f8ff27008883610004003a000200e000b2
:1014900002003a008c007800beff370015002000e3
:1014a0008301640039ff370001f8270000002000a5
:1014b00081007500b7ff370003836800070028002c
:1014c00007036300470ade000480a100c71ade009c
:1014d0000580a100f70f20000720e1004200320044
:1014e0000728e10040003200889fbe008a9fbe00ae
:1014f0008c1f7800f107b200f307b2000400e0008f
:10150000640032000170a0000500e00068003200b5
:101510000370a00085054200eb07b1000204b8008b
:101520000302b8008484440060854a00020ab800bf
:10153000848444000a854a00030ab8000405450073
:10154000040033000804d0008984d2000a85d20048
:101550008b05e9006158e1003d00350002102000d4
:10156000090161000308200089816100f70720005c
:101570008783640008867300c84cde00c853dd0012
:10158000878474004855de000300e0000600320046
:1015900082037600040032008904e80060054d00f3
:1015a0000a88a3000c003a00f70f20000758e1005a
:1015b00044003d000a70a100c75ddd000a8575008a
:1015c0008a007300090078004f0678004f05be00be
:1015d0004f04be00000006000a05d1008984d30034
:1015e0008b05e800f0ff3700881f780006047800bc
:1015f00090000700070278000001fd008101fd0056
:101600008c00070087027800850372000778a3002a
:10161000050032000001fd008101fd009f00070070
:101620004f04780000000600850372000748a300fd
:1016300003003200f0ff2f00f1ff2700f8ff370012
:101640000000200001f8270088807000f4ff3700b8
:10165000880178004848dd00808171004848de003c
:10166000c850dd0001007000c850de00060478009c
:101670000b0178001600070088807000d2ff370049
:101680000500e00005003200170020003a000700c6
:101690009dff370081037000f9ff3a008600780053
:1016a0004f0678004f05be004f04be000000050045
:1016b00083037100f9ff3200270020002e0007008d
:1016c00094ff370001f8270086807000f4ff370090
:1016d0000100e00026003200610111007810e100f5
:1016e00023003c006022b8007010e10004003500c7
:1016f00080027800010078008000eb00700151004a
:101700000200e0000900340070031100062add0029
:10171000822ade008603dd00878272000200de007e
:10172000860bdd00070070008208de0084817100f6
:10173000f4ff270004826200848171000400280005
:10174000848262006102600005f0a60000000600cd
:1017500004827100070032000000e800e0804800c9
:10176000000006000002be006000b800efff370076
:101770006000b80000000600889fbe000004eb0077
:101780006138e10016003a000100e00008003a006c
:10179000c800de004800dd00880020000100e000f5
:1017a00003003a00c800de004800dd006804440081
:1017b0008184cf00e9845400060034008908dd00ec
:1017c000f08314008703de00878070000900dd00cd
:1017d00009044400610214004f04be00000006002a
:1017e0000300e00008003a00c811de004811dd00e7
:1017f000880020000300e00003003a00c811de006a
:101800004811dd00680444008384cf00e98454005b
:10181000060034008919dd00f08314008713de0010
:10182000878171000911dd0009044400e102140000
:10183000e9ff37002700200001f0a7001700200073
:10184000470bde00f60fb200040032000643e8004a
:101850000a0032004702b3000000060001037800ce
:10186000f607b2000603700002003a000703b30057
:10187000000006008702b3000000060001037800a4
:10188000f607b20006037000020032000770a000e5
:10189000000006000760a000000006000478a30016
:1018a000040032000578a300030032000168a300a1
:1018b00001003a000200be000160a0000000060026
:1018c000881f7800030478000300e00007003d0053
:1018d00060001000e080180060011900e08119002c
:1018e00002003b0001f02d00030037000400070058
:1018f00008f0a70001f0a0004f04780000000600e7
:10190000889fbe008a9fbe000082700004027100a2
:1019100004827100260032000004be000200be00f6
:101920006011b8006b092000950220000182cf00f1
:101930000a0039000541b1000082cf0007003900dc
:101940000541b1000982cf00040039000541b10012
:101950000882cf00010039000541b1000542520064
:10196000120032000a003b008281710061016400b4
:101970008100d1000080d3008984d3000884d30083
:101980008b05e8000442e800f7ff3a000700370043
:101990000804440089844c0000004800818048000d
:1019a0008b05e9000442e900f9ff3a000300070053
:1019b0004f05be004f04be0000000600810020005d
:1019c000618055000b003d000b00200061fe2f00e0
:1019d0000100e1001d00340082817100610164009a
:1019e0008904d1000884d3000000e800faff3a001f
:1019f00071002000610064000300700002006000bc
:101a00000900320061044400e0844c000988a5000c
:101a1000050032008b05e8006808e10002003a008a
:101a20008904d1000884d300f20f20000258e1009d
:101a300005003d00c75ddd00f907b2008980750033
:101a400008007800000006000bf827008b007800e3
:101a500000000500000006000800fa00889fbe0094
:101a60008a9fbe008c9fbe000004be000200be0024
:101a7000e2b79f00f3b79f00f6ff070081027800ee
:101a800005f0a100000278000c0020000df82700ee
:101a90006fb19700ffb197008c0f52008d8f5a00e5
:101aa0000a003e000800be00eaff0700810278003d
:101ab00005f0a100000278006fb19700ffb1970018
:101ac0008c0f52008d8f5a00030036000800be00b4
:101ad00094fd0700980037000203be0000002000bc
:101ae00001f82300800f5300818f5b0003003a0050
:101af0000800be00980007008f0037000802be00f3
:101b00004e3dde000b0020006000b8006200650062
:101b10004f4dde000b0020000a0570008b85700021
:101b20008500780001f0a10008007800e00f500067
:101b3000e08f580007003a00e20f5500e08f5d008b
:101b400033003200e30f5500e08f5d007b003a0068
:101b5000320037008702780005f0a1000602780005
:101b6000e00f5200e08f5a003b0032008c0f520011
:101b70008d8f5a002c003a00840f5000858f58003a
:101b800018003a00e20f5500e08f5d0009003200b6
:101b9000e30f5500e08f5d0009003200e10f5500b2
:101ba000e08f5d005b003200b8fd200099f4230057
:101bb0006200370002002000030424000200370006
:101bc0000200200003042c00b0fd2000910424003a
:101bd00039fe07000200200003e8230036fe07005c
:101be00055003700e20f5500e08f5d00080032001d
:101bf000e30f5500e08f5d00080032006044b8003c
:101c0000e10f5500e08f5d004c003a0044003700c2
:101c1000b8fd20009904240048003700b8fd2000da
:101c200099042c00450037000600200007d0200052
:101c30000403430085834b0086bf9f0097bf9f002e
:101c4000800f5300818f5b00030039008c0f500020
:101c50008d8f580005003a000a08a30033003200b7
:101c6000b8fd200099fc2b00340037006033b80029
:101c700062036500e00f5300e08f5b000800320054
:101c80000c0020000dd020000003460081834e0090
:101c90006000b800840f5300858f5b00040039009a
:101ca0000800be009d020700010107002a0007008e
:101cb000e10f5500e08f5d00050032001e00390085
:101cc000e20f5500e08f5d000b003a000300370083
:101cd0000004be0009f0a20018003700e2d22b0079
:101ce000b33b23000ffd07000001be00b0fd200044
:101cf0009104240005003700e2d22b00b33b2300ff
:101d000008fd0700b2fd200093042400fcfc07003e
:101d100009003700b8fd200099f42b0007003700b8
:101d2000080020000900280004003700b8fd20004a
:101d300099fc2300010037000004be000800be002b
:101d40004f06be004f05be004f04be000080fa00e3
:101d500000000600000006000c00fa00889fbe008c
:101d60008a9fbe008c9fbe000004be004f09de00ab
:101d700003002000e2b79f00f3b79f0081067800c0
:101d80000df0a10000067800f0ff2f00f1c724003d
:101d9000800f5600818f5e00100036000800be00e4
:101da000ecff07008101780003f0a100000178003a
:101db0000000200001f82700800f5100818f59009a
:101dc000b5003e000200200003382000a0fd2000e6
:101dd00091fc2300d3fc0700a6003700f0ff2f0082
:101de000f1ed2300800f5600818f5e0011003e0050
:101df0000085eb00f0ff2f00f1972300800f5600c5
:101e0000818f5e0055003e00f0ff2f00f10720009b
:101e1000800f5600818f5e009f003e000801be00cb
:101e20000800be00a4fd0700c0b79f00d1b79f0007
:101e3000990037000800be009d0007000004be00a6
:101e4000f0ff2f0071f92300800f5600818f5e0094
:101e500025003e00f0ff2f00f1f22300800f560016
:101e6000818f5e0011003e000801be000800be0028
:101e7000acfc07000200200003f82300a0fc0700d0
:101e80000005be0002002000030024000800be0080
:101e9000a4fc07000001be000a00be001f020700ec
:101ea0000004be000005eb002c00370002002000fb
:101eb00003f823000800be0091fc07000005be00e7
:101ec0000200200003f823000800be0095fc070074
:101ed0000001be000a00be00100207000004be00a0
:101ee0001a0020001d003700f0ff2f00b101240070
:101ef000800f5600818f5e0012003e00020020001d
:101f000003fc23000800be007dfc07000005be00a6
:101f10000200200003fc23000800be0066fd07004d
:101f20000200200003f823007efc07000001be0031
:101f30000a00be00f90107000004be002a002000cc
:101f4000060037000801be000000200001f82b0049
:101f5000f20107000004be003a0020000801be00a4
:101f60000800be0054fd07000002be000001be00d4
:101f700084bf9f0095bf9f004ffd07000006be0075
:101f800052c22a00c3d723004bfd0700d2502f00b6
:101f900013e1230063fc07000001be000c00be003b
:101fa00045fd070092aa2a00a3ea23005dfc070072
:101fb0000001be000fba97009fba97000400be0050
:101fc0003dfd07000002be0072242100a3dd2b00ae
:101fd0000c00be0084bf9f0095bf9f0036fd070028
:101fe00082a92c00c3e4230045fc07000001be00c9
:101ff0000c00be0030fd07000001be000fba9700c4
:102000009fba9700e10f450009003a000400be00a6
:1020100044fc07000001be000800be0026fd0700ca
:102020000001be000800be0035fc070019003700a3
:102030004255dd00ecbe20000a0646000400be004a
:1020400038fc07000001be000800be001afd0700b2
:10205000e2bf20000a0541001a01be0028fc07006b
:102060000801be0026fc07000001be001c00be00e7
:1020700023fc07006fb19700ffb19700e00f5100fc
:10208000e08f5900030032000004be0009f0a200f6
:10209000010037000004be000800be004f06be006d
:1020a0004f05be004f04be000080fa00000006008d
:1020b0000001be008300780001f0a100020078005a
:1020c0000000060001000700580137000400fa0074
:1020d000889fbe008a9fbe008c9fbe000004be0089
:1020e0004708de00f00fb20051092000810f5000b8
:1020f00041003c000806be00e00f5400e08f5c0089
:1021000003003d000805be000bf0a20001003700ef
:102110000805be00d1072000810f50000a003c00d6
:102120000200200003b024000a00be00fdfb0700ef
:1021300080bf9f0091bf9f006011b8000800be00e3
:10214000ddfc07002b0037000200200003b0240054
:102150000a00be00f3fb07000200200003b02400c9
:10216000e7fb07000a01be00e5fb07000004be0014
:102170000200200003f023002a0107000000e00015
:10218000070034000a01be000800be00e5fb07009e
:102190000200200003f82300d9fb07000f003700de
:1021a0000200200003f02b000800be001b01070006
:1021b0000000e00006003c000a01be000800be006e
:1021c000d8fb07000200200003f8230002003700bc
:1021d0000a01be000800be00d2fb0700e00f560057
:1021e000e08f5e0003003d000004be0009f0a20085
:1021f000010037000004be000800be004f06be000c
:102200004f05be004f04be000080fa00000006002b
:10221000889fbe008a9fbe008c9fbe000004be0047
:102220000400200005f8270085836000040378007f
:10223000840f5300858f5b0007003a000801be0041
:102240000800be009cfc07000001be000800be00a4
:10225000b4fb070010003700e00f5000e08f58007b
:102260000f003c008101780003f0a100000178001c
:10227000e00f5100e08f59006a0032001002200088
:10228000806188000801be000800be009cfb0700ba
:102290000001be00210107000004be0061003700fc
:1022a000478cde00cf8cde00e00f5400e08f5c0036
:1022b0000f003a006044b8000400370000004000fe
:1022c0008180480061044400e0844c000400200048
:1022d000050820008181620004017800e00f5100b0
:1022e000e08f5900f5ff320061041400e0841c0007
:1022f000f807b1000980b10081017800f307b2004e
:10230000000178000200be000170a0000808a300d0
:102310000200320000004000818048008984d10022
:102320000884d30000004000818048009401200010
:1023300002002000031020006055b8006066b8005d
:102340000c0341008d834900800f5300818f5b0097
:1023500006003c0006064100878649000600500042
:10236000878058000a0541008b8549000000400025
:10237000818048008301d1000281d3000402e9007a
:10238000efff3a00e00f5000e08f58001b003200d2
:102390000226240023da20000000200001f8230098
:1023a00057fb07000200200003f823009d000700f0
:1023b0000000e000110035000226240023da20008e
:1023c0000000200001f8230056fb07000200200057
:1023d00003f82300930007000000e000030034002e
:1023e00062054500e0854d00040037006000b8003c
:1023f000610065000005450081854d00c744dd0092
:10240000080020000000200001f023000804400024
:10241000898448008b85d1000a85d30008044500d3
:1024200089844d000800be004f06be004f05be0067
:102430004f04be0000000600010037000201e90061
:102440000200e0000500320030427800b14178001f
:10245000834f5200f9ff32000100370000000500f1
:102460000480fb008381fb00030050000000060095
:102470008001780002003700b15978000201e900bc
:102480000200e000fcff3a0000000600889fbe004a
:102490008a9fbe00800478000200e0005b003200ea
:1024a00001407800814c780082814400f1f99f005e
:1024b000e20f51005500360091449800a144980065
:1024c000e1f99f00d1f99f00e60f51004f0036005f
:1024d000b1449800c1f99f00e80f51004b0036004d
:1024e0000905ea00630565000a8444000a055100f5
:1024f000c1ff2f00010565000080fb008000eb009c
:1025000012102000131020007e000700008cbe0077
:102510000a01440060b99f0071b99f00e80f55009f
:102520003a003600200498003104980040049800d6
:102530005104980020b99f0031b99f0040b99f0015
:1025400051b99f00f80f5500300036006004980024
:1025500071049800000c9800110c9800200c980051
:10256000310c9800400c9800510c980020b19f004d
:1025700031b19f0040b19f0051b19f0060b19f00f9
:1025800071b19f0000b99f0011b99f006401640000
:102590007801410002044400020555006011b800b2
:1025a0000203be000002be000403be006022b800a9
:1025b0000000720081807200020173008381730049
:1025c00010003700009cbe000294be00400498003a
:1025d000510498006204980073049800000c98005d
:1025e000110c9800220c9800330c9800400c9800b5
:1025f000510c9800620c9800730c98000a02b1000c
:102600000802b000ff0f5500eeff3e000900780001
:102610004f05be004f04be0000000600140020005d
:10262000a3013700f4ff2f00a10137000001be0015
:102630001f0007000470a70003f0a1006509b100a6
:10264000160032000d0035006828e1000600350054
:10265000f0ff2f00f1ff27000300e00013003b0014
:1026600001002800000005000000400081804800b3
:102670008502e900fcff3a0008003700f88f4200ad
:1026800002003c008000eb00000005008100d1004a
:102690000080d3008502e800fcff3a000300e00060
:1026a00002003b0060001000e080180000000600ff
:1026b000c70ade00f107b200f50fb20008003200d1
:1026c000e1cf4200020032000170a00024000500aa
:1026d000810f70000100320004080500440005006d
:1026e000810f700002003a00140005008502e90025
:1026f0000000400081c04800fcff3b000170a000ca
:1027000024000500020ab900001bb9000200b8004d
:10271000810042008100430000000600889fbe0047
:102720008a9fbe008c9fbe001b0020000202be00dc
:102730000586680006002800060666004709de00d8
:10274000f20fb200820032000243e8008000320043
:10275000c729de00f30fb2007d0032000343e8001a
:102760007b003200f107b2000170a000f507b20053
:102770000570a000c708dd004903de0086807000f8
:102780004700dd00c72add004923de008682720093
:102790004722dd00030551000403500085835800e3
:1027a0000300310000004000818048000a05e90074
:1027b0008c1f78008a9fbe0004005000858058005e
:1027c0000402420085824a000000400081804800e7
:1027d0000005eb000004be006033b8000406be0034
:1027e0000d48e10056003100110009004dccd80021
:1027f0000c01b8000d02b8008481410060824a00db
:102800008283530003045c0084845c0060055d00e7
:102810000a00e00025003a00800578000d40e10044
:102820004900310088007800070078001100090095
:102830004d88d8000c01b8000d02b8008481410019
:1028400060824a006003110083835b0004045c0023
:10285000e0845c000900e00021003a004f01be0066
:102860000300e0002b003200e30160000706730064
:102870008c81710001003200640070004200de00b3
:102880004e5edd000c007000c258de0001e0a000ca
:1028900081000700cf017800818071004f06be00e3
:1028a0004f05be004f04be00000006008c834300ad
:1028b0000d044c00e0844c0060054d000000e90070
:1028c0000a00e000d4ff32008c8343000d044c006a
:1028d000e0844c0060054d000000e900ceff3700a9
:1028e0000c0343008d834b0060044c00e0844c00db
:1028f0000000e9000900e000d8ff32000c034300ab
:102900008d834b0060044c00e0844c000000e90023
:10291000d2ff37004200de004e5edd000c0070008a
:10292000c258de0001e0a000cf0178000300e00003
:10293000daff320060001000e0801800d7ff370097
:10294000f0ff2f00aaff3700f0ff2f00b9ff37007c
:102950000404be00b7fb0700870678000004fd00f2
:102960008104fd00b3fb0700078366000678a3001f
:10297000030032000960a7000800be002c003700e9
:102980000d78a300020032000800be0028003700c6
:102990000778a30026003a0001f0a10009f0a10089
:1029a0000668a30003003200f1ff2700f0ff2f00ac
:1029b000baff37000d68a300030032000800be0014
:1029c0008c807000b5ff37000768a30007003a004d
:1029d0000648a30003003200f1ff2700f0ff2f009c
:1029e000aeff37000d48a300030032006000b800be
:1029f0008c807000a9ff37000748a3000400320054
:102a000001f82700000020008c807000a3ff370031
:102a1000740007000004fd008104fd000205780039
:102a2000700007000802be008a01780059ff3700d5
:102a30000160a000120220004245880097ff370085
:102a40000100e000120032000500e000100032003a
:102a5000889fbe008a9fbe008c9fbe000006eb00d0
:102a600001f8a3000300320060001000e0801800ad
:102a70000cf0a00005f8a300030032006002120071
:102a8000e0821a000cf0a2008005eb0041ff370045
:102a90006000b800020005008101700027003200cc
:102aa0008002eb0001f8a300030032006000100078
:102ab000e080180015002000f40720000202420008
:102ac00020003400f7032000870360000604200084
:102ad0000003630002082000000161004700de00df
:102ae000c909dd0000807100c708de000600e000b3
:102af0000800320087037100060032001000b000a9
:102b00000180b0000188a30002003200c108de008d
:102b10000402e800f107b200f30f20000320e100f7
:102b200003003d004722dd008100720029003700cc
:102b300001f827000000eb00260037006000b80015
:102b400000000600680212007f20e100020034004d
:102b50006000b8001f0037006011b8007020e1006d
:102b60000400350080017800010078008000eb004f
:102b7000700252000400e00009003400f00312006b
:102b80000719dd008419de000703dd00868171006e
:102b90000400de00070bdd00060070008408de0084
:102ba000f7ff270083836300870371000600280076
:102bb00003036300070032000700e00003003a004f
:102bc0006101600002817300020032001000b00059
:102bd0000180b0000500a6000000060001f0a00082
:102be000000006004f0ade004709de00f107b200d0
:102bf000f20fb2000b003200f207b1000170a0002a
:102c0000c708dd00c901de00838070004700dd00d9
:102c10000400a6000000060060001000e08018001c
:102c200000000600810f700001003a00000006005d
:102c30008182cf000500e00010003e008082cf00be
:102c4000ee8242007028e1000400390007003e00d7
:102c5000800078000000eb000e0037007083120047
:102c60008600de000500dd000a0037007083520098
:102c70008600dd000000eb0006003700e282520013
:102c80008508dd00708312000603de008680700078
:102c90000500dd007507b0000501ea000400a6008c
:102ca0000000060060001000e08018000000060030
:102cb000889fbe008a9fbe00841f7800170007000f
:102cc0004f00780011003300f0ff2f00838f6c005d
:102cd00006003b00040565000a00a7000800370055
:102ce00009f0a6001000200008003700820f5400f1
:102cf000838f5c00030039001000200001003e00bb
:102d00000000200009f0a7000000ea004f05be0007
:102d10004f04be000000e000000006000004be00fa
:102d200063fe07000003be000405be000200be00f3
:0c2d30005ffe0700844f750000000600e5
:020000040000fa
:102d3c000d0a0000000d00000a2a00002a2a0000db
:102d4c00204c000065760000656c000020740000cb
:102d5c0065730000742000002a2a00002a0d000070
:102d6c000a000000202000002a2a00002061000038
:102d7c0063630000656c0000657200006f6d0000fd
:102d8c006574000065720000206400006964000036
:102d9c00206e00006f740000206900006e69000056
:102dac0074690000616c000069730000652000000c
:102dbc002d20000063680000656300006b2000009c
:102dcc004932000043320000206100006e640000b4
:102ddc0020740000686500000d0a0000202000002f
:102dec00202000002064000065760000696300006c
:102dfc0065200000616400006472000065730000cf
:102e0c007320000028740000686900007320000023
:102e1c0062750000696c000064200000757300008e
:102e2c0065730000204c0000495300005f41000016
:102e3c0044440000525f0000312c000020300000a0
:102e4c007831000039290000202a00002a0d0000ea
:102e5c000a000000202000004869000074200000d7
:102e6c00456e00007465000072200000746f000055
:102e7c002072000065740000757200006e20000066
:102e8c00746f00002074000068650000206d000065
:102e9c00656e0000752e00000d0a00000020000079
:102eac002052000061770000206300006f75000065
:102ebc006e74000073200000616e0000642000003e
:102ecc0064650000726900007665000064200000f3
:102edc00616e0000676c0000657300002c20000020
:102eec006f6e00006365000020610000207300001d
:102efc00656300006f6e0000642e00000d0a000078
:102f0c002020000043200000746f0000207a000095
:102f1c00657200006f2c0000204500006e740000ec
:102f2c0065720000207400006f20000072650000c4
:102f3c0074750000726e0000207400006f20000099
:102f4c0074680000652000006d6500006e7500005f
:102f5c002e0d00000a0d00000a00000020200000c9
:102f6c00583d000000200000205900003d000000ea
:102f7c00202000005a3d000000200000202000000e
:102f8c007069000074630000683d000000200000c0
:102f9c00207200006f6c00006c3d000000200000ef
:102fac0064650000670d00000a0000000d0a0000b7
:102fbc00202000007a650000726f0000656400003c
:102fcc000d0a00000d0a0000000d00000a2a000086
:102fdc002a2a0000206c000065760000656c000059
:102fec002074000065730000742000006669000006
:102ffc006e6900007368000065640000202a000000
:10300c002a2a00000d0a0000000d00000a2a000008
:10301c002a2a0000204d0000616e0000756100003e
:10302c006c20000062650000616d000020620000f1
:10303c0072650000616b0000207400006573000075
:10304c00742000002a2a00002a0d00000a2000002b
:10305c002042000072650000616b000020650000da
:10306c00616300006820000062650000616d000073
:10307c00206900006e20000074750000726e000064
:10308c00202d00002074000068650000206d0000f9
:10309c006174000063680000696e00006720000026
:1030ac006c61000073650000722000007368000002
:1030bc006f7500006c640000206c000069670000f4
:1030cc00687400002e0d00000a200000204800004b
:1030dc0069740000204500006e74000065720000e9
:1030ec00207400006f2000007265000074750000f1
:1030fc00726e0000207400006f20000074680000e5
:10310c00652000006d6500006e7500002e0d00003e
:10311c000a0d00000a0000002020000046520000aa
:10312c004f4e00005420000062650000616d0000ed
:10313c0020620000726f00006b6500006e0d0000d5
:10314c000a00000020200000465200004f4e0000f4
:10315c005420000062650000616d000020630000d7
:10316c006c650000617200000d0a00000020000078
:10317c002052000045410000522000002062000057
:10318c00656100006d200000627200006f6b000032
:10319c00656e00000d0a00000020000020520000a7
:1031ac0045410000522000002062000065610000d3
:1031bc006d200000636c000065610000720d000062
:1031cc000a0000000d0a00002a2a00002a20000034
:1031dc0062650000616d00002062000072650000f5
:1031ec00616b000020740000657300007420000007
:1031fc00666900006e690000736800006564000079
:10320c00202a00002a2a00000d0a0000000d0000f0
:10321c000a3d00003d3d00003d3d00003d3d0000ed
:10322c003d3d00003d3d0000205200004753000092
:10323c0020420000726900006e67000055700000ab
:10324c00203d00003d3d00003d3d00003d3d0000a7
:10325c003d3d00003d3d00000d0a0000002d00002a
:10326c002d2d00002d2d00002d2d00002d2d0000ea
:10327c002d2d000020200000202000002020000028
:10328c00202000002020000020200000202d000025
:10329c002d2d00002d2d00002d2d00002d2d0000ba
:1032ac002d2d00000d0a0000002d00002d2d00001a
:1032bc002d2d00002d2d00002d2d00002d2d00009a
:1032cc002d2000005665000072730000696f00002d
:1032dc006e200000002e0000002000002d2d0000ac
:1032ec002d2d00002d2d00002d2d00002d2d00006a
:1032fc000d0a0000002d00002d2d000020550000af
:10330c0073650000207700006974000068200000dd
:10331c004170000070200000563300002e30000079
:10332c00206100006e640000207500007020000019
:10333c002d2d00002d2d00000d0a00002d2d00005c
:10334c002d2d00002d2d00002d2d00002d2d000009
:10335c002d2d00002d2d00002d2d00002d2d0000f9
:10336c002d2d00002d2d00002d2d00002d2d0000e9
:10337c002d2d00002d2d00002d2d00002d2d0000d9
:10338c002d0d00000a20000020300000202000003d
:10339c00536800006f770000206100006c6c000027
:1033ac00207300007461000074750000730d000040
:1033bc000a200000203100002020000042610000a3
:1033cc007474000065720000792000002f2000004a
:1033dc0067610000756700006520000062720000e4
:1033ec00696e0000672d0000757000000d0a00006a
:1033fc002020000032200000205400006f670000e5
:10340c00676c000065200000467200006f6e0000c3
:10341c00742000006c61000073650000720d0000e8
:10342c000a2000002033000020200000546f000010
:10343c00676700006c6500002052000065610000a9
:10344c00722000006c61000073650000720d0000ba
:10345c000a2000002034000020200000546f0000df
:10346c00676700006c65000020420000616c000082
:10347c006c2000006465000074650000637400003b
:10348c0020620000656100006d0d00000a20000044
:10349c002035000020200000546f000067670000fa
:1034ac006c65000020490000522000006c6900008f
:1034bc0067680000747300000d0a000020200000f3
:1034cc0036200000204d0000616e00007561000088
:1034dc006c20000062650000616d00002d62000030
:1034ec0072650000616b00002074000065730000c1
:1034fc00740d00000a20000020370000202000007e
:10350c005465000073740000204c000065760000c8
:10351c00656c000020200000310d00000a20000026
:10352c002038000020200000436100006c6900007e
:10353c006272000061740000652000004c650000a0
:10354c00766500006c0d00000a2000002039000098
:10355c0020200000205400004244000020330000d2
:10356c000d0a000020200000202000002020000078
:10357c00202000002020000020200000202000003f
:10358c00202000002020000020200000202000002f
:10359c0020200000200d00000a2000002020000048
:1035ac00202000002020000020200000202000000f
:1035bc0020200000202000002020000020200000ff
:1035cc002020000020200000202000000d0a000018
:1035dc00202000002d2d00002d2d00002d2d000091
:1035ec002d2d00002d2d00002d2d00002d2d000067
:1035fc002d2d00002d2d00002d2d00002d2d000057
:10360c00200d00000a2000002053000020200000a4
:10361c0053610000766500002053000065740000c3
:10362c00746900006e670000730d00000a20000032
:10363c00204c0000202000004c6f00006164000052
:10364c0020500000726f000064750000637400006d
:10365c00696f00006e200000696d0000616700005a
:10366c00650d00000a2000002058000020200000fa
:10367c004578000069740000206100006e64000051
:10368c00207000006f77000065720000206400005d
:10369c006f7700006e2000000d0a00003d3d000019
:1036ac003d3d00003d3d00003d3d00003d3d000026
:1036bc003d3d00003d3d00003d3d00003d3d000016
:1036cc003d3d00003d3d00003d3d00003d3d000006
:1036dc003d3d00003d3d00003d3d00003d3d0000f6
:1036ec003d0d00000a530000656c0000656300008e
:1036fc0074200000284500006e7400006572000004
:10370c00207400006f2000007265000064720000dd
:10371c0061770000293a0000200000000d0a00002b
:10372c005b5400004f4400004f5d0000206200001d
:10373c00617400007465000072790000202f000095
:10374c0020670000617500006765000020620000c2
:10375c00726900006e6700002d750000700d00008e
:10376c000a0000000d0a00004368000065630000b9
:10377c006b200000467200006f6e00007420000089
:10378c006c6100007365000072200000746f000013
:10379c00676700006c650000732e00002054000069
:1037ac00757200006e2000006f660000662000003d
:1037bc0077680000656e000020660000696e0000ee
:1037cc00697300006865000064200000706c0000e4
:1037dc00656100007365000021210000210d0000cf
:1037ec000a0000000d0a0000436800006563000039
:1037fc006b2000007265000061720000206c0000fc
:10380c006173000065720000207400006f67000097
:10381c00676c0000657300002e20000054750000da
:10382c00726e0000206f00006666000020770000ba
:10383c00686500006e200000666900006e6900007b
:10384c007368000065640000207000006c65000067
:10385c006173000065210000212100000d0a0000a9
:10386c00000d00000a43000068650000636b000057
:10387c00206400006574000065630000746900003a
:10388c006f6e000020620000656100006d2000007a
:10389c00746f0000676700006c650000732e0000f9
:1038ac00205300007769000074630000682000005a
:1038bc0069740000206f000066660000207700002d
:1038cc00686500006e200000646f00006e650000eb
:1038dc000d0a0000000d00000a430000686500009e
:1038ec00636b000020490000522000006c6900004e
:1038fc006768000074730000206f00006e2c0000dd
:10390c00206d000061790000206e000065650000ec
:10391c006420000061200000706800006f6e0000e1
:10392c0065200000636100006d650000726100009d
:10393c00207400006f200000646f000020740000f1
:10394c0068690000732100002054000075720000ab
:10395c006e2000006f660000662000007768000093
:10396c00656e0000206400006f6e00006520000092
:10397c0021210000212100000d0a0000000d000093
:10398c000a2000002061000074740000656d0000c6
:10399c0070740000696e000067200000746f0000f6
:1039ac002073000061760000652000007365000044
:1039bc0074740000696e000067730000202e000014
:1039cc002e2e00002e2e00000d0a0000000d00000f
:1039dc000a20000020730000657400007469000068
:1039ec006e670000732000007361000076650000b4
:1039fc00640d00000a0000000d0a000020200000e9
:103a0c002a2a0000205300004156000045200000e7
:103a1c0046410000494c000045440000202a0000ab
:103a2c002a0d00000a0000000d0a00004869000081
:103a3c0074200000456e00007465000072200000c8
:103a4c00746f0000206c00006f61000064200000a7
:103a5c006e65000077200000696d00006167000052
:103a6c00650d00000a0000000d0a0000524700001e
:103a7c005320000042720000696e00006755000080
:103a8c00702000006a690000673a0000206800009e
:103a9c00656c00006c6f00000d0a00000050000007
:103aac00657200007369000073740000656e00009d
:103abc0074200000636f00006e66000069670000f0
:103acc003a20000072650000737400006f720000f1
:103adc006564000020660000726f00006d2000001d
:103aec00666c000061730000680d00000a000000a5
:103afc00506500007273000069730000746500006b
:103b0c006e740000206300006f6e00006669000098
:103b1c00673a0000206e00006f6e00006520000008
:103b2c00737400006f72000065640000202d0000ab
:103b3c0020610000707000006c790000696e00005c
:103b4c00672000006465000066610000756c000071
:103b5c00747300000d0a0000005000006572000034
:103b6c007369000073740000656e0000742000001f
:103b7c00636f00006e660000696700003a20000069
:103b8c005752000049540000544500004e0d0000ef
:103b9c000a00000050650000727300006973000099
:103bac00746500006e740000206300006f6e0000ee
:103bbc0066690000673a0000202a00002a200000f5
:103bcc0057520000495400004520000046410000b7
:103bdc00494c000045440000202a00002a0d00003a
:103bec000a00000050650000727300006973000049
:103bfc00746500006e740000206300006f6e00009e
:103c0c0066690000673a0000206100006c720000d9
:103c1c0065610000647900002075000070200000d0
:103c2c00746f00002064000061740000650d0000da
:103c3c000a000000493200004332000020620000fc
:103c4c0075730000207500006e770000656400003d
:103c5c00676500003a2000006f6b00000d0a000041
:103c6c000049000032430000322000006275000061
:103c7c0073200000756e000077650000646700001b
:103c8c00653a00002042000055530000205300000c
:103c9c00544900004c4c00002053000054550000c7
:103cac00434b00000d0a0000000d00000a2a000022
:103cbc002a2a00002a2a00002a2a00002a2a0000a8
:103ccc002a2a00002a2a00002a2a00002a2a000098
:103cdc002a2a00002a2a00002a2a00002a2a000088
:103cec002a2a00002a2a00002a2a00002a2a000078
:103cfc002a2a00000d0a0000000d00000a2a00000c
:103d0c002a2a00002a2a00002a2a00002a41000040
:103d1c00757400006f2000006d6100007465000078
:103d2c0064200000746500007374000073200000b0
:103d3c00636f00006d7000006c650000746500001e
:103d4c002a2a00002a2a00000d0a0000000d00009b
:103d5c000a2a00002a2a00002a2a00002a2a000027
:103d6c004d6100006e750000616c00002062000067
:103d7c00656100006d20000062720000656100004a
:103d8c006b2000007465000073740000732a00003f
:103d9c002a2a00002a0d00000a0000000d0a00006b
:103dac002a2a00002a200000202000004272000075
:103dbc00656100006b200000656100006368000015
:103dcc0020620000656100006d200000696e00003b
:103ddc0020740000757200006e2c00002020000082
:103dec00202a00002a2a00002a0d00000a000000e8
:103dfc000d0a00002a2a00002a20000020200000c2
:103e0c0056650000726900006679000020630000ae
:103e1c006f72000072650000737000006f6e00001e
:103e2c00646900006e670000206c00006173000084
:103e3c0065720000206300006f6d00006573000068
:103e4c00206f00006e200000202000002a2a0000b5
:103e5c002a2a00000d0a0000000d00000a2a0000aa
:103e6c002a2a0000536900006d7500006c74000074
:103e7c00616e0000656f0000757300006c790000c6
:103e8c002062000072650000616b0000206200007f
:103e9c006f7400006820000062650000616d000016
:103eac0073200000746f000020650000786900002a
:103ebc0074200000202a00002a2a00002a0d00008d
:103ecc000a0000000d0a00002a2a00002a20000027
:103edc0020200000467200006f6e0000742000006d
:103eec0042650000616d000020620000726f0000ee
:103efc006b6500006e3f0000202a00002a2a00009b
:103f0c002a0d00000a0000000d0a00002a2a0000f9
:103f1c002a20000020200000526500006172000081
:103f2c0020420000656100006d20000062720000fc
:103f3c006f6b0000656e00003f2000002a2a000015
:103f4c002a2a00000d0a0000000d00000a2a0000b9
:103f5c002a2a00002a2a00002a2a000054650000a0
:103f6c007374000073200000436f00006d7000003c
:103f7c006c650000746500002a2a00002a2a0000e3
:103f8c000d0a0000000000000d0a000000300000c7
:103f9c007800000053450000414c000045440000ef
:103fac00005500004e530000454100004c450000f8
:103fbc0044000000465500004c4c0000204100001d
:103fcc00434300004553000053000000554e0000d1
:103fdc004b4e00004f5700004e0000000042000006
:103fec0051340000305a00003530000020620000cf
:103ffc00726900006e6700002d750000703a0000b9
:10400c000020000020530000425300002056000006
:10401c006f6c000074610000676500003a200000be
:10402c00002000006d56000000200000202a000037
:10403c002a2000005342000053200000574f00007c
:10404c005244000020520000454100004420000072
:10405c0046410000494c0000454400002028000067
:10406c0074720000616e0000737000006f720000cb
:10407c0074290000202a00002a00000020200000e3
:10408c00507200006f620000652000007265000035
:10409c006a6500006374000065640000202d000058
:1040ac002061000073730000756d0000696e0000e4
:1040bc006720000053450000414c000045440000bf
:1040cc002c200000736500006e640000696e000017
:1040dc0067200000756e000073650000616c0000c5
:1040ec00206b0000657900007300000020200000a8
:1040fc0044650000766900006365000020740000d0
:10410c0079700000653a00002000000020200000bb
:10411c002a2a000020500000524f000042450000a7
:10412c0020460000414900004c450000442000009e
:10413c002a2a0000002000002044000065760000c0
:10414c006963000065200000726500007365000063
:10415c0074200000286300006c6500006172000090
:10416c00696e0000672000006c6100007463000041
:10417c0068650000642000004655000053450000af
:10418c002f700000726f00007465000063740000f3
:10419c00696f00006e730000292e00002e2e0000a7
:1041ac0000200000205300006563000075720000c1
:1041bc0069740000792000006d6f000064650000d8
:1041cc003a20000000200000202a00002a200000d5
:1041dc00554e000053450000414c000020460000a5
:1041ec00414900004c450000442000002a2a0000f0
:1041fc00002000002044000041200000436f00001c
:10420c006e66000069670000757200006174000042
:10421c00696f00006e3a00002000000020280000aa
:10422c0034200000636500006c6c00002c20000042
:10423c004e52000029000000202000002a2a000015
:10424c002044000046200000575200004954000052
:10425c004520000046410000494c00004544000048
:10426c00202a00002a0000002020000054650000d5
:10427c006d700000207300006f7500007263000009
:10428c00653a0000206900006e7400006572000041
:10429c006e6100006c20000028620000656e00005a
:1042ac00636800002c2000006e6f0000207400007a
:1042bc0068650000726d000069730000746f000087
:1042cc007273000029000000202000002a2a000040
:1042dc0020540000454d000050200000434f0000ca
:1042ec004e460000494700002046000041490000ae
:1042fc004c450000442000002a2a00000020000049
:10430c00202a00002a20000046450000542000000e
:10431c00454e0000414200004c4500002046000084
:10432c00414900004c450000442000002a2a0000ae
:10433c00002000002046000045540000733a0000a5
:10434c0020430000484700003d0000006f6e000055
:10435c00006f00006666000000200000445300005f
:10436c00473d00000020000050430000484700007b
:10437c003d000000202000004e6f0000746500001e
:10438c003a200000464500005420000068650000fb
:10439c006c640000206f0000666600002c2000009a
:1043ac004f7000006572000061740000696f0000be
:1043bc006e5300007461000074750000733d0000c2
:1043cc000020000053610000666500007479000055
:1043dc005374000061740000757300003d00000010
:1043ec0020500000465300007461000074750000fa
:1043fc00733d000000200000204d000066670000a7
:10440c0020530000746100007475000073200000dc
:10441c00496e0000697400003a2000000020000082
:10442c0028460000455400005f4500004e20000067
:10443c007065000072730000697300007465000001
:10444c006e74000029000000202000002a2a0000c1
:10445c00204600004554000020500000455200004a
:10446c00534900005354000020460000414900000d
:10447c004c450000442000002a2a000000200000c7
:10448c00202a00002a200000434500004c4c00006c
:10449c00205600004f4c00005441000047450000de
:1044ac00205200004541000044200000464100001d
:1044bc00494c000045440000202a00002a0000005e
:1044cc0020200000436500006c6c00002000000000
:1044dc003a2000000020000020530000756d000001
:1044ec003a2000000042000051340000305a000015
:1044fc003530000020620000726900006e67000019
:10450c002d75000070200000636f00006d700000be
:10451c006c650000746500002e0000004251000024
:10452c00343000005a350000302000006272000068
:10453c00696e0000672d0000757000002066000099
:10454c00696e00006973000068650000642000005b
:10455c00574900005448000020450000525200000a
:10456c004f520000532e0000004400004120000078
:10457c00436f00006e660000696700000054000085
:10458c00656d000070200000456e00006162000047
:10459c006c65000000540000656d00007020000088
:1045ac004d6f000064650000004d00006667000060
:1045bc00205300007461000074750000732000002b
:1045cc00496e00006974000000440000657300002f
:1045dc00696700006e20000043610000702000003d
:1045ec006d41000068000000446500007369000024
:1045fc00676e000020430000617000002063000023
:10460c0057680000004400006573000069670000f3
:10461c006e200000566f00006c7400006167000093
:10462c00650000007d4a000001000000070000004a
:10463c00bba200007b4a000001000000010000004a
:10464c00c5a200007c4a0000010000000000000030
:10465c00d1a200000046000002000000180000007b
:10466c00dba20000e548000002010000c4090000c4
:10467c00eba20000e7480000020100006801000006
:10468c00faa20000e94800000201000040380000d6
:10469c0009a30000004700006f6c00006465000077
:1046ac006e200000696d000061670000653a000033
:1046bc00002000002000000020400000002000002e
:1046cc003a200000004e00004f5400002053000020
:1046dc0045540000202d0000207000006163000094
:1046ec006b200000766100006c75000065200000f6
:1046fc00726500007175000069720000656400004d
:10470c0000200000206f00006b0000002020000043
:10471c004d490000534d0000415400004348000037
:10472c002c200000776100006e7400002000000057
:10473c00202000004279000074650000206f00000a
:10474c007264000065720000202000003a20000016
:10475c004446000020000000206d0000416800006d
:10476c00207600007320000053420000532000000c
:10477c00002000006d41000068200000206f000048
:10478c006b000000206d000041680000202000003c
:10479c004d490000534d00004154000043480000b7
:1047ac00007200006561000064200000666100007a
:1047bc00696c00006564000020280000693200006c
:1047cc00633d00000029000000420000513400004d
:1047dc00305a000035300000207300007461000076
:1047ec0074750000733a0000002000002056000091
:1047fc006f6c0000746100006765000020200000f1
:10480c00203a000020000000206d0000560000003f
:10481c002020000044410000204300006f6e000087
:10482c0066690000672000003a20000000200000ac
:10483c002034000020630000656c00006c00000058
:10484c00202000004e4f00005420000034200000b7
:10485c00636500006c6c0000002c0000206e0000f2
:10486c006f6e00002d720000656d00006f76000009
:10487c00616200006c650000002c000020520000fa
:10488c00454d00004f560000414200004c450000d1
:10489c00002000002046000045540000732000005a
:1048ac002020000020200000203a00002000000002
:1048bc0043480000473d0000006f00006e00000000
:1048cc006f660000660000002044000053470000a3
:1048dc003d0000002050000043480000473d000010
:1048ec0000200000202000004f70000065720000c6
:1048fc0061740000696f00006e5300007461000069
:10490c0074750000733d000000200000205400006e
:10491c00656d0000702000002020000020200000a9
:10492c00203a0000200000002d0000002e000000a6
:10493c00204300000020000020430000656c0000b4
:10494c006c2000000020000020200000203a000015
:10495c00200000002020000050610000636b00006c
:10496c0020730000756d0000202000003a2000002c
:10497c000020000020430000656c00006c730000f8
:10498c002020000020200000203a00002000000021
:10499c0020200000427500007320000072650000aa
:1049ac0073650000747300003a200000003f0000a3
:1049bc003e3d00003c30000031320000333400003a
:1049cc003536000037380000394100004243000002
:1049dc0044450000460000008081000082860000f3
:1049ec0087990000a9aa0000010100000401000041
:0849fc0012100000010100008f
:020000040000fa
:104a04000200fa00000f78000400370000e82300d9
:104a1400010020004d1907000060fe001e00780010
:104a240000f0a7000000ea000000ea004f00de00ea
:104a3400004078001e0fe9000004e000f3ff3a0094
:104a44000080fa00000006000400fa001007980035
:104a54000000eb00000f780009003700703e2000d2
:104a64009e007800808f50000a003e000064200001
:104a740001002000351907000060fe001e0fe80049
:104a84001e00900010007800e10f5000f3ff320088
:104a940001003700000000001e00900010007800a4
:104aa4000040780000e8b7001e0090001000780075
:104ab4000010a20000f0a7000000ea000000e900d6
:104ac4004f00de00004078000080fa00000006007d
:104ad4000000fa0000c8bf000080fb00e60f500091
:104ae40008003e00110020008008dd00b004200012
:104af400008060000000e0000200320010c0b3003b
:104b0400010037000040eb000080fa0000000600be
:104b14000000fa0004c8bf000004a2000004e00082
:104b240003003200104080000000e80010408800bc
:104b34008e11070020032000b1ff07000080fa0057
:104b4400000006000600fa001007980021079800ec
:104b54000000eb00000f78000b003700f07c200011
:104b64009e007800808f5000020036000040eb0069
:104b74000c003700000a200001002000f318070091
:104b84000060fe001e0fe8001e00900090007800f8
:104b94002e009000008060000000e000efff3a006b
:104ba40010c0b3000080fa00000006000400fa0000
:104bb4000000eb001007980010c0b30004e8b70031
:104bc4006a110700500020008dff07001602a8009c
:104bd4001100200060212000daff07000040eb00f4
:104be400004f7800110037001662a80081002000f1
:104bf40060212000d3ff07000004a2000004e000ad
:104c04000e003a008010800016a2a8001682a800a8
:104c14000101200060212000caff07000004a20057
:104c24000004e00007003a001e4fe8001e40780030
:104c3400e84f5000ecff360003003700000000008e
:104c440001003700000000001642a80041002000c7
:104c540060212000bbff0700441107005000200022
:104c640067ff07000e80e8008000780090c0b30062
:104c740037000700104798001e4090000004e00031
:104c84000200320020c0b3000100370030c0b3007e
:104c940005e8b7000468ef001e4090000080fa00a9
:104ca400000006000000fa0089ff07000004e0008d
:104cb4000700320096ff070004c8bf000004a200ea
:104cc4000004e00004003200b8ff070002003700cf
:104cd400a00020004aff07000080fa000000060040
:104ce4000800fa0020079800614798000040eb0094
:104cf400004f7800100037001000200010079800c3
:104d04000e80e80080017800b2002000ee409000a0
:104d14002e009000571107000e80e8004aff07009c
:104d24000004e0000200320010c0b30006003700a7
:104d3400dcff07001e4fe8001e407800e44f5000df
:104d4400edff36000040eb000080fa000000060092
:104d54001600fa0020579800210f98000040eb003d
:104d6400004f7800230037001000200070079800df
:104d7400f20047000e80e800b300200012c0b30028
:104d8400c2110700f00047000e80e80066004000f2
:104d9400b300200022c0b300a4110700ee004700b6
:104da4000e80e800010178008000780020c0b30084
:104db400621107006e00470023ff07000004e000b3
:104dc4000a0032000e5090008080fb001e509000bc
:104dd4000080fb004800dd00810070002e08900078
:104de4000108780010c0b30006003700adff0700cb
:104df4001e4fe8001e407800e44f5000daff3600f2
:104e04000040eb000080fa00000006000800fa00f1
:104e14004047980031079800ce409000014f780039
:104e24003e00900000407800104798003e0090003b
:104e34004800de00004078002047980031c0b300ed
:104e44000e007800a6ff07000080fa0000000600ac
:104e54000200fa00000f78009e0078000040eb008a
:104e6400eaff07000004a2000004e0000200320090
:104e74000040eb0003003700a0002000e0fe070024
:104e840010c0b3000080fa00000006002600fa00fb
:104e94001017980041679800ce60900000c2b300dc
:104ea40080cf5000020036000040eb000f003700b6
:104eb40040c4b300004f7800ce60900011479800c2
:104ec4004e6090008080fb000e80e80001017800b5
:104ed4009e10900065f507004e60900000c0e80049
:104ee400804078000e0078007dff07000080fa0003
:104ef400000006004200fa00501f9800611f98004d
:104f0400627f98000327980040c4b300404798008c
:104f14000040eb00204798005e18900000407800a5
:104f2400206f98005e1890004800de000040780072
:104f3400306f9800a00220000e00400021c0b30092
:104f4400d2ff07000004a2000004e00002003200c7
:104f5400100020005f003700a0002000a8fe07001a
:104f64000040eb0010479800230037001000200099
:104f7400401f9800e4004700c00220000e004000db
:104f8400b300200012c0b30040110700e500470041
:104f9400c00220000e00400066004000b300200064
:104fa40052c2b30021110700810320008e8040000b
:104fb400c00220000e00400001017800800078004b
:104fc40020c0b300dd100700800320000e00400065
:104fd4009dfe0700204798002e4090000004a20088
:104fe4000004e000010032002eff07001e40900084
:104ff4000040e800104798001e409000e44f500025
:1050040004003e002e4090000004a2000004e000d2
:10501400d6ff3a002e4090000004a2000004e000f5
:1050240002003200100020002a003700de40900009
:10503400314798003e409000e14f50000400360094
:10504400be40900040c2b30080cf50000200360042
:10505400200020001f003700ee4090002e689000d2
:1050640080cf500004003a00fe4090003e6890005b
:1050740080cf5000020032002000200015003700cd
:105084003e40900000cfe9006e7890009e4078008a
:1050940080cf500002003600ee789000014f780077
:1050a4009e80fb006500470063004000010178001a
:1050b400800078006e189000ecf407000e20900039
:1050c4000000e000020032000e2090001e4878002c
:1050d4000000eb000080fa00000006002800fa003f
:1050e40020179800311798000040eb0020679800c3
:1050f400210220008e8040000e80e80081017800ab
:1051040002c2b300800078002e10900079ff0700df
:10511400000f78001e0078000000e000020032005a
:105124001e007800090037002e6090000004e000a3
:1051340002003a001000200004003700ae40900046
:105144003e109000014878000000eb000080fa0057
:10515400000006000800fa00200798006147980044
:105164002e00900000407800004f78002e00900040
:105174004800de000040780010479800ee409000a0
:105184002147980031c0b3000e0078003fff0700ac
:105194000004a2000004e00002003200100020001d
:1051a40003003700800c200015fe07000000eb0010
:1051b4000080fa00000006002800fa00201798007a
:1051c400311798000040eb0020679800210220006e
:1051d4008e8040000e80e8008101780002c2b30096
:1051e400800078002e10900042ff0700000f780026
:1051f4001e0078000000e000020032001e0078006b
:105204000e0037002e609000e14f500002003e0077
:1052140010002000090037002e4090008080fb0021
:105224003e4090000080fb004800dd0081007000db
:105234003e109000010878000000eb000080fa00a6
:10524400000006000800fa002007980031079800c3
:105254002e00900000407800004f78002e0090004f
:105264004800de0000407800104798003e0090009f
:1052740000407800204798003e0090004800de007f
:10528400004078003047980041c0b3000e00780019
:10529400fefe07000004a2000004e0000200320049
:1052a4001000200003003700800c2000d4fd07000c
:1052b4000000eb000080fa00000006000400fa0081
:1052c40010079800160037000000eb00000f78006c
:1052d400090037001e0fe800f07022009e007800dd
:1052e400808f500013003e00000a200001002000bf
:1052f400161707000060fe00311507000004a20025
:105304000004e000f3ff3a001e0090001040780013
:105314009e0090008100e800110798001015070016
:105324001e009000104078000004e000e6ff3a0000
:1053340001003700000000000080fa0000000600b1
:105344000200fa00000f78001e007800dbff07005f
:10535400a0fc2900d9ff07000080fa000000060025
:105364000800fa00889fbe001007980021079800e3
:1053740062479800d0fc2900d0ff07006e409000df
:105384000040e900004f7800180037001e00fb00c1
:105394004202dd001e019000ae019000f0021200f6
:1053a40004003b008502ea000518de008000eb00e3
:1053b40004003700851add000410de00008072004e
:1053c4008418de00000078006f0060008004eb00a9
:1053d400000478000800be00124e2a0000004100bc
:1053e40010407800de1407001e4fe9001e407800cc
:1053f4000004e000e5ff3d004f04be000080fa0019
:10540400000006000a00fa004007980050c0b300ec
:10541400004f78000040eb00604798001e4fe90001
:105424009e81fb004e019000d0cc2c000010b800ef
:105434004308de006a00b900000078000000510053
:10544400004078000043b00080407800030047002b
:1054540011409800ce009000d0cc2c000008b80079
:105464004308de00400798004e0090000000e00072
:10547400030032001e4078000004e000e7ff3a0019
:105484001e80fb008e00e800008040008bff0700b8
:105494000080fa00000006000a00fa0040079800a5
:1054a4000040eb0060479800e60047000e80e800eb
:1054b4008101780042c0b300800078001000200011
:1054c4008cfe0700000f78001e0078000000e0004a
:1054d400020032001e007800150037006e40900074
:1054e400e14f500002003e00100020001000370081
:1054f4002e4090008080fb003e4090000080fb0026
:105504004800dd00810070004e0090000108780022
:105514004e0090009000780000502400808f5000ce
:105524000200320030002000010037000000eb00d0
:105534000080fa00000006000c00fa004007980002
:10554400510798000040eb0060479800e6004700d0
:105554000e80e8008101780042c0b300800078002a
:105564004e00900063fe0700000f78001e007800d4
:105574000000e000020032001e0078002200370024
:105584006e409000e34f500002003e0010002000e7
:105594001d0037002e4090000081fb008001eb00cd
:1055a4003e4090000082fb008002eb004828dd00b2
:1055b400c820de00810070004820dd000001710079
:1055c400818171004e4090000080fb008000eb0060
:1055d400c000dd0000002000000171008181710025
:1055e4005e4090000080fb008000eb00c800dd00fe
:1055f4000000200000007100818071005e019000b5
:105604000089be000000eb000080fa0000000600e4
:105614000400fa00889fbe008e0078004005200038
:10562400c5ff07000000e000020032000000eb00ac
:10563400210037001e00be004809dd004800de00de
:1056440000007100c808de000000780063006000fc
:105654008004eb00000478000800be002200200053
:1056640003002000820f5000838f58000d00320089
:105674003200200003002000820f5000838f580066
:10568400060032001200200003002000820f5000a8
:10569400838f5800050032000600370010002000f8
:1056a40005003700200020000300370030002000f0
:1056b400010037000000eb004f04be000080fa0038
:1056c400000006000200fa00d1ff0700000f780076
:1056d4001e007800e20f5000030032001e00780024
:1056e400e30f500002003a000000eb0020003700f6
:1056f4001e0078000000e00002003a0010002000c4
:105704001b00370040412000d1fd07000004a20027
:105714000004e000020032001000200014003700f2
:1057240020672300cafd07000004a2000004e00073
:1057340002003200100020000d0037004006200057
:10574400affc0700b2ff0700000f78001e007800ce
:10575400e20f5000030032001e007800e30f5000f7
:1057640002003a000000eb00010037004000200076
:105774000080fa00000006000400fa000040eb007c
:10578400004f78000000eb00100798000e80e8003e
:105794008000780090c0b3006dfd0700a0002000d9
:1057a40097fc07008e007800d0a724004bfe07006a
:1057b4000000e000020032000000eb000a003700a5
:1057c4001e40780006e8b7001e4078000080fb0009
:1057d40067006000e70f500002003a00200020003c
:1057e40001003700100020000080fa0000000600cd
:1057f4000800fa0030079800630047008000780032
:10580400d0a7240035fe0700000f78001e007800a2
:105814000000e000020032001e007800290037007a
:105824003e4090007040b300204798003e00900036
:105834000000e000030032003e009000ae40900003
:10584400014878003e409000ae40900080cf500068
:1058540002003a000000eb001a003700ae4090004e
:10586400d0a724003bfe0700000f78001e0078003c
:105874000000e000020032001e0078001100370032
:105884006400470080007800d0a7240013fe0700be
:10589400000f78001e0078000000e00002003200d3
:1058a4001e00780007003700ce4090002e40900084
:1058b40080cf500002003200500020000100370069
:1058c4000000eb000080fa00000006000a00fa0065
:1058d400400798000040eb0060479800e60047004e
:1058e400640047008101780022c0b3008000780082
:1058f400700520007ffd0700000f78001e0078006f
:105904000000e000020032001e0078003b00370077
:105914006e409000e14f500002003e001000200055
:10592400360037004e4090008080fb005e409000bf
:105934000080fb004800dd000100700010079800a3
:105944001e009000700060000000e00023003a0098
:10595400200220003efd07000004a2000004e00035
:10596400020032001000200024003700400620000e
:1059740023fc0700e600470064004700810178002b
:1059840022c0b300800078007005200059fd070094
:10599400000f78001e0078000000e00002003200d2
:1059a4001e007800150037004e4090008080fb00f8
:1059b4005e4090000080fb004800dd0001007000a4
:1059c400100798001e009000700060000000e000c6
:1059d40002003a0060002000080037004e009000ea
:1059e4000000e00004003200ce00900040052000da
:1059f400d1fe0700010037000000eb000080fa0030
:105a0400000006000400fa000e80e8008000780020
:105a1400b0a72400b1fd0700000f78001e00780035
:105a24000000e000020032001e0078004100370050
:105a34002e409000e14f50001800320011c0b30016
:105a4400b0a72400c3fd0700000f78001e007800f3
:105a54000000e000020032001e007800350037002c
:105a64000e80e80080007800b0a724009bfd0700aa
:105a7400000f78001e0078000000e00002003200f1
:105a84001e0078002b0037002e409000e14f50009c
:105a94000200320050002000260037000e80e8008b
:105aa40080007800c0a724008cfd0700000f780058
:105ab4001e0078000000e000020032001e007800a2
:105ac4001c0037002e4090000004e0001800320053
:105ad4008040eb00c0a724009efd0700000f780063
:105ae4001e0078000000e000020032001e00780072
:105af400100037000e80e80080007800c0a7240062
:105b040076fd0700000f78001e0078000000e0001a
:105b1400020032001e007800060037002e4090007c
:105b24000004e000020032005000200001003700b1
:105b34000000eb000080fa00000006000800fa00f4
:105b4400300798000e80e800800078000060240090
:105b540099fd0700000f78001e0078000000e000a7
:105b6400020032001e0078002e0037003e00900034
:105b74000000e000030032009e0090003e00900010
:105b8400010878001e009000700060000000e00032
:105b9400020032000000eb00220037001e009000db
:105ba4000040a0008000780000602400a5fd0700ec
:105bb400000f78001e0078000000e00002003200b0
:105bc4001e0078001700370064004700800078004a
:105bd4000060240078fd0700000f78001e007800a4
:105be4000000e000020032001e0078000d003700c3
:105bf4002e009000700060000000e00002003a00f7
:105c040050002000070037003e0090000000e00034
:105c140003003200ae0090003e00900001087800be
:105c24000000eb000080fa00000006000400fa0007
:105c3400100798000040eb00004f78001000370078
:105c44001e80fb00000040009e0090008080400009
:105c54001e80fb00d24d2a00624078003cfc070005
:105c64000004a2000004e000020032001000200042
:105c740007003700a000200061fb07001e4fe8006a
:105c84001e407800e34f5000edff36000000eb00ab
:105c94000080fa00000006000000fa000003200063
:105ca4006bfc07000004a2000004e00002003200c4
:105cb40010002000080037004006200050fb0700b9
:105cc40053fe0700e10f500002003a000000eb0011
:105cd40001003700400020000080fa0000000600a8
:105ce4000200fa00000f78001e007800e20f500056
:105cf40006003200e30f500006003200e10f5000ae
:105d040006003a0000fd29000500370070fd290057
:105d14000300370000fe290001003700c0fe2900ff
:105d24000080fa00000006003000fa00889fbe00e0
:105d34008a9fbe008c9fbe000000eb0050079800b5
:105d44006000b800200f9800310f98006000b80080
:105d5400400f9800510f98000040eb00405f9800fe
:105d64000000eb004007980010c0b30007e8b7003c
:105d740000c0eb0008e8b700e0ceb30000e8b700cd
:105d840040ff29006efd070050ff29006cfd07004d
:105d94000000eb00700f98007e0047008000780040
:105da40090c0b300eafb07000004e00019003200d1
:105db4007e089000504088007e00470080007800f4
:105dc400f0c3b300e2fb07000004e000020032006d
:105dd4007e0890006040880020c0b30007e8b70048
:105de40070002a0035fd07005040800085fd070043
:105df40070012a0052fd07006a004700a6fd070053
:105e0400300798003e0090000000e00007003a00d0
:105e140011003700b0012a0049fd070010c0b3008b
:105e240008e8b700100020007d01370040042a0074
:105e340043fd07004041200005fc070020672300c4
:105e440003fc070040062000edfa07006a00470043
:105e540091fd0700300798005e00900070408800b4
:105e6400c0072a0015fd07005e0090008000eb00cb
:105e740042c0b3003afd07003e0090000000e0007d
:105e840002003a0040ff290001003700c0082a0040
:105e94002bfd07003e0090000000e00005003200ea
:105ea4003e0090000040780008e8b7003e009000f3
:105eb4005b01370030c0b30007e8b70024c8bf0057
:105ec4000004a2000004e0000800320010c0b30087
:105ed40024e8b700100a2a0019fd07001004200066
:105ee400dbfb0700007d2000c5fa0700700d2a00c7
:105ef400f2fc0700c6fd070079ff070010fd07004c
:105f0400f0fd0700300798003e0090000000e0001c
:105f140008003200900e2a0009fd07004e00900090
:105f24000000e00005003a00be0090004107980020
:105f34000200370040c0b30007e8b7007c00470008
:105f44002bfe0700300798004e58900012e8b70067
:105f5400f00f2a00d9fc07004e5890000080fb0087
:105f64008000eb0022c0b300fdfc07003e0090005f
:105f74000000e00002003a0040112a00010037004e
:105f840020122a00eefc07003e0090000000e00012
:105f9400060032004e0090000000e00005003a00c8
:105fa400be009000410798000200370050c0b300c3
:105fb40007e8b70093fe0700300798003e00900002
:105fc4000000e00002003a00a0132a00010037009c
:105fd400a0162a00b9fc070040ff2900d8fc0700de
:105fe4003e0090000000e000050032004e009000ea
:105ff4000000e00002003a00be0090004107980053
:106004000000eb0000179800000220000e00400082
:106014008000780080c0b3004dfb07000004e0005e
:10602400020032000e109000004188007400470006
:1060340026fe0700300798003e0090000000e000b4
:106044000800320050182a00bdfc07004e009000e2
:106054000000e0007d003a00be0090004107980077
:106064007a00370060c0b30007e8b7002e0890003c
:10607400be089000a0408800b1408800f0192a00b2
:106084008efc07002e089000be08900000007800e7
:10609400640060008000eb005117980040179800de
:1060a4004e109000de109000e00f5000e08f58007a
:1060b40002003200c01a2a0001003700f01a2a0038
:1060c4007efc0700301b2a007cfc07002e08900091
:1060d400be08900000007800620060008000eb00c1
:1060e40071179800601798006e109000fe109000d1
:1060f400e00f5000e08f580002003200c01a2a005e
:1061040001003700f01a2a006cfc0700901b2a00db
:106114006afc07002e089000be089000000078007a
:10612400680060008006eb00000678000c00be00ea
:10613400e00f5000e08f580002003200c01a2a001d
:1061440001003700f01a2a007dfc07002e08900099
:10615400be08900000007800640060008005eb0039
:10616400000578000a00be00e00f5000e08f5800e0
:106174000a0032002e089000be089000000078004b
:10618400620060008004eb00000478000800be0098
:10619400e00f5000e08f58002c003a006000b80077
:1061a40010179800211798007800470080007800a5
:1061b40010052000e0fc07000000e00004003a00a5
:1061c4004e089000de089000c0408800d14088004e
:1061d400200220000e0040008000780030052000de
:1061e400d5fc07000000e00004003a001e109000f7
:1061f400ae109000e0408800f1408800001c2a00a6
:106204002efc07002e089000be08900082c0b30048
:1062140053fc0700701e2a0028fc07004e0890005b
:10622400de08900082c0b3004dfc0700601f2a0006
:1062340022fc07001e109000ae10900082c0b30034
:1062440047fc070040ff29003dfc07000000eb006d
:1062540030179800600220000e00400037fe07004f
:10626400300798003e0090000000e00002003a0071
:106274003e1090008040880010202a000ffc070088
:106284003e1090008000eb0042c0b30034fc0700d5
:106294003e0090000000e00002003a0050212a0075
:1062a40001003700a0222a0025fc07003e009000d0
:1062b4000000e000050032004e0090000000e00005
:1062c40002003a00be009000410798006c004700ad
:1062d40056fe0700300798003e0090000000e000e2
:1062e4001200320050242a0015fc07004e009000d2
:1062f4000000e00003003a003e00900000407800f7
:10630400020037004e0090000040780008e8b70013
:106314004e0090000000e00002003a003e009000b1
:10632400010037004e0090003d00370070c0b300fc
:1063340007e8b7006000b800008fbe000040eb0023
:10634400404798001d0037004e4090000080fb003d
:1063540000004000ec00470000804000100078007e
:106364008000eb001e0f40005e97480060262a0064
:10637400d2fb07004e4090000080fb000000e800c4
:1063840020fc0700e0262a00ccfb07004e409000ca
:106394000080fb0000004000ec004700008040004b
:1063a4001000780017fc070070012a00e4fb0700c6
:1063b4004e4090000040e800404798004e40900056
:1063c400e34f5000e0ff360010272a00bbfb070014
:1063d4001e0078000bfc070070012a00d8fb0700a0
:1063e4004e0090000000e00002003a0090272a00ce
:1063f4000100370040292a00d1fb07004e0090001d
:106404000000e00002003a0080c0b30007e8b700d3
:106414004e0090000040780008e8b7004e0090005d
:106424004f06be004f05be004f04be000080fa00b8
:10643400000006000800fa002007980031079800c1
:106444000040eb00204798002e0090002040900070
:10645400e14f50000b003a002e009000100078002d
:106464008e80e8001dfb0700000f78002e4090008e
:106474008080fb003e009000010878001e00780038
:10648400040037002e00900010007800be00900039
:1064940049fb07000080fa00000006000e00fa0025
:1064a40050079800610798000040eb0010479800df
:1064b4000040eb00204798000000eb002007980004
:1064c4000040eb00004f7800370037001e80fb00cf
:1064d4004300dd008080e80080312a000080400015
:1064e400104090000080fb006100600000407800d4
:1064f4000004e0000c0032001e80fb004300dd00bd
:10650400e400400080312a00008040001000780040
:106514000000e00004003a002e4090000040e80033
:10652400204798001f0037001e80fb00c300dd00d9
:1065340080312a0000804000e8004700bdff0700ca
:10654400300798003e0090000000e000090032008f
:106554002e0090000000e00002003a00be0090000f
:10656400210798001e4090000040e8001047980062
:106574000c0037001e80fb004300dd00e4004000f7
:1065840080312a0000804000900078004e00900086
:10659400808f5000030032001e4090000040e8004d
:1065a400104798001e4fe8001e407800e64f500048
:1065b400c6ff36009e4090002282200001497800e8
:1065c400ae40900032822000014978005e009000c5
:1065d4000000e000030032005e0090001e419000c5
:1065e400024878006e0090000000e00003003200d2
:1065f4006e009000ae409000014878002e0090009c
:106604000080fa00000006000a00fa000000eb0017
:10661400100798000040eb00004f78005600370048
:106624001e80fb00c300dd0080312a000080400092
:10663400200798002e009000304090000080fb005e
:1066440061006000004078000004e00004003200b3
:106654002e009000200090000000e0004000320076
:1066640068004700800078002e00900071ff07004a
:10667400300798003e0090000000e00005003a005a
:106684002e009000a00090004e009000808f5000db
:10669400350032002e00900020409000e14f500061
:1066a40007003a002e0090002000900080407800ff
:1066b4002e00900010007800a6fa070005003700ad
:1066c4002e009000a00090002e0090001000780092
:1066d400dcfa0700300798003e0090000000e0005c
:1066e400060032001e0090000000e00020003a0086
:1066f400be009000110798001e0037006800470094
:10670400800078002e0090004aff070030079800b0
:106714003e0090000000e000060032001e009000e1
:106724000000e00013003a00be009000110798003a
:10673400100037002e009000a00090004e00900042
:10674400808f50000b0032001e0090000000e0001b
:1067540008003a0050002000100798000500370098
:1067640000000000030037000000000001003700b3
:10677400000000001e4fe8001e407800e64f500065
:10678400a7ff36001e0090000080fa0000000600fb
:106794000a00fa000000eb004007980000352a00c8
:1067a400e7fa070010352a00e5fa07000040eb007d
:1067b400004f7800470037001e80fb00c300dd0057
:1067c40080312a000080400010079800f0352a002c
:1067d400bafa07001e00900030009000b7fa0700d4
:1067e40020362a00b5fa07001e0090001000780039
:1067f4008000eb0042c0b300d9fa070050362a00eb
:10680400aefa07001e009000304090000080fb00ac
:1068140061006000004078000004e00007003200de
:106824001e009000200090000000e00003003a00e9
:1068340090362a00c2fa0700250037006600470098
:10684400800078001e009000fafe070020079800e0
:106854002e0090000000e000020032003e0007001d
:106864001b0037001e0090002040900000404000b4
:10687400004178003e0090008000eb00b8fa070069
:106884001e009000a00090003e009000808f5000f9
:1068940003003a0070382a00a9fa07000c003700f8
:1068a400c0382a0085fa07001e009000204090009e
:1068b40000404000004178001e009000200090003d
:1068c4008000eb00a6fa070000352a009cfa0700b6
:1068d4001e4fe8001e407800e64f5000b6ff360019
:1068e4006600470080007800508e240032fa0700ca
:1068f4000000e00016003a006800470080007800bd
:1069040080c1b30012f907000004e0001000320057
:10691400e0392a0069fa07003e009000b9fa07003e
:10692400203b2a0065fa07004e009000b5fa0700e4
:10693400be0090004e009000808f500002003a008c
:10694400f03b2a0001003700803c2a007cfa070053
:106954000080fa00000006000000fa00703d2a00e2
:1069640056fa070000c8bf000080fb00a5fa070024
:10697400903e2a0072fa07000080fa000000060028
:106984001800fa00889fbe008a9fbe008c9fbe003c
:106994000000eb00400798006000b800100f98005a
:1069a400210f98000040eb006057980068004700f2
:1069b4008000780090c0b300e5f8070070479800a5
:1069c400a00020000ef8070000352a005cfa07003a
:1069d400b03e2a005afa0700b03f2a0037fa0700ef
:1069e4007e4090000004e000050032004e0090005c
:1069f40084fa0700a0402a0051fa0700010037007a
:106a0400d5ff0700e0402a002cfa07007600470073
:106a140080007800d0a72400b0f907000000e0004f
:106a24001a003a006e50900012e8b7006e509000c1
:106a34000080fb008000eb0022c0b30048fa07008e
:106a44006e5090000080fb0063006000e30f500074
:106a540002003a00d0412a000100370060422a00b7
:106a640016fa07006e5090000080fb00640060007e
:106a74000000e0000200320030432a000100370029
:106a840030442a002efa070001003700b2ff070045
:106a9400f0442a0009fa07007200470080007800d9
:106aa40040052000a4fa07000000e0003d003a0081
:106ab4001e089000ae089000a0408800b1408800f5
:106ac400e0452a00fdf907001e089000ae0890007a
:106ad40000007800640060008006eb000006780087
:106ae4000c00be00e00f5000e08f5800020032009e
:106af40030462a000100370060462a00eff90700fb
:106b0400a0462a00edf907001e089000ae08900088
:106b140000007800620060008005eb00000578004a
:106b24000a00be00e00f5000e08f5800020032005f
:106b340030462a000100370060462a00dff90700ca
:106b440000472a00ddf907001e089000ae089000f7
:106b540000007800680060008004eb000004780006
:106b64000800be00e00f5000e08f58000200320021
:106b740030462a000100370060462a00cff907009a
:106b840070472a00cdf907001e089000ae08900057
:106b940082c0b300f2f9070000352a00e8f90700c3
:106ba400010037006cff0700b0482a00c3f9070052
:106bb400680047008000780080c0b30064f80700d4
:106bc4000004e000250032004e00900000418800df
:106bd4004e0090008000780040552f000080400057
:106be400200798002e0090000000e00005003d0002
:106bf400a0492a00b1f907002e0090000000ea0025
:106c0400200798002e019000706626000090b900bd
:106c1400c288de004f90de0000805000f9f90700c2
:106c2400c0492a00a5f90700ae009000706626004e
:106c34000089b9004299de004f88de00000051004f
:106c44006a01b9000200780000805000edf90700e5
:106c5400e0492a00baf90700010037003eff0700a7
:106c64006a004700f1fb07000000e0002c003a0036
:106c74006000b800008fbe000040eb006047980041
:106c84001d0037006e4090000080fb0000004000b3
:106c9400ea00470000804000100078008000eb000c
:106ca4001e0f40005e974800104a2a0083f907002f
:106cb4006e4090000080fb000000e800d1f907005e
:106cc400904a2a007df907006e4090000080fb0086
:106cd40000004000ea0047000080400010007800f7
:106ce400c8f90700a0402a0095f907006e409000fb
:106cf4000040e800604798006e409000e34f500069
:106d0400e0ff3600004b2a006cf907001e007800f3
:106d1400bcf90700a0402a0089f9070003003700e6
:106d2400f04b2a0065f907000bff070010408000b4
:106d34000000e00006003200e04c2a005ff9070082
:106d440010408000aff9070000352a007cf90700e5
:106d54004f06be004f05be004f04be000080fa007f
:106d6400000006000000fa000600fc00110280008a
:106d7400f141b200110288000080fa000000060010
:106d84000200fa00004f78001e417800418a20007a
:106d9400824878000080fa00000006000200fa0031
:106da4000000eb00000f780007003700f0e124003a
:106db4009e007800808f50000a003e000000000012
:106dc4000060fe001e0fe800113a8000000027005a
:106dd4008080600000002200808f5000f3ff3a00a2
:106de40001003700000000000080fa0000000600e7
:106df4000400fa0010079800160037000000eb00aa
:106e0400000f7800090037001e0fe800f070220020
:106e14009e007800808f500013003e00000a20007e
:106e240001002000491007000060fe00640e070006
:106e34000004a2000004e000f3ff3a001e009000ea
:106e4400104078009e0090008100e800110798002f
:106e5400430e07001e009000104078000004e0007c
:106e6400e6ff3a0001003700000000000080fa004d
:106e7400000006000400fa00204798000000eb0020
:106e8400000f7800090037001e0fe800f0702200a0
:106e94009e007800808f50000b003e00000a200006
:106ea40001002000291007000060fe00440e0700c6
:106eb4000004a2000004e000f3ff3a002e4090001a
:106ec400270e070001003700000000000080fa00d0
:106ed400000006000200fa00000f78003f68ef008f
:106ee4001e0078000000e000100032001e00780050
:106ef400bfff07000e00370051168000004020003d
:106f0400008060000000e00003003a008c050700e8
:106f1400cd82a800cda2a9000060fe0000102700c9
:106f240021002000091007000100370000000000c4
:106f34003fc8bf000004a2000004e000eeff3a00d6
:106f4400e0692900aaff070040c8bf000080fa00da
:106f5400000006001600fa00881f7800100f980041
:106f6400210f98000040eb00004f78001e089000ad
:106f7400ae089000e00f5000e08f580009003d007b
:106f8400d0c2b300bbff07001e089000ae089000fb
:106f940060001000e0801800100798002107980096
:106fa400040037001e099000ae09900012079800f3
:106fb400230798001e84fb001e009000ae00900082
:106fc400a20020000300200049e8070000407800e8
:106fd4000043b000804078000800470061409800fa
:106fe4001e4fe8001e009000ae009000a20020009a
:106ff400030020002ee807001007980021079800de
:107004001e009000ae009000e00f5000e08f58008a
:10701400e8ff3a00050037001e4fe9001e80fb0020
:10702400000047006040900092ff07001e40780077
:107034000004e000f8ff3a004f0478000080fa00f2
:10704400000006000e00fa00600798006e00900031
:10705400cf80de00827020000289b900020178002e
:107064006003b900860178000301410083702000a9
:107074000300b8000101410082007800e00f5000d5
:10708400e08f580004003d00f2ff210003002000bf
:1070940000004100818049004309dd004d02de000b
:1070a40004027100cd8ade00240798003507980099
:1070b4002e009000be009000a200200003002000db
:1070c400dae7070040079800510798002e00900067
:1070d400be009000a200200003002000e5e70700a6
:1070e400008fbe001e00be00e00f5000e08f58006d
:1070f40004003d001e00be0060001000e080180087
:10710400008fbe002e009000be009000e00f5000e3
:10711400e08f580007003d004e009000de00900014
:10712400e00f5000e08f580002003a00d0c2b300d4
:1071340050ff07004e009000de00900085ff07001e
:10714400e0c2b3004bff07001e00be0081ff070032
:107154000080fa00000006000e00fa00106a290000
:1071640023ff0700280407000004a2000004e00035
:1071740017003200806b29001dff070000732900ef
:107184001bff07003f68ef000c003700511680001a
:1071940000402000008060000000e00003003a008e
:1071a400e7040700cd82a800cda2a9000060fe007c
:1071b4000010270021002000640f07003fc8bf0013
:1071c4000004a2000004e000f0ff3a006d00370064
:1071d4005075290006ff07003f68ef0001003700e3
:1071e4000000000098040700e0aa2000210f070017
:1071f4001007980000ab20001e0f0700200798001e
:1072040020ab20001b0f07003007980040ab200084
:10721400180f07004007980060ab2000150f070007
:1072240050079800407b2900f1fe07001e009000e3
:10723400cf80de0047ff0700907b2900ecfe0700ab
:107244002e009000cf80de0042ff0700e07b290083
:10725400e7fe07003e009000cf80de003dff070000
:10726400307c2900e2fe07004e00900075ff070005
:10727400d07c2900defe07005e00900071ff07004d
:10728400507d2900dafe07000040eb00004f780033
:107294000d0037005116800000402000008060007f
:1072a4000000e00003003a00a5040700cd82a80016
:1072b400cda2a9000060fe000010270021002000dc
:1072c400220f07001e4fe80030c6b3009e4078002e
:1072d40080cf500004003e003fc8bf000004a2005d
:1072e4000004e000ebff3a003fc8bf000004e000e8
:1072f400bbff32000184200091407800414f980088
:107304003f68ef00ce48900030c6b30080cf5000f5
:1073140004003200ce48900030c4b30080cf500047
:1073240016003a00c14180001e0090000080500009
:10733400c0418800d14180002e00900000805000a0
:10734400d04188003c28ef00c041800091b120006a
:10735400b70e0700d0418000b1b12000b40e070081
:10736400e0418000d1b12000b10e0700c07d2900aa
:107374009ffe0700000000009aff3700b07e29003e
:107384009bfe07000080fa00000006000400fa00db
:107394000040eb00004f78000040eb0010479800dd
:1073a400b080290092fe0700c502a9003f68ef00e3
:1073b4003f0037000060fe005116800000402000ae
:1073c400008060000000e00003003a005c04070055
:1073d400cd82a800cda2a900101680006100600033
:1073e40000f0a7000000ea000000e9004f00de0002
:1073f40020479800101680006200600000f0a7008b
:107404000000ea000000e9004f00de003047980069
:107414002e4090000004e00002003200cc82a9005b
:1074240001003700cc82a8003e4090000004e00038
:1074340002003200d442a90001003700d442a8005f
:107444002e4090009e4f5000090032002e409000c4
:107454000004e00002003200208929000100370006
:10746400808a290062fe0700ae409000014f780038
:10747400be4090001e40900080cf500009003200b2
:107484003e4090000004e00002003200d08b29004e
:1074940001003700308d290055fe0700be409000e2
:1074a400114798000010270021002000a70e0700b4
:1074b4003fc8bf000004a2000004e000bdff3a0082
:1074c400cc82a800d442a800c502a800808e29005e
:1074d40047fe07000080fa00000006000000fa00e2
:1074e400d090290042fe07005093290040fe070077
:1074f400b09529003efe07006000b80095fe070025
:10750400109729003afe07004000200001002000e7
:1075140090fe07003097290035fe070010982900d7
:1075240033fe07000080fa00000006000200fa00a3
:10753400004f78001e80fb006101b900f0fc2f00b1
:10754400f1ff2f0002004000838048002204200045
:1075540003002000820f5000838f580096003e00e5
:107564000060010042003700440037005200370039
:10757400600037006e0037007c0037007d00370064
:10758400890037008e0037008d0037008c003700eb
:107594008b0037008a0037008900370088003700e5
:1075a40087003700860037008500370084003700e5
:1075b40083003700820037008100370080003700e5
:1075c4007f0037007e0037007d0037007c003700e5
:1075d400770037007a0037007900370078003700e9
:1075e40077003700760037007500370063003700f6
:1075f40073003700720037007100370070003700e5
:107604006f0037006e0037006d0037006c003700e4
:107614006b0037006a0037006900370068003700e4
:1076240067003700660037006500370064003700e4
:1076340063003700620037006100370060003700e4
:107644005f0037005e0037005d0037005c003700e4
:10765400570037005a0037005900370058003700e8
:1076640057003700560037005500370043003700f5
:1076740040b92900defd07005200370080bb290015
:10768400dbfd0700601680004400de0061406000fe
:107694000004a200614060000080fb006100600003
:1076a4004400dd00611680000140a100010070006b
:1076b400601688004300370080bf2900ccfd070016
:1076c400a01680004200de00614060000004a200b9
:1076d400614060000080fb00610060004200dd004a
:1076e400a11680000120a10001007000a0168800ee
:1076f4003400370070c32900bdfd07002016800048
:107704004800de00614060000004a20061406000a7
:107714000080fb00610060004800dd00211680004d
:107724000180a100010070002016880025003700a8
:1077340010c72900aefd0700601680004b00de0074
:10774400614060000004a200614060000080fb0012
:10775400610060004b00dd006116800001b0a100f3
:1077640001007000601688001600370007ff07004c
:107774001400370078fe07001200370050cc2900af
:107784009bfd07007f0507000004e00003003200b2
:10779400d0ce290096fd07000a00370020d029002a
:1077a40093fd07000700370010c0b3000600370040
:1077b40020c0b300040037000000000001003700bf
:1077c400000000000040eb000080fa00000006000a
:1077d4000200fa0001003700000000003fff07002c
:1077e4000000eb00bbfd070050ff0700004f7800ce
:1077f4001e4078000004e000f7ff32001e407800cd
:107804000080fa00000006000000fa00cd82a80003
:107814005bfc0700a0d1290075fd0700511680000c
:1078240000402000008060000000e00003003a00f7
:1078340043030700cd82a800cda2a9000060fe008a
:1078440000502300c1002000c00d0700f3ff3700e3
:107854000a00fa00003a80006100600000f0a7000e
:107864000000ea000000e9004f00de0040479800f5
:107874004e4090000004e00004003200c142a90020
:10788400c542a800d022a900d422a8009c0d07005c
:1078940042fd0700d442a800cc82a8007268ef0021
:1078a4007368ef007468ef007628ef007828ef0023
:1078b4007a68ef002828ef002a28ef002c28ef0030
:1078c4002e28ef003068ef00a0b220008040eb00cb
:1078d400014878007903070083030700a0c0b300c0
:1078e4008a030700c40a0700c942a800c142a900cc
:1078f400d022a900c542a8004e4090000004e00038
:1079040002003200d422a80001003700d422a900ca
:10791400cd82a800cda2a9004007a9004027a90054
:107924006040a9006060a9008780a9008780a90041
:107934009780a9008660a9000060fe008780a900e6
:107944008780a9009780a9008660a90005fd07002b
:107954005a0307007568ef007268ef000040eb00ff
:1079640050479800000c0700d482a80000d02700dc
:1079740001002000750d0700600b070000d02700f0
:1079840001002000710d07008560a9009560a80022
:10799400a0d3290016fd0700ed0407000004e00051
:1079a4000300320050d5290011fd07000300370001
:1079b400e0d729000efd07005c0c070080b2200010
:1079c4008040eb000148780070b2200041c0b30051
:1079d4000148780090b12000260d0700c0418800be
:1079e400b0b12000230d0700d0418800d0b12000a1
:1079f400200d0700e0418800ef0407000004a20006
:107a04000004e00009003200de0407000004e00086
:107a14000300320030db2900f5fc070005003700c5
:107a240000dd2900f2fc07000200370080df290096
:107a3400effc0700d022a900d422a80000502300a4
:107a4400c1002000410d070061ff0700e24f500014
:107a540001003a006cff0700c502a80053f40700b8
:107a64000004e0000300320000e22900e0fc07000b
:107a74000200370070e32900ddfc07000040eb0042
:107a8400004f78001d003700601680004c00de00b7
:107a9400614060000004a200614060000080fb00bf
:107aa400610060004c00dd006116800001c0a1008f
:107ab4000100700060168800601680004d00de0032
:107ac400614060000004a200614060000080fb008f
:107ad400610060004d00dd006116800001d0a1004e
:107ae400010070006016880000202100a10720001a
:107af400160d07000060fe001e4fe8001e407800cf
:107b0400e94f5000e0ff3600cda2a900cd82a900c4
:107b1400e80047006700470060fa07007e409000d5
:107b24000004e000050032007ff80700b6fa070001
:107b3400e80047006700470058fa07007e409000bd
:107b44000004e00003003200100020001007980039
:107b5400080037000e4890000004e00003003200e3
:107b64000000eb00100798000200370020002000fe
:107b740010079800cd82a800cda2a90080fb0700c1
:107b840003fb07000040eb00604798001e009000d4
:107b9400e10f500003003a00cd82a900cda2a80055
:107ba400050037001e009000e20f50000200320072
:107bb400cd82a800cda2a80000f029004102200037
:107bc400e20c07000060fe00b0e5290088fc070015
:107bd40030e8290086fc0700d0ea290084fc07006d
:107be40040ed290082fc0700e0ef290080fc07003b
:107bf40030f329007efc0700c502a900030037000a
:107c04000000000001003700000000000060fe00da
:107c140010168000610060000000e00004003a00db
:107c240080f6290072fc0700cc82a900010037000d
:107c3400cc82a80010168000620060000000e00002
:107c440004003a00d442a900a0f8290068fc070007
:107c540001003700d442a8001016800061006000c3
:107c64000000e000e6ff3a001016800062006000a9
:107c74000000e000e4ff3a00d442a800cc82a8004f
:107c8400b0fa29005afc07001e009000e10f5000d2
:107c940003003a00cd82a900cda2a8000500370058
:107ca4001e009000e20f500002003200cd82a800b6
:107cb400cda2a800d4fe0700b4ff37000000fa00ec
:107cc400d462a80000102700210020009f0c0700a8
:107cd400d462a9000080fa00000006000000fa0047
:107ce4006040a9006060a9008780a9008780a9007e
:107cf4009780a9008660a900d4c2a900cd02a8007b
:107d04000010270021002000900c0700cd02a900dc
:107d14000400370000102700210020008b0c07000e
:107d24000060fe001116800000202000008060002a
:107d34000000e000f7ff3200d4c2a80010003700b2
:107d440000a0260081012000800c07000060fe00d6
:107d5400601680004c00de00614060000004a20058
:107d6400614060000080fb00610060004c00dd00a9
:107d74006116800001c0a100010070006016880037
:107d84001116800000202000008060000000e00048
:107d9400ebff3a00cd82a9001000370000a02600b6
:107da40081012000690c07000060fe00601680005d
:107db4004c00de00614060000004a20061406000ed
:107dc4000080fb00610060004c00dd006116800053
:107dd40001c0a10001007000601688001116800027
:107de40000202000008060000000e000ebff320073
:107df400dd0a07000080fa00000006000200fa0015
:107e0400cda2a9000040eb00004f7800110037001c
:107e14000060fe0000502300c10020004b0c07004e
:107e2400601680004900de00614060000004a2008a
:107e3400614060000080fb00610060004900dd00db
:107e4400611680000190a100010070006016880096
:107e54001e4fe80070ccb3009e40780080cf5000e5
:107e6400ebff3600cd22a900d422a8002c28ef0075
:107e74002e28ef0012003700511680000040200029
:107e8400008060000000e00007003a0060418000cc
:107e94007141800061004000e0804800604188003a
:107ea40071418800020037002c28ef002e28ef00d3
:107eb40000502300c1002000240c07000060fe00d5
:107ec4006241800073418000900020000100200086
:107ed400800f5100818f5900e7ff360010003700f2
:107ee4000060fe0000502300c1002000170c0700b2
:107ef400601680004c00de00614060000004a200b7
:107f0400614060000080fb00610060004c00dd0007
:107f14006116800001c0a100010070006016880095
:107f24005116800000402000008060000000e00046
:107f3400ebff3200cd82a900d422a9000080fa0010
:107f4400000006000000fa0000e823000100200001
:107f5400fe0b07000080fa00000006000400fa008f
:107f6400000f7800110798001100370000e8230083
:107f740001002000f50b07000060fe001e009000c9
:107f840000f0a7000000ea000000e9004f00de0056
:107f9400004078009e0090008100e90011079800dd
:107fa4000004e000020032000040eb00050037004e
:107fb4001e00780010007800e10f5000ebff320043
:107fc40010c0b3000080fa00000006000800fa00a8
:107fd40040479800514798006247980010002000dd
:107fe400000f7800de40900021479800ee4090009a
:107ff400314798004e4090008080fb000e80e800de
:108004008e0178000101780021c0b30099040700b3
:10801400210320000e007800d0ff07000004e000d8
:10802400050032001e007800e20f500002003a0002
:1080340010002000010037000000eb000040780031
:108044000080fa00000006001400fa00604f980057
:10805400714f9800020f98002357980010002000d9
:10806400000f78006e4890000081fb00ef0047008d
:108074000e80e8008201780012c0b30003050700f7
:108084006e4890008080fb000e80e800660040008f
:10809400810178002e5190008e089000e3040700bf
:1080a4000e80e8000e0178008000780020c0b30044
:1080b400a2040700210320000e007800a7ff070098
:1080c4000004e000050032001e007800e20f5000ba
:1080d40002003a0010c0b30029003700100020004d
:1080e400000f78006e4890008080fb006f0047000e
:1080f4008e0178000101780011c0b3005d0407000f
:10810400210320000e00780094ff07000004a20061
:108114000004e00003003a001e007800e20f500063
:10812400020032000040eb00150037001000200070
:10813400000f78006e4890000080fb008e017800ec
:1081440000017800ae5090000e0890006204070011
:10815400210320000e00780080ff07000004e000e7
:10816400050032001e007800e20f500002003a00c1
:1081740010002000010037000000eb0000407800f0
:108184000080fa00000006000400fa00004f7800a6
:10819400114798001207980013c0b3001e01900005
:1081a4009e4090001e407800a7ff07000080fa0060
:1081b400000006000200fa000040eb00004f7800c7
:1081c400a4c8bf000e017800f1c0b300eeff0700a1
:1081d4000004a2000004e000020032000040eb00b2
:1081e400070037009e40780040c4b30000c0680018
:1081f4000080fb000000e9004f00de000040780032
:108204000080fa00000006000000fa0080ac2000a4
:1082140011cab3000148780080c1b300a4e8b700d4
:10822400418a20009140780090ac200001487800f9
:10823400a4c8bf000041eb0001c2b30063ff070004
:108244000004a2000004e00005003200b0ac2000ed
:1082540001ccb300014878000040eb00280037004f
:10826400a4c8bf00c2c0b30011c2b30057ff0700c7
:108274000004a2000004e00005003200a0ac2000cd
:1082840021ccb300014878000040eb001c0037000b
:10829400a4c8bf0042ccb30051c2b3004bff0700d7
:1082a4000004a2000004e00005003200b0ac20008d
:1082b40011ccb300014878000040eb0010003700f7
:1082c400a4c8bf0042c2b30001c2b3003fff07000d
:1082d4000004a2000004e00005003200b0ac20005d
:1082e40011ccb300014878000040eb0004003700d3
:1082f400c0ac20008040eb000148780010c0b300ff
:108304000080fa00000006000c00fa003007980014
:108314004107980052079800a4c8bf0063c0b30087
:108324000e01780081c2b30047ff07000004a200d9
:108334000004e000020032000040eb002b00370094
:108344001e4090000080fb00c800dd001e40780045
:108354000080fb0001007000800078003e00900067
:10836400010878003e4090000080fb00c800dd005a
:108374002e4090000080fb00010070008000780017
:108384004e009000010878005e4090000080fb00e1
:10839400c800dd004e4090000080fb00010070002a
:1083a400800078005e009000010878003e00900094
:1083b40010007800c280de003e00900001087800c2
:1083c4004e00900010007800c280de004e00900045
:1083d400010878005e00900010007800c280de0082
:1083e4005e0090000108780010c0b3000080fa001d
:1083f400000006000400fa00204798000040eb004b
:10840400004f780013c0b3000e017800f1c0b30030
:108414002e4090000cff07000004e000060032002c
:108424009e40780040c4b30080cf500002003a0060
:1084340010002000010037000000eb00004078002d
:108444000080fa00000006000a00fa000060fe0046
:1084540068014700e400470066004700aaff0700e0
:108464000004e00015003200ae009000c04180001e
:108474000080400020079800be009000d04180009a
:1084840000804000300798004e0090000000ea0091
:10849400400798002e009000e1aa2000640a07001b
:1084a4003e00900001ab2000610a07004e009000de
:1084b40021ab20005e0a070012003700e0aa20006a
:1084c40080c0eb0001487800f0aa200080c0eb00d7
:1084d4000148780000ab200080c0eb000148780020
:1084e40010ab200080c0eb000148780020ab2000d6
:1084f40080c0eb000148780030ab200080c0eb0066
:10850400014878004e019000be0090002e009000bb
:108514008e81e800030278008e017800de050700f2
:108524001e00780041ab2000410a07001e009000a5
:1085340061ab20003e0a07000080fa00000006003c
:108544000200fa000040eb00004f78000040eb000e
:10855400150007000004e00011003200d422a90035
:10856400c542a90001003700000000000060fe00c1
:1085740000502300c1002000740a07001e4fe800c9
:108584001e407800fd4f5000f7ff360040e7a8007a
:108594004007a8004027a8000060fe00feff370047
:1085a4000080fa00000006000400fa00204798004a
:1085b4000040eb00004f78000040eb0010479800ab
:1085c400120037001e4fe8000060fe00cd82a800b4
:1085d400cda2a90000a02600810120005b0a0700ab
:1085e400cda2a800cd82a90000502300c100200024
:1085f400560a07001e407800e54f5000030036007d
:1086040010c0b300104798000500370051168000d1
:1086140000402000008060000000e000e9ff32001c
:108624002e4090000004e00005003200c542a8007e
:10863400d422a800cd82a800cda2a9000200370050
:10864400cda2a800cd82a90000502300c1002000c3
:108654003e0a0700040037000060fe0000502300bb
:10866400c1002000390a0700511680000040200094
:10867400008060000000e000f7ff3200005023009b
:10868400c1002000310a0700040037000060fe002a
:1086940000502300c10020002c0a0700511680005e
:1086a40000402000008060000000e000f7ff32007e
:1086b4001e4090000080fa00000006000000fa004e
:1086c4000a21ef00f009200070088800000028004b
:1086d400900888008e21ef008c21ef009021ef009c
:1086e4000080fa00000006000000fa00e00020000c
:1086f400800c88000080fa00000006000000fa00e8
:108704009021ef000080fa00000006000200fa0049
:10871400004f780000cab3009e40780080cf50001c
:108724000200360000cab300004f78001e80fb0030
:10873400600c88000080fa00000006000200fa00c5
:10874400cd82a900cda2a8000060fe0023c0b30022
:108754000e01780091c0b30060c3b3003afe070075
:108764000060fe009e40900020ab2000014878008d
:108774009e40780030ab200001487800cd82a800ec
:10878400cda2a9000080fa00000006000000fa0053
:10879400cd82a900cda2a8002bff0700cd82a8009e
:1087a400cda2a9000080fa00000006000400fa002f
:1087b400204798000040eb00004f78000500370088
:1087c40000a0260081012000e00907000060fe00ef
:1087d4001e4fe8002e4090009e40780080cf50004d
:1087e400f7ff39000080fa00000006000a00fa00d2
:1087f40030079800410798000080eb00000f7800d4
:108804000000eb00100798001f003700be00900026
:108814001e00900000804000104078000080fb00a3
:108824004800dd001e0f68000040eb004047980040
:108834000f0037001e0078000000e00006003d0035
:108844001e00780000004000800078001002210023
:10885400008f6800030037001e007800000040000d
:10886400000f78004e4090000040e8004047980018
:108874004e409000e74f5000eeff36001e0090007f
:108884000000e800100798009e0090004e00900041
:10889400808f5000ddff39001e0078000080fa0050
:1088a400000006000600fa00008fbe0022079800b0
:1088b4002e0090008000eb003e014000ae81480095
:1088c4000200be007d0407000080fa0000000600dc
:1088d4001a00fa00100f9800210f9800320f980028
:1088e400430f98000001eb001e089000ae089000b2
:1088f400ecff0700100798009e009000305c2a00ef
:10890400808f5000020032000040eb004c00370022
:10891400220020001e089000ae089000e1ff07002e
:108924008000eb00200798003107980042002000e7
:108934001e089000ae089000daff07008000eb00ec
:108944004007980051079800620020001e0890001c
:10895400ae089000d3ff0700600798008200200053
:108964001e089000ae089000ceff07007007980024
:10897400ee00900000202000808f500002003200a2
:108984000040eb002e0037000000eb00000f7800e1
:10899400140037009e0078007080400000017800c9
:1089a4001e089000ae089000beff0700000f98005c
:1089b4003e0890001e0040008e0890008140780020
:1089c400014878001e00e800be08900000804000c6
:1089d4008e089000c808de008140780001487800c5
:1089e4001e8fe800f01f20009e007800808f50004a
:1089f400e8ff3600012020003e0890007bff0700be
:108a0400fe009000810f5000020032000040eb0095
:108a14000b0037004e009000de009000c001dd0026
:108a2400020020002e009000be00900000007100a3
:108a3400818071004e0990000089be0010c0b3000f
:108a44000080fa00000006000a02fa006000b80084
:108a540010079a0021079a006000b80030079a00b6
:108a640041079a00212020008e8040000e80e800fb
:108a7400810178000001780000002a000100200034
:108a840093ff0700004f7800602020000e00400094
:108a940080017800a28a200000402a000100200002
:108aa4008bff0700104798001e4078000004e00088
:108ab4001d0032001e4090000004a2000004e000eb
:108ac40009003a001e019200ae0192003e0092009d
:108ad400ce0092000000510081805900e00f500048
:108ae400e08f5800100034000e80e80002202000bf
:108af40080007800a08a20005ce6070000002a00bd
:108b04000100200020448800314488001e009200a7
:108b1400ae009200404488005144880010c0b30065
:108b24008ce8b700190037001e4090000004e000f4
:108b34000b00320000402a0001002000204488007d
:108b4400314488003e009200ce00920040448800e8
:108b54005144880010c0b3008ce8b7000b00370004
:108b6400022020008000eb00a08a200046e60700d7
:108b740000402a000100200020448800314488007d
:108b84008828ef008a28ef008c68ef00012020007d
:108b9400a08a200015ff0700704488008cc8bf001d
:108ba4000080fa00000006000200fa00000f7800be
:108bb400f01f20009e007800808f500004003e00cb
:108bc400a08a20001e0040001040780001003700f9
:108bd4000040eb000080fa00000006000400fa00e8
:108be400000f780021479800f01f20009e007800b5
:108bf400808f500004003e00a08a20001e00400028
:108c0400ae409000014878000080fa0000000600a1
:108c14000600fa00000f7800110798002207980058
:108c2400f01f20009e007800808f500015003e0049
:108c34001e0078006101b8002e0090008000eb0057
:108c44000201400083814800002020000100200030
:108c5400800f5100818f590003003600002020004e
:108c64001e00500020079800a08a20001e0040002b
:108c74002e019000800078001e009000fbe50700a4
:108c840001003700000000000080fa000000060028
:108c94000600fa00000f78001107980022079800d8
:108ca400f01f20009e007800808f500014003e00ca
:108cb4001e0078006101b8002e0090008000eb00d7
:108cc40002014000838148000020200001002000b0
:108cd400800f5100818f59000300360000202000ce
:108ce4001e00500020079800a08a20001e004000ab
:108cf4002e0190009e009000dce507000100370083
:108d0400000000000080fa00000006000000fa00e5
:108d14008cc8bf000004a2000004e00006003a0072
:108d240001202000a08a2000b0fe070071448000ca
:108d3400810f5000020032001000200001003700b3
:108d44000000eb00004078000080fa0000000600fc
:108d54000200fa003cff0700004f78001e40780034
:108d64000004e0000400320002102000a18a200068
:108d7400a0aa2000bde507001e4078000080fa008c
:108d8400000006000000fa000b0007000004e000e9
:108d94000200320010c0b3000500370002102000aa
:108da400a1aa2000a08a2000b0e507001400070053
:108db4000080fa00000006000000fa008cc8bf0022
:108dc4000004a2000004e000020032000040eb00b6
:108dd4000900370002102000a1aa2000a08a200068
:108de40094e5070000f0a7000000ea000000e90095
:108df4004f00de00004078000080fa00000006000a
:108e04009602fa006000b800108f9a00218f9a0031
:108e1400224480003344800000002a000100200026
:108e2400800f5100818f590003003a0000402a004e
:108e3400010020000200370000002a000100200089
:108e44002007980031079800404480005144800076
:108e540061004000e08048004007980051079800f6
:108e640001202000a08a200060fe0700600798000f
:108e740050052000a10a2000f10207002e009000f6
:108e8400be009000130307000004a2000004e000e9
:108e940003003200ef0207000040eb00b10037008e
:108ea4000000eb00000f78007f0037000000eb00ab
:108eb40010079800680037001e007800c600dd0027
:108ec4001e009000008040000000400070079800e1
:108ed4007e009000ef0f50003d003e007e009000a9
:108ee400e40f50001a003200e40f500005003e0069
:108ef4000000e00008003200e20f50000d003200d4
:108f04002c003700e60f50001b003200e80f500021
:108f140020003200270037001e00900000004000af
:108f24000000470072004000315c2a00010878000c
:108f340046003700ce0090001e0090000000400064
:108f44000000470072004000010878003f0037002d
:108f54004e009000de0090004008de0080007800a3
:108f64001e00900000004000000047007200400016
:108f740001087800350037001e0090000000400012
:108f84000000470072004000012020000108780022
:108f94002e0037001e009000000040000000470033
:108fa40072004000ee00900001087800000000000c
:108fb400260037001e00900000004000000047001b
:108fc400720040008080eb00010878001f00370029
:108fd4007e00900070005000000f98008e089000f2
:108fe400f01f2000808f500012003e00a18a200054
:108ff4000e08900000804000104078008080fb0044
:109004000e0890000000e800a28a20006240780068
:109014000080fb004800dd00810070001e0090000d
:109024000000400000004700720040000108780082
:10903400060037001e0090000000400000004700ba
:10904400720040008080eb00010878001e00900050
:109054000000e800100798009e009000f003200034
:10906400808f500094ff36001e0078004700dd001a
:109074006101b8002e009000be0090000200400084
:109084008380480072014700e30207000004a20045
:109094000004e000030032006e0207000040eb0011
:1090a400300037001e0fe8001e007800e40f500067
:1090b4007eff360067020700212920008e804000d1
:1090c400200920000e004000810178000001780092
:1090d4002e009000be009000fdfd07000004a200d9
:1090e4000004e000020032000040eb001d003700e5
:1090f4001e899200ae8992004e009000de0090001e
:10910400800f5100818f590007003a002009200088
:109114000e00400002202000a18a2000c5e40700c0
:109124000000e000020032000040eb000d003700b8
:109134002e019000be019000224488003344880030
:109144004e019000de0190004244880053448800a0
:1091540010c0b3008ce8b700ee019000734488009f
:1091640010c0b3000080fa00000006000000fa00fe
:1091740020842000a1ba200011009800208420003f
:10918400a1ba20000108780020842000a0009000eb
:109194000110a0002100980020842000a00090006d
:1091a4000100a10021009800208420008040eb00f1
:1091b40061409800f0312000a010880000002800d1
:1091c400b01088001822ef008a40a9008a20a90064
:1091d4009a40a8009a20a8000080fa000000060027
:1091e4000200fa0020842000e0409000014f780043
:1091f4001e4078000080fa00000006000000fa001b
:109204007042800066004000704288004cc8bf0075
:109214000040e9004ce8b7004cc8bf000004e0007f
:1092240003003a004000200050428800020037004a
:1092340010002000504288000080fa000000060060
:109244000200fa00000f78001642a8008042800055
:10925400200090000000e000030032008042800003
:10926400200090001e0878004a28ef000080fa00d1
:10927400000006000800fa00000f7800214798005b
:1092840022079800330798002084200020009000d3
:10929400610060000000e0000a003a00ae019000a6
:1092a4002e4190009e00780080bc200077000700cb
:1092b4003e01900081bc200010c0b3001f000700d5
:1092c400030037003e0090008000eb0001087800a6
:1092d4000080fa00000006000800fa00000f780081
:1092e4002147980022079800330798002084200023
:1092f40020009000610060000000e0000a003a00d5
:10930400ae0190002e4190009e00780020bc200009
:10931400460007003e01900021bc200010c0b300ad
:1093240006000700030037003e0090008000eb00b9
:10933400010878000080fa00000006000600fa0028
:10934400004f78001107980022079800208420001d
:1093540020009000610060000000e0002e003a0050
:109364002e009000110020000108780020842000c5
:10937400100078009e0090001100980020842000c6
:10938400100078001e487800208420001000780027
:10939400ae00900021009800208420001000780086
:1093a400e60040002084200001087800208420008a
:1093b4009000780020bc2000808f500003003a0009
:1093c40020842000a1ba2000010878002084200015
:1093d400a00090000110a10021009800208420002a
:1093e400900090002084200010007800808f5000ae
:1093f40004003a0020842000a00090000100a00096
:1094040021009800504280000000e00005003a006e
:109414008a40a800030037002e0090008000eb0073
:10942400010878000080fa00000006000800fa0035
:10943400000f7800110798004247980033079800fe
:109444003e00900000004000800078001e0078007c
:10945400010878001e007800100078008000780071
:109464000100a0001e007800010878001e007800aa
:10947400ce409000214098001e0078009e0090008d
:10948400210098000080fa00000006000800fa009d
:10949400000f78001107980042479800330798009e
:1094a4003e00900000004000800078001e0078001c
:1094b400010878001e007800ce40900021409800fa
:1094c4001e0078009e009000210098000080fa00a1
:1094d400000006000000fa00208420002000900014
:1094e4006200600000f0a7000000ea000000ea004b
:1094f4004f00de00004078000080fa000000060003
:109504000000fa0020842000200090006100600028
:1095140000f0a7000000ea000000ea004f00de00af
:10952400004078000080fa00000006000000fa0005
:109534009868ef009968ef000080fa0000000600c8
:109544000400fa002047980098c8bf000040e800d3
:10955400674f600099c8bf009e40780080cf5000dc
:1095640002003a000040eb000a00370098c8bf0030
:109574000080fb00e1c120002e4190008270780041
:109584001e41780081892000824878007e28a80046
:1095940010c0b3000080fa00000006000200fa00c8
:1095a400918920009140780098c8bf0080cf500076
:1095b40003003a007e28a9000040eb0015003700a4
:1095c40099c8bf000080fb00e1c12000614f780012
:1095d40099c8bf000040e8006740600099e8b70000
:1095e400918920009140780098c8bf0080cf500036
:1095f40001003a007e28a9001e80fb008000400084
:10960400e0c020000080400010007800000001004d
:1096140010c0b3000080fa00000006000000fa0049
:10962400918920009140780098c8bf0000c068006c
:109634000080fb000000e9004f00de0000407800dd
:109644000080fa00000006000200fa00a0b2200028
:10965400104f78001e80fb0061006000004078001d
:109664000004e00002003200cc82a90001003700af
:10967400cc82a8001e80fb00620060000000e000b5
:1096840002003200d442a90001003700d442a800ed
:109694001e80fb00640060000000e0000200320055
:1096a400c502a90001003700c502a80000b22000cd
:1096b4001e4878000080fa00000006000200fa004c
:1096c400b0b22000104f7800f0b120001e4878009e
:1096d4000080fa00000006000000fa000080fa0092
:1096e400000006000000fa000080fa0000000600f6
:1096f4000000fa0030b520009040780060c5b30047
:1097040080cf500007003a0030b520008040eb00c5
:1097140001487800cd82a900cda2a800a0c0b30062
:1097240082e8b7000080fa00000006000000fa009a
:1097340082c8bf000004e0000700320040b52000ea
:1097440090407800f0c2b30080cf500002003a008d
:109754000000fe00ffff370030b520008040eb0022
:109764000148780040b520008040eb0001487800b3
:10977400cd82a900cda2a8000080fa000000060056
:109784000000fa00cd82a800cda2a90030b52000c7
:109794008040eb000148780040b520008040eb0099
:1097a400014878008268ef000080fa00000006009b
:1097b4000000fa000080fa00000006000000fa0031
:1097c4000080fa00000006000000fa0000002800f3
:1097d400301088000822ef00000520002500070053
:1097e4000000eb001d0007005a28ef000000eb000a
:1097f400060007000000eb000a0007008600a9002d
:109804009600a8000080fa00000006000200fa009a
:10981400000f78009e007800f14288000080fa0072
:10982400000006000200fa00000f78009e00780095
:10983400e14288000080fa00000006000000fa00ff
:10984400f04280000080fa00000006000000fa00e8
:10985400e04280000080fa00000006000200fa00e6
:10986400000f78009e007800611088000080fa00e4
:10987400000006000200fa00000f7800f007200044
:109884009e007800808f5000020036000742a80036
:10989400010037000742a9005a28ef009e00780013
:1098a400511088000080fa00000006000200fa004f
:1098b400000f78001e007800e10f50001200320003
:1098c400e10f500003003900e20f50001500320090
:1098d4005700370060438000a1aa200081004000a7
:1098e4000000e8006043880001007800c7ff07001b
:1098f40061438000f00f2000808f50004700360045
:109904006c28ef004a0037006e28ef0010c0b30047
:1099140095e8b7006a68ef0040892000c1ff07009e
:109924004300370095c8bf000004e0001c0032006b
:10993400704380000000e00008003a0094c8bf00b3
:109944000080fb004800dd00604388007043800015
:109954000000e800704388000a003700704380006c
:10996400e10f500007003a0094c8bf008080fb005c
:109974006043800001007000604388006e28ef009f
:109984009568ef0061438000f00f2000808f500045
:1099940024003600001020006043880024003700b3
:1099a4006ac8bf000004e00002003a00604380007f
:1099b4003043880061438000f0072000808f50000e
:1099c4000a0036006043800042892000124178007a
:1099d400a1aa2000827078006ac8bf000004e000d9
:1099e40002003a00604380003043880060438000f6
:1099f4000000e800604388006ac8bf000040e80037
:109a04006ae8b70061438000f00f2000808f5000a7
:109a1400060036006c28ef00050037000000000047
:109a240003003700000000000100370000000000c0
:0c9a340010c0b3000080fa000000060023
:020000040000fa
:109a40000000fe0062c220000019780001097800c1
:109a5000000006000000fe000000eb008000eb00ac
:109a6000f8ff07006627ef00000006000000fe0078
:109a7000801f7800811f780061c220000600fc0072
:109a800031007800303b880011007800303b8800be
:109a900061e7a8000000000000000000cf0078008f
:109aa0004f007800000006009201800091018800bc
:109ab0009080ba001000ba009201880000000600f1
:109ac00092018000910188001000ba009201880084
:109ad000000006000000fe0061e7af00feff370057
:109ae000f23f2000000161000c003a002204240033
:109af000023b880092018000910188000008bb00b1
:109b0000384d02000000000061e7af00feff3700a3
:109b1000920188001000200061a7af000000200023
:109b20000000060061e7af00feff37000000a7005d
:109b30000d0037009401800091018800310024005d
:109b4000013b88000208bb000388bb00384d0200bf
:109b50000000000061e7af00feff370094018800bd
:109b60001000200061a7af000000200000000600e8
:109b700061e7af00feff37000000a7000e003700ce
:109b800033002400033b880093018000910188008a
:109b90000208bb00f20f20000288bb00384d020013
:109ba0000000000061e7af00feff3700930188006e
:109bb0001000200061a7af00000020000000060098
:109bc00061e7af00feff3700f307200080816100ee
:109bd00010003a0013002400033b8800930180002a
:109be00091018800040420003208bb003298bb00b9
:109bf0001400b100fcff3a00384d020000000000e4
:109c000061e7af00feff37009301880010002000dd
:109c100061a7af00000020000000060061e7af0070
:109c2000feff3700f30720008081610011003a0039
:109c300013002400033b88009301800091018800f9
:109c400004042000f10f20003208bb000198bb0083
:109c50001400b100fcff3a00384d02000000000083
:109c600061e7af00feff370093018800100020007d
:109c700061a7af000000200000000600f23f2000b6
:109c8000000061000000060002c02f00000061001b
:0c9c9000f2ff2f008100610000000600c0
:020000040000fa
:109c9c002600fa00889fbe00600f9800710f980094
:109cac000217980013179800241798006e0890005c
:109cbc00cf80de00eadc07004007980051079800cf
:109ccc007e089000cf80de00e5dc0700600798007e
:109cdc00710798000e109000cf80de00e0dc0700ca
:109cec00000f9800110f98000e0990009e0990002b
:109cfc006e009000fe00900054df070002ee220080
:109d0c0053262400e9dd0700200f9800310f98003e
:109d1c006e019000fe0190006e009000fe0090001d
:109d2c00e2dd07000004be000e0990009e099000c1
:109d3c000e0890009e089000dcdd07000001be00bc
:109d4c000800be00f4dc07002ee107004e01900075
:109d5c00de0190000202be0005f0a2000001be0070
:109d6c000400be0039df070002ee22005326240057
:109d7c00cedd0700400f9800510f980012b620005e
:109d8c00632324002e089000be089000c7dd070056
:109d9c00c9e00700008fbe0012b620006323240028
:109dac004e089000de089000c0dd0700c2e00700fe
:109dbc002007980031079800f0ff210001002000d7
:109dcc001e01be00800f5100818f5900030034002a
:109ddc00f0ff210001002000008fbe0000002e00cb
:109dec00f1ff2f001e01be00800f5100818f590022
:109dfc0003003d0000002e00f1ff2f00008fbe007d
:109e0c002e019000be019000f0ff21000100200007
:109e1c00800f5100818f590004003400f0ff2100a5
:109e2c000100200020079800310798002e019000b7
:109e3c00be01900000002e00f1ff2f00800f51009a
:109e4c00818f590004003d0000002e00f1ff2f000f
:109e5c0020079800310798002e009000be0090005b
:109e6c0060001000e080180020079800310798006f
:109e7c00ae0090001e109000010878009e00780043
:109e8c002e109000010878004f04be000080fa00ec
:109e9c00000006000000fa000621ef0030422f00ff
:109eac0060088800000328008008880084e0a9006e
:109ebc0094e0a800c0c220008040eb00014878006c
:109ecc000080fa00000006000000fa002104800067
:109edc0000102000008060000000e000090032004b
:109eec00d0c22000104078008040e800d0c2200092
:109efc0001487800c0c2200011c0b30001487800ae
:109f0c008500a9000080fa00000006000400fa0099
:109f1c00008fbe001e007800600888001e00be0086
:109f2c004008de0000007800700888000080fa000d
:109f3c00000006000400fa000080eb008080eb00bb
:109f4c00008fbe00700880008000eb00c001dd00b7
:109f5c0002002000600880008000eb00001f7100f0
:109f6c00019771001e00be000080fa000000060080
:109f7c000400fa00008fbe001e00be004008de0088
:109f8c0000007800400888001e0078003008880027
:109f9c000080fa00000006000800fa000080eb00c8
:109fac008080eb00008fbe003108800021079800f4
:109fbc0041088000310798003e0090008000eb00c3
:109fcc00c001dd00020020002e0090008000eb009c
:109fdc00001f7100019771001e00be000080fa0086
:109fec00000006000000fa00c0c220008040eb0018
:109ffc000148780011e1a8000080fa00000006007a
:10a00c000000fa0011e1a9000080fa00000006002f
:10a01c000200fa00c0c22000104f78001e407800e9
:10a02c000004e00003003200c0c220008040eb00be
:10a03c00014878001e4078000080fa0000000600fd
:10a04c000000fa00d0c22000104078000080fb0015
:10a05c000080fa00000006000000fa00d0c22000c8
:10a06c008040eb00014878000080fa0000000600f8
:10a07c000000fa001821ef00400f2000e0088800d3
:10a08c001421ef00f03f2200d00888008000280047
:10a09c00f00888001fe1a9006000b8001d0007004f
:10a0ac008780a9009780a8000080fa0000000600b5
:10a0bc000400fa00008fbe001e007800d008880053
:10a0cc001e00be004008de0000007800e00888009a
:10a0dc000080fa00000006000400fa000080eb008b
:10a0ec008080eb00008fbe00e00880008000eb0059
:10a0fc00c001dd0002002000d00880008000eb00d1
:10a10c00001f7100019771001e00be000080fa0054
:10a11c00000006000400fa00008fbe001e00be0006
:10a12c004008de0000007800b00888001e007800af
:10a13c00a00888000080fa00000006000800fa0061
:10a14c000080eb008080eb00008fbe00a108800037
:10a15c0021079800b1088000310798003e0090005c
:10a16c008000eb00c001dd00020020002e009000fa
:10a17c008000eb00001f7100019771001e00be00f3
:10a18c000080fa00000006000000fa000080fa00cf
:10a19c00000006000200fa00000f78009780a9006a
:10a1ac009e007800114588009780a8000080fa0076
:10a1bc00000006000000fa00e0c220008040eb0026
:10a1cc00014878001fe1a8000080fa00000006009a
:10a1dc000000fa001fe1a9009780a9000080fa0096
:10a1ec00000006000200fa00e0c22000104f7800c8
:10a1fc001e4078000004e00003003200e0c22000a2
:10a20c008040eb00014878001e4078000080fa0086
:10a21c00000006000000fa00f0c220001040780098
:10a22c000080fb000080fa00000006000000fa002d
:10a23c00f0c220008040eb00014878000080fa005a
:04a24c000000060008
:020000040000fa
:10a250009008000004000000000000009c080000be
:10a2600002000000000000009e0800000200000044
:10a27000000000002a0c00000200000000000000a6
:10a28000a008000002000000000000002c0c0000ec
:10a2900002000000000000002e0c00000200000080
:10a2a00000000000a2080000020000000000000002
:10a2b000aa0b00002400000000000000420800007b
:10a2c0001800000000000000aa0a000000010000c1
:10a2d000000000005a080000180000000000000004
:10a2e000940800000400000002000000aa01010020
:10a2f00000000000a40800000200000002000000ae
:10a3000019000000260800001c00000000000000ea
:10a310000008000026000000000000007208000095
:10a320001200000000000000ce0b00002000000022
:10a3300000000000a608000002000000000000006d
:10a340000e0c00001000000002000000264b600010
:10a350004b6e4b00744bda004be04b007a4b98008d
:10a360004b0000001e0c0000080000000000000070
:10a37000980800000400000000000000aa08000087
:10a380000002000000000000840800000c00000033
:10a3900000000000260c0000040000000200000085
:10a3a000ffffff00ff000000ee0b00002000000098
:10a3b000020000003863ed003eda0f00493f5e0006
:10a3c000987b3f00da0fc9003f693700ac31680065
:10a3d00021223300b40f140033682100a23300009f
:10a3e000300c00000200000000000000a80800007f
:0ca3f0000200000000000000000000005f
:020000040000fa
:10a3fc000000fa00a668ef00a768ef000080fa00e2
:10a40c00000006000400fa0020479800314798002d
:10a41c00a6c8bf000040e800674f6000a7c8bf0097
:10a42c009e40780080cf500003003a007e08a900bf
:10a43c000040eb001e0037000e00e8000001780021
:10a44c00be4090002e409000f40107000004a200d2
:10a45c000004e000020032000040eb001400370062
:10a46c00a6c8bf000080fb009e4090008180fb00ce
:10a47c004201dd00e0bc2000000041000108780032
:10a48c00a6c8bf000080fb00c200dd0000bd20009c
:10a49c0000804000be409000014878009e4078004b
:10a4ac00628a2000014978007e08a80010c0b30021
:10a4bc000080fa00000006000200fa00000f78008d
:10a4cc00718a200091407800a6c8bf0080cf500050
:10a4dc0003003a007e08a9000040eb001c00370086
:10a4ec00a7c8bf000080fb00c200dd00e0bc20005c
:10a4fc0000804000900078001e0078000108780071
:10a50c00a7c8bf000080fb004200dd008080e8008f
:10a51c00e0bc200000804000904078001e007800d5
:10a52c0021409800a7c8bf000040e80067406000c9
:10a53c00a7e8b700718a200091407800a6c8bf0038
:10a54c0080cf500001003a007e08a90010c0b30073
:10a55c000080fa00000006000000fa00718a20005a
:10a56c0091407800a6c8bf0000c068000080fb00c6
:10a57c000000e9004f00de00004078000080fa0087
:10a58c00000006000000fa000021ef000000280087
:10a59c001008880000022800200888000045800070
:10a5ac000000e00002003a00003225002400070001
:10a5bc008460a9009460a800a0c220008040eb0039
:10a5cc00014878000080fa00000006000200fa0042
:10a5dc00000f78009e00780011088800a0c22000af
:10a5ec008040eb00014878000080fa000000060073
:10a5fc000000fa00100880000080fa00000006003d
:10a60c000200fa00000f78009e0078000108880014
:10a61c00a0c220008040eb00014878000080fa00c6
:10a62c00000006000000fa00000880000080fa001c
:10a63c00000006000000fa000080fa00000006008e
:10a64c000200fa00000f78009460a9009e007800c8
:10a65c00014588009460a8000080fa000000060004
:10a66c000000fa00a0c220008040eb0001487800f6
:10a67c009460a80005e1a8000080fa000000060024
:10a68c000000fa0005e1a9009460a9000080fa001e
:10a69c00000006000200fa00a0c22000104f780053
:10a6ac001e4078000004e00003003200a0c220002d
:10a6bc008040eb00014878001e4078000080fa00d2
:10a6cc00000006000000fa00b0c220001040780024
:10a6dc000080fb000080fa00000006000000fa0079
:10a6ec00b0c220008040eb00014878000080fa00e6
:10a6fc00000006000000fa00800020000011880015
:10a70c002222ef00200220004011880021e2a80044
:10a71c002342a8000080fa00000006000000fa00a6
:10a72c000000000010118000610060000000e000db
:10a73c00fcff320010118000620060000000e0009d
:10a74c00010032002222a900301180000040780064
:10a75c000080fa00000006000200fa00004f7800aa
:10a76c00000000001111800000202000008060001b
:10a77c000000e000fbff3a001e80fb002011880067
:10a78c000080fa00000006000000fa0010118000a2
:10a79c0000407800614060000080fb0000f0a700e2
:10a7ac000000ea000000ea004f00de0000407800e4
:10a7bc000080fa00000006000000fa001111800071
:10a7cc0000202000008060000000e00007003a003c
:10a7dc001111800000402000008060000000e000ab
:10a7ec000200320010002000010037000000eb00d6
:10a7fc00004078000080fa00000006000000fa001b
:10a80c00101180004800de00614060000080fb00f9
:10a81c0000f0a7000000ea000000ea004f00de0094
:10a82c00004078000080fa00000006000000fa00ea
:10a83c00101180000080fa00000006000000fa00f1
:10a84c0021e2a8002342a8000080fa0000000600c4
:10a85c000000fa0021e2a9002342a9000080fa00be
:10a86c00000006000000fa00c422ef00cc22ef002a
:10a87c00d422ef007029200000168800f04e24002e
:10a88c0040168800103a200080168800c982a90062
:10a89c006820ef006a20ef006a00a8006aa0a800f8
:10a8ac00c622ef00ce22ef00d622ef00f0ff2100ef
:10a8bc0060198800113a8000f00b200000816000c4
:10a8cc00600420007105200023742000804978006a
:10a8dc00814978008249780051368000f00f2e00b3
:10a8ec00808060000040210001007000503688001c
:10a8fc00a136800000fe2f00008060003000b30005
:10a90c00a03688002135800000fe2f0000806000fa
:10a91c005001b30020358800103a80000001780007
:10a92c000260a00060042000710520002374200048
:10a93c008049780081497800824978006040a900fc
:10a94c006060a9006200a9004068250010000700a3
:10a95c008660a9009660a8000080fa00000006003e
:10a96c000000fa006040a8006060a9004068250063
:10a97c00070007008660a9009660a8000080fa0016
:10a98c00000006000000fa000080fa00000006003b
:10a99c000200fa00000f78009660a9009e00780073
:10a9ac00e14488009660a8000080fa0000000600d0
:10a9bc000200fa00000f78001e007800f4ff070078
:10a9cc000080fa00000006000000fa008021ef0071
:10a9dc008221ef00e0002000200c8800200c800079
:10a9ec0000407800674060000080fb00f044880065
:10a9fc000080fa00000006000000fa000080fa0057
:10aa0c00000006000000fa002004800064006000d2
:10aa1c000000e00002003200f7ff07008440a900ac
:10aa2c000080fa00000006000000fa00f0448000ec
:10aa3c0000407800674060000080fb006700600009
:10aa4c00220c800081ff2f0081006100010070004a
:10aa5c00200c88000080fa00000006000000fa00bc
:10aa6c00210c800080ff2f0000806000200c8800eb
:10aa7c000080fa00000006000200fa00000f7800c7
:10aa8c009e007800010c88000080fa00000006008f
:10aa9c000200fa00000f78009e007800110c88006c
:10aaac000080fa00000006000000fa00200480007c
:10aabc004200de00614060000080fb0000f0a70057
:10aacc000000ea000000ea004f00de0000407800c1
:10aadc000080fa00000006000400fa00100798003d
:10aaec001e0090000000e0000a003a00200c8000dc
:10aafc004400de00614060000080fb0000f0a70015
:10ab0c000000ea000000ea004f00de00004f780071
:10ab1c0001003700000000001e4078000080fa00a1
:10ab2c00000006000000fa002d00070002000700dc
:10ab3c000080fa00000006000000fa00b0af200010
:10ab4c0011c0b3000148780080af20008040eb00ba
:10ab5c000148780070af200041c0b3000148780074
:10ab6c0040af20008040eb000148780030af20005f
:10ab7c0041cfb3000148780020af200041c2b300a0
:10ab8c000148780010af20008040eb0001487800ad
:10ab9c00e0ae20008040eb0001487800d0ae2000f1
:10abac008040eb0001487800c0ae20008040eb00f4
:10abbc0001487800b0ae20008040eb0001487800de
:10abcc00a0ae20008040eb000148780090ae200041
:10abdc008040eb00014878000080fa00000006007d
:10abec000200fa000000eb00000f780005003700af
:10abfc00a0aa20001e0040008040eb000148780015
:10ac0c001e0fe800f00f20009e007800808f50008f
:10ac1c00f7ff36000080fa00000006000600fa007c
:10ac2c002047980031479800220798000040eb001d
:10ac3c00004f7800110037001e80fb00214f2a00c6
:10ac4c00e14078002e40900080cf50000a003a007e
:10ac5c001e80fb00a14f2a00e14078003e4090008e
:10ac6c0080cf500004003a002e0090001e4878005f
:10ac7c0010c0b300050037001e4fe8001e407800de
:10ac8c00e74f5000ecff36000040eb000080fa006c
:10ac9c00000006000600fa00004f7800110798002b
:10acac00220798001e407800e84f50000200360042
:10acbc000040eb000b0037001e80fb00214f2a00e8
:10accc00e14078001e009000014878001e80fb00d7
:10acdc00a14f2a00e14078002e0090000148780036
:10acec0010c0b3000080fa00000006000000fa005b
:10acfc008660a9000080fa00000006000000fa003f
:10ad0c006000b80003fd07002afd07006040a900a1
:10ad1c00bbfc07008780a9009780a800806a2500eb
:10ad2c001bff070010c0b30072e8b70010c0b300df
:10ad3c0073e8b7006060a8008660a9000080fa0084
:10ad4c00000006000000fa0021fd0700fbfc0700d4
:10ad5c00b0438800c14388006060a90040682500aa
:10ad6c000bff070010c0b30074e8b70010c0b300ad
:10ad7c0072e8b7006040a8008780a9009780a900fe
:10ad8c008660a9000080fa00000006000000fa00ae
:10ad9c0010c0b3007ce8b7008660a9000080fa0000
:10adac00000006000000fa0061058000f0ff28009a
:10adbc000080600000c0a000600588006105800074
:10adcc0080ff2f00008060000000a000600588005c
:10addc00e1058000f08f2f00008060000090a00043
:10adec00e005880081058000f0ff280000806000ed
:10adfc0000c0a000800588009105800080ff2f0016
:10ae0c00008060000000a0009005880021058000f3
:10ae1c00f0ff28000080600000c0a0002005880022
:10ae2c000080fa00000006000600fa0010079800e7
:10ae3c00210798009e009000010f78001e007800fa
:10ae4c00804078002e009000014878002e00900081
:10ae5c000000e8009e007800c808de008140780001
:10ae6c00014878000080fa00000006000200fa0099
:10ae7c00000f78001e007800104078008080fb00e6
:10ae8c001e00e800104078000080fb004800dd0048
:10ae9c00010070000080fa00000006000000fa00bb
:10aeac0000102300203a88004827ef007027ef009d
:10aebc007227ef007427ef0022002000800720008b
:10aecc00a109200033742000804978008149780062
:10aedc00824978000001eb0060042000710520001d
:10aeec0023742000804978008149780082497800d9
:10aefc000080fa00000006000000fa0059fe07006e
:10af0c00c142a900c542a800003a8000610060005f
:10af1c000000e00002003a00d022a900d422a800d0
:10af2c00deff07009fff070051fc0700d9fb07005d
:10af3c008cf8070022fa070092fd07000080fa0047
:04af4c0000000600fb
:020000040000fa
:10af5000f03fb1000180b10006003500ee030900aa
:10af600000000000403fb1000180b100fbff3d0048
:10af70001000b000203fb000020035000080090042
:08af80000000000000000600c3
:020000040000fa
:10af8800809fbe00ec805700310078008044880024
:10af98001100780092e8b7004f00be0000000600dc
:0cafa8000000fa000080fa000000060023
:020000040000fa
:020000040001f9
:0457f800bafa0000f9
:020000040000fa
:020000040001f9
:0457fc003b3f00002f
:00000001FF
