:020000040000fa
:080000000002040000000000f2
:020000040000fa
:0400080012080000da
:020000040000fa
:04000c0012080000d6
:020000040000fa
:0400100012080000d2
:020000040000fa
:0400140012080000ce
:020000040000fa
:0400180012080000ca
:020000040000fa
:04001c0012080000c6
:020000040000fa
:0400200012080000c2
:020000040000fa
:0400240012080000be
:020000040000fa
:0400280012080000ba
:020000040000fa
:04002c0012080000b6
:020000040000fa
:0400300012080000b2
:020000040000fa
:0400340022030000a3
:020000040000fa
:0400380012080000aa
:020000040000fa
:04003c0012080000a6
:020000040000fa
:0400400012080000a2
:020000040000fa
:04004400580300005d
:020000040000fa
:04004800120800009a
:020000040000fa
:04004c001208000096
:020000040000fa
:040050001208000092
:020000040000fa
:04005400620700003f
:020000040000fa
:04005800120800008a
:020000040000fa
:04005c001208000086
:020000040000fa
:040060001208000082
:020000040000fa
:04006400120800007e
:020000040000fa
:04006800de050000b1
:020000040000fa
:04006c001208000076
:020000040000fa
:040070001208000072
:020000040000fa
:04007400f402000092
:020000040000fa
:04007800120800006a
:020000040000fa
:04007c001208000066
:020000040000fa
:040080001208000062
:020000040000fa
:04008400120800005e
:020000040000fa
:04008800120800005a
:020000040000fa
:04008c001208000056
:020000040000fa
:040090001208000052
:020000040000fa
:04009400120800004e
:020000040000fa
:0400980068030000f9
:020000040000fa
:04009c001208000046
:020000040000fa
:0400a0001208000042
:020000040000fa
:0400a400120800003e
:020000040000fa
:0400a800120800003a
:020000040000fa
:0400ac001208000036
:020000040000fa
:0400b0001208000032
:020000040000fa
:0400b400120800002e
:020000040000fa
:0400b800120800002a
:020000040000fa
:0400bc001208000026
:020000040000fa
:0400c0001208000022
:020000040000fa
:0400c400120800001e
:020000040000fa
:0400c800120800001a
:020000040000fa
:0400cc001208000016
:020000040000fa
:0400d0001208000012
:020000040000fa
:0400d400120800000e
:020000040000fa
:0400d800120800000a
:020000040000fa
:0400dc001208000006
:020000040000fa
:0400e0001208000002
:020000040000fa
:0400e40012080000fe
:020000040000fa
:0400e80012080000fa
:020000040000fa
:0400ec0012080000f6
:020000040000fa
:0400f0008e0300007b
:020000040000fa
:0400f40012080000ee
:020000040000fa
:0400f80012080000ea
:020000040000fa
:0400fc0012080000e6
:020000040000fa
:0401000012080000e1
:020000040000fa
:0401040012080000dd
:020000040000fa
:0401080012080000d9
:020000040000fa
:04010c0012080000d5
:020000040000fa
:0401100012080000d1
:020000040000fa
:0401140012080000cd
:020000040000fa
:0401180012080000c9
:020000040000fa
:04011c0012080000c5
:020000040000fa
:0401200012080000c1
:020000040000fa
:0401240012080000bd
:020000040000fa
:0401280012080000b9
:020000040000fa
:04012c0012080000b5
:020000040000fa
:0401300012080000b1
:020000040000fa
:0401340012080000ad
:020000040000fa
:0401380012080000a9
:020000040000fa
:04013c0012080000a5
:020000040000fa
:0401400012080000a1
:020000040000fa
:04014400120800009d
:020000040000fa
:040148001208000099
:020000040000fa
:0402080012080000d8
:020000040000fa
:04020c0012080000d4
:020000040000fa
:0402100012080000d0
:020000040000fa
:0402140012080000cc
:020000040000fa
:0402180012080000c8
:020000040000fa
:04021c0012080000c4
:020000040000fa
:0402200012080000c0
:020000040000fa
:0402240012080000bc
:020000040000fa
:0402280012080000b8
:020000040000fa
:04022c0012080000b4
:020000040000fa
:0402300012080000b0
:020000040000fa
:0402340022030000a1
:020000040000fa
:0402380012080000a8
:020000040000fa
:04023c0012080000a4
:020000040000fa
:0402400012080000a0
:020000040000fa
:04024400580300005b
:020000040000fa
:040248001208000098
:020000040000fa
:04024c001208000094
:020000040000fa
:040250001208000090
:020000040000fa
:04025400620700003d
:020000040000fa
:040258001208000088
:020000040000fa
:04025c001208000084
:020000040000fa
:040260001208000080
:020000040000fa
:04026400120800007c
:020000040000fa
:04026800de050000af
:020000040000fa
:04026c001208000074
:020000040000fa
:040270001208000070
:020000040000fa
:04027400f402000090
:020000040000fa
:040278001208000068
:020000040000fa
:04027c001208000064
:020000040000fa
:040280001208000060
:020000040000fa
:04028400120800005c
:020000040000fa
:040288001208000058
:020000040000fa
:04028c001208000054
:020000040000fa
:040290001208000050
:020000040000fa
:04029400120800004c
:020000040000fa
:0402980068030000f7
:020000040000fa
:04029c001208000044
:020000040000fa
:0402a0001208000040
:020000040000fa
:0402a400120800003c
:020000040000fa
:0402a8001208000038
:020000040000fa
:0402ac001208000034
:020000040000fa
:0402b0001208000030
:020000040000fa
:0402b400120800002c
:020000040000fa
:0402b8001208000028
:020000040000fa
:0402bc001208000024
:020000040000fa
:0402c0001208000020
:020000040000fa
:0402c400120800001c
:020000040000fa
:0402c8001208000018
:020000040000fa
:0402cc001208000014
:020000040000fa
:0402d0001208000010
:020000040000fa
:0402d400120800000c
:020000040000fa
:0402d8001208000008
:020000040000fa
:0402dc001208000004
:020000040000fa
:0402e0001208000000
:020000040000fa
:0402e40012080000fc
:020000040000fa
:0402e80012080000f8
:020000040000fa
:0402ec0012080000f4
:020000040000fa
:0402f0008e03000079
:020000040000fa
:0402f40012080000ec
:020000040000fa
:0402f80012080000e8
:020000040000fa
:0402fc0012080000e4
:020000040000fa
:0403000012080000df
:020000040000fa
:0403040012080000db
:020000040000fa
:0403080012080000d7
:020000040000fa
:04030c0012080000d3
:020000040000fa
:0403100012080000cf
:020000040000fa
:0403140012080000cb
:020000040000fa
:0403180012080000c7
:020000040000fa
:04031c0012080000c3
:020000040000fa
:0403200012080000bf
:020000040000fa
:0403240012080000bb
:020000040000fa
:0403280012080000b7
:020000040000fa
:04032c0012080000b3
:020000040000fa
:0403300012080000af
:020000040000fa
:0403340012080000ab
:020000040000fa
:0403380012080000a7
:020000040000fa
:04033c0012080000a3
:020000040000fa
:04034000120800009f
:020000040000fa
:04034400120800009b
:020000040000fa
:040348001208000097
:020000040000fa
:100400002fc320000e7f22000e0188000000000094
:10041000000020000000e000020032000001200087
:100420002002880014000700000307000000e0001d
:1004300003003a00808b25000100200002003700f5
:100440000000200001002000810f70000100320038
:1004500014000700000020000000e000020032004d
:100460000000020000000000ba430200000000008b
:100470000040da000000fe004440a900403f210097
:100480000000e0000300320000002000a00188000e
:100490004440a800000006008a1f78008b1f7800e7
:1004a0000000060091018800800478000000eb0045
:1004b0001a003700e284440032a0b4009905ba0063
:1004c000e284440032a0b4009906ba00e2844400f9
:1004d00032a0b4000006eb00476fde00fd07b2005b
:1004e000636ce10003003a00ebff07000000eb0043
:1004f0000a003700606ce10004003a00005deb0088
:100500008b05e900fdff3e00040037006168e10053
:10051000010032000086eb000b00070019c7ba008b
:100520001905ba000e04e00003003a000a00e000da
:10053000e0ff3a0000000600fe07b2009e018800be
:100540008a047800f5ff3700395dba008b05e900b1
:100550000c003200295dba008b05e900080032006a
:100560000c00e00003003a00e284440032a0b40032
:10057000f5ff370019ddba008b05e900faff3a00f4
:100580008904e800e184440032a0b40000000600c1
:10059000000000000000000000000000000000005b
:1005a000000000000000000000000000000000004b
:1005b000000000000000000000000000000000003b
:1005c000000000000000000000000000000000002b
:1005d000000000000000000000000000000000001b
:1005e00000000000000000003600f800809fbe0000
:1005f000829fbe00849fbe00869fbe000000fa005e
:1006000030048000680060000000e0000600320056
:10061000e04480000000e00002003200e04480007e
:10062000000001008660a9000080fa004f03be00b0
:100630004f02be004f01be004f00be003600f90061
:10064000004006003600f800809fbe00829fbe007a
:10065000849fbe00869fbe000000fa000045800017
:100660000000e000020032000045800000000100b0
:10067000b0c22000104078008040e800b0c22000e6
:1006800001487800a0c2200011c0b30001487800e2
:100690008460a9000080fa004f03be004f02be0034
:1006a0004f01be004f00be003600f90000400600ba
:1006b000801f78000000fa0010c0b3007be8b7008c
:1006c00084e0a9000080fa004f0078000040060096
:1006d0003600f800809fbe00829fbe00849fbe004f
:1006e000869fbe000000fa0010c0b3007ae8b70091
:1006f000822a07006000b800512a07008780a900fd
:100700000080fa004f03be004f02be004f01be0042
:100710004f00be003600f900004006003600f80029
:10072000809fbe00829fbe00849fbe00869fbe0049
:100730000000fa008a40a900c110800000082000d3
:10074000008060000000e0000800320018e2a9000c
:100750004a28ef0080428000200090008000eb00db
:10076000010878005028ef000d013700504280004a
:100770008000eb00b200200003002000820f500038
:10078000838f5800fc003e00006001000b00370022
:1007900039003700750037009c003700f300370040
:1007a000c8003700d9003700f0003700db00370001
:1007b000f10037003400370050003700208420005b
:1007c00020009000620060000000e000f3003a00aa
:1007d00020842000100090008042880020842000a7
:1007e00010009000104078004ce8b70020842000f2
:1007f00010009000100090007042880020842000bb
:1008000010009000e60040002084200011009800b5
:10081000208420009000900020bc2000808f500099
:1008200003003a0020842000a1ba200011009800a3
:1008300020842000a00090000100a1002100980069
:100840002084200090009000208420001000780078
:10085000808f500004003a0020842000a000900007
:100860000110a000210098001602a800200020001e
:1008700050428800ca0037001622a800200020003d
:1008800050428800c6003700c110800000002800d8
:10089000008060000000e00008003200208420009a
:1008a000604090008040e800208420006140980073
:1008b000400020002b260700b9003700904280003e
:1008c0008000d100f00f20000080600090108800b0
:1008d0009042800061006000004078000004e00069
:1008e00003003200b000200050428800ac00370006
:1008f0003000200050428800a9003700c11080005d
:1009000000002800008060000000e00008003200c5
:1009100020842000604090008040e8002084200077
:1009200061409800400020000e2607009c00370020
:100930001622a800904280004800de00e600600019
:10094000000f20000100700090428800904280005b
:100950000000a0009042880010c0b30054e8b70027
:1009600020002000504288008d00370054c8bf008e
:10097000e14f50000a003200704280001000780001
:10098000904288007042800020009000b0428800b1
:10099000704280002040900058e8b7000100370006
:1009a0005468ef0091428000f00f2000808f5000cb
:1009b00009003600904280004800de00e60060003a
:1009c000000f20000100700090108800a00020009f
:1009d00050428800720037009042800090108800da
:1009e0009042800061006000004078000004e00058
:1009f0000300320050002000504288006800370099
:100a0000300020005042880065003700c11080008f
:100a100000002800008060000000e00009003200b3
:100a200020842000604090008040e8002084200066
:100a30006140980019e2a90050002000c925070074
:100a40005700370058c8bf008080fb008100e900d4
:100a5000cf08de00814078000040e90058e8b70088
:100a60000104e00010003200704280006600400087
:100a7000704288004cc8bf000040e9004ce8b70055
:100a80004cc8bf000004e00003003a002000200032
:100a9000b4250700420037001622a80020002000dd
:100aa000504288003e003700b042800090407800fd
:100ab0008180fb00911088000000e800b0428800af
:100ac00037003700c110800000002800008060005f
:100ad0000000e00009003200208420006040900007
:100ae0008040e80020842000614098004000200001
:100af0009c25070019e2a900290037001662a8000a
:100b0000800020005042880025003700800020002f
:100b1000504288001662a80021003700b0428000d1
:100b20008110800081407800014878000000e800d2
:100b3000b042880058c8bf000040e90058e8b7003c
:100b400058c8bf000004e0000400320016a2a9004b
:100b500060002000504288000200370016a2a80062
:100b60006f2507001682a8000d0037002000200026
:100b70007c2507000a003700208420006040900098
:100b80008040e80020842000614098006000200040
:100b9000742507000000000001003700000000007d
:100ba0000080fa004f03be004f02be004f01be009e
:100bb0004f00be003600f900004006003600f80085
:100bc000809fbe00829fbe00849fbe00869fbe00a5
:100bd0000200fa00d0428000e20f5000880032008c
:100be000e20f500003003900e30f5000770032009d
:100bf0009500370031108000004020000080600028
:100c00000000e00005003a004110800000022000d2
:100c1000008060000000e0000a0032003110800017
:100c200000082000008060000000e0002400320086
:100c30004110800000202000008060000000e000e3
:100c40001f00320040108000640060000000e000df
:100c50000c003a0010002000dd260700e042800072
:100c60000000e00004003200e0428000011080003b
:100c7000814078000148780010002000d0428800b0
:100c80003600370000108000004f78000000eb00b5
:100c9000cf260700f04280000000e000050032008f
:100ca000f0428000104078000080fb0010108800a7
:100cb0000782a80020002000d042880027003700cb
:100cc0003110800000402000008060000000e00043
:100cd00022003200411080000002200000806000ed
:100ce0000000e0001d003a00401080006400600039
:100cf0000000e00004003a007068ef0030002000bf
:100d0000d04288001300370070c8bf000004e00024
:100d10000d0032000000eb00ad260700f04280001d
:100d20000000e00005003200f04280001040780032
:100d30000080fb00101088000782a800200020001f
:100d4000d0428800030037007068ef0030002000b8
:100d5000d042880000108000004f7800d042800010
:100d6000e10f500039003a004110800000022000dd
:100d7000008060000000e00036003200411080007a
:100d800000042000008060000000e0000b003a003a
:100d9000e04280000000e00004003200e0428000f9
:100da0000110800081407800014878002000200078
:100db0008726070096e8b70029003700001080005a
:100dc000004f780008c2a90025003700300020003d
:100dd0007f26070096e8b70010c0b30070e8b700a0
:100de00096c8bf000004e00002003200001080003e
:100df000004f780010002000d04288001800370013
:100e00004110800000002800008060000000e00029
:100e10000b003a000000eb006d260700f042800056
:100e20000000e0000d003200f04280001040780029
:100e30000080fb00101088000782a800080037001f
:100e40005a28ef0006003700ffff370000000000bf
:100e50000300370000000000010037000000000020
:100e60008600a90040108000700060000000e000d3
:100e700004003a0040108000680060000000e000bc
:100e8000090032006ac8bf000004e000060032001a
:100e9000a186200091407800304380000040780017
:100ea000232907006a68ef000080fa004f03be00a4
:100eb0004f02be004f01be004f00be003600f900d9
:100ec000004006003600f800809fbe00829fbe00f2
:100ed000849fbe00869fbe000600fa008560a900c0
:100ee0004000370030118000404798003ec8bf00e6
:100ef0000004e0000d003a004e409000e94f500021
:100f00000a0032003fc8bf000004a2000004e00055
:100f1000310032004e419000018420008248780068
:100f200010c0b3003fe8b7002e0037003ec8bf0036
:100f30000040e8003ee8b7003ec8bf00ea4f50005e
:100f4000270036003e68ef0090c0b300b71a0700d4
:100f50000040eb00004f7800030037000040eb003a
:100f6000b21a07001e4fe8001e407800e94f5000fb
:100f7000faff360010c0b300ac1a07000000eb0007
:100f80001007980007003700000a20000100200029
:100f9000b72b07000060fe001e0090000000e80074
:100fa00010079800e02907000004a2000004e000f8
:100fb000040032009e009000f0702200808f5000ec
:100fc000f1ff360000d0270001002000a82b070009
:100fd0000000fe00030037000000000001003700a1
:100fe0000000000010118000610060000000e000bf
:100ff000bcff3a0010118000620060000000e000b9
:10100000010032002222a9000080fa004f03be0036
:101010004f02be004f01be004f00be003600f90077
:10102000004006000040da000000fe00000005005d
:10103000839f68000100e00002003d006000100096
:10104000e08018000300e00002003d006001110094
:10105000e0811900170007004f00e00002003b008c
:1010600060001000e0801800000006004f89de00dc
:101070008201780012023700811f78000100e00031
:1010800002003d0060001000e08018000300e00056
:1010900002003d0060011100e08119001500070009
:1010a0004f00e00002003b0060001000e0801800ec
:1010b000000006006022b800060220000000d000f8
:1010c0008180d2000482d2008582d2000000a0007c
:1010d0000202520083825a000300310002024200e1
:1010e00083824a000000a1000603e900f3ff3a00f2
:1010f00000000600efff07000400be00000006002d
:1011000007f82700078361000638e10004003a0071
:10111000f7072000878361008703710001003a0010
:1011200003f0a200889fbe008a9fbe008c9fbe0075
:10113000470ade000480a100c71ade000580a10076
:10114000070028000785600087856100f70f2000f1
:101150000720e1009e0032000728e1009c003200d9
:10116000010678000400e000b4003200f707200018
:10117000878060000170a0000500e000c000320020
:10118000f7072000878161000370a0000506520068
:101190000f003a000b50e1000b0032000308e100a1
:1011a00002003a000200e1007e003200020450001a
:1011b00083845800040031000001fd008101fd001e
:1011c0008402fd008a05fd006044b800210037005c
:1011d0000520e10005003d000001fd008101fd004a
:1011e0008402fd008a05fd00050652007a60e100d8
:1011f000050035000170a1004722dd0084807000e9
:101200008a807000630037006044b800ef02660017
:1012100007ff2f00070666000500e0000600340007
:10122000f08312008714dd000511de00071bdd00ce
:10123000060171008519de007060e10005003500cf
:101240000904780082047800030178008001eb0033
:10125000700656000b50e10003003a000200400007
:10126000838048000400370060041400e0841c0000
:1012700002005800838058000188a3000600320055
:101280008100d1000080d3008984d3000884d3007a
:101290000402e800270037000178a30025003a0087
:1012a0000100e000030032008186cf00698656000d
:1012b0000a0037008c0020000000e00004003a0023
:1012c00009007800880478000004eb0070025200e6
:1012d0008086cf000d0646000c06e9007060e10034
:1012e0000600350080007800090078008804780046
:1012f0000004eb0070065600700252000c00e00083
:101300000c0034008c08dd00f00316000703de003b
:10131000868070000c00dd00074bde0006007000c8
:101320008c4cdd000743de00868474000c44dd0035
:101330000c0252006120e1002000350061016000d4
:101340000700280087816400f7ff27008783640077
:10135000070374000300e0000600320082037300fc
:10136000040032000000e800e08048000188a3008b
:101370000e003a00f70f20000720e1004a003d0070
:101380000170a1004722dd00810072008a80700098
:101390000000be004f06be004f05be004f04be0059
:1013a000000006006000b800faff37008100d1009d
:1013b0000080d3000402e800eeff3700040178004b
:1013c00089017400c20007008a807000f1ff3700b5
:1013d00018010700070278000001fd008101fd00ef
:1013e0001401070087027800850372000778a300c4
:1013f000040032000001fd008101fd00270107000b
:10140000e4ff3700850362000768a300080032008c
:101410000b50e10003003200f0ff2f00f1ff270026
:10142000dcff37000001fd008101fd00d9ff37001e
:101430000468a300d7ff3200faff3700f8ff270047
:10144000888360000b003a000000e00009003a00c9
:101450008303640082837300020032000200be0036
:10146000ccff37000b50e100ceff3a000200be0077
:10147000c8ff370014002000810064003eff3700e1
:10148000f8ff27008883610004003a000200e000b2
:1014900002003a008c007800beff370015002000e3
:1014a0008301640039ff370001f8270000002000a5
:1014b00081007500b7ff370003836800070028002c
:1014c00007036300470ade000480a100c71ade009c
:1014d0000580a100f70f20000720e1004200320044
:1014e0000728e10040003200889fbe008a9fbe00ae
:1014f0008c1f7800f107b200f307b2000400e0008f
:10150000640032000170a0000500e00068003200b5
:101510000370a00085054200eb07b1000204b8008b
:101520000302b8008484440060854a00020ab800bf
:10153000848444000a854a00030ab8000405450073
:10154000040033000804d0008984d2000a85d20048
:101550008b05e9006158e1003d00350002102000d4
:10156000090161000308200089816100f70720005c
:101570008783640008867300c84cde00c853dd0012
:10158000878474004855de000300e0000600320046
:1015900082037600040032008904e80060054d00f3
:1015a0000a88a3000c003a00f70f20000758e1005a
:1015b00044003d000a70a100c75ddd000a8575008a
:1015c0008a007300090078004f0678004f05be00be
:1015d0004f04be00000006000a05d1008984d30034
:1015e0008b05e800f0ff3700881f780006047800bc
:1015f00090000700070278000001fd008101fd0056
:101600008c00070087027800850372000778a3002a
:10161000050032000001fd008101fd009f00070070
:101620004f04780000000600850372000748a300fd
:1016300003003200f0ff2f00f1ff2700f8ff370012
:101640000000200001f8270088807000f4ff3700b8
:10165000880178004848dd00808171004848de003c
:10166000c850dd0001007000c850de00060478009c
:101670000b0178001600070088807000d2ff370049
:101680000500e00005003200170020003a000700c6
:101690009dff370081037000f9ff3a008600780053
:1016a0004f0678004f05be004f04be000000050045
:1016b00083037100f9ff3200270020002e0007008d
:1016c00094ff370001f8270086807000f4ff370090
:1016d0000100e00026003200610111007810e100f5
:1016e00023003c006022b8007010e10004003500c7
:1016f00080027800010078008000eb00700151004a
:101700000200e0000900340070031100062add0029
:10171000822ade008603dd00878272000200de007e
:10172000860bdd00070070008208de0084817100f6
:10173000f4ff270004826200848171000400280005
:10174000848262006102600005f0a60000000600cd
:1017500004827100070032000000e800e0804800c9
:10176000000006000002be006000b800efff370076
:101770006000b80000000600889fbe000004eb0077
:101780006138e10016003a000100e00008003a006c
:10179000c800de004800dd00880020000100e000f5
:1017a00003003a00c800de004800dd006804440081
:1017b0008184cf00e9845400060034008908dd00ec
:1017c000f08314008703de00878070000900dd00cd
:1017d00009044400610214004f04be00000006002a
:1017e0000300e00008003a00c811de004811dd00e7
:1017f000880020000300e00003003a00c811de006a
:101800004811dd00680444008384cf00e98454005b
:10181000060034008919dd00f08314008713de0010
:10182000878171000911dd0009044400e102140000
:10183000e9ff37002700200001f0a7001700200073
:10184000470bde00f60fb200040032000643e8004a
:101850000a0032004702b3000000060001037800ce
:10186000f607b2000603700002003a000703b30057
:10187000000006008702b3000000060001037800a4
:10188000f607b20006037000020032000770a000e5
:10189000000006000760a000000006000478a30016
:1018a000040032000578a300030032000168a300a1
:1018b00001003a000200be000160a0000000060026
:1018c000881f7800030478000300e00007003d0053
:1018d00060001000e080180060011900e08119002c
:1018e00002003b0001f02d00030037000400070058
:1018f00008f0a70001f0a0004f04780000000600e7
:10190000889fbe008a9fbe000082700004027100a2
:1019100004827100260032000004be000200be00f6
:101920006011b8006b092000950220000182cf00f1
:101930000a0039000541b1000082cf0007003900dc
:101940000541b1000982cf00040039000541b10012
:101950000882cf00010039000541b1000542520064
:10196000120032000a003b008281710061016400b4
:101970008100d1000080d3008984d3000884d30083
:101980008b05e8000442e800f7ff3a000700370043
:101990000804440089844c0000004800818048000d
:1019a0008b05e9000442e900f9ff3a000300070053
:1019b0004f05be004f04be0000000600810020005d
:1019c000618055000b003d000b00200061fe2f00e0
:1019d0000100e1001d00340082817100610164009a
:1019e0008904d1000884d3000000e800faff3a001f
:1019f00071002000610064000300700002006000bc
:101a00000900320061044400e0844c000988a5000c
:101a1000050032008b05e8006808e10002003a008a
:101a20008904d1000884d300f20f20000258e1009d
:101a300005003d00c75ddd00f907b2008980750033
:101a400008007800000006000bf827008b007800e3
:101a500000000500000006000800fa00889fbe0094
:101a60008a9fbe008c9fbe000004be000200be0024
:101a7000e2b79f00f3b79f00f6ff070081027800ee
:101a800005f0a100000278000c0020000df82700ee
:101a90006fb19700ffb197008c0f52008d8f5a00e5
:101aa0000a003e000800be00eaff0700810278003d
:101ab00005f0a100000278006fb19700ffb1970018
:101ac0008c0f52008d8f5a00030036000800be00b4
:101ad00094fd0700980037000203be0000002000bc
:101ae00001f82300800f5300818f5b0003003a0050
:101af0000800be00980007008f0037000802be00f3
:101b00004e3dde000b0020006000b8006200650062
:101b10004f4dde000b0020000a0570008b85700021
:101b20008500780001f0a10008007800e00f500067
:101b3000e08f580007003a00e20f5500e08f5d008b
:101b400033003200e30f5500e08f5d007b003a0068
:101b5000320037008702780005f0a1000602780005
:101b6000e00f5200e08f5a003b0032008c0f520011
:101b70008d8f5a002c003a00840f5000858f58003a
:101b800018003a00e20f5500e08f5d0009003200b6
:101b9000e30f5500e08f5d0009003200e10f5500b2
:101ba000e08f5d005b003200b8fd200099f4230057
:101bb0006200370002002000030424000200370006
:101bc0000200200003042c00b0fd2000910424003a
:101bd00039fe07000200200003e8230036fe07005c
:101be00055003700e20f5500e08f5d00080032001d
:101bf000e30f5500e08f5d00080032006044b8003c
:101c0000e10f5500e08f5d004c003a0044003700c2
:101c1000b8fd20009904240048003700b8fd2000da
:101c200099042c00450037000600200007d0200052
:101c30000403430085834b0086bf9f0097bf9f002e
:101c4000800f5300818f5b00030039008c0f500020
:101c50008d8f580005003a000a08a30033003200b7
:101c6000b8fd200099fc2b00340037006033b80029
:101c700062036500e00f5300e08f5b000800320054
:101c80000c0020000dd020000003460081834e0090
:101c90006000b800840f5300858f5b00040039009a
:101ca0000800be009d020700010107002a0007008e
:101cb000e10f5500e08f5d00050032001e00390085
:101cc000e20f5500e08f5d000b003a000300370083
:101cd0000004be0009f0a20018003700e2d22b0079
:101ce000b33b23000ffd07000001be00b0fd200044
:101cf0009104240005003700e2d22b00b33b2300ff
:101d000008fd0700b2fd200093042400fcfc07003e
:101d100009003700b8fd200099f42b0007003700b8
:101d2000080020000900280004003700b8fd20004a
:101d300099fc2300010037000004be000800be002b
:101d40004f06be004f05be004f04be000080fa00e3
:101d500000000600000006000c00fa00889fbe008c
:101d60008a9fbe008c9fbe000004be004f09de00ab
:101d700003002000e2b79f00f3b79f0081067800c0
:101d80000df0a10000067800f0ff2f00f1c724003d
:101d9000800f5600818f5e00100036000800be00e4
:101da000ecff07008101780003f0a100000178003a
:101db0000000200001f82700800f5100818f59009a
:101dc000b5003e000200200003382000a0fd2000e6
:101dd00091fc2300d3fc0700a6003700f0ff2f0082
:101de000f1ed2300800f5600818f5e0011003e0050
:101df0000085eb00f0ff2f00f1972300800f5600c5
:101e0000818f5e0055003e00f0ff2f00f10720009b
:101e1000800f5600818f5e009f003e000801be00cb
:101e20000800be00a4fd0700c0b79f00d1b79f0007
:101e3000990037000800be009d0007000004be00a6
:101e4000f0ff2f0071f92300800f5600818f5e0094
:101e500025003e00f0ff2f00f1f22300800f560016
:101e6000818f5e0011003e000801be000800be0028
:101e7000acfc07000200200003f82300a0fc0700d0
:101e80000005be0002002000030024000800be0080
:101e9000a4fc07000001be000a00be001f020700ec
:101ea0000004be000005eb002c00370002002000fb
:101eb00003f823000800be0091fc07000005be00e7
:101ec0000200200003f823000800be0095fc070074
:101ed0000001be000a00be00100207000004be00a0
:101ee0001a0020001d003700f0ff2f00b101240070
:101ef000800f5600818f5e0012003e00020020001d
:101f000003fc23000800be007dfc07000005be00a6
:101f10000200200003fc23000800be0066fd07004d
:101f20000200200003f823007efc07000001be0031
:101f30000a00be00f90107000004be002a002000cc
:101f4000060037000801be000000200001f82b0049
:101f5000f20107000004be003a0020000801be00a4
:101f60000800be0054fd07000002be000001be00d4
:101f700084bf9f0095bf9f004ffd07000006be0075
:101f800052c22a00c3d723004bfd0700d2502f00b6
:101f900013e1230063fc07000001be000c00be003b
:101fa00045fd070092aa2a00a3ea23005dfc070072
:101fb0000001be000fba97009fba97000400be0050
:101fc0003dfd07000002be0072242100a3dd2b00ae
:101fd0000c00be0084bf9f0095bf9f0036fd070028
:101fe00082a92c00c3e4230045fc07000001be00c9
:101ff0000c00be0030fd07000001be000fba9700c4
:102000009fba9700e10f450009003a000400be00a6
:1020100044fc07000001be000800be0026fd0700ca
:102020000001be000800be0035fc070019003700a3
:102030004255dd00ecbe20000a0646000400be004a
:1020400038fc07000001be000800be001afd0700b2
:10205000e2bf20000a0541001a01be0028fc07006b
:102060000801be0026fc07000001be001c00be00e7
:1020700023fc07006fb19700ffb19700e00f5100fc
:10208000e08f5900030032000004be0009f0a200f6
:10209000010037000004be000800be004f06be006d
:1020a0004f05be004f04be000080fa00000006008d
:1020b0000001be008300780001f0a100020078005a
:1020c0000000060001000700580137000400fa0074
:1020d000889fbe008a9fbe008c9fbe000004be0089
:1020e0004708de00f00fb20051092000810f5000b8
:1020f00041003c000806be00e00f5400e08f5c0089
:1021000003003d000805be000bf0a20001003700ef
:102110000805be00d1072000810f50000a003c00d6
:102120000200200003b024000a00be00fdfb0700ef
:1021300080bf9f0091bf9f006011b8000800be00e3
:10214000ddfc07002b0037000200200003b0240054
:102150000a00be00f3fb07000200200003b02400c9
:10216000e7fb07000a01be00e5fb07000004be0014
:102170000200200003f023002a0107000000e00015
:10218000070034000a01be000800be00e5fb07009e
:102190000200200003f82300d9fb07000f003700de
:1021a0000200200003f02b000800be001b01070006
:1021b0000000e00006003c000a01be000800be006e
:1021c000d8fb07000200200003f8230002003700bc
:1021d0000a01be000800be00d2fb0700e00f560057
:1021e000e08f5e0003003d000004be0009f0a20085
:1021f000010037000004be000800be004f06be000c
:102200004f05be004f04be000080fa00000006002b
:10221000889fbe008a9fbe008c9fbe000004be0047
:102220000400200005f8270085836000040378007f
:10223000840f5300858f5b0007003a000801be0041
:102240000800be009cfc07000001be000800be00a4
:10225000b4fb070010003700e00f5000e08f58007b
:102260000f003c008101780003f0a100000178001c
:10227000e00f5100e08f59006a0032001002200088
:10228000806188000801be000800be009cfb0700ba
:102290000001be00210107000004be0061003700fc
:1022a000478cde00cf8cde00e00f5400e08f5c0036
:1022b0000f003a006044b8000400370000004000fe
:1022c0008180480061044400e0844c000400200048
:1022d000050820008181620004017800e00f5100b0
:1022e000e08f5900f5ff320061041400e0841c0007
:1022f000f807b1000980b10081017800f307b2004e
:10230000000178000200be000170a0000808a300d0
:102310000200320000004000818048008984d10022
:102320000884d30000004000818048009401200010
:1023300002002000031020006055b8006066b8005d
:102340000c0341008d834900800f5300818f5b0097
:1023500006003c0006064100878649000600500042
:10236000878058000a0541008b8549000000400025
:10237000818048008301d1000281d3000402e9007a
:10238000efff3a00e00f5000e08f58001b003200d2
:102390000226240023da20000000200001f8230098
:1023a00057fb07000200200003f823009d000700f0
:1023b0000000e000110035000226240023da20008e
:1023c0000000200001f8230056fb07000200200057
:1023d00003f82300930007000000e000030034002e
:1023e00062054500e0854d00040037006000b8003c
:1023f000610065000005450081854d00c744dd0092
:10240000080020000000200001f023000804400024
:10241000898448008b85d1000a85d30008044500d3
:1024200089844d000800be004f06be004f05be0067
:102430004f04be0000000600010037000201e90061
:102440000200e0000500320030427800b14178001f
:10245000834f5200f9ff32000100370000000500f1
:102460000480fb008381fb00030050000000060095
:102470008001780002003700b15978000201e900bc
:102480000200e000fcff3a0000000600889fbe004a
:102490008a9fbe00800478000200e0005b003200ea
:1024a00001407800814c780082814400f1f99f005e
:1024b000e20f51005500360091449800a144980065
:1024c000e1f99f00d1f99f00e60f51004f0036005f
:1024d000b1449800c1f99f00e80f51004b0036004d
:1024e0000905ea00630565000a8444000a055100f5
:1024f000c1ff2f00010565000080fb008000eb009c
:1025000012102000131020007e000700008cbe0077
:102510000a01440060b99f0071b99f00e80f55009f
:102520003a003600200498003104980040049800d6
:102530005104980020b99f0031b99f0040b99f0015
:1025400051b99f00f80f5500300036006004980024
:1025500071049800000c9800110c9800200c980051
:10256000310c9800400c9800510c980020b19f004d
:1025700031b19f0040b19f0051b19f0060b19f00f9
:1025800071b19f0000b99f0011b99f006401640000
:102590007801410002044400020555006011b800b2
:1025a0000203be000002be000403be006022b800a9
:1025b0000000720081807200020173008381730049
:1025c00010003700009cbe000294be00400498003a
:1025d000510498006204980073049800000c98005d
:1025e000110c9800220c9800330c9800400c9800b5
:1025f000510c9800620c9800730c98000a02b1000c
:102600000802b000ff0f5500eeff3e000900780001
:102610004f05be004f04be0000000600140020005d
:10262000a3013700f4ff2f00a10137000001be0015
:102630001f0007000470a70003f0a1006509b100a6
:10264000160032000d0035006828e1000600350054
:10265000f0ff2f00f1ff27000300e00013003b0014
:1026600001002800000005000000400081804800b3
:102670008502e900fcff3a0008003700f88f4200ad
:1026800002003c008000eb00000005008100d1004a
:102690000080d3008502e800fcff3a000300e00060
:1026a00002003b0060001000e080180000000600ff
:1026b000c70ade00f107b200f50fb20008003200d1
:1026c000e1cf4200020032000170a00024000500aa
:1026d000810f70000100320004080500440005006d
:1026e000810f700002003a00140005008502e90025
:1026f0000000400081c04800fcff3b000170a000ca
:1027000024000500020ab900001bb9000200b8004d
:10271000810042008100430000000600889fbe0047
:102720008a9fbe008c9fbe001b0020000202be00dc
:102730000586680006002800060666004709de00d8
:10274000f20fb200820032000243e8008000320043
:10275000c729de00f30fb2007d0032000343e8001a
:102760007b003200f107b2000170a000f507b20053
:102770000570a000c708dd004903de0086807000f8
:102780004700dd00c72add004923de008682720093
:102790004722dd00030551000403500085835800e3
:1027a0000300310000004000818048000a05e90074
:1027b0008c1f78008a9fbe0004005000858058005e
:1027c0000402420085824a000000400081804800e7
:1027d0000005eb000004be006033b8000406be0034
:1027e0000d48e10056003100110009004dccd80021
:1027f0000c01b8000d02b8008481410060824a00db
:102800008283530003045c0084845c0060055d00e7
:102810000a00e00025003a00800578000d40e10044
:102820004900310088007800070078001100090095
:102830004d88d8000c01b8000d02b8008481410019
:1028400060824a006003110083835b0004045c0023
:10285000e0845c000900e00021003a004f01be0066
:102860000300e0002b003200e30160000706730064
:102870008c81710001003200640070004200de00b3
:102880004e5edd000c007000c258de0001e0a000ca
:1028900081000700cf017800818071004f06be00e3
:1028a0004f05be004f04be00000006008c834300ad
:1028b0000d044c00e0844c0060054d000000e90070
:1028c0000a00e000d4ff32008c8343000d044c006a
:1028d000e0844c0060054d000000e900ceff3700a9
:1028e0000c0343008d834b0060044c00e0844c00db
:1028f0000000e9000900e000d8ff32000c034300ab
:102900008d834b0060044c00e0844c000000e90023
:10291000d2ff37004200de004e5edd000c0070008a
:10292000c258de0001e0a000cf0178000300e00003
:10293000daff320060001000e0801800d7ff370097
:10294000f0ff2f00aaff3700f0ff2f00b9ff37007c
:102950000404be00b7fb0700870678000004fd00f2
:102960008104fd00b3fb0700078366000678a3001f
:10297000030032000960a7000800be002c003700e9
:102980000d78a300020032000800be0028003700c6
:102990000778a30026003a0001f0a10009f0a10089
:1029a0000668a30003003200f1ff2700f0ff2f00ac
:1029b000baff37000d68a300030032000800be0014
:1029c0008c807000b5ff37000768a30007003a004d
:1029d0000648a30003003200f1ff2700f0ff2f009c
:1029e000aeff37000d48a300030032006000b800be
:1029f0008c807000a9ff37000748a3000400320054
:102a000001f82700000020008c807000a3ff370031
:102a1000740007000004fd008104fd000205780039
:102a2000700007000802be008a01780059ff3700d5
:102a30000160a000120220004245880097ff370085
:102a40000100e000120032000500e000100032003a
:102a5000889fbe008a9fbe008c9fbe000006eb00d0
:102a600001f8a3000300320060001000e0801800ad
:102a70000cf0a00005f8a300030032006002120071
:102a8000e0821a000cf0a2008005eb0041ff370045
:102a90006000b800020005008101700027003200cc
:102aa0008002eb0001f8a300030032006000100078
:102ab000e080180015002000f40720000202420008
:102ac00020003400f7032000870360000604200084
:102ad0000003630002082000000161004700de00df
:102ae000c909dd0000807100c708de000600e000b3
:102af0000800320087037100060032001000b000a9
:102b00000180b0000188a30002003200c108de008d
:102b10000402e800f107b200f30f20000320e100f7
:102b200003003d004722dd008100720029003700cc
:102b300001f827000000eb00260037006000b80015
:102b400000000600680212007f20e100020034004d
:102b50006000b8001f0037006011b8007020e1006d
:102b60000400350080017800010078008000eb004f
:102b7000700252000400e00009003400f00312006b
:102b80000719dd008419de000703dd00868171006e
:102b90000400de00070bdd00060070008408de0084
:102ba000f7ff270083836300870371000600280076
:102bb00003036300070032000700e00003003a004f
:102bc0006101600002817300020032001000b00059
:102bd0000180b0000500a6000000060001f0a00082
:102be000000006004f0ade004709de00f107b200d0
:102bf000f20fb2000b003200f207b1000170a0002a
:102c0000c708dd00c901de00838070004700dd00d9
:102c10000400a6000000060060001000e08018001c
:102c200000000600810f700001003a00000006005d
:102c30008182cf000500e00010003e008082cf00be
:102c4000ee8242007028e1000400390007003e00d7
:102c5000800078000000eb000e0037007083120047
:102c60008600de000500dd000a0037007083520098
:102c70008600dd000000eb0006003700e282520013
:102c80008508dd00708312000603de008680700078
:102c90000500dd007507b0000501ea000400a6008c
:102ca0000000060060001000e08018000000060030
:102cb000889fbe008a9fbe00841f7800170007000f
:102cc0004f00780011003300f0ff2f00838f6c005d
:102cd00006003b00040565000a00a7000800370055
:102ce00009f0a6001000200008003700820f5400f1
:102cf000838f5c00030039001000200001003e00bb
:102d00000000200009f0a7000000ea004f05be0007
:102d10004f04be000000e000000006000004be00fa
:102d200063fe07000003be000405be000200be00f3
:0c2d30005ffe0700844f750000000600e5
:020000040000fa
:102d3c000d0a0000000d00000a2a00002a2a0000db
:102d4c00204c000065760000656c000020740000cb
:102d5c0065730000742000002a2a00002a0d000070
:102d6c000a000000202000002a2a00002061000038
:102d7c0063630000656c0000657200006f6d0000fd
:102d8c006574000065720000206400006964000036
:102d9c00206e00006f740000206900006e69000056
:102dac0074690000616c000069730000652000000c
:102dbc002d20000063680000656300006b2000009c
:102dcc004932000043320000206100006e640000b4
:102ddc0020740000686500000d0a0000202000002f
:102dec00202000002064000065760000696300006c
:102dfc0065200000616400006472000065730000cf
:102e0c007320000028740000686900007320000023
:102e1c0062750000696c000064200000757300008e
:102e2c0065730000204c0000495300005f41000016
:102e3c0044440000525f0000312c000020300000a0
:102e4c007831000039290000202a00002a0d0000ea
:102e5c000a000000202000004869000074200000d7
:102e6c00456e00007465000072200000746f000055
:102e7c002072000065740000757200006e20000066
:102e8c00746f00002074000068650000206d000065
:102e9c00656e0000752e00000d0a00000020000079
:102eac002052000061770000206300006f75000065
:102ebc006e74000073200000616e0000642000003e
:102ecc0064650000726900007665000064200000f3
:102edc00616e0000676c0000657300002c20000020
:102eec006f6e00006365000020610000207300001d
:102efc00656300006f6e0000642e00000d0a000078
:102f0c002020000043200000746f0000207a000095
:102f1c00657200006f2c0000204500006e740000ec
:102f2c0065720000207400006f20000072650000c4
:102f3c0074750000726e0000207400006f20000099
:102f4c0074680000652000006d6500006e7500005f
:102f5c002e0d00000a0d00000a00000020200000c9
:102f6c00583d000000200000205900003d000000ea
:102f7c00202000005a3d000000200000202000000e
:102f8c007069000074630000683d000000200000c0
:102f9c00207200006f6c00006c3d000000200000ef
:102fac0064650000670d00000a0000000d0a0000b7
:102fbc00202000007a650000726f0000656400003c
:102fcc000d0a00000d0a0000000d00000a2a000086
:102fdc002a2a0000206c000065760000656c000059
:102fec002074000065730000742000006669000006
:102ffc006e6900007368000065640000202a000000
:10300c002a2a00000d0a0000000d00000a2a000008
:10301c002a2a0000204d0000616e0000756100003e
:10302c006c20000062650000616d000020620000f1
:10303c0072650000616b0000207400006573000075
:10304c00742000002a2a00002a0d00000a2000002b
:10305c002042000072650000616b000020650000da
:10306c00616300006820000062650000616d000073
:10307c00206900006e20000074750000726e000064
:10308c00202d00002074000068650000206d0000f9
:10309c006174000063680000696e00006720000026
:1030ac006c61000073650000722000007368000002
:1030bc006f7500006c640000206c000069670000f4
:1030cc00687400002e0d00000a200000204800004b
:1030dc0069740000204500006e74000065720000e9
:1030ec00207400006f2000007265000074750000f1
:1030fc00726e0000207400006f20000074680000e5
:10310c00652000006d6500006e7500002e0d00003e
:10311c000a0d00000a0000002020000046520000aa
:10312c004f4e00005420000062650000616d0000ed
:10313c0020620000726f00006b6500006e0d0000d5
:10314c000a00000020200000465200004f4e0000f4
:10315c005420000062650000616d000020630000d7
:10316c006c650000617200000d0a00000020000078
:10317c002052000045410000522000002062000057
:10318c00656100006d200000627200006f6b000032
:10319c00656e00000d0a00000020000020520000a7
:1031ac0045410000522000002062000065610000d3
:1031bc006d200000636c000065610000720d000062
:1031cc000a0000000d0a00002a2a00002a20000034
:1031dc0062650000616d00002062000072650000f5
:1031ec00616b000020740000657300007420000007
:1031fc00666900006e690000736800006564000079
:10320c00202a00002a2a00000d0a0000000d0000f0
:10321c000a2a00002a2a000020450000563200002d
:10322c003430000030200000706100007373000027
:10323c0069760000652000006d6f00006465000079
:10324c00202a00002a2a00000d0a0000202000007d
:10325c00526500006c65000061730000696e00002f
:10326c006720000074680000652000006c6f00008f
:10327c00636100006c200000534d0000427500009b
:10328c0073200000746f000020740000686500005b
:10329c00204500005632000034300000302e000073
:1032ac000d0a000020200000576900007265000024
:1032bc0020530000434c00002c200000534400001d
:1032cc0041200000616e000064200000474e0000a9
:1032dc00442000006f6e00006c790000202d00006f
:1032ec00206c000065610000766500002045000040
:1032fc0056320000343000003020000056430000ed
:10330c004320000064690000736300006f6e0000ce
:10331c006e65000063740000656400002c0d0000f5
:10332c000a2000002074000068690000732000006f
:10333c00626f000061720000642000007375000071
:10334c00707000006c690000657300002074000050
:10335c006865000020720000616900006c200000ac
:10336c00616e00006420000074680000652000009d
:10337c006275000073200000707500006c6c00001a
:10338c002d750000707300002e0d00000a0d00005a
:10339c000a200000204c00006f61000064730000e4
:1033ac0020630000616e00002062000065200000b8
:1033bc0073770000697400006368000065640000a6
:1033cc0020770000686900006c6500002070000028
:1033dc00617200006b650000642c0000207400001a
:1033ec006f2000006d6500006173000075720000b5
:1033fc0065200000636f00006d620000696e0000c4
:10340c0061740000696f00006e7300003a0d0000db
:10341c000a2000002020000020320000206600005e
:10342c00726f00006e740000206c0000617300006d
:10343c006572000020200000203300002072000084
:10344c0065610000722000006c6100007365000073
:10345c007220000020200000342000006261000077
:10346c006c6c000020620000656100006d200000a3
:10347c00202000003520000049520000206c000084
:10348c006967000068740000730d00000a0d0000ed
:10349c000a200000205400006865000072650000de
:1034ac0020690000732000004e4f0000206b0000cc
:1034bc0065790000626f00006172000064200000fa
:1034cc0065780000697400002e200000546800002c
:1034dc0069730000206d00006f640000652000001f
:1034ec00656e000064730000206f00006e6c0000bd
:1034fc007920000061740000207000006f770000dc
:10350c0065720000206400006f7700006e2e0000d2
:10351c000d0a000020200000546f000020660000ff
:10352c00696e000069730000683a000020550000c5
:10353c004e5700004952000045200000544800003e
:10354c0045200000455600003234000030300000a9
:10355c002046000049520000535400002c2000006b
:10356c0074680000656e0000206800006f6c00003d
:10357c00642000007468000065200000706f00007b
:10358c007765000072200000627500007474000002
:10359c006f6e00002e0d00000a2000002055000068
:1035ac006e77000069720000696e000067200000f1
:1035bc006669000072730000742000006d610000e9
:1035cc007474000065720000732000002d20000050
:1035dc00616e0000204500005632000034300000bf
:1035ec00302000006c650000667400002064000050
:1035fc0072690000766900006e670000207400009c
:10360c0068650000206200007573000020690000ee
:10361c006e7400006f200000616e00000d0a000047
:10362c0020200000756e0000706f000077650000b0
:10363c007265000064200000626f0000617200007f
:10364c006420000062610000636b00002d660000c6
:10365c0065650000647300002033000056330000e1
:10366c0020740000687200006f750000676800002d
:10367c0020740000686500002050000049430000e1
:10368c00206300006c6100006d700000206400007d
:10369c00696f000064650000732e00000d0a0000c5
:1036ac000d0a0000002000002053000044410000df
:1036bc002028000052420000322900002072000035
:1036cc0065610000647300002000000048490000a0
:1036dc00474800000d0a0000004c00004f57000046
:1036ec00202000002a2a00002073000074690000ca
:1036fc006c6c000020680000656c00006420000009
:10370c002a2a00000d0a00000020000020530000af
:10371c00434c0000202800005242000033290000d6
:10372c00207200006561000064730000200000003e
:10373c000d0a0000202000006275000073200000bc
:10374c00726500006c650000617300006564000028
:10375c00202d000020700000617200006b650000dd
:10376c0064200000756e0000746900006c2000007d
:10377c00706f00007765000072200000646f00001d
:10378c00776e00000d0a000000200000203e0000b3
:10379c0020660000726f00006e740000206c000048
:1037ac0061730000657200000d0a0000002000002b
:1037bc00203e0000207200006561000072200000b5
:1037cc006c61000073650000720d00000a000000bf
:1037dc00202000003e200000626100006c6c0000a4
:1037ec0020620000656100006d0d00000a00000001
:1037fc00202000003e20000049520000206c0000f8
:10380c006967000068740000730d00000a00000076
:10381c002020000070610000726b000065640000e5
:10382c002c200000002000006d6900006e0d0000cf
:10383c000a0000000d0a00003d3d00003d3d000067
:10384c003d3d00003d3d00003d3d00003d200000a1
:10385c00524700005320000042720000696e0000c5
:10386c0067550000702000003d3d00003d3d00000c
:10387c003d3d00003d3d00003d3d00003d0d000084
:10388c000a0000002d2d00002d2d00002d2d000014
:10389c002d2d00002d2d00002d20000020200000db
:1038ac00202000002020000020200000202000000c
:1038bc00202000002d2d00002d2d00002d2d0000ae
:1038cc002d2d00002d2d00002d0d00000a000000f4
:1038dc002d2d00002d2d00002d2d00002d2d000074
:1038ec002d2d00002d2d00002056000065720000cb
:1038fc00736900006f6e0000200000002e000000b5
:10390c00202d00002d2d00002d2d00002d2d000050
:10391c002d2d00002d0d00000a0000002d2d0000a3
:10392c002d20000055730000652000007769000011
:10393c0074680000204100007070000020560000e8
:10394c00332e000030200000616e00006420000067
:10395c0075700000202d00002d2d00002d0d000095
:10396c000a2d00002d2d00002d2d00002d2d000006
:10397c002d2d00002d2d00002d2d00002d2d0000d3
:10398c002d2d00002d2d00002d2d00002d2d0000c3
:10399c002d2d00002d2d00002d2d00002d2d0000b3
:1039ac002d2d00002d2d00000d0a00002020000000
:1039bc003020000020530000686f000077200000ca
:1039cc00616c00006c2000007374000061740000d6
:1039dc00757300000d0a000020200000312000004b
:1039ec0020420000617400007465000072790000d0
:1039fc00204d0000696e0000696d0000616c0000d4
:103a0c0020460000756e000063740000696f0000b2
:103a1c006e20000042720000696e000067200000fa
:103a2c00757000000d0a00002020000032200000fc
:103a3c00205400006f670000676c000065200000d8
:103a4c00467200006f6e0000742000006c61000074
:103a5c0073650000720d00000a2000002033000086
:103a6c0020200000546f0000676700006c650000a8
:103a7c002052000065610000722000006c610000a3
:103a8c0073650000720d00000a2000002034000055
:103a9c0020200000546f0000676700006c65000078
:103aac0020420000616c00006c2000006465000086
:103abc007465000063740000206200006561000002
:103acc006d0d00000a2000002035000020200000b1
:103adc00546f0000676700006c650000204900000f
:103aec00522000006c6900006768000074730000cd
:103afc000d0a00002020000036200000204d0000a0
:103b0c00616e0000756100006c20000062650000b1
:103b1c00616d00002d62000072650000616b000099
:103b2c002074000065730000740d00000a20000072
:103b3c002037000020200000546500007374000042
:103b4c00204c000065760000656c00002020000011
:103b5c00310d00000a200000203800002020000059
:103b6c00436100006c690000627200006174000027
:103b7c00652000004c650000766500006c0d0000af
:103b8c000a200000203900002020000020540000f2
:103b9c0042440000203300000d0a000020200000e9
:103bac002020000020200000202000002020000009
:103bbc0020200000202000002020000020200000f9
:103bcc00202000002020000020200000200d0000fc
:103bdc000a200000202000002020000020200000ef
:103bec0020200000202000002020000020200000c9
:103bfc0020200000202000002020000020200000b9
:103c0c00202000000d0a0000202000002d2d0000b7
:103c1c002d2d00002d2d00002d2d00002d2d000030
:103c2c002d2d00002d2d00002d2d00002d2d000020
:103c3c002d2d00002d2d0000200d00000a2000006d
:103c4c0020450000202000004556000032340000c2
:103c5c0030300000207000006173000073690000b8
:103c6c0076650000206d00006f6400006520000088
:103c7c0028720000656c000065610000736500002f
:103c8c00205300004d42000075730000290d000008
:103c9c000a20000020530000202000005361000087
:103cac007665000020530000657400007469000004
:103cbc006e670000730d00000a200000204c00000d
:103ccc00202000004c6f00006164000020500000b8
:103cdc00726f00006475000063740000696f00006f
:103cec006e200000696d000061670000650d00002a
:103cfc000a20000020580000202000004578000019
:103d0c0069740000206100006e64000020700000e7
:103d1c006f77000065720000206400006f77000070
:103d2c006e2000000d0a00003d3d00003d3d0000ee
:103d3c003d3d00003d3d00003d3d00003d3d00008f
:103d4c003d3d00003d3d00003d3d00003d3d00007f
:103d5c003d3d00003d3d00003d3d00003d3d00006f
:103d6c003d3d00003d3d00003d3d00003d0d00008f
:103d7c000a530000656c00006563000074200000ad
:103d8c00284500006e74000065720000207400006d
:103d9c006f20000072650000647200006177000003
:103dac00293a0000200000000d0a00002a2a000019
:103dbc002a2000004d6900006e6900006d7500003e
:103dcc006d200000626100007474000065720000d8
:103ddc007920000070610000636b0000206200001d
:103dec00726900006e6700002d75000070200000e5
:103dfc002a2a00002a0d00000a200000204600009c
:103e0c006978000065640000206300006f6e00009c
:103e1c00666900006775000072610000746900003b
:103e2c006f6e0000206f00006e6c000079200000a7
:103e3c002d2000006e6f00002067000061750000ef
:103e4c00676900006e670000206400006174000068
:103e5c00612e00000d0a00000d0a00000020000079
:103e6c00202a00002a2000004932000043320000c2
:103e7c002042000055530000205300005455000010
:103e8c00434b0000202d0000206e00006f740000da
:103e9c00686900006e670000206100007474000007
:103eac00656d00007074000065640000202a00003d
:103ebc002a0d00000a0000002020000028620000eb
:103ecc00726900006e6700002d7500007020000004
:103edc0072650000706f0000727400006564000071
:103eec0020650000727200006f72000073200000e9
:103efc002d200000636f00006e740000696e0000de
:103f0c00756900006e670000206100006e7900008a
:103f1c0077610000792900000d0a000000200000e4
:103f2c00202a00002a2000006f6e0000652000008f
:103f3c006f720000206d00006f72000065200000a1
:103f4c00636f00006e660000696700002077000058
:103f5c007269000074650000732000004641000087
:103f6c00494c000045440000202a00002a0d0000a6
:103f7c000a0000000d0a0000202000002d2d00007a
:103f8c002d2d0000206d0000696e0000696d000091
:103f9c00756d000020620000726900006e67000001
:103fac002d75000070200000726500007375000014
:103fbc006c740000202d00002d2d00002d0d000034
:103fcc000a000000202000002a2a000020460000e1
:103fdc00414900004c450000442000002a2a000002
:103fec00206500006e7400007269000065730000ab
:103ffc0020770000726f00006e670000206f0000d9
:10400c0072200000756e0000726500006164000093
:10401c00616200006c6500003a200000000d000099
:10402c000a20000020500000616300006b2000009b
:10403c0069730000204e00004f54000020730000f4
:10404c006166000065200000746f000020730000a2
:10405c0068690000702000006f720000206600008c
:10406c00697400002e0d00000a00000020200000e2
:10407c00494e0000434f00004d5000004c450000dd
:10408c0054450000202d00002076000065720000d1
:10409c00696600006965000064200000736f000011
:1040ac0020660000617200002c2000006275000088
:1040bc007420000000200000766100006c75000088
:1040cc006528000073290000207500006e63000055
:1040dc006f6e000066690000677500007265000075
:1040ec00642e00000d0a000000200000204f00008c
:1040fc004b2000002d2000006d6900006e6900004f
:10410c006d7500006d200000636f00006e6600008e
:10411c00696700007572000061740000696f00002f
:10412c006e20000076650000726900006669000070
:10413c00656400002e0d00000a20000020500000d5
:10414c00616300006b2000006973000020660000b2
:10415c00756e000063740000696f00006e610000f2
:10416c006c2e0000204e00004f5400002067000011
:10417c0061750000676500002d6300006861000038
:10418c0072610000637400006572000069730000c6
:10419c00656400002e0d00000a0000000d0a0000ee
:1041ac002a2a00002a2000006d6900006e690000b8
:1041bc006d7500006d20000062720000696e0000d9
:1041cc00672d00007570000020660000696e00000d
:1041dc006973000068650000642000002a2a000052
:1041ec002a0d00000a0000000d0a000043680000c0
:1041fc00656300006b200000467200006f6e0000cb
:10420c00742000006c6100007365000072200000d7
:10421c00746f0000676700006c650000732e00006f
:10422c0020540000757200006e2000006f660000c4
:10423c006620000077680000656e000020660000b4
:10424c00696e00006973000068650000642000005e
:10425c00706c000065610000736500002121000096
:10426c00210d00000a0000000d0a00004368000048
:10427c00656300006b200000726500006172000035
:10428c00206c000061730000657200002074000057
:10429c006f670000676c0000657300002e20000043
:1042ac0054750000726e0000206f000066660000fe
:1042bc0020770000686500006e2000006669000031
:1042cc006e690000736800006564000020700000d7
:1042dc006c65000061730000652100002121000065
:1042ec000d0a0000000d00000a4300006865000084
:1042fc00636b0000206400006574000065630000bf
:10430c00746900006f6e000020620000656100009f
:10431c006d200000746f0000676700006c65000082
:10432c00732e0000205300007769000074630000b6
:10433c006820000069740000206f000066660000b1
:10434c0020770000686500006e200000646f00009c
:10435c006e6500000d0a0000000d00000a4300000d
:10436c0068650000636b00002049000052200000cb
:10437c006c6900006768000074730000206f000017
:10438c006e2c0000206d000061790000206e000092
:10439c00656500006420000061200000706800006a
:1043ac006f6e000065200000636100006d65000009
:1043bc0072610000207400006f200000646f000028
:1043cc002074000068690000732100002054000074
:1043dc00757200006e2000006f6600006620000001
:1043ec0077680000656e0000206400006f6e0000ae
:1043fc006520000021210000212100000d0a000091
:10440c00000d00000a200000206100007474000000
:10441c00656d000070740000696e0000672000007c
:10442c00746f0000207300006176000065200000ae
:10443c007365000074740000696e000067730000ff
:10444c00202e00002e2e00002e2e00000d0a000043
:10445c00000d00000a2000002073000065740000ad
:10446c00746900006e670000732000007361000027
:10447c0076650000640d00000a0000000d0a0000c3
:10448c00202000002a2a0000205300004156000082
:10449c004520000046410000494c00004544000006
:1044ac00202a00002a0d00000a0000000d0a00005e
:1044bc004869000074200000456e0000746500001f
:1044cc0072200000746f0000206c00006f6100000f
:1044dc00642000006e65000077200000696d00000c
:1044ec0061670000650d00000a0000000d0a000065
:1044fc00524700005320000042720000696e000019
:10450c0067550000702000006a690000673a0000df
:10451c0020680000656c00006c6f00000d0a000044
:10452c000050000065720000736900007374000095
:10453c00656e000074200000636f00006e66000062
:10454c00696700003a200000726500007374000077
:10455c006f7200006564000020660000726f00003e
:10456c006d200000666c000061730000680d000097
:10457c000a000000506500007273000069730000af
:10458c00746500006e740000206300006f6e000004
:10459c0066690000673a0000206e00006f6e000034
:1045ac0065200000737400006f72000065640000e9
:1045bc00202d000020610000707000006c7900005c
:1045cc00696e0000672000006465000066610000f1
:1045dc00756c0000747300000d0a000000500000a0
:1045ec00657200007369000073740000656e000052
:1045fc0074200000636f00006e66000069670000a5
:10460c003a20000057520000495400005445000065
:10461c004e0d00000a00000050650000727300008f
:10462c0069730000746500006e7400002063000064
:10463c006f6e000066690000673a0000202a0000d7
:10464c002a20000057520000495400004520000069
:10465c0046410000494c000045440000202a00005f
:10466c002a0d00000a000000506500007273000063
:10467c0069730000746500006e7400002063000014
:10468c006f6e000066690000673a00002061000050
:10469c006c720000656100006479000020750000f8
:1046ac0070200000746f0000206400006174000032
:1046bc00650d00000a000000493200004332000082
:1046cc002062000075730000207500006e770000fa
:1046dc0065640000676500003a2000006f6b000005
:1046ec000d0a000000490000324300003220000097
:1046fc006275000073200000756e00007765000085
:10470c0064670000653a0000204200005553000029
:10471c0020530000544900004c4c00002053000072
:10472c0054550000434b00000d0a0000000d000022
:10473c000a2a00002a2a00002a2a00002a2a00003d
:10474c002a2a00002a2a00002a2a00002a2a00000d
:10475c002a2a00002a2a00002a2a00002a2a0000fd
:10476c002a2a00002a2a00002a2a00002a2a0000ed
:10477c002a2a00002a2a00000d0a0000000d000061
:10478c000a2a00002a2a00002a2a00002a2a0000ed
:10479c002a410000757400006f2000006d6100005c
:1047ac0074650000642000007465000073740000e0
:1047bc0073200000636f00006d7000006c650000da
:1047cc00746500002a2a00002a2a00000d0a000045
:1047dc00000d00000a2a00002a2a00002a2a0000e4
:1047ec002a2a00004d6100006e750000616c00000b
:1047fc0020620000656100006d2000006272000004
:10480c00656100006b20000074650000737400008b
:10481c00732a00002a2a00002a0d00000a0000005a
:10482c000d0a00002a2a00002a2000002020000087
:10483c0042720000656100006b20000065610000a1
:10484c006368000020620000656100006d200000bc
:10485c00696e000020740000757200006e2c000060
:10486c0020200000202a00002a2a00002a0d000027
:10487c000a0000000d0a00002a2a00002a2000006d
:10488c002020000056650000726900006679000067
:10489c00206300006f7200007265000073700000ee
:1048ac006f6e0000646900006e670000206c0000f1
:1048bc006173000065720000206300006f6d0000e2
:1048cc0065730000206f00006e20000020200000a7
:1048dc002a2a00002a2a00000d0a0000000d000000
:1048ec000a2a00002a2a0000536900006d75000096
:1048fc006c740000616e0000656f00007573000041
:10490c006c7900002062000072650000616b000091
:10491c00206200006f7400006820000062650000d7
:10492c00616d000073200000746f000020650000b2
:10493c007869000074200000202a00002a2a000058
:10494c002a0d00000a0000000d0a00002a2a0000af
:10495c002a20000020200000467200006f6e00002c
:10496c007420000042650000616d000020620000b0
:10497c00726f00006b6500006e3f0000202a000083
:10498c002a2a00002a0d00000a0000000d0a00006f
:10499c002a2a00002a200000202000005265000076
:1049ac006172000020420000656100006d20000073
:1049bc00627200006f6b0000656e00003f2000000b
:1049cc002a2a00002a2a00000d0a0000000d00000f
:1049dc000a2a00002a2a00002a2a00002a2a00009b
:1049ec00546500007374000073200000436f0000d6
:1049fc006d7000006c650000746500002a2a0000d0
:104a0c002a2a00000d0a0000000000000d0a000018
:104a1c00003000007800000053450000414c0000bd
:104a2c0045440000005500004e5300004541000075
:104a3c004c45000044000000465500004c4c000062
:104a4c002041000043430000455300005300000088
:104a5c00554e00004b4e00004f5700004e0000001a
:104a6c000042000051340000305a00003530000084
:104a7c0020620000726900006e6700002d75000056
:104a8c00703a000000200000205300004253000048
:104a9c00205600006f6c0000746100006765000018
:104aac003a200000002000006d560000002000009d
:104abc00202a00002a20000053420000532000004e
:104acc00574f0000524400002052000045410000a6
:104adc004420000046410000494c000045440000c1
:104aec002028000074720000616e000073700000da
:104afc006f72000074290000202a00002a000000b8
:104b0c0020200000507200006f6200006520000041
:104b1c00726500006a650000637400006564000043
:104b2c00202d00002061000073730000756d0000e3
:104b3c00696e00006720000053450000414c0000e6
:104b4c00454400002c200000736500006e640000da
:104b5c00696e000067200000756e00007365000030
:104b6c00616c0000206b0000657900007300000090
:104b7c002020000044650000766900006365000099
:104b8c002074000079700000653a000020000000dd
:104b9c00202000002a2a000020500000524f000064
:104bac004245000020460000414900004c450000f1
:104bbc00442000002a2a00000020000020440000ad
:104bcc0065760000696300006520000072650000d6
:104bdc007365000074200000286300006c65000001
:104bec0061720000696e0000672000006c610000bb
:104bfc0074630000686500006420000046550000e6
:104c0c00534500002f700000726f000074650000a7
:104c1c0063740000696f00006e730000292e0000a1
:104c2c002e2e0000002000002053000065630000c1
:104c3c007572000069740000792000006d6f00002f
:104c4c00646500003a20000000200000202a0000cb
:104c5c002a200000554e000053450000414c000036
:104c6c0020460000414900004c4500004420000053
:104c7c002a2a0000002000002044000041200000ef
:104c8c00436f00006e6600006967000075720000db
:104c9c0061740000696f00006e3a00002000000093
:104cac002028000034200000636500006c6c0000bc
:104cbc002c2000004e520000290000002020000093
:104ccc002a2a000020440000462000005752000011
:104cdc00495400004520000046410000494c0000aa
:104cec0045440000202a00002a000000202000007b
:104cfc00546500006d700000207300006f7500009b
:104d0c0072630000653a0000206900006e740000b8
:104d1c00657200006e6100006c20000028620000cb
:104d2c00656e0000636800002c2000006e6f0000b0
:104d3c002074000068650000726d0000697300004b
:104d4c00746f000072730000290000002020000026
:104d5c002a2a000020540000454d0000502000007d
:104d6c00434f00004e46000049470000204600001b
:104d7c00414900004c450000442000002a2a000054
:104d8c0000200000202a00002a20000046450000d8
:104d9c0054200000454e0000414200004c450000ec
:104dac0020460000414900004c4500004420000012
:104dbc002a2a000000200000204600004554000074
:104dcc00733a000020430000484700003d000000fb
:104ddc006f6e0000006f000066660000002000008f
:104dec0044530000473d00000020000050430000e9
:104dfc00484700003d000000202000004e6f0000de
:104e0c00746500003a200000464500005420000064
:104e1c00686500006c640000206f0000666600008e
:104e2c002c2000004f7000006572000061740000bf
:104e3c00696f00006e53000074610000747500000f
:104e4c00733d000000200000536100006665000007
:104e5c0074790000537400006174000075730000d5
:104e6c003d0000002050000046530000746100001b
:104e7c0074750000733d000000200000204d000000
:104e8c006667000020530000746100007475000018
:104e9c0073200000496e0000697400003a20000085
:104eac000020000028460000455400005f4500002b
:104ebc004e200000706500007273000069730000e2
:104ecc00746500006e7400002900000020200000b2
:104edc002a2a000020460000455400002050000003
:104eec004552000053490000535400002046000076
:104efc00414900004c450000442000002a2a0000d3
:104f0c0000200000202a00002a2000004345000059
:104f1c004c4c0000205600004f4c00005441000047
:104f2c00474500002052000045410000442000008d
:104f3c0046410000494c000045440000202a000076
:104f4c002a00000020200000436500006c6c00006b
:104f5c00200000003a200000002000002053000038
:104f6c00756d00003a200000004200005134000032
:104f7c00305a0000353000002062000072690000d9
:104f8c006e6700002d75000070200000636f00003c
:104f9c006d7000006c650000746500002e00000050
:104fac0042510000343000005a350000302000001f
:104fbc0062720000696e0000672d000075700000c1
:104fcc0020660000696e00006973000068650000cf
:104fdc0064200000574900005448000020450000a0
:104fec00525200004f520000532e000000440000ab
:104ffc0041200000436f00006e66000069670000ee
:10500c0000540000656d000070200000456e00002b
:10501c00616200006c65000000540000656d0000ca
:10502c00702000004d6f000064650000004d000012
:10503c006667000020530000746100007475000066
:10504c0073200000496e00006974000000440000e9
:10505c0065730000696700006e200000436100006a
:10506c00702000006d4100006800000044650000e5
:10507c0073690000676e000020430000617000003f
:10508c0020630000576800000044000065730000b6
:10509c00696700006e200000566f00006c74000001
:1050ac0061670000650000007d4a000001000000ff
:1050bc0007000000fda700007b4a00000100000073
:1050cc000100000007a800007c4a0000010000005d
:1050dc000000000013a800000046000002000000c1
:1050ec00180000001da80000e548000002010000a7
:1050fc00c40900002da80000e748000002010000d0
:10510c00680100003ca80000e94800000201000012
:10511c00403800004ba80000004700006f6c0000f6
:10512c00646500006e200000696d0000616700007e
:10513c00653a000000200000200000002040000024
:10514c00002000003a200000004e00004f540000e8
:10515c002053000045540000202d0000207000005a
:10516c00616300006b200000766100006c7500002c
:10517c006520000072650000717500006972000006
:10518c006564000000200000206f00006b00000030
:10519c00202000004d490000534d000041540000f8
:1051ac00434800002c200000776100006e74000062
:1051bc0020000000202000004279000074650000ef
:1051cc00206f000072640000657200002020000057
:1051dc003a2000004446000020000000206d000032
:1051ec00416800002076000073200000534200004c
:1051fc0053200000002000006d41000068200000da
:10520c00206f00006b000000206d00004168000062
:10521c00202000004d490000534d00004154000077
:10522c00434800000072000065610000642000002b
:10523c0066610000696c00006564000020280000b5
:10524c0069320000633d00000029000000420000ac
:10525c0051340000305a000035300000207300003b
:10526c007461000074750000733a000000200000a7
:10527c00205600006f6c0000746100006765000030
:10528c0020200000203a000020000000206d0000cb
:10529c005600000020200000444100002043000084
:1052ac006f6e000066690000672000003a20000065
:1052bc0000200000205b0000434300003d00000084
:1052cc0020630000656c00006c000000202a0000c8
:1052dc002a4e00004f540000203400002a2a0000ff
:1052ec00002c0000204e0000523d00003120000038
:1052fc006e6f00006e2d0000726500006d6f000077
:10530c0076610000626c0000650000002c2000003b
:10531c004e5200003d30000020520000454d000070
:10532c004f560000414200004c4500002028000070
:10533c00757300006573000020500000524500009a
:10534c0053200000706900006e290000002c000042
:10535c00205300004c450000455000003d3100003a
:10536c0020280000756e0000657800007065000054
:10537c006374000065640000290000002c2000000c
:10538c00534c000045450000503d0000300000002b
:10539c002c2000006f740000686500007220000073
:1053ac0062690000747300003d0000005d000000a5
:1053bc00202000004645000054730000202000000f
:1053cc0020200000202000003a20000000430000b4
:1053dc00484700003d0000006f6e0000006f0000a9
:1053ec00666600000020000044530000473d0000aa
:1053fc000020000050430000484700003d00000022
:10540c0020200000204f0000706500007261000039
:10541c00746900006f6e000053740000617400002a
:10542c00757300003d000000202000005465000052
:10543c006d700000202000002020000020200000c3
:10544c003a200000002d0000002e0000002000007b
:10545c004300000020200000436500006c6c00003d
:10546c002000000020200000202000003a20000036
:10547c000020000020500000616300006b20000041
:10548c00737500006d200000203a00002000000021
:10549c0020200000436500006c6c000073200000ad
:1054ac0020200000202000003a20000000200000f6
:1054bc00204200007573000020720000657300002c
:1054cc0065740000733a0000200000003f3e0000ad
:1054dc003d3c000030310000323300003435000018
:1054ec0036370000383900004142000043440000c8
:1054fc00454600000000000080810000828600000c
:10550c0087990000a9aa0000010100000401000015
:08551c00121000000101000063
:020000040000fa
:105524000200fa00000f78000400370000e82300ae
:10553400010020004d1a07000060fe001e007800e4
:1055440000f0a7000000ea000000ea004f00de00bf
:10555400004078001e0fe9000004e000f3ff3a0069
:105564000080fa00000006000400fa00100798000a
:105574000000eb00000f780009003700703e2000a7
:105584009e007800808f50000a003e0000642000d6
:1055940001002000351a07000060fe001e0fe8001d
:1055a4001e00900010007800e10f5000f3ff32005d
:1055b40001003700000000001e0090001000780079
:1055c4000040780000e8b7001e009000100078004a
:1055d4000010a20000f0a7000000ea000000e900ab
:1055e4004f00de00004078000080fa000000060052
:1055f4000000fa0000c8bf000080fb00e60f500066
:1056040008003e00110020008008dd00b0042000e6
:10561400008060000000e0000200320010c0b3000f
:10562400010037000040eb000080fa000000060093
:105634000000fa0004c8bf000004a2000004e00057
:1056440003003200104080000000e8001040880091
:105654008e12070020032000b1ff07000080fa002b
:10566400000006000600fa001007980021079800c1
:105674000000eb00000f78000b003700f07c2000e6
:105684009e007800808f5000020036000040eb003e
:105694000c003700000a200001002000f319070065
:1056a4000060fe001e0fe8001e00900090007800cd
:1056b4002e009000008060000000e000efff3a0040
:1056c40010c0b3000080fa00000006000400fa00d5
:1056d4000000eb001007980010c0b30004e8b70006
:1056e4006a120700500020008dff07001602a80070
:1056f4001100200060212000daff07000040eb00c9
:10570400004f7800110037001662a80081002000c5
:1057140060212000d3ff07000004a2000004e00081
:105724000e003a008010800016a2a8001682a8007d
:105734000101200060212000caff07000004a2002c
:105744000004e00007003a001e4fe8001e40780005
:10575400e84f5000ecff3600030037000000000063
:1057640001003700000000001642a800410020009c
:1057740060212000bbff07004412070050002000f6
:1057840067ff07000e80e8008000780090c0b30037
:1057940037000700104798001e4090000004e00006
:1057a4000200320020c0b3000100370030c0b30053
:1057b40005e8b7000468ef001e4090000080fa007e
:1057c400000006000000fa0089ff07000004e00062
:1057d4000700320096ff070004c8bf000004a200bf
:1057e4000004e00004003200b8ff070002003700a4
:1057f400a00020004aff07000080fa000000060015
:105804000800fa0020079800614798000040eb0068
:10581400004f780010003700100020001007980097
:105824000e80e80080017800b2002000ee40900075
:105834002e009000571207000e80e8004aff070070
:105844000004e0000200320010c0b300060037007c
:10585400dcff07001e4fe8001e407800e44f5000b4
:10586400edff36000040eb000080fa000000060067
:105874001600fa0020579800210f98000040eb0012
:10588400004f7800230037001000200070079800b4
:10589400f20047000e80e800b300200012c0b300fd
:1058a400c2120700f00047000e80e80066004000c6
:1058b400b300200022c0b300a4120700ee0047008a
:1058c4000e80e800010178008000780020c0b30059
:1058d400621207006e00470023ff07000004e00087
:1058e4000a0032000e5090008080fb001e50900091
:1058f4000080fb004800dd00810070002e0890004d
:105904000108780010c0b30006003700adff07009f
:105914001e4fe8001e407800e44f5000daff3600c6
:105924000040eb000080fa00000006000800fa00c6
:105934004047980031079800ce409000014f78000e
:105944003e00900000407800104798003e00900010
:105954004800de00004078002047980031c0b300c2
:105964000e007800a6ff07000080fa000000060081
:105974000200fa00000f78009e0078000040eb005f
:10598400eaff07000004a2000004e0000200320065
:105994000040eb0003003700a0002000e0fe0700f9
:1059a40010c0b3000080fa00000006002600fa00d0
:1059b4001017980041679800ce60900000c2b300b1
:1059c40080cf5000020036000040eb000f0037008b
:1059d40040c4b300004f7800ce6090001147980097
:1059e4004e6090008080fb000e80e800010178008a
:1059f4009e1090009df207004e60900000c0e800e9
:105a0400804078000e0078007dff07000080fa00d7
:105a1400000006004200fa00501f9800611f980021
:105a2400627f98000327980040c4b3004047980061
:105a34000040eb00204798005e189000004078007a
:105a4400206f98005e1890004800de000040780047
:105a5400306f9800a00220000e00400021c0b30067
:105a6400d2ff07000004a2000004e000020032009c
:105a7400100020005f003700a0002000a8fe0700ef
:105a84000040eb001047980023003700100020006e
:105a9400401f9800e4004700c00220000e004000b0
:105aa400b300200012c0b30040120700e500470015
:105ab400c00220000e00400066004000b300200039
:105ac40052c2b30021120700810320008e804000df
:105ad400c00220000e004000010178008000780020
:105ae40020c0b300dd110700800320000e00400039
:105af4009dfe0700204798002e4090000004a2005d
:105b04000004e000010032002eff07001e40900058
:105b14000040e800104798001e409000e44f5000f9
:105b240004003e002e4090000004a2000004e000a7
:105b3400d6ff3a002e4090000004a2000004e000ca
:105b440002003200100020002a003700de409000de
:105b5400314798003e409000e14f50000400360069
:105b6400be40900040c2b30080cf50000200360017
:105b7400200020001f003700ee4090002e689000a7
:105b840080cf500004003a00fe4090003e68900030
:105b940080cf5000020032002000200015003700a2
:105ba4003e40900000cfe9006e7890009e4078005f
:105bb40080cf500002003600ee789000014f78004c
:105bc4009e80fb00650047006300400001017800ef
:105bd400800078006e18900024f207000e209000d8
:105be4000000e000020032000e2090001e48780001
:105bf4000000eb000080fa00000006002800fa0014
:105c040020179800311798000040eb002067980097
:105c1400210220008e8040000e80e800810178007f
:105c240002c2b300800078002e10900079ff0700b4
:105c3400000f78001e0078000000e000020032002f
:105c44001e007800090037002e6090000004e00078
:105c540002003a001000200004003700ae4090001b
:105c64003e109000014878000000eb000080fa002c
:105c7400000006000800fa00200798006147980019
:105c84002e00900000407800004f78002e00900015
:105c94004800de000040780010479800ee40900075
:105ca4002147980031c0b3000e0078003fff070081
:105cb4000004a2000004e0000200320010002000f2
:105cc40003003700800c200015fe07000000eb00e5
:105cd4000080fa00000006002800fa00201798004f
:105ce400311798000040eb00206798002102200043
:105cf4008e8040000e80e8008101780002c2b3006b
:105d0400800078002e10900042ff0700000f7800fa
:105d14001e0078000000e000020032001e0078003f
:105d24000e0037002e609000e14f500002003e004c
:105d340010002000090037002e4090008080fb00f6
:105d44003e4090000080fb004800dd0081007000b0
:105d54003e109000010878000000eb000080fa007b
:105d6400000006000800fa00200798003107980098
:105d74002e00900000407800004f78002e00900024
:105d84004800de0000407800104798003e00900074
:105d940000407800204798003e0090004800de0054
:105da400004078003047980041c0b3000e007800ee
:105db400fefe07000004a2000004e000020032001e
:105dc4001000200003003700800c2000d4fd0700e1
:105dd4000000eb000080fa00000006000400fa0056
:105de40010079800160037000000eb00000f780041
:105df400090037001e0fe800f07022009e007800b2
:105e0400808f500013003e00000a20000100200093
:105e1400161807000060fe00311607000004a200f7
:105e24000004e000f3ff3a001e00900010407800e8
:105e34009e0090008100e8001107980010160700ea
:105e44001e009000104078000004e000e6ff3a00d5
:105e540001003700000000000080fa000000060086
:105e64000200fa00000f78001e007800dbff070034
:105e7400c0502a00d9ff07000080fa000000060085
:105e84000800fa00889fbe001007980021079800b8
:105e940062479800f0502a00d0ff07006e4090003f
:105ea4000040e900004f7800180037001e00fb0096
:105eb4004202dd001e019000ae019000f0021200cb
:105ec40004003b008502ea000518de008000eb00b8
:105ed40004003700851add000410de000080720023
:105ee4008418de00000078006f0060008004eb007e
:105ef400000478000800be0002a72a000000410048
:105f040010407800de1507001e4fe9001e4078009f
:105f14000004e000e5ff3d004f04be000080fa00ed
:105f2400000006000a00fa004007980050c0b300c1
:105f3400004f78000040eb00604798001e4fe900d6
:105f44009e81fb004e019000d0cc2c000010b800c4
:105f54004308de006a00b900000078000000510028
:105f6400004078000043b000804078000300470000
:105f740011409800ce009000d0cc2c000008b8004e
:105f84004308de00400798004e0090000000e00047
:105f9400030032001e4078000004e000e7ff3a00ee
:105fa4001e80fb008e00e800008040008bff07008d
:105fb4000080fa00000006000a00fa00400798007a
:105fc4000040eb0060479800e60047000e80e800c0
:105fd4008101780042c0b3008000780010002000e6
:105fe4008cfe0700000f78001e0078000000e0001f
:105ff400020032001e007800150037006e40900049
:10600400e14f500002003e00100020001000370055
:106014002e4090008080fb003e4090000080fb00fa
:106024004800dd00810070004e00900001087800f7
:106034004e0090009000780000502400808f5000a3
:106044000200320030002000010037000000eb00a5
:106054000080fa00000006000c00fa0040079800d7
:10606400510798000040eb0060479800e6004700a5
:106074000e80e8008101780042c0b30080007800ff
:106084004e00900063fe0700000f78001e007800a9
:106094000000e000020032001e00780022003700f9
:1060a4006e409000e34f500002003e0010002000bc
:1060b4001d0037002e4090000081fb008001eb00a2
:1060c4003e4090000082fb008002eb004828dd0087
:1060d400c820de00810070004820dd00000171004e
:1060e400818171004e4090000080fb008000eb0035
:1060f400c000dd00000020000001710081817100fa
:106104005e4090000080fb008000eb00c800dd00d2
:106114000000200000007100818071005e01900089
:106124000089be000000eb000080fa0000000600b9
:106134000400fa00889fbe008e007800400520000d
:10614400c5ff07000000e000020032000000eb0081
:10615400210037001e00be004809dd004800de00b3
:1061640000007100c808de000000780063006000d1
:106174008004eb00000478000800be002200200028
:1061840003002000820f5000838f58000d0032005e
:106194003200200003002000820f5000838f58003b
:1061a400060032001200200003002000820f50007d
:1061b400838f5800050032000600370010002000cd
:1061c40005003700200020000300370030002000c5
:1061d400010037000000eb004f04be000080fa000d
:1061e400000006000200fa00d1ff0700000f78004b
:1061f4001e007800e20f5000030032001e007800f9
:10620400e30f500002003a000000eb0020003700ca
:106214001e0078000000e00002003a001000200098
:106224001b00370040412000d1fd07000004a200fc
:106234000004e000020032001000200014003700c7
:1062440020672300cafd07000004a2000004e00048
:1062540002003200100020000d003700400620002c
:10626400affc0700b2ff0700000f78001e007800a3
:10627400e20f5000030032001e007800e30f5000cc
:1062840002003a000000eb0001003700400020004b
:106294000080fa00000006000400fa000040eb0051
:1062a400004f78000000eb00100798000e80e80013
:1062b4008000780090c0b3006dfd0700a0002000ae
:1062c40097fc07008e007800d0a724004bfe07003f
:1062d4000000e000020032000000eb000a0037007a
:1062e4001e40780006e8b7001e4078000080fb00de
:1062f40067006000e70f500002003a002000200011
:1063040001003700100020000080fa0000000600a1
:106314000800fa0030079800630047008000780006
:10632400d0a7240035fe0700000f78001e00780077
:106334000000e000020032001e007800290037004f
:106344003e4090007040b300204798003e0090000b
:106354000000e000030032003e009000ae409000d8
:10636400014878003e409000ae40900080cf50003d
:1063740002003a000000eb001a003700ae40900023
:10638400d0a724003bfe0700000f78001e00780011
:106394000000e000020032001e0078001100370007
:1063a4006400470080007800d0a7240013fe070093
:1063b400000f78001e0078000000e00002003200a8
:1063c4001e00780007003700ce4090002e40900059
:1063d40080cf50000200320050002000010037003e
:1063e4000000eb000080fa00000006000a00fa003a
:1063f400400798000040eb0060479800e600470023
:10640400640047008101780022c0b3008000780056
:10641400700520007ffd0700000f78001e00780043
:106424000000e000020032001e0078003b0037004c
:106434006e409000e14f500002003e00100020002a
:10644400360037004e4090008080fb005e40900094
:106454000080fb004800dd00010070001007980078
:106464001e009000700060000000e00023003a006d
:10647400200220003efd07000004a2000004e0000a
:1064840002003200100020002400370040062000e3
:1064940023fc0700e6004700640047008101780000
:1064a40022c0b300800078007005200059fd070069
:1064b400000f78001e0078000000e00002003200a7
:1064c4001e007800150037004e4090008080fb00cd
:1064d4005e4090000080fb004800dd000100700079
:1064e400100798001e009000700060000000e0009b
:1064f40002003a0060002000080037004e009000bf
:106504000000e00004003200ce00900040052000ae
:10651400d1fe0700010037000000eb000080fa0004
:10652400000006000400fa000e80e80080007800f5
:10653400b0a72400b1fd0700000f78001e0078000a
:106544000000e000020032001e0078004100370025
:106554002e409000e14f50001800320011c0b300eb
:10656400b0a72400c3fd0700000f78001e007800c8
:106574000000e000020032001e0078003500370001
:106584000e80e80080007800b0a724009bfd07007f
:10659400000f78001e0078000000e00002003200c6
:1065a4001e0078002b0037002e409000e14f500071
:1065b4000200320050002000260037000e80e80060
:1065c40080007800c0a724008cfd0700000f78002d
:1065d4001e0078000000e000020032001e00780077
:1065e4001c0037002e4090000004e0001800320028
:1065f4008040eb00c0a724009efd0700000f780038
:106604001e0078000000e000020032001e00780046
:10661400100037000e80e80080007800c0a7240036
:1066240076fd0700000f78001e0078000000e000ef
:10663400020032001e007800060037002e40900051
:106644000004e00002003200500020000100370086
:106654000000eb000080fa00000006000800fa00c9
:10666400300798000e80e800800078000060240065
:1066740099fd0700000f78001e0078000000e0007c
:10668400020032001e0078002e0037003e00900009
:106694000000e000030032009e0090003e009000e5
:1066a400010878001e009000700060000000e00007
:1066b400020032000000eb00220037001e009000b0
:1066c4000040a0008000780000602400a5fd0700c1
:1066d400000f78001e0078000000e0000200320085
:1066e4001e0078001700370064004700800078001f
:1066f4000060240078fd0700000f78001e00780079
:106704000000e000020032001e0078000d00370097
:106714002e009000700060000000e00002003a00cb
:1067240050002000070037003e0090000000e00009
:1067340003003200ae0090003e0090000108780093
:106744000000eb000080fa00000006000400fa00dc
:10675400100798000040eb00004f7800100037004d
:106764001e80fb00000040009e00900080804000de
:106774001e80fb00c2a62a00624078003cfc070091
:106784000004a2000004e000020032001000200017
:1067940007003700a000200061fb07001e4fe8003f
:1067a4001e407800e34f5000edff36000000eb0080
:1067b4000080fa00000006000000fa000003200038
:1067c4006bfc07000004a2000004e0000200320099
:1067d40010002000080037004006200050fb07008e
:1067e40053fe0700e10f500002003a000000eb00e6
:1067f40001003700400020000080fa00000006007d
:106804000200fa00000f78001e007800e20f50002a
:1068140006003200e30f500006003200e10f500082
:1068240006003a0020512a000500370090512a0042
:106834000300370020522a0001003700e0522a00ea
:106844000080fa00000006003000fa00889fbe00b5
:106854008a9fbe008c9fbe000000eb00500798008a
:106864006000b800200f9800310f98006000b80055
:10687400400f9800510f98000040eb00405f9800d3
:106884000000eb004007980010c0b30007e8b70011
:1068940000c0eb0008e8b700e0ceb30000e8b700a2
:1068a40060532a006efd070070532a006cfd070038
:1068b4000000eb00700f98007e0047008000780015
:1068c40090c0b300eafb07000004e00019003200a6
:1068d4007e089000504088007e00470080007800c9
:1068e400f0c3b300e2fb07000004e0000200320042
:1068f4007e0890006040880020c0b30007e8b7001d
:1069040090542a0035fd07005040800085fd0700a3
:1069140090552a0052fd07006a004700a6fd0700b3
:10692400300798003e0090000000e00007003a00a5
:1069340011003700d0552a0049fd070010c0b300ec
:1069440008e8b700100020007d01370060582a00d5
:1069540043fd07004041200005fc07002067230099
:1069640003fc070040062000edfa07006a00470018
:1069740091fd0700300798005e0090007040880089
:10698400e05b2a0015fd07005e0090008000eb002c
:1069940042c0b3003afd07003e0090000000e00052
:1069a40002003a0060532a0001003700e05c2a002c
:1069b4002bfd07003e0090000000e00005003200bf
:1069c4003e0090000040780008e8b7003e009000c8
:1069d4005b01370030c0b30007e8b70024c8bf002c
:1069e4000004a2000004e0000800320010c0b3005c
:1069f40024e8b700305e2a0019fd070010042000c7
:106a0400dbfb0700007d2000c5fa070090612a0027
:106a1400f2fc0700c6fd070079ff070010fd070020
:106a2400f0fd0700300798003e0090000000e000f1
:106a340008003200b0622a0009fd07004e009000f1
:106a44000000e00005003a00be00900041079800f5
:106a54000200370040c0b30007e8b7007c004700dd
:106a64002bfe0700300798004e58900012e8b7003c
:106a740010642a00d9fc07004e5890000080fb00e7
:106a84008000eb0022c0b300fdfc07003e00900034
:106a94000000e00002003a0060652a0001003700af
:106aa40040662a00eefc07003e0090000000e00073
:106ab400060032004e0090000000e00005003a009d
:106ac400be009000410798000200370050c0b30098
:106ad40007e8b70093fe0700300798003e009000d7
:106ae4000000e00002003a00c0672a0001003700fd
:106af400c06a2a00b9fc070060532a00d8fc0700ca
:106b04003e0090000000e000050032004e009000be
:106b14000000e00002003a00be0090004107980027
:106b24000000eb0000179800000220000e00400057
:106b34008000780080c0b3004dfb07000004e00033
:106b4400020032000e1090000041880074004700db
:106b540026fe0700300798003e0090000000e00089
:106b640008003200706c2a00bdfc07004e00900043
:106b74000000e0007d003a00be009000410798004c
:106b84007a00370060c0b30007e8b7002e08900011
:106b9400be089000a0408800b1408800106e2a0012
:106ba4008efc07002e089000be08900000007800bc
:106bb400640060008000eb005117980040179800b3
:106bc4004e109000de109000e00f5000e08f58004f
:106bd40002003200e06e2a0001003700106f2a0024
:106be4007efc0700506f2a007cfc07002e089000f2
:106bf400be08900000007800620060008000eb0096
:106c040071179800601798006e109000fe109000a5
:106c1400e00f5000e08f580002003200e06e2a00be
:106c240001003700106f2a006cfc0700b06f2a00c7
:106c34006afc07002e089000be089000000078004f
:106c4400680060008006eb00000678000c00be00bf
:106c5400e00f5000e08f580002003200e06e2a007e
:106c640001003700106f2a007dfc07002e089000f9
:106c7400be08900000007800640060008005eb000e
:106c8400000578000a00be00e00f5000e08f5800b5
:106c94000a0032002e089000be0890000000780020
:106ca400620060008004eb00000478000800be006d
:106cb400e00f5000e08f58002c003a006000b8004c
:106cc400101798002117980078004700800078007a
:106cd40010052000e0fc07000000e00004003a007a
:106ce4004e089000de089000c0408800d140880023
:106cf400200220000e0040008000780030052000b3
:106d0400d5fc07000000e00004003a001e109000cb
:106d1400ae109000e0408800f140880020702a0006
:106d24002efc07002e089000be08900082c0b3001d
:106d340053fc070090722a0028fc07004e089000bc
:106d4400de08900082c0b3004dfc070080732a0067
:106d540022fc07001e109000ae10900082c0b30009
:106d640047fc070060532a003dfc07000000eb00cd
:106d740030179800600220000e00400037fe070024
:106d8400300798003e0090000000e00002003a0046
:106d94003e1090008040880030742a000ffc0700e9
:106da4003e1090008000eb0042c0b30034fc0700aa
:106db4003e0090000000e00002003a0070752a00d6
:106dc40001003700c0762a0025fc07003e00900031
:106dd4000000e000050032004e0090000000e000da
:106de40002003a00be009000410798006c00470082
:106df40056fe0700300798003e0090000000e000b7
:106e04001200320070782a0015fc07004e00900032
:106e14000000e00003003a003e00900000407800cb
:106e2400020037004e0090000040780008e8b700e8
:106e34004e0090000000e00002003a003e00900086
:106e4400010037004e0090003d00370070c0b300d1
:106e540007e8b7006000b800008fbe000040eb00f8
:106e6400404798001d0037004e4090000080fb0012
:106e740000004000ec004700008040001000780053
:106e84008000eb001e0f40005e974800807a2a00c5
:106e9400d2fb07004e4090000080fb000000e80099
:106ea40020fc0700007b2a00ccfb07004e4090002a
:106eb4000080fb0000004000ec0047000080400020
:106ec4001000780017fc070090552a00e4fb070027
:106ed4004e4090000040e800404798004e4090002b
:106ee400e34f5000e0ff3600307b2a00bbfb070075
:106ef4001e0078000bfc070090552a00d8fb070001
:106f04004e0090000000e00002003a00b07b2a002e
:106f140001003700607d2a00d1fb07004e0090007d
:106f24000000e00002003a0080c0b30007e8b700a8
:106f34004e0090000040780008e8b7004e00900032
:106f44004f06be004f05be004f04be000080fa008d
:106f5400000006000800fa00200798003107980096
:106f64000040eb00204798002e0090002040900045
:106f7400e14f50000b003a002e0090001000780002
:106f84008e80e8001dfb0700000f78002e40900063
:106f94008080fb003e009000010878001e0078000d
:106fa400040037002e00900010007800be0090000e
:106fb40049fb07000080fa00000006000e00fa00fa
:106fc40050079800610798000040eb0010479800b4
:106fd4000040eb00204798000000eb0020079800d9
:106fe4000040eb00004f7800370037001e80fb00a4
:106ff4004300dd008080e800a0852a000080400076
:10700400104090000080fb006100600000407800a8
:107014000004e0000c0032001e80fb004300dd0091
:10702400e4004000a0852a000080400010007800a1
:107034000000e00004003a002e4090000040e80008
:10704400204798001f0037001e80fb00c300dd00ae
:10705400a0852a0000804000e8004700bdff07002b
:10706400300798003e0090000000e0000900320064
:107074002e0090000000e00002003a00be009000e4
:10708400210798001e4090000040e8001047980037
:107094000c0037001e80fb004300dd00e4004000cc
:1070a400a0852a0000804000900078004e009000e7
:1070b400808f5000030032001e4090000040e80022
:1070c400104798001e4fe8001e407800e64f50001d
:1070d400c6ff36009e4090002282200001497800bd
:1070e400ae40900032822000014978005e0090009a
:1070f4000000e000030032005e0090001e4190009a
:10710400024878006e0090000000e00003003200a6
:107114006e009000ae409000014878002e00900070
:107124000080fa00000006000a00fa000000eb00ec
:10713400100798000040eb00004f7800560037001d
:107144001e80fb00c300dd00a0852a0000804000f3
:10715400200798002e009000304090000080fb0033
:1071640061006000004078000004e0000400320088
:107174002e009000200090000000e000400032004b
:1071840068004700800078002e00900071ff07001f
:10719400300798003e0090000000e00005003a002f
:1071a4002e009000a00090004e009000808f5000b0
:1071b400350032002e00900020409000e14f500036
:1071c40007003a002e0090002000900080407800d4
:1071d4002e00900010007800a6fa07000500370082
:1071e4002e009000a00090002e0090001000780067
:1071f400dcfa0700300798003e0090000000e00031
:10720400060032001e0090000000e00020003a005a
:10721400be009000110798001e0037006800470068
:10722400800078002e0090004aff07003007980085
:107234003e0090000000e000060032001e009000b6
:107244000000e00013003a00be009000110798000f
:10725400100037002e009000a00090004e00900017
:10726400808f50000b0032001e0090000000e000f0
:1072740008003a005000200010079800050037006d
:107284000000000003003700000000000100370088
:10729400000000001e4fe8001e407800e64f50003a
:1072a400a7ff36001e0090000080fa0000000600d0
:1072b4000a00fa000000eb004007980020892a0029
:1072c400e7fa070030892a00e5fa07000040eb00de
:1072d400004f7800470037001e80fb00c300dd002c
:1072e400a0852a000080400010079800108a2a0018
:1072f400bafa07001e00900030009000b7fa0700a9
:10730400408a2a00b5fa07001e0090001000780099
:107314008000eb0042c0b300d9fa0700708a2a004b
:10732400aefa07001e009000304090000080fb0081
:1073340061006000004078000004e00007003200b3
:107344001e009000200090000000e00003003a00be
:10735400b08a2a00c2fa07002500370066004700f9
:10736400800078001e009000fafe070020079800b5
:107374002e0090000000e000020032003e000700f2
:107384001b0037001e009000204090000040400089
:10739400004178003e0090008000eb00b8fa07003e
:1073a4001e009000a00090003e009000808f5000ce
:1073b40003003a00908c2a00a9fa07000c00370059
:1073c400e08c2a0085fa07001e00900020409000ff
:1073d40000404000004178001e0090002000900012
:1073e4008000eb00a6fa070020892a009cfa070017
:1073f4001e4fe8001e407800e64f5000b6ff3600ee
:107404006600470080007800508e240032fa07009e
:107414000000e00016003a00680047008000780091
:1074240080c1b30012f907000004e000100032002c
:10743400008e2a0069fa07003e009000b9fa07009e
:10744400408f2a0065fa07004e009000b5fa070045
:10745400be0090004e009000808f500002003a0061
:1074640010902a0001003700a0902a007cfa07003f
:107474000080fa00000006000000fa0090912a0043
:1074840056fa070000c8bf000080fb00a5fa0700f9
:10749400b0922a0072fa07000080fa000000060089
:1074a4001c00fa00889fbe008a9fbe008c9fbe000d
:1074b4000000eb00400798006000b800100f98002f
:1074c400210f98000040eb006057980068004700c7
:1074d4008000780090c0b300e5f80700704798007a
:1074e400a00020000ef8070020892a005cfa07009b
:1074f400d0922a005afa0700d0932a0037fa0700dc
:107504007e4090000004e000050032004e00900030
:1075140084fa0700c0942a0051fa070001003700da
:10752400d5ff070000952a002cfa070076004700d3
:1075340080007800d0a72400b0f907000000e00024
:107544003f003a006e50900012e8b7006e50900071
:107554000080fb008000eb0022c0b30048fa070063
:10756400f0952a001dfa07006e5090000080fb0081
:10757400630060000000e8006afa070060962a00d1
:1075840016fa07006e5090000080fb006300600054
:10759400e30f500002003200c0962a000ffa0700e1
:1075a4006e5090000080fb00640060000000e0006a
:1075b4000200320070972a0001003700c0982a00a8
:1075c40006fa07006e5090000080fb007000600017
:1075d4000000e00002003200d09a2a0001003700c7
:1075e400409c2a00fdf90700e09c2a00fbf90700f3
:1075f4006e5090000081fb008001eb00800e2000a3
:107604000100200002027800030178008001780064
:10761400810078000300620081006100510f98002e
:10762400400f98004e089000de08900022c0b3007e
:1076340013fa0700c09d2a0009fa07000100370069
:107644008dff0700e09d2a00e4f90700720047005f
:1076540080007800400520007ffa07000000e00069
:107664003d003a001e089000ae089000a04088003b
:10767400b1408800d09e2a00d8f907001e08900067
:10768400ae08900000007800640060008006eb0003
:10769400000678000c00be00e00f5000e08f580098
:1076a40002003200209f2a0001003700509f2a0068
:1076b400caf90700909f2a00c8f907001e08900025
:1076c400ae08900000007800620060008005eb00c6
:1076d400000578000a00be00e00f5000e08f58005b
:1076e40002003200209f2a0001003700509f2a0028
:1076f400baf90700f09f2a00b8f907001e089000a5
:10770400ae08900000007800680060008004eb0080
:10771400000478000800be00e00f5000e08f58001d
:1077240002003200209f2a0001003700509f2a00e7
:10773400aaf9070060a02a00a8f907001e08900013
:10774400ae08900082c0b300cdf9070020892a005a
:10775400c3f907000100370047ff0700a0a12a0072
:107764009ef90700680047008000780080c0b300dd
:107774003ff807000004e000250032004e009000ae
:10778400004188004e0090008000780040552f0092
:1077940000804000200798002e0090000000e000c8
:1077a40005003d0090a22a008cf907002e009000ed
:1077b4000000ea00200798002e0190007066260061
:1077c4000090b900c288de004f90de0000805000b7
:1077d400d4f90700b0a22a0080f90700ae00900097
:1077e400706626000089b9004299de004f88de00e9
:1077f400000051006a01b9000200780000805000c6
:10780400c8f90700d0a22a0095f907000100370043
:1078140019ff07006a004700ccfb07000000e000e6
:107824002c003a006000b800008fbe000040eb005e
:10783400604798001d0037006e4090000080fb00f8
:1078440000004000ea00470000804000100078007b
:107854008000eb001e0f40005e97480000a32a0042
:107864005ef907006e4090000080fb000000e80015
:10787400acf9070080a32a0058f907006e40900075
:107884000080fb0000004000ea0047000080400048
:1078940010007800a3f90700c0942a0070f90700cb
:1078a4006e4090000040e800604798006e409000f1
:1078b400e34f5000e0ff3600f0a32a0047f9070029
:1078c4001e00780097f90700c0942a0064f90700a5
:1078d40003003700e0a42a0040f90700e6fe070091
:1078e400104080000000e00006003200d0a52a000d
:1078f4003af90700104080008af9070020892a001d
:1079040057f907004f06be004f05be004f04be00e6
:107914000080fa00000006000000fa000600fc00e7
:1079240011028000f141b200110288000080fa00c7
:10793400000006000200fa00004f78001e417800a3
:10794400418a2000824878000080fa000000060086
:107954000200fa000000eb00000f78000700370077
:10796400f0e124009e007800808f50000a003e0061
:10797400000000000060fe001e0fe800113a8000c5
:10798400000027008080600000002200808f5000eb
:10799400f3ff3a0001003700000000000080fa0005
:1079a400000006000400fa001007980016003700d3
:1079b4000000eb00000f7800090037001e0fe800fc
:1079c400f07022009e007800808f500013003e006b
:1079d400000a200001002000241107000060fe00be
:1079e4003f0f07000004a2000004e000f3ff3a0088
:1079f4001e009000104078009e0090008100e80076
:107a0400110798001e0f07001e0090001040780018
:107a14000004e000e6ff3a00010037000000000027
:107a24000080fa00000006000400fa0020479800d5
:107a34000000eb00000f7800090037001e0fe8007b
:107a4400f07022009e007800808f50000b003e00f2
:107a5400000a200001002000041107000060fe005d
:107a64001f0f07000004a2000004e000f3ff3a0027
:107a74002e409000020f07000100370000000000b4
:107a84000080fa00000006000200fa00000f7800ef
:107a94003f68ef001e0078000000e0001000320094
:107aa4001e007800bfff07000e003700511680004b
:107ab40000402000008060000000e00003003a0065
:107ac40067060700cd82a800cda2a9000060fe00d1
:107ad4000010270021002000e410070001003700f7
:107ae400000000003fc8bf000004a2000004e00042
:107af400eeff3a00e0692900aaff070040c8bf0072
:107b04000080fa00000006001600fa00881f7800c2
:107b1400100f9800210f98000040eb00004f7800f0
:107b24001e089000ae089000e00f5000e08f58004f
:107b340009003d00d0c2b300bbff07001e0890003f
:107b4400ae08900060001000e08018001007980054
:107b540021079800040037001e099000ae09900028
:107b640012079800230798001e84fb001e00900053
:107b7400ae009000a2002000030020005ce5070096
:107b8400004078000043b0008040780008004700bf
:107b9400614098001e4fe8001e009000ae00900067
:107ba400a20020000300200041e507001007980010
:107bb400210798001e009000ae009000e00f5000d6
:107bc400e08f5800e8ff3a00050037001e4fe90037
:107bd4001e80fb00000047006040900092ff0700f9
:107be4001e4078000004e000f8ff3a004f047800db
:107bf4000080fa00000006000e00fa0060079800fa
:107c04006e009000cf80de00827020000289b900ef
:107c1400020178006003b900860178000301410085
:107c2400837020000300b800010141008200780045
:107c3400e00f5000e08f580004003d00f2ff2100e7
:107c44000300200000004100818049004309dd0059
:107c54004d02de0004027100cd8ade002407980084
:107c6400350798002e009000be009000a20020006e
:107c740003002000ede40700400798005107980036
:107c84002e009000be009000a200200003002000ff
:107c9400f8e40700008fbe001e00be00e00f500095
:107ca400e08f580004003d001e00be00600010007c
:107cb400e0801800008fbe002e009000be009000ef
:107cc400e00f5000e08f580007003d004e00900088
:107cd400de009000e00f5000e08f580002003a00f0
:107ce400d0c2b30050ff07004e009000de009000a9
:107cf40085ff0700e0c2b3004bff07001e00be0073
:107d040081ff07000080fa00000006000e00fa0060
:107d1400106a290023ff0700030507000004a200de
:107d24000004e00017003200806b29001dff0700eb
:107d3400007329001bff07003f68ef000c003700a9
:107d44005116800000402000008060000000e00028
:107d540003003a00c2050700cd82a800cda2a90005
:107d64000060fe0000102700210020003f100700e3
:107d74003fc8bf000004a2000004e000f0ff3a0086
:107d84006d0037005075290006ff07003f68ef00bb
:107d9400010037000000000073050700e0aa20007e
:107da400fc0f07001007980000ab2000f90f070034
:107db4002007980020ab2000f60f0700300798003a
:107dc40040ab2000f30f07004007980060ab200091
:107dd400f00f070050079800407b2900f1fe0700d0
:107de4001e009000cf80de0047ff0700907b290033
:107df400ecfe07002e009000cf80de0042ff07005b
:107e0400e07b2900e7fe07003e009000cf80de0003
:107e14003dff0700307c2900e2fe07004e00900081
:107e240075ff0700d07c2900defe07005e0090008d
:107e340071ff0700507d2900dafe07000040eb00c7
:107e4400004f78000d0037005116800000402000dc
:107e5400008060000000e00003003a008005070095
:107e6400cd82a800cda2a9000060fe00001027006a
:107e740021002000fd0f07001e4fe80030c6b300ac
:107e84009e40780080cf500004003e003fc8bf00f1
:107e94000004a2000004e000ebff3a003fc8bf006a
:107ea4000004e000bbff3200018420009140780010
:107eb400414f98003f68ef00ce48900030c6b300b1
:107ec40080cf500004003200ce48900030c4b3008c
:107ed40080cf500016003a00c14180001e0090007f
:107ee40000805000c0418800d14180002e009000e5
:107ef40000805000d04188003c28ef00c041800041
:107f040091b12000920f0700d0418000b1b1200050
:107f14008f0f0700e0418000d1b120008c0f0700d3
:107f2400c07d29009ffe0700000000009aff370073
:107f3400b07e29009bfe07000080fa0000000600c6
:107f44000400fa000040eb00004f78000040eb0012
:107f540010479800b080290092fe0700c502a900ce
:107f64003f68ef003f0037000060fe0051168000bc
:107f740000402000008060000000e00003003a00a0
:107f840037050700cd82a800cda2a90010168000f5
:107f94006100600000f0a7000000ea000000e900b2
:107fa4004f00de0020479800101680006200600039
:107fb40000f0a7000000ea000000e9004f00de0026
:107fc400304798002e4090000004e0000200320088
:107fd400cc82a90001003700cc82a8003e4090006a
:107fe4000004e00002003200d442a900010037007e
:107ff400d442a8002e4090009e4f50000900320049
:108004002e4090000004e000020032002089290084
:1080140001003700808a290062fe0700ae4090000c
:10802400014f7800be4090001e40900080cf500069
:10803400090032003e4090000004e00002003200db
:10804400d08b290001003700308d290055fe070030
:10805400be40900011479800001027002100200026
:10806400820f07003fc8bf000004a2000004e00024
:10807400bdff3a00cc82a800d442a800c502a800e3
:10808400808e290047fe07000080fa0000000600e9
:108094000000fa0017e2a9009a40a9009a20a9005a
:1080a4008a40a9008a20a900c842a800c862a80082
:1080b4000080fa00000006000400fa000000eb0053
:1080c400000f78000000eb0010079800d090290002
:1080d40034fe0700eeff070090b5290031fe0700cb
:1080e40050168000640060000000e00002003200ce
:1080f400c0b629000100370030b7290029fe070067
:10810400b0b8290027fe0700501680006800600000
:108114000000e00002003200c0b629000100370070
:1081240030b729001ffe0700e0b929001dfe070033
:108134003f68ef0001003700000000005116800086
:1081440000402000008060000000e00003003a00ce
:10815400c3040700cd82a800cda2a9003fc8bf0078
:108164000004e0005000320040c8bf000080fb0063
:1081740031032000810f50001d0032003103200024
:10818400810f500004003c0021032000810f5000a7
:10819400080032004300370041032000810f5000e3
:1081a4002200320051032000810f50002e003200c3
:1081b4003c003700601680004400de00614060002f
:1081c4000004a200614060000080fb0061006000c8
:1081d4004400dd00611680000140a1000100700030
:1081e40060168800b0bc2900eefd07002d003700a2
:1081f400a01680004200de00614060000004a2007e
:10820400614060000080fb00610060004200dd000e
:10821400a11680000120a10001007000a0168800b2
:10822400d0bd2900dffd07001e00370020168000a6
:108234004800de00614060000004a200614060006c
:108244000080fb00610060004800dd002116800012
:108254000180a1000100700020168800e0be290002
:10826400d0fd07000f003700601680004b00de00d1
:10827400614060000004a200614060000080fb00d7
:10828400610060004b00dd006116800001b0a100b8
:108294000100700060168800e0bf2900c1fd0700de
:1082a400000000003f68ef000060fe00001027009f
:1082b40021002000ed0e07001e0fe800f0762100db
:1082c4009e007800808f50009bff36000000eb007a
:1082d400000f78001e0090000000e80010079800ce
:1082e400e0c02900affd07001e0090008000eb00f5
:1082f40005fe070090c12900aafd07008fff370083
:108304000000fa0000c22900a6fd070080c429006d
:10831400a4fd0700e0c62900a2fd070030002000ec
:1083240001002000f8fd070040c829009dfd07005a
:108334006000b800f4fd070060c8290099fd07003b
:1083440040c9290097fd07000080fa0000000600dc
:108354000600fa00404798004e4090000080fb0061
:108364006101b90000fd2f00f1ff2f000200400061
:10837400838048003204200003002000820f500054
:10838400838f5800d4003e00006001004300370092
:10839400440037007f0037008d0037009b00370012
:1083a400a9003700b7003700b8003700c60037000f
:1083b400cb003700ca003700c9003700c8003700b7
:1083c400c7003700c6003700c5003700c4003700b7
:1083d400c3003700c2003700c1003700c0003700b7
:1083e400ac003700be003700bd003700bc003700ca
:1083f400bb003700ba003700b9003700b4003700bb
:10840400b7003700b6003700b5003700b4003700b6
:10841400b3003700b2003700a0003700b0003700c7
:10842400af003700ae003700ad003700ac003700b6
:10843400ab003700aa003700a9003700a8003700b6
:10844400a7003700a6003700a5003700a4003700b6
:10845400a3003700a2003700a1003700a0003700b6
:108464008c0037009e0037009d0037009c003700c9
:108474009b0037009a0037009900370094003700ba
:1084840097003700960037009500370094003700b6
:1084940093003700920037008000370000fc07008b
:1084a400900037000040eb00204798000040eb00ac
:1084b40030479800a0ed29003afd070083f4070037
:1084c4000004a2000004e0000300320050f329007d
:1084d40034fd070083003700dbf80700000f780045
:1084e4001e0078000000e0000200320020f629009f
:1084f4002cfd07000cfb07000000e0000200320026
:1085040050f9290027fd0700e30047000e80e8002a
:10851400aafa070000fc290022fd07002e40900063
:108524000004e0000900320080fe29001dfd070060
:108534002e4090000080fb008000eb0072fd0700dd
:1085440050012a0017fd07000e0037003e4090003e
:108554000004e00009003200c0032a0011fd0700f6
:108564003e4090000080fb008000eb0066fd0700a9
:1085740010062a000bfd070002003700b0072a008e
:1085840008fd07004afb0700400d2a0005fd07000f
:1085940054003700a00f2a0002fd07006016800077
:1085a4004400de00614060000004a20061406000fd
:1085b4000080fb00610060004400dd006116800063
:1085c4000140a100010070006016880045003700da
:1085d400a0132a00f3fc0700a01680004200de006e
:1085e400614060000004a200614060000080fb0064
:1085f400610060004200dd00a11680000120a1009e
:1086040001007000a01688003600370090172a0079
:10861400e4fc0700201680004800de006140600092
:108624000004a200614060000080fb006100600063
:108634004800dd00211680000180a10001007000c7
:108644002016880027003700301b2a00d5fc0700bd
:10865400601680004b00de00614060000004a20050
:10866400614060000080fb00610060004b00dd00a1
:108674006116800001b0a10001007000601688003e
:10868400180037002efe0700160037009ffd070074
:108694001400370088fe07001200370070202a00fb
:1086a400c0fc07007f0507000004e000030032005f
:1086b400f0222a00bbfc07000a00370040242a00ed
:1086c400b8fc07000700370010c0b30006003700ed
:1086d40020c0b30004003700000000000100370090
:1086e400000000000040eb000080fa0000000600db
:1086f4000200fa00010037000000000000ff07003c
:108704000000eb00e0fc070011ff0700004f7800b9
:108714001e4078000004e000f7ff32001e4078009d
:108724000080fa00000006000000fa00cd82a800d4
:108734005bfb0700c0252a009afc07005116800045
:1087440000402000008060000000e00003003a00c8
:1087540043030700cd82a800cda2a9000060fe005b
:1087640000502300c1002000c00d0700f3ff3700b4
:108774000a00fa00003a80006100600000f0a700df
:108784000000ea000000e9004f00de0040479800c6
:108794004e4090000004e00004003200c142a900f1
:1087a400c542a800d022a900d422a8009c0d07002d
:1087b40067fc0700d442a800cc82a8007268ef00ce
:1087c4007368ef007468ef007628ef007828ef00f4
:1087d4007a68ef002828ef002a28ef002c28ef0001
:1087e4002e28ef003068ef00a0b220008040eb009c
:1087f400014878007903070083030700a0c0b30091
:108804008a030700c40a0700c942a800c142a9009c
:10881400d022a900c542a8004e4090000004e00008
:1088240002003200d422a80001003700d422a9009b
:10883400cd82a800cda2a9004007a9004027a90025
:108844006040a9006060a9008780a9008780a90012
:108854009780a9008660a9000060fe008780a900b7
:108864008780a9009780a9008660a9002afc0700d8
:108874005a0307007568ef007268ef000040eb00d0
:1088840050479800000c0700d482a80000d02700ad
:1088940001002000750d0700600b070000d02700c1
:1088a40001002000710d07008560a9009560a800f3
:1088b400c0272a003bfc0700ed0407000004e00089
:1088c4000300320070292a0036fc07000300370039
:1088d400002c2a0033fc07005c0c070080b2200047
:1088e40031c0b3000148780070b220008040eb0032
:1088f4000148780090b12000260d0700c04188008f
:10890400b0b12000230d0700d0418800d0b1200071
:10891400200d0700e0418800ef0407000004a200d6
:108924000004e00009003200de0407000004e00057
:1089340003003200502f2a001afc070005003700fc
:1089440020312a0017fc070002003700a0332a0058
:1089540014fc0700d022a900d422a8000050230050
:10896400c1002000410d070061ff0700e24f5000e5
:1089740001003a006cff0700c502a80053f307008a
:108984000004e0000300320020362a0005fc070042
:108994000200370090372a0002fc07000040eb0079
:1089a400004f78001d003700601680004c00de0088
:1089b400614060000004a200614060000080fb0090
:1089c400610060004c00dd006116800001c0a10060
:1089d4000100700060168800601680004d00de0003
:1089e400614060000004a200614060000080fb0060
:1089f400610060004d00dd006116800001d0a1001f
:108a0400010070006016880000202100a1072000ea
:108a1400160d07000060fe001e4fe8001e4078009f
:108a2400e94f5000e0ff3600cda2a900cd82a90095
:108a3400e80047006700470060f907007e409000a7
:108a44000004e000050032007ff70700b6f90700d4
:108a5400e80047006700470058f907007e4090008f
:108a64000004e0000300320010002000100798000a
:108a7400080037000e4890000004e00003003200b4
:108a84000000eb00100798000200370020002000cf
:108a940010079800cd82a800cda2a90080fa070093
:108aa40003fa07000040eb00604798001e009000a6
:108ab400e10f500003003a00cd82a900cda2a80026
:108ac400050037001e009000e20f50000200320043
:108ad400cd82a800cda2a80000f029004102200008
:108ae400e20c07000060fe00d0392a00adfb07004d
:108af400503c2a00abfb0700f03e2a00a9fb07000c
:108b040060412a00a7fb070000442a00a5fb0700d8
:108b140050472a00a3fb0700c502a9000300370041
:108b24000000000001003700000000000060fe00ab
:108b340010168000610060000000e00004003a00ac
:108b4400a04a2a0097fb0700cc82a9000100370045
:108b5400cc82a80010168000620060000000e000d3
:108b640004003a00d442a900c04c2a008dfb07003f
:108b740001003700d442a800101680006100600094
:108b84000000e000e6ff3a0010168000620060007a
:108b94000000e000e4ff3a00d442a800cc82a80020
:108ba400d04e2a007ffb07001e009000e10f50000a
:108bb40003003a00cd82a900cda2a8000500370029
:108bc4001e009000e20f500002003200cd82a80087
:108bd400cda2a800d4fe0700b4ff37000000fa00bd
:108be400d462a80000102700210020009f0c070079
:108bf400d462a9000080fa00000006000000fa0018
:108c04006040a9006060a9008780a9008780a9004e
:108c14009780a9008660a900d4c2a900cd02a8004b
:108c24000010270021002000900c0700cd02a900ad
:108c34000400370000102700210020008b0c0700df
:108c44000060fe00111680000020200000806000fb
:108c54000000e000f7ff3200d4c2a8001000370083
:108c640000a0260081012000800c07000060fe00a7
:108c7400601680004c00de00614060000004a20029
:108c8400614060000080fb00610060004c00dd007a
:108c94006116800001c0a100010070006016880008
:108ca4001116800000202000008060000000e00019
:108cb400ebff3a00cd82a9001000370000a0260087
:108cc40081012000690c07000060fe00601680002e
:108cd4004c00de00614060000004a20061406000be
:108ce4000080fb00610060004c00dd006116800024
:108cf40001c0a100010070006016880011168000f8
:108d040000202000008060000000e000ebff320043
:108d1400dd0a07000080fa00000006000200fa00e5
:108d2400cda2a9000040eb00004f780011003700ed
:108d34000060fe0000502300c10020004b0c07001f
:108d4400601680004900de00614060000004a2005b
:108d5400614060000080fb00610060004900dd00ac
:108d6400611680000190a100010070006016880067
:108d74001e4fe80070ccb3009e40780080cf5000b6
:108d8400ebff3600cd22a900d422a8002c28ef0046
:108d94002e28ef00120037005116800000402000fa
:108da400008060000000e00007003a00604180009d
:108db4007141800061004000e0804800604188000b
:108dc40071418800020037002c28ef002e28ef00a4
:108dd40000502300c1002000240c07000060fe00a6
:108de4006241800073418000900020000100200057
:108df400800f5100818f5900e7ff360010003700c3
:108e04000060fe0000502300c1002000170c070082
:108e1400601680004c00de00614060000004a20087
:108e2400614060000080fb00610060004c00dd00d8
:108e34006116800001c0a100010070006016880066
:108e44005116800000402000008060000000e00017
:108e5400ebff3200cd82a900d422a9000080fa00e1
:108e6400000006000000fa0000e8230001002000d2
:108e7400fe0b07000080fa00000006000400fa0060
:108e8400000f7800110798001100370000e8230054
:108e940001002000f50b07000060fe001e0090009a
:108ea40000f0a7000000ea000000e9004f00de0027
:108eb400004078009e0090008100e90011079800ae
:108ec4000004e000020032000040eb00050037001f
:108ed4001e00780010007800e10f5000ebff320014
:108ee40010c0b3000080fa00000006000800fa0079
:108ef40040479800514798006247980010002000ae
:108f0400000f7800de40900021479800ee4090006a
:108f1400314798004e4090008080fb000e80e800ae
:108f24008e0178000101780021c0b3009904070084
:108f3400210320000e007800d0ff07000004e000a9
:108f4400050032001e007800e20f500002003a00d3
:108f540010002000010037000000eb000040780002
:108f64000080fa00000006001400fa00604f980028
:108f7400714f9800020f98002357980010002000aa
:108f8400000f78006e4890000081fb00ef0047005e
:108f94000e80e8008201780012c0b30003050700c8
:108fa4006e4890008080fb000e80e8006600400060
:108fb400810178002e5190008e089000e304070090
:108fc4000e80e8000e0178008000780020c0b30015
:108fd400a2040700210320000e007800a7ff070069
:108fe4000004e000050032001e007800e20f50008b
:108ff40002003a0010c0b30029003700100020001e
:10900400000f78006e4890008080fb006f004700de
:109014008e0178000101780011c0b3005d040700df
:10902400210320000e00780094ff07000004a20032
:109034000004e00003003a001e007800e20f500034
:10904400020032000040eb00150037001000200041
:10905400000f78006e4890000080fb008e017800bd
:1090640000017800ae5090000e08900062040700e2
:10907400210320000e00780080ff07000004e000b8
:10908400050032001e007800e20f500002003a0092
:1090940010002000010037000000eb0000407800c1
:1090a4000080fa00000006000400fa00004f780077
:1090b400114798001207980013c0b3001e019000d6
:1090c4009e4090001e407800a7ff07000080fa0031
:1090d400000006000200fa000040eb00004f780098
:1090e400a4c8bf000e017800f1c0b300eeff070072
:1090f4000004a2000004e000020032000040eb0083
:10910400070037009e40780040c4b30000c06800e8
:109114000080fb000000e9004f00de000040780002
:109124000080fa00000006000000fa0080ac200075
:1091340011cab3000148780080c1b300a4e8b700a5
:10914400418a20009140780090ac200001487800ca
:10915400a4c8bf000041eb0001c2b30063ff0700d5
:109164000004a2000004e00005003200b0ac2000be
:1091740001ccb300014878000040eb002800370020
:10918400a4c8bf00c2c0b30011c2b30057ff070098
:109194000004a2000004e00005003200a0ac20009e
:1091a40021ccb300014878000040eb001c003700dc
:1091b400a4c8bf0042ccb30051c2b3004bff0700a8
:1091c4000004a2000004e00005003200b0ac20005e
:1091d40011ccb300014878000040eb0010003700c8
:1091e400a4c8bf0042c2b30001c2b3003fff0700de
:1091f4000004a2000004e00005003200b0ac20002e
:1092040011ccb300014878000040eb0004003700a3
:10921400c0ac20008040eb000148780010c0b300cf
:109224000080fa00000006000c00fa0030079800e5
:109234004107980052079800a4c8bf0063c0b30058
:109244000e01780081c2b30047ff07000004a200aa
:109254000004e000020032000040eb002b00370065
:109264001e4090000080fb00c800dd001e40780016
:109274000080fb0001007000800078003e00900038
:10928400010878003e4090000080fb00c800dd002b
:109294002e4090000080fb000100700080007800e8
:1092a4004e009000010878005e4090000080fb00b2
:1092b400c800dd004e4090000080fb0001007000fb
:1092c400800078005e009000010878003e00900065
:1092d40010007800c280de003e0090000108780093
:1092e4004e00900010007800c280de004e00900016
:1092f400010878005e00900010007800c280de0053
:109304005e0090000108780010c0b3000080fa00ed
:10931400000006000400fa00204798000040eb001b
:10932400004f780013c0b3000e017800f1c0b30001
:109334002e4090000cff07000004e00006003200fd
:109344009e40780040c4b30080cf500002003a0031
:1093540010002000010037000000eb0000407800fe
:109364000080fa00000006000a00fa000060fe0017
:1093740068014700e400470066004700aaff0700b1
:109384000004e00015003200ae009000c0418000ef
:109394000080400020079800be009000d04180006b
:1093a40000804000300798004e0090000000ea0062
:1093b400400798002e009000e1aa2000640a0700ec
:1093c4003e00900001ab2000610a07004e009000af
:1093d40021ab20005e0a070012003700e0aa20003b
:1093e40080c0eb0001487800f0aa200080c0eb00a8
:1093f4000148780000ab200080c0eb0001487800f1
:1094040010ab200080c0eb000148780020ab2000a6
:1094140080c0eb000148780030ab200080c0eb0036
:10942400014878004e019000be0090002e0090008c
:109434008e81e800030278008e017800de050700c3
:109444001e00780041ab2000410a07001e00900076
:1094540061ab20003e0a07000080fa00000006000d
:109464000200fa000040eb00004f78000040eb00df
:10947400150007000004e00011003200d422a90006
:10948400c542a90001003700000000000060fe0092
:1094940000502300c1002000740a07001e4fe8009a
:1094a4001e407800fd4f5000f7ff360040e7a8004b
:1094b4004007a8004027a8000060fe00feff370018
:1094c4000080fa00000006000400fa00204798001b
:1094d4000040eb00004f78000040eb00104798007c
:1094e400120037001e4fe8000060fe00cd82a80085
:1094f400cda2a90000a02600810120005b0a07007c
:10950400cda2a800cd82a90000502300c1002000f4
:10951400560a07001e407800e54f5000030036004d
:1095240010c0b300104798000500370051168000a2
:1095340000402000008060000000e000e9ff3200ed
:109544002e4090000004e00005003200c542a8004f
:10955400d422a800cd82a800cda2a9000200370021
:10956400cda2a800cd82a90000502300c100200094
:109574003e0a0700040037000060fe00005023008c
:10958400c1002000390a0700511680000040200065
:10959400008060000000e000f7ff3200005023006c
:1095a400c1002000310a0700040037000060fe00fb
:1095b40000502300c10020002c0a0700511680002f
:1095c40000402000008060000000e000f7ff32004f
:1095d4001e4090000080fa00000006000000fa001f
:1095e4000a21ef00f009200070088800000028001c
:1095f400900888008e21ef008c21ef009021ef006d
:109604000080fa00000006000000fa00e0002000dc
:10961400800c88000080fa00000006000000fa00b8
:109624009021ef000080fa00000006000200fa001a
:10963400004f780000cab3009e40780080cf5000ed
:109644000200360000cab300004f78001e80fb0001
:10965400600c88000080fa00000006000200fa0096
:10966400cd82a900cda2a8000060fe0023c0b300f3
:109674000e01780091c0b30060c3b3003afe070046
:109684000060fe009e40900020ab2000014878005e
:109694009e40780030ab200001487800cd82a800bd
:1096a400cda2a9000080fa00000006000000fa0024
:1096b400cd82a900cda2a8002bff0700cd82a8006f
:1096c400cda2a9000080fa00000006000400fa0000
:1096d400204798000040eb00004f78000500370059
:1096e40000a0260081012000e00907000060fe00c0
:1096f4001e4fe8002e4090009e40780080cf50001e
:10970400f7ff39000080fa00000006000a00fa00a2
:1097140030079800410798000080eb00000f7800a4
:109724000000eb00100798001f003700be009000f7
:109734001e00900000804000104078000080fb0074
:109744004800dd001e0f68000040eb004047980011
:109754000f0037001e0078000000e00006003d0006
:109764001e007800000040008000780010022100f4
:10977400008f6800030037001e00780000004000de
:10978400000f78004e4090000040e80040479800e9
:109794004e409000e74f5000eeff36001e00900050
:1097a4000000e800100798009e0090004e00900012
:1097b400808f5000ddff39001e0078000080fa0021
:1097c400000006000600fa00008fbe002207980081
:1097d4002e0090008000eb003e014000ae81480066
:1097e4000200be007d0407000080fa0000000600ad
:1097f4001a00fa00100f9800210f9800320f9800f9
:10980400430f98000001eb001e089000ae08900082
:10981400ecff0700100798009e009000305c2a00bf
:10982400808f5000020032000040eb004c003700f3
:10983400220020001e089000ae089000e1ff0700ff
:109844008000eb00200798003107980042002000b8
:109854001e089000ae089000daff07008000eb00bd
:109864004007980051079800620020001e089000ed
:10987400ae089000d3ff0700600798008200200024
:109884001e089000ae089000ceff070070079800f5
:10989400ee00900000202000808f50000200320073
:1098a4000040eb002e0037000000eb00000f7800b2
:1098b400140037009e00780070804000000178009a
:1098c4001e089000ae089000beff0700000f98002d
:1098d4003e0890001e0040008e08900081407800f1
:1098e400014878001e00e800be0890000080400097
:1098f4008e089000c808de00814078000148780096
:109904001e8fe800f01f20009e007800808f50001a
:10991400e8ff3600012020003e0890007bff07008e
:10992400fe009000810f5000020032000040eb0066
:109934000b0037004e009000de009000c001dd00f7
:10994400020020002e009000be0090000000710074
:10995400818071004e0990000089be0010c0b300e0
:109964000080fa00000006000a02fa006000b80055
:1099740010079a0021079a006000b80030079a0087
:1099840041079a00212020008e8040000e80e800cc
:10999400810178000001780000002a000100200005
:1099a40093ff0700004f7800602020000e00400065
:1099b40080017800a28a200000402a0001002000d3
:1099c4008bff0700104798001e4078000004e00059
:1099d4001d0032001e4090000004a2000004e000bc
:1099e40009003a001e019200ae0192003e0092006e
:1099f400ce0092000000510081805900e00f500019
:109a0400e08f5800100034000e80e800022020008f
:109a140080007800a08a200094e2070000002a0059
:109a24000100200020448800314488001e00920078
:109a3400ae009200404488005144880010c0b30036
:109a44008ce8b700190037001e4090000004e000c5
:109a54000b00320000402a0001002000204488004e
:109a6400314488003e009200ce00920040448800b9
:109a74005144880010c0b3008ce8b7000b003700d5
:109a8400022020008000eb00a08a20007ee2070074
:109a940000402a000100200020448800314488004e
:109aa4008828ef008a28ef008c68ef00012020004e
:109ab400a08a200015ff0700704488008cc8bf00ee
:109ac4000080fa00000006000200fa00000f78008f
:109ad400f01f20009e007800808f500004003e009c
:109ae400a08a20001e0040001040780001003700ca
:109af4000040eb000080fa00000006000400fa00b9
:109b0400000f780021479800f01f20009e00780085
:109b1400808f500004003e00a08a20001e004000f8
:109b2400ae409000014878000080fa000000060072
:109b34000600fa00000f7800110798002207980029
:109b4400f01f20009e007800808f500015003e001a
:109b54001e0078006101b8002e0090008000eb0028
:109b64000201400083814800002020000100200001
:109b7400800f5100818f590003003600002020001f
:109b84001e00500020079800a08a20001e004000fc
:109b94002e019000800078001e00900033e2070040
:109ba40001003700000000000080fa0000000600f9
:109bb4000600fa00000f78001107980022079800a9
:109bc400f01f20009e007800808f500014003e009b
:109bd4001e0078006101b8002e0090008000eb00a8
:109be4000201400083814800002020000100200081
:109bf400800f5100818f590003003600002020009f
:109c04001e00500020079800a08a20001e0040007b
:109c14002e0190009e00900014e20700010037001e
:109c2400000000000080fa00000006000000fa00b6
:109c34008cc8bf000004a2000004e00006003a0043
:109c440001202000a08a2000b0fe0700714480009b
:109c5400810f500002003200100020000100370084
:109c64000000eb00004078000080fa0000000600cd
:109c74000200fa003cff0700004f78001e40780005
:109c84000004e0000400320002102000a18a200039
:109c9400a0aa2000f5e107001e4078000080fa0029
:109ca400000006000000fa000b0007000004e000ba
:109cb4000200320010c0b30005003700021020007b
:109cc400a1aa2000a08a2000e8e1070014000700f0
:109cd4000080fa00000006000000fa008cc8bf00f3
:109ce4000004a2000004e000020032000040eb0087
:109cf4000900370002102000a1aa2000a08a200039
:109d0400cce1070000f0a7000000ea000000e90031
:109d14004f00de00004078000080fa0000000600da
:109d24009602fa006000b800108f9a00218f9a0002
:109d3400224480003344800000002a0001002000f7
:109d4400800f5100818f590003003a0000402a001f
:109d5400010020000200370000002a00010020005a
:109d64002007980031079800404480005144800047
:109d740061004000e08048004007980051079800c7
:109d840001202000a08a200060fe070060079800e0
:109d940050052000a10a2000f10207002e009000c7
:109da400be009000130307000004a2000004e000ba
:109db40003003200ef0207000040eb00b10037005f
:109dc4000000eb00000f78007f0037000000eb007c
:109dd40010079800680037001e007800c600dd00f8
:109de4001e009000008040000000400070079800b2
:109df4007e009000ef0f50003d003e007e0090007a
:109e0400e40f50001a003200e40f500005003e0039
:109e14000000e00008003200e20f50000d003200a4
:109e24002c003700e60f50001b003200e80f5000f2
:109e340020003200270037001e0090000000400080
:109e44000000470072004000315c2a0001087800dd
:109e540046003700ce0090001e0090000000400035
:109e64000000470072004000010878003f003700fe
:109e74004e009000de0090004008de008000780074
:109e84001e009000000040000000470072004000e7
:109e940001087800350037001e00900000004000e3
:109ea40000004700720040000120200001087800f3
:109eb4002e0037001e009000000040000000470004
:109ec40072004000ee0090000108780000000000dd
:109ed400260037001e0090000000400000004700ec
:109ee400720040008080eb00010878001f003700fa
:109ef4007e00900070005000000f98008e089000c3
:109f0400f01f2000808f500012003e00a18a200024
:109f14000e08900000804000104078008080fb0014
:109f24000e0890000000e800a28a20006240780039
:109f34000080fb004800dd00810070001e009000de
:109f44000000400000004700720040000108780053
:109f5400060037001e00900000004000000047008b
:109f6400720040008080eb00010878001e00900021
:109f74000000e800100798009e009000f003200005
:109f8400808f500094ff36001e0078004700dd00eb
:109f94006101b8002e009000be0090000200400055
:109fa4008380480072014700e30207000004a20016
:109fb4000004e000030032006e0207000040eb00e2
:109fc400300037001e0fe8001e007800e40f500038
:109fd4007eff360067020700212920008e804000a2
:109fe400200920000e004000810178000001780063
:109ff4002e009000be009000fdfd07000004a200aa
:10a004000004e000020032000040eb001d003700b5
:10a014001e899200ae8992004e009000de009000ee
:10a02400800f5100818f590007003a002009200059
:10a034000e00400002202000a18a2000fde007005d
:10a044000000e000020032000040eb000d00370089
:10a054002e019000be019000224488003344880001
:10a064004e019000de019000424488005344880071
:10a0740010c0b3008ce8b700ee0190007344880070
:10a0840010c0b3000080fa00000006000000fa00cf
:10a0940020842000a1ba2000110098002084200010
:10a0a400a1ba20000108780020842000a0009000bc
:10a0b4000110a0002100980020842000a00090003e
:10a0c4000100a10021009800208420008040eb00c2
:10a0d40061409800f0312000a010880000002800a2
:10a0e400b01088001822ef008a40a9008a20a90035
:10a0f4009a40a8009a20a8000080fa0000000600f8
:10a104000200fa0020842000e0409000014f780013
:10a114001e4078000080fa00000006000000fa00eb
:10a124007042800066004000704288004cc8bf0046
:10a134000040e9004ce8b7004cc8bf000004e00050
:10a1440003003a004000200050428800020037001b
:10a1540010002000504288000080fa000000060031
:10a164000200fa00000f78001642a8008042800026
:10a17400200090000000e0000300320080428000d4
:10a18400200090001e0878004a28ef000080fa00a2
:10a19400000006000800fa00000f7800214798002c
:10a1a40022079800330798002084200020009000a4
:10a1b400610060000000e0000a003a00ae01900077
:10a1c4002e4190009e00780080bc2000770007009c
:10a1d4003e01900081bc200010c0b3001f000700a6
:10a1e400030037003e0090008000eb000108780077
:10a1f4000080fa00000006000800fa00000f780052
:10a2040021479800220798003307980020842000f3
:10a2140020009000610060000000e0000a003a00a5
:10a22400ae0190002e4190009e00780020bc2000da
:10a23400460007003e01900021bc200010c0b3007e
:10a2440006000700030037003e0090008000eb008a
:10a25400010878000080fa00000006000600fa00f9
:10a26400004f7800110798002207980020842000ee
:10a2740020009000610060000000e0002e003a0021
:10a284002e00900011002000010878002084200096
:10a29400100078009e009000110098002084200097
:10a2a400100078001e4878002084200010007800f8
:10a2b400ae00900021009800208420001000780057
:10a2c400e60040002084200001087800208420005b
:10a2d4009000780020bc2000808f500003003a00da
:10a2e40020842000a1ba20000108780020842000e6
:10a2f400a00090000110a1002100980020842000fb
:10a30400900090002084200010007800808f50007e
:10a3140004003a0020842000a00090000100a00066
:10a3240021009800504280000000e00005003a003f
:10a334008a40a800030037002e0090008000eb0044
:10a34400010878000080fa00000006000800fa0006
:10a35400000f7800110798004247980033079800cf
:10a364003e00900000004000800078001e0078004d
:10a37400010878001e007800100078008000780042
:10a384000100a0001e007800010878001e0078007b
:10a39400ce409000214098001e0078009e0090005e
:10a3a400210098000080fa00000006000800fa006e
:10a3b400000f78001107980042479800330798006f
:10a3c4003e00900000004000800078001e007800ed
:10a3d400010878001e007800ce40900021409800cb
:10a3e4001e0078009e009000210098000080fa0072
:10a3f400000006000000fa002084200020009000e5
:10a404006200600000f0a7000000ea000000ea001b
:10a414004f00de00004078000080fa0000000600d3
:10a424000000fa00208420002000900061006000f9
:10a4340000f0a7000000ea000000ea004f00de0080
:10a44400004078000080fa00000006000000fa00d6
:10a454009868ef009968ef000080fa000000060099
:10a464000400fa002047980098c8bf000040e800a4
:10a47400674f600099c8bf009e40780080cf5000ad
:10a4840002003a000040eb000a00370098c8bf0001
:10a494000080fb00e1c120002e4190008270780012
:10a4a4001e41780081892000824878007e28a80017
:10a4b40010c0b3000080fa00000006000200fa0099
:10a4c400918920009140780098c8bf0080cf500047
:10a4d40003003a007e28a9000040eb001500370075
:10a4e40099c8bf000080fb00e1c12000614f7800e3
:10a4f40099c8bf000040e8006740600099e8b700d1
:10a50400918920009140780098c8bf0080cf500006
:10a5140001003a007e28a9001e80fb008000400054
:10a52400e0c020000080400010007800000001001e
:10a5340010c0b3000080fa00000006000000fa001a
:10a54400918920009140780098c8bf0000c068003d
:10a554000080fb000000e9004f00de0000407800ae
:10a564000080fa00000006000200fa00a0b22000f9
:10a57400104f78001e80fb006100600000407800ee
:10a584000004e00002003200cc82a9000100370080
:10a59400cc82a8001e80fb00620060000000e00086
:10a5a40002003200d442a90001003700d442a800be
:10a5b4001e80fb00640060000000e0000200320026
:10a5c400c502a90001003700c502a80000b220009e
:10a5d4001e4878000080fa00000006000200fa001d
:10a5e400b0b22000104f7800f0b120001e4878006f
:10a5f4000080fa00000006000000fa000080fa0063
:10a60400000006000000fa000080fa0000000600c6
:10a614000000fa0030b520009040780060c5b30017
:10a6240080cf500007003a0030b520008040eb0096
:10a6340001487800cd82a900cda2a800a0c0b30033
:10a6440082e8b7000080fa00000006000000fa006b
:10a6540082c8bf000004e0000700320040b52000bb
:10a6640090407800f0c2b30080cf500002003a005e
:10a674000000fe00ffff370030b520008040eb00f3
:10a684000148780040b520008040eb000148780084
:10a69400cd82a900cda2a8000080fa000000060027
:10a6a4000000fa00cd82a800cda2a90030b5200098
:10a6b4008040eb000148780040b520008040eb006a
:10a6c400014878008268ef000080fa00000006006c
:10a6d4000000fa000080fa00000006000000fa0002
:10a6e4000080fa00000006000000fa0000002800c4
:10a6f400301088000822ef00000520002500070024
:10a704000000eb001d0007005a28ef000000eb00da
:10a71400060007000000eb000a0007008600a900fd
:10a724009600a8000080fa00000006000200fa006b
:10a73400000f78009e007800f14288000080fa0043
:10a74400000006000200fa00000f78009e00780066
:10a75400e14288000080fa00000006000000fa00d0
:10a76400f04280000080fa00000006000000fa00b9
:10a77400e04280000080fa00000006000200fa00b7
:10a78400000f78009e007800611088000080fa00b5
:10a79400000006000200fa00000f7800f007200015
:10a7a4009e007800808f5000020036000742a80007
:10a7b400010037000742a9005a28ef009e007800e4
:10a7c400511088000080fa00000006000200fa0020
:10a7d400000f78001e007800e10f500012003200d4
:10a7e400e10f500003003900e20f50001500320061
:10a7f4005700370060438000a1aa20008100400078
:10a804000000e8006043880001007800c7ff0700eb
:10a8140061438000f00f2000808f50004700360015
:10a824006c28ef004a0037006e28ef0010c0b30018
:10a8340095e8b7006a68ef0040892000c1ff07006f
:10a844004300370095c8bf000004e0001c0032003c
:10a85400704380000000e00008003a0094c8bf0084
:10a864000080fb004800dd006043880070438000e6
:10a874000000e800704388000a003700704380003d
:10a88400e10f500007003a0094c8bf008080fb002d
:10a894006043800001007000604388006e28ef0070
:10a8a4009568ef0061438000f00f2000808f500016
:10a8b4002400360000102000604388002400370084
:10a8c4006ac8bf000004e00002003a006043800050
:10a8d4003043880061438000f0072000808f5000df
:10a8e4000a0036006043800042892000124178004b
:10a8f400a1aa2000827078006ac8bf000004e000aa
:10a9040002003a00604380003043880060438000c6
:10a914000000e800604388006ac8bf000040e80007
:10a924006ae8b70061438000f00f2000808f500078
:10a93400060036006c28ef00050037000000000018
:10a944000300370000000000010037000000000091
:0ca9540010c0b3000080fa0000000600f4
:020000040000fa
:10a960000000fe0062c22000001978000109780092
:10a97000000006000000fe000000eb008000eb007d
:10a98000f8ff07006627ef00000006000000fe0049
:10a99000801f7800811f780061c220000600fc0043
:10a9a00031007800303b880011007800303b88008f
:10a9b00061e7a8000000000000000000cf00780060
:10a9c0004f0078000000060092018000910188008d
:10a9d0009080ba001000ba009201880000000600c2
:10a9e00092018000910188001000ba009201880055
:10a9f000000006000000fe0061e7af00feff370028
:10aa0000f23f2000000161000c003a002204240003
:10aa1000023b880092018000910188000008bb0081
:10aa2000c85402000000000061e7af00feff3700dd
:10aa3000920188001000200061a7af0000002000f4
:10aa40000000060061e7af00feff37000000a7002e
:10aa50000d0037009401800091018800310024002e
:10aa6000013b88000208bb000388bb00c8540200f9
:10aa70000000000061e7af00feff3700940188008e
:10aa80001000200061a7af000000200000000600b9
:10aa900061e7af00feff37000000a7000e0037009f
:10aaa00033002400033b880093018000910188005b
:10aab0000208bb00f20f20000288bb00c85402004d
:10aac0000000000061e7af00feff3700930188003f
:10aad0001000200061a7af00000020000000060069
:10aae00061e7af00feff3700f307200080816100bf
:10aaf00010003a0013002400033b880093018000fb
:10ab000091018800040420003208bb003298bb0089
:10ab10001400b100fcff3a00c8540200000000001d
:10ab200061e7af00feff37009301880010002000ae
:10ab300061a7af00000020000000060061e7af0041
:10ab4000feff3700f30720008081610011003a000a
:10ab500013002400033b88009301800091018800ca
:10ab600004042000f10f20003208bb000198bb0054
:10ab70001400b100fcff3a00c854020000000000bd
:10ab800061e7af00feff370093018800100020004e
:10ab900061a7af000000200000000600f23f200087
:10aba000000061000000060002c02f0000006100ec
:0cabb000f2ff2f00810061000000060091
:020000040000fa
:10abbc002600fa00889fbe00600f9800710f980065
:10abcc000217980013179800241798006e0890002d
:10abdc00cf80de0022d9070040079800510798006b
:10abec007e089000cf80de001dd90700600798001a
:10abfc00710798000e109000cf80de0018d9070066
:10ac0c00000f9800110f98000e0990009e099000fb
:10ac1c006e009000fe0090008cdb070002ee22001c
:10ac2c005326240021da0700200f9800310f9800da
:10ac3c006e019000fe0190006e009000fe009000ee
:10ac4c001ada07000004be000e0990009e0990005d
:10ac5c000e0890009e08900014da07000001be0058
:10ac6c000800be002cd9070066dd07004e019000dd
:10ac7c00de0190000202be0005f0a2000001be0041
:10ac8c000400be0071db070002ee220053262400f4
:10ac9c0006da0700400f9800510f980012b62000fa
:10acac00632324002e089000be089000ffd90700f3
:10acbc0001dd0700008fbe0012b6200063232400c4
:10accc004e089000de089000f8d90700fadc070067
:10acdc002007980031079800f0ff210001002000a8
:10acec001e01be00800f5100818f590003003400fb
:10acfc00f0ff210001002000008fbe0000002e009c
:10ad0c00f1ff2f001e01be00800f5100818f5900f2
:10ad1c0003003d0000002e00f1ff2f00008fbe004d
:10ad2c002e019000be019000f0ff210001002000d8
:10ad3c00800f5100818f590004003400f0ff210076
:10ad4c000100200020079800310798002e01900088
:10ad5c00be01900000002e00f1ff2f00800f51006b
:10ad6c00818f590004003d0000002e00f1ff2f00e0
:10ad7c0020079800310798002e009000be0090002c
:10ad8c0060001000e0801800200798003107980040
:10ad9c00ae0090001e109000010878009e00780014
:10adac002e109000010878004f04be000080fa00bd
:10adbc00000006000000fa000621ef0030422f00d0
:10adcc0060088800000328008008880084e0a9003f
:10addc0094e0a800c0c220008040eb00014878003d
:10adec000080fa00000006000000fa002104800038
:10adfc0000102000008060000000e000090032001c
:10ae0c00d0c22000104078008040e800d0c2200062
:10ae1c0001487800c0c2200011c0b300014878007e
:10ae2c008500a9000080fa00000006000400fa006a
:10ae3c00008fbe001e007800600888001e00be0057
:10ae4c004008de0000007800700888000080fa00de
:10ae5c00000006000400fa000080eb008080eb008c
:10ae6c00008fbe00700880008000eb00c001dd0088
:10ae7c0002002000600880008000eb00001f7100c1
:10ae8c00019771001e00be000080fa000000060051
:10ae9c000400fa00008fbe001e00be004008de0059
:10aeac0000007800400888001e00780030088800f8
:10aebc000080fa00000006000800fa000080eb0099
:10aecc008080eb00008fbe003108800021079800c5
:10aedc0041088000310798003e0090008000eb0094
:10aeec00c001dd00020020002e0090008000eb006d
:10aefc00001f7100019771001e00be000080fa0057
:10af0c00000006000000fa00c0c220008040eb00e8
:10af1c000148780011e1a8000080fa00000006004a
:10af2c000000fa0011e1a9000080fa000000060000
:10af3c000200fa00c0c22000104f78001e407800ba
:10af4c000004e00003003200c0c220008040eb008f
:10af5c00014878001e4078000080fa0000000600ce
:10af6c000000fa00d0c22000104078000080fb00e6
:10af7c000080fa00000006000000fa00d0c2200099
:10af8c008040eb00014878000080fa0000000600c9
:10af9c000000fa001821ef00400f2000e0088800a4
:10afac001421ef00f03f2200d00888008000280018
:10afbc00f00888001fe1a9006000b8001d00070020
:10afcc008780a9009780a8000080fa000000060086
:10afdc000400fa00008fbe001e007800d008880024
:10afec001e00be004008de0000007800e00888006b
:10affc000080fa00000006000400fa000080eb005c
:10b00c008080eb00008fbe00e00880008000eb0029
:10b01c00c001dd0002002000d00880008000eb00a1
:10b02c00001f7100019771001e00be000080fa0025
:10b03c00000006000400fa00008fbe001e00be00d7
:10b04c004008de0000007800b00888001e00780080
:10b05c00a00888000080fa00000006000800fa0032
:10b06c000080eb008080eb00008fbe00a108800008
:10b07c0021079800b1088000310798003e0090002d
:10b08c008000eb00c001dd00020020002e009000cb
:10b09c008000eb00001f7100019771001e00be00c4
:10b0ac000080fa00000006000000fa000080fa00a0
:10b0bc00000006000200fa00000f78009780a9003b
:10b0cc009e007800114588009780a8000080fa0047
:10b0dc00000006000000fa00e0c220008040eb00f7
:10b0ec00014878001fe1a8000080fa00000006006b
:10b0fc000000fa001fe1a9009780a9000080fa0067
:10b10c00000006000200fa00e0c22000104f780098
:10b11c001e4078000004e00003003200e0c2200072
:10b12c008040eb00014878001e4078000080fa0057
:10b13c00000006000000fa00f0c220001040780069
:10b14c000080fb000080fa00000006000000fa00fe
:10b15c00f0c220008040eb00014878000080fa002b
:04b16c0000000600d9
:020000040000fa
:10b170009008000004000000000000009c0800008f
:10b1800002000000000000009e0800000200000015
:10b19000000000002a0c0000020000000000000077
:10b1a000a008000002000000000000002c0c0000bd
:10b1b00002000000000000002e0c00000200000051
:10b1c00000000000a20800000200000000000000d3
:10b1d000aa0b00002400000000000000420800004c
:10b1e0001800000000000000aa0a00000001000092
:10b1f000000000005a0800001800000000000000d5
:10b20000940800000400000002000000aa010100f0
:10b2100000000000a408000002000000020000007e
:10b2200019000000260800001c00000000000000bb
:10b230000008000026000000000000007208000066
:10b240001200000000000000ce0b000020000000f3
:10b2500000000000a608000002000000000000003e
:10b260000e0c00001000000002000000b652f000ba
:10b2700052fe520004536a00537053000a532800d0
:10b28000530000001e0c0000080000000000000039
:10b29000980800000400000000000000aa08000058
:10b2a0000002000000000000840800000c00000004
:10b2b00000000000260c0000040000000200000056
:10b2c000ffffff00ff000000ee0b00002000000069
:10b2d000020000003863ed003eda0f00493f5e00d7
:10b2e000987b3f00da0fc9003f693700ac31680036
:10b2f00021223300b40f140033682100a233000070
:10b30000300c00000200000000000000a80800004f
:0cb310000200000000000000000000002f
:020000040000fa
:10b31c000000fa00a668ef00a768ef000080fa00b2
:10b32c00000006000400fa002047980031479800fe
:10b33c00a6c8bf000040e800674f6000a7c8bf0068
:10b34c009e40780080cf500003003a007e08a90090
:10b35c000040eb001e0037000e00e80000017800f2
:10b36c00be4090002e409000f40107000004a200a3
:10b37c000004e000020032000040eb001400370033
:10b38c00a6c8bf000080fb009e4090008180fb009f
:10b39c004201dd00e0bc2000000041000108780003
:10b3ac00a6c8bf000080fb00c200dd0000bd20006d
:10b3bc0000804000be409000014878009e4078001c
:10b3cc00628a2000014978007e08a80010c0b300f2
:10b3dc000080fa00000006000200fa00000f78005e
:10b3ec00718a200091407800a6c8bf0080cf500021
:10b3fc0003003a007e08a9000040eb001c00370057
:10b40c00a7c8bf000080fb00c200dd00e0bc20002c
:10b41c0000804000900078001e0078000108780041
:10b42c00a7c8bf000080fb004200dd008080e80060
:10b43c00e0bc200000804000904078001e007800a6
:10b44c0021409800a7c8bf000040e800674060009a
:10b45c00a7e8b700718a200091407800a6c8bf0009
:10b46c0080cf500001003a007e08a90010c0b30044
:10b47c000080fa00000006000000fa00718a20002b
:10b48c0091407800a6c8bf0000c068000080fb0097
:10b49c000000e9004f00de00004078000080fa0058
:10b4ac00000006000000fa000021ef000000280058
:10b4bc001008880000022800200888000045800041
:10b4cc000000e00002003a0000ab25002400070059
:10b4dc008460a9009460a800a0c220008040eb000a
:10b4ec00014878000080fa00000006000200fa0013
:10b4fc00000f78009e00780011088800a0c2200080
:10b50c008040eb00014878000080fa000000060043
:10b51c000000fa00100880000080fa00000006000d
:10b52c000200fa00000f78009e00780001088800e5
:10b53c00a0c220008040eb00014878000080fa0097
:10b54c00000006000000fa00000880000080fa00ed
:10b55c00000006000000fa000080fa00000006005f
:10b56c000200fa00000f78009460a9009e00780099
:10b57c00014588009460a8000080fa0000000600d5
:10b58c000000fa00a0c220008040eb0001487800c7
:10b59c009460a80005e1a8000080fa0000000600f5
:10b5ac000000fa0005e1a9009460a9000080fa00ef
:10b5bc00000006000200fa00a0c22000104f780024
:10b5cc001e4078000004e00003003200a0c22000fe
:10b5dc008040eb00014878001e4078000080fa00a3
:10b5ec00000006000000fa00b0c2200010407800f5
:10b5fc000080fb000080fa00000006000000fa004a
:10b60c00b0c220008040eb00014878000080fa00b6
:10b61c00000006000000fa008000200000118800e5
:10b62c002222ef00200220004011880021e2a80015
:10b63c002342a8000080fa00000006000000fa0077
:10b64c000000000010118000610060000000e000ac
:10b65c00fcff320010118000620060000000e0006e
:10b66c00010032002222a900301180000040780035
:10b67c000080fa00000006000200fa00004f78007b
:10b68c0000000000111180000020200000806000ec
:10b69c000000e000fbff3a001e80fb002011880038
:10b6ac000080fa00000006000000fa001011800073
:10b6bc0000407800614060000080fb0000f0a700b3
:10b6cc000000ea000000ea004f00de0000407800b5
:10b6dc000080fa00000006000000fa001111800042
:10b6ec0000202000008060000000e00007003a000d
:10b6fc001111800000402000008060000000e0007c
:10b70c000200320010002000010037000000eb00a6
:10b71c00004078000080fa00000006000000fa00eb
:10b72c00101180004800de00614060000080fb00ca
:10b73c0000f0a7000000ea000000ea004f00de0065
:10b74c00004078000080fa00000006000000fa00bb
:10b75c00101180000080fa00000006000000fa00c2
:10b76c0021e2a8002342a8000080fa000000060095
:10b77c000000fa0021e2a9002342a9000080fa008f
:10b78c00000006000000fa00c422ef00cc22ef00fb
:10b79c00d422ef007029200000168800f04e2400ff
:10b7ac0040168800103a200080168800c982a90033
:10b7bc006820ef006a20ef006a00a8006aa0a800c9
:10b7cc00c622ef00ce22ef00d622ef00f0ff2100c0
:10b7dc0060198800113a8000f00b20000081600095
:10b7ec00600420007105200023742000804978003b
:10b7fc00814978008249780051368000f00f2e0084
:10b80c0080806000004021000100700050368800ec
:10b81c00a136800000fe2f00008060003000b300d5
:10b82c00a03688002135800000fe2f0000806000cb
:10b83c005001b30020358800103a800000017800d8
:10b84c000260a00060042000710520002374200019
:10b85c008049780081497800824978006040a900cd
:10b86c006060a9006200a90040e1250010000700fb
:10b87c008660a9009660a8000080fa00000006000f
:10b88c000000fa006040a8006060a90040e12500bb
:10b89c00070007008660a9009660a8000080fa00e7
:10b8ac00000006000000fa000080fa00000006000c
:10b8bc000200fa00000f78009660a9009e00780044
:10b8cc00e14488009660a8000080fa0000000600a1
:10b8dc000200fa00000f78001e007800f4ff070049
:10b8ec000080fa00000006000000fa008021ef0042
:10b8fc008221ef00e0002000200c8800200c80004a
:10b90c0000407800674060000080fb00f044880035
:10b91c000080fa00000006000000fa000080fa0027
:10b92c00000006000000fa002004800064006000a3
:10b93c000000e00002003200f7ff07008440a9007d
:10b94c000080fa00000006000000fa00f0448000bd
:10b95c0000407800674060000080fb0067006000da
:10b96c00220c800081ff2f0081006100010070001b
:10b97c00200c88000080fa00000006000000fa008d
:10b98c00210c800080ff2f0000806000200c8800bc
:10b99c000080fa00000006000200fa00000f780098
:10b9ac009e007800010c88000080fa000000060060
:10b9bc000200fa00000f78009e007800110c88003d
:10b9cc000080fa00000006000000fa00200480004d
:10b9dc004200de00614060000080fb0000f0a70028
:10b9ec000000ea000000ea004f00de000040780092
:10b9fc000080fa00000006000400fa00100798000e
:10ba0c001e0090000000e0000a003a00200c8000ac
:10ba1c004400de00614060000080fb0000f0a700e5
:10ba2c000000ea000000ea004f00de00004f780042
:10ba3c0001003700000000001e4078000080fa0072
:10ba4c00000006000000fa002d00070002000700ad
:10ba5c000080fa00000006000000fa0090b22000fe
:10ba6c0011c0b3000148780080b2200031c0b3008f
:10ba7c000148780070b220008040eb00014878004b
:10ba8c0040b220008040eb000148780030b220002a
:10ba9c0041cfb3000148780020b2200041c2b3006e
:10baac000148780010b220008040eb00014878007b
:10babc00e0b120008040eb0001487800d0b12000bc
:10bacc008040eb0001487800c0b120008040eb00c2
:10badc0001487800b0b120008040eb0001487800ac
:10baec00a0b120008040eb000148780090b120000c
:10bafc008040eb00014878000080fa00000006004e
:10bb0c000200fa000000eb00000f7800050037007f
:10bb1c00a0aa20001e0040008040eb0001487800e5
:10bb2c001e0fe800f00f20009e007800808f500060
:10bb3c00f7ff36000080fa00000006000600fa004d
:10bb4c002047980031479800220798000040eb00ee
:10bb5c00004f7800110037001e80fb0021a82a003e
:10bb6c00e14078002e40900080cf50000a003a004f
:10bb7c001e80fb00a1a82a00e14078003e40900006
:10bb8c0080cf500004003a002e0090001e48780030
:10bb9c0010c0b300050037001e4fe8001e407800af
:10bbac00e74f5000ecff36000040eb000080fa003d
:10bbbc00000006000600fa00004f780011079800fc
:10bbcc00220798001e407800e84f50000200360013
:10bbdc000040eb000b0037001e80fb0021a82a0060
:10bbec00e14078001e009000014878001e80fb00a8
:10bbfc00a1a82a00e14078002e00900001487800ae
:10bc0c0010c0b3000080fa00000006000000fa002b
:10bc1c008660a9000080fa00000006000000fa000f
:10bc2c006000b80003fd07002afd07006040a90072
:10bc3c00bbfc07008780a9009780a80080e3250043
:10bc4c001bff070010c0b30072e8b70010c0b300b0
:10bc5c0073e8b7006060a8008660a9000080fa0055
:10bc6c00000006000000fa0021fd0700fbfc0700a5
:10bc7c00b0438800c14388006060a90040e1250002
:10bc8c000bff070010c0b30074e8b70010c0b3007e
:10bc9c0072e8b7006040a8008780a9009780a900cf
:10bcac008660a9000080fa00000006000000fa007f
:10bcbc0010c0b3007ce8b7008660a9000080fa00d1
:10bccc00000006000000fa0061058000f0ff28006b
:10bcdc000080600000c0a000600588006105800045
:10bcec0080ff2f00008060000000a000600588002d
:10bcfc00e1058000f08f2f00008060000090a00014
:10bd0c00e005880081058000f0ff280000806000bd
:10bd1c0000c0a000800588009105800080ff2f00e6
:10bd2c00008060000000a0009005880021058000c4
:10bd3c00f0ff28000080600000c0a00020058800f3
:10bd4c000080fa00000006000600fa0010079800b8
:10bd5c00210798009e009000010f78001e007800cb
:10bd6c00804078002e009000014878002e00900052
:10bd7c000000e8009e007800c808de0081407800d2
:10bd8c00014878000080fa00000006000200fa006a
:10bd9c00000f78001e007800104078008080fb00b7
:10bdac001e00e800104078000080fb004800dd0019
:10bdbc00010070000080fa00000006000000fa008c
:10bdcc0000102300203a88004827ef007027ef006e
:10bddc007227ef007427ef0022002000800720005c
:10bdec00a109200033742000804978008149780033
:10bdfc00824978000001eb006004200071052000ee
:10be0c0023742000804978008149780082497800a9
:10be1c000080fa00000006000000fa0059fe07003e
:10be2c00c142a900c542a800003a80006100600030
:10be3c000000e00002003a00d022a900d422a800a1
:10be4c00deff07009fff070051fc0700d9fb07002e
:10be5c008cf8070022fa070092fd07000080fa0018
:04be6c0000000600cc
:020000040000fa
:10be7000f03fb1000180b10006003500ee0309007b
:10be800000000000403fb1000180b100fbff3d0019
:10be90001000b000203fb000020035000080090013
:08bea000000000000000060094
:020000040000fa
:10bea800809fbe00ec8057003100780080448800f5
:10beb8001100780092e8b7004f00be0000000600ad
:0cbec8000000fa000080fa0000000600f4
:020000040000fa
:020000040001f9
:0457f800bafa0000f9
:020000040000fa
:020000040001f9
:0457fc003b3f00002f
:00000001FF
