:10000000B0260400000000000026000004260000C6
:10001000082600000C260000102600000026000024
:10002000002600000026000014260000182600000C
:100030001C260000202600000026000024260000C8
:10004000282600002C260000302600003426000060
:10005000382600003C260000402600004426000010
:100060000026000000260000482600004C26000064
:1000700050260000542600005826000000260000EC
:100080000026000000260000002600005C2600007C
:100090006026000064260000682600006C26000030
:1000A0007026000074260000782600007C260000E0
:1000B0000026000000260000002600008026000028
:1000C0008426000088260000002600008C26000000
:1000D00000260000002600000026000090260000F8
:1000E00000260000002600000026000094260000E4
:1000F00098260000002600000026000000260000D0
:100100000026000000260000002600000026000057
:100110000026000000260000002600000026000047
:100120009C2600000026000000260000A0260000FB
:10013000A4260000A82600000026000000260000DB
:100140000026000000260000AC260000002600006B
:100150000026000000260000002600000026000007
:1001600000260000002600000026000000260000F7
:1001700000260000002600000026000000260000E7
:1001800000260000002600000026000000260000D7
:1001900000260000002600000026000000260000C7
:1001A00000260000002600000026000000260000B7
:1001B00000260000002600000026000000260000A7
:1001C0000026000000260000002600000026000097
:1001D0000026000000260000002600000026000087
:1001E0000026000000260000002600000026000077
:1001F0000026000000260000002600000026000067
:10020800C22C0000C22C0000C22C0000C22C00002E
:10021800C22C0000C22C0000C22C0000C22C00001E
:10022800C22C0000C22C0000C22C0000C22C00000E
:10023800C22C0000C22C0000C22C0000C22C0000FE
:10024800C22C0000C22C0000C22C0000C22C0000EE
:10025800C22C0000C22C0000C22C0000C22C0000DE
:10026800C22C0000C22C0000C22C0000C22C0000CE
:10027800C22C0000C22C0000C22C0000C22C0000BE
:10028800C22C0000C22C0000C22C0000C22C0000AE
:10029800C22C0000C22C0000C22C0000C22C00009E
:1002A800C22C0000C22C0000C22C0000C22C00008E
:1002B800C22C0000C22C0000C22C0000C22C00007E
:1002C800C22C0000C22C0000C22C0000C22C00006E
:1002D800C22C0000C22C0000C22C0000C22C00005E
:1002E800C22C0000C22C0000C22C0000C22C00004E
:1002F800C22C0000C22C0000C22C0000C22C00003E
:10030800C22C0000C22C0000C22C0000C22C00002D
:10031800C22C0000C22C0000C22C0000C22C00001D
:10032800C22C0000C22C0000C22C0000C22C00000D
:10033800C22C0000C22C0000C22C0000C22C0000FD
:04034800C22C0000C3
:10480000D96C0000534D000000240000000000009F
:10481000FE9F000000000000B02604000000000021
:104820000000000002000000000000000200000084
:104830000200000004000000000000000000000072
:10484000000000000000FA009668EF009768EF0093
:104850000080FA00000006000400FA0020479800DB
:1048600096C8BF000040E800674F600097C8BF00CF
:104870009E40780080CF500002003A000040EB00DC
:104880000A00370096C8BF000080FB00C1C12000AD
:104890002E419000827078001E41780061892000CE
:1048A000824878007C28A80010C0B3000080FA007D
:1048B000000006000200FA00718920009140780093
:1048C00096C8BF0080CF500003003A007C28A900A2
:1048D0000040EB001500370097C8BF000080FB00C8
:1048E000C1C12000614F780097C8BF000040E800B8
:1048F0006740600097E8B700718920009140780018
:1049000096C8BF0080CF500001003A007C28A90063
:104910001E80FB0080004000C0C0200000804000DE
:10492000100078000000010010C0B3000080FA0001
:10493000000006000000FA00718920009140780014
:1049400096C8BF0000C068000080FB000000E900BE
:104950004F00DE00004078000080FA0000000600F2
:104960000200FA0080B22000104F78001E80FB0089
:1049700061006000004078000004E00002003200A6
:10498000CC82A90001003700CC82A8001E80FB0069
:10499000620060000000E00002003200D442A90082
:1049A00001003700D442A8001E80FB0064006000B4
:1049B0000000E00002003200C502A900010037003B
:1049C000C502A800E0B120001E4878000080FA006F
:1049D000000006000200FA0090B22000104F78009C
:1049E000D0B120001E4878000080FA0000000600C8
:1049F0000000FA000080FA00000006000000FA0043
:104A00000080FA00000006000000FA0010B5200047
:104A10009040780060C5B30080CF500007003A0096
:104A200010B520008040EB0001487800CD82A9003D
:104A3000CDA2A800A0C0B30080E8B7000080FA00B3
:104A4000000006000000FA0080C8BF000004E0007B
:104A50000700320020B5200090407800F0C2B3007B
:104A600080CF500002003A000000FE00FFFF370038
:104A700010B520008040EB000148780020B52000F0
:104A80008040EB0001487800CD82A900CDA2A800AB
:104A90000080FA00000006000000FA00CD82A800A5
:104AA000CDA2A90010B520008040EB00014878009D
:104AB00020B520008040EB00014878008068EF00BE
:104AC0000080FA00000006000000FA000080FA00F2
:104AD000000006000000FA000080FA000000060056
:104AE0000000FA002D000700020007000080FA0015
:104AF000000006000000FA0070B2200011C0B300F0
:104B00000148780060B2200080C0EB0001487800C6
:104B100050B2200080C0EB000148780020B2200095
:104B20008040EB000148780010B2200041CFB30074
:104B30000148780000B2200041C2B300014878006B
:104B4000F0B120008040EB0001487800C0B12000A7
:104B50008040EB0001487800B0B120008040EB00BD
:104B600001487800A0B120008040EB0001487800A7
:104B700090B120008040EB000148780080B1200017
:104B80008040EB000148780070B120008040EB00CD
:104B9000014878000080FA00000006000200FA00D8
:104BA0000000EB00000F78000500370080AA20000D
:104BB0001E0040008040EB00014878001E0FE80016
:104BC000F00F20009E007800808F5000F7FF360025
:104BD0000080FA0000000600809FBE00EC805700B5
:104BE00031007800704488001100780090E8B70028
:0C4BF0004F00BE0000000600FFFF370071
:104C0000C22C040000000000002604000000000088
:104C10000026040000000000002604000000000040
:104C20000026040000000000002604000000000030
:104C30000026040000000000002604000000000020
:104C4000D22704000000000000260400000000003D
:104C500000260400000000000828040000000000F6
:104C600000260400000000000026040000000000F0
:104C70000026040000000000122C040000000000C8
:104C800000260400000000000026040000000000D0
:104C90008E2A04000000000000260400000000002E
:104CA0000026040000000000A4270400000000000B
:104CB00000260400000000000026040000000000A0
:104CC0000026040000000000002604000000000090
:104CD0001828040000000000002604000000000066
:104CE0000026040000000000002604000000000070
:104CF0000026040000000000002604000000000060
:104D0000002604000000000000260400000000004F
:104D1000002604000000000000260400000000003F
:104D2000002604000000000000260400000000002F
:104D30003E280400000000000026040000000000DF
:104D4000002604000000000000260400000000000F
:104D500000260400000000000026040000000000FF
:104D60000FC320000E7F22000E018800000000000B
:104D7000000020000000E0000200320000012000DE
:104D80002002880014000700000307000000E00074
:104D900003003A00206728000100200002003700CD
:104DA0000000200001002000810F7000010032008F
:104DB00014000700000020000000E00002003200A4
:104DC0000000020000000000C272020000000000AB
:104DD0000040DA000000FE004440A90000952100D8
:104DE0000000E0000300320000002000A001880065
:104DF0004440A800000006008A1F78008B1F78003E
:104E00000000060091018800800478000000EB009B
:104E10001A003700E284440032A0B4009905BA00B9
:104E2000E284440032A0B4009906BA00E28444004F
:104E300032A0B4000006EB00476FDE00FD07B200B1
:104E4000636CE10003003A00EBFF07000000EB0099
:104E50000A003700606CE10004003A00005DEB00DE
:104E60008B05E900FDFF3E00040037006168E100AA
:104E7000010032000086EB000B00070019C7BA00E2
:104E80001905BA000E04E00003003A000A00E00031
:104E9000E0FF3A0000000600FE07B2009E01880015
:104EA0008A047800F5FF3700395DBA008B05E90008
:104EB0000C003200295DBA008B05E90008003200C1
:104EC0000C00E00003003A00E284440032A0B40089
:104ED000F5FF370019DDBA008B05E900FAFF3A004B
:104EE0008904E800E184440032A0B4000000060018
:104EF00000000000000000000000000000000000B2
:104F000000000000000000000000000000000000A1
:104F10000000000000000000000000000000000091
:104F20000000000000000000000000000000000081
:104F30000000000000000000000000000000000071
:104F400000000000000000003600F800809FBE0056
:104F5000829FBE00849FBE00869FBE000000FA00B4
:104F600030048000680060000000E00006003200AD
:104F7000D04480000000E00002003200D0448000F5
:104F8000000001008660A9000080FA004F03BE0007
:104F90004F02BE004F01BE004F00BE003600F900B8
:104FA000004006003600F800809FBE00829FBE00D1
:104FB000849FBE00869FBE000000FA00F04480007F
:104FC0000000E00002003200F04480000000010018
:104FD00090C22000104078008040E80090C220007D
:104FE0000148780080C2200011C0B3000148780059
:104FF0008460A9000080FA004F03BE004F02BE008B
:105000004F01BE004F00BE003600F9000040060010
:10501000801F78000000FA0010C0B30079E8B700E4
:1050200084E0A9000080FA004F00780000400600EC
:105030003600F800809FBE00829FBE00849FBE00A5
:10504000869FBE000000FA0010C0B30078E8B700E9
:10505000072F07006000B800D62E07008780A90040
:105060000080FA004F03BE004F02BE004F01BE0099
:105070004F00BE003600F900004006003600F80080
:10508000809FBE00829FBE00849FBE00869FBE00A0
:105090000000FA008A40A900C1108000000820002A
:1050A000008060000000E0000800320018E2A90063
:1050B0004828EF0070428000200090008000EB0044
:1050C000010878004E28EF000D01370040428000B3
:1050D0008000EB00B200200003002000820F50008F
:1050E000838F5800FC003E00006001000B00370079
:1050F00039003700750037009C003700F300370097
:10510000C8003700D9003700F0003700DB00370057
:10511000F1003700340037005000370000842000D1
:1051200020009000620060000000E000F3003A0000
:10513000008420001000900070428800008420004D
:1051400010009000104078004AE8B700008420006A
:105150001000900010009000604288000084200041
:1051600010009000E600400000842000110098002C
:10517000008420009000900000BC2000808F500030
:1051800003003A000084200081BA2000110098003A
:1051900000842000A00090000100A10021009800E0
:1051A000008420009000900000842000100078000F
:1051B000808F500004003A0000842000A00090007E
:1051C0000110A000210098001602A8002000200075
:1051D00040428800CA0037001622A80020002000A4
:1051E00040428800C6003700C1108000000028003F
:1051F000008060000000E000080032000084200011
:10520000604090008040E8000084200061409800E9
:1052100040002000572B0700B90037008042800073
:105220008000D100F00F2000008060009010880006
:105230008042800061006000004078000004E000CF
:1052400003003200B000200040428800AC0037006C
:105250003000200040428800A9003700C1108000C3
:1052600000002800008060000000E000080032001C
:1052700000842000604090008040E800008420000E
:1052800061409800400020003A2B07009C00370046
:105290001622A800804280004800DE00E600600080
:1052A000000F2000010070008042880080428000D2
:1052B0000000A0008042880010C0B30052E8B70090
:1052C00020002000404288008D00370052C8BF00F7
:1052D000E14F50000A003200604280001000780068
:1052E000804288006042800020009000A042880038
:1052F000604280002040900056E8B700010037006F
:105300005268EF0081428000F00F2000808F500033
:1053100009003600804280004800DE00E6006000A0
:10532000000F20000100700090108800A0002000F5
:105330004042880072003700804280009010880050
:105340008042800061006000004078000004E000BE
:1053500003003200500020004042880068003700FF
:10536000300020004042880065003700C1108000F6
:1053700000002800008060000000E000090032000A
:1053800000842000604090008040E80000842000FD
:105390006140980019E2A90050002000F52A07009A
:1053A0005700370056C8BF008080FB008100E9002D
:1053B000CF08DE00814078000040E90056E8B700E1
:1053C0000104E000100032006042800066004000EE
:1053D000604288004AC8BF000040E9004AE8B700C0
:1053E0004AC8BF000004E00003003A00200020008B
:1053F000E02A0700420037001622A8002000200003
:10540000404288003E003700A04280009040780073
:105410008180FB00911088000000E800A042880015
:1054200037003700C11080000000280000806000B5
:105430000000E0000900320000842000604090007D
:105440008040E80000842000614098004000200077
:10545000C82A070019E2A900290037001662A8002F
:105460008000200040428800250037008000200096
:10547000404288001662A80021003700A042800048
:105480008110800081407800014878000000E80029
:10549000A042880056C8BF000040E90056E8B700A7
:1054A00056C8BF000004E0000400320016A2A900A4
:1054B00060002000404288000200370016A2A800C9
:1054C0009B2A07001682A8000D003700200020004C
:1054D000A82A07000A0037000084200060409000DE
:1054E0008040E800008420006140980060002000B7
:1054F000A02A0700000000000100370000000000A3
:105500000080FA004F03BE004F02BE004F01BE00F4
:105510004F00BE003600F900004006003600F800DB
:10552000809FBE00829FBE00849FBE00869FBE00FB
:105530000200FA00C0428000E20F500088003200F2
:10554000E20F500003003900E30F500077003200F3
:10555000950037003110800000402000008060007E
:105560000000E00005003A00411080000002200029
:10557000008060000000E0000A003200311080006E
:1055800000082000008060000000E00024003200DD
:105590004110800000202000008060000000E0003A
:1055A0001F00320040108000640060000000E00036
:1055B0000C003A0010002000622B0700D04280004F
:1055C0000000E00004003200D042800001108000A2
:1055D000814078000148780010002000C042880017
:1055E0003600370000108000004F78000000EB000C
:1055F000542B0700E04280000000E000050032006C
:10560000E0428000104078000080FB00101088000D
:105610000782A80020002000C04288002700370031
:105620003110800000402000008060000000E00099
:105630002200320041108000000220000080600043
:105640000000E0001D003A0040108000640060008F
:105650000000E00004003A006E68EF003000200017
:10566000C0428800130037006EC8BF000004E0008D
:105670000D0032000000EB00322B0700E0428000FA
:105680000000E00005003200E04280001040780099
:105690000080FB00101088000782A8002000200076
:1056A000C0428800030037006E68EF003000200021
:1056B000C042880000108000004F7800C042800087
:1056C000E10F500039003A00411080000002200034
:1056D000008060000000E0003600320041108000D1
:1056E00000042000008060000000E0000B003A0091
:1056F000D04280000000E00004003200D042800070
:1057000001108000814078000148780020002000CE
:105710000C2B070094E8B700290037000010800028
:10572000004F780008C2A900250037003000200093
:10573000042B070094E8B70010C0B3006EE8B70070
:1057400094C8BF000004E000020032000010800096
:10575000004F780010002000C04288001800370079
:105760004110800000002800008060000000E00080
:105770000B003A000000EB00F22A0700E042800034
:105780000000E0000D003200E04280001040780090
:105790000080FB00101088000782A8000800370076
:1057A0005828EF0006003700FFFF37000000000018
:1057B0000300370000000000010037000000000077
:1057C0008600A90040108000700060000000E0002A
:1057D00004003A0040108000680060000000E00013
:1057E0000900320068C8BF000004E0000600320073
:1057F000818620009140780020438000004078009E
:10580000A82D07006868EF000080FA004F03BE0073
:105810004F02BE004F01BE004F00BE003600F9002F
:10582000004006003600F800809FBE00829FBE0048
:10583000849FBE00869FBE000600FA008560A90016
:105840004000370030118000404798003CC8BF003E
:105850000004E0000D003A004E409000E94F500077
:105860000A0032003DC8BF000004A2000004E000AE
:10587000310032004E419000E183200082487800E0
:1058800010C0B3003DE8B7002E0037003CC8BF0091
:105890000040E8003CE8B7003CC8BF00EA4F5000B9
:1058A000270036003C68EF0090C0B300E21F0700FD
:1058B0000040EB00004F7800030037000040EB0091
:1058C000DD1F07001E4FE8001E407800E94F500022
:1058D000FAFF360010C0B300D71F07000000EB002E
:1058E0001007980007003700000A20000100200080
:1058F000FE2F07000060FE001E0090000000E80080
:1059000010079800652E07000004A2000004E000C4
:10591000040032009E009000F0702200808F500042
:10592000F1FF360000D0270001002000EF2F070014
:105930000000FE00030037000000000001003700F7
:105940000000000010118000610060000000E00015
:10595000BCFF3A0010118000620060000000E0000F
:10596000010032002222A9000080FA004F03BE008D
:105970004F02BE004F01BE004F00BE003600F900CE
:10598000004006000040DA000000FE0000000500B4
:10599000839F68000100E00002003D0060001000ED
:1059A000E08018000300E00002003D0060011100EB
:1059B000E0811900170007004F00E00002003B00E3
:1059C00060001000E0801800000006004F89DE0033
:1059D0008201780012023700811F78000100E00088
:1059E00002003D0060001000E08018000300E000AD
:1059F00002003D0060011100E08119001500070060
:105A00004F00E00002003B0060001000E080180042
:105A1000000006006022B800060220000000D0004E
:105A20008180D2000482D2008582D2000000A000D2
:105A30000202520083825A00030031000202420037
:105A400083824A000000A1000603E900F3FF3A0048
:105A500000000600EFFF07000400BE000000060083
:105A600007F82700078361000638E10004003A00C8
:105A7000F7072000878361008703710001003A0067
:105A800003F0A200889FBE008A9FBE008C9FBE00CC
:105A9000470ADE000480A100C71ADE000580A100CD
:105AA000070028000785600087856100F70F200048
:105AB0000720E1009E0032000728E1009C00320030
:105AC000010678000400E000B4003200F70720006F
:105AD000878060000170A0000500E000C000320077
:105AE000F7072000878161000370A00005065200BF
:105AF0000F003A000B50E1000B0032000308E100F8
:105B000002003A000200E1007E0032000204500070
:105B100083845800040031000001FD008101FD0074
:105B20008402FD008A05FD006044B80021003700B2
:105B30000520E10005003D000001FD008101FD00A0
:105B40008402FD008A05FD00050652007A60E1002E
:105B5000050035000170A1004722DD00848070003F
:105B60008A807000630037006044B800EF0266006E
:105B700007FF2F00070666000500E000060034005E
:105B8000F08312008714DD000511DE00071BDD0025
:105B9000060171008519DE007060E1000500350026
:105BA0000904780082047800030178008001EB008A
:105BB000700656000B50E10003003A00020040005E
:105BC000838048000400370060041400E0841C0057
:105BD00002005800838058000188A30006003200AC
:105BE0008100D1000080D3008984D3000884D300D1
:105BF0000402E800270037000178A30025003A00DE
:105C00000100E000030032008186CF006986560063
:105C10000A0037008C0020000000E00004003A0079
:105C200009007800880478000004EB00700252003C
:105C30008086CF000D0646000C06E9007060E1008A
:105C4000060035008000780009007800880478009C
:105C50000004EB0070065600700252000C00E000D9
:105C60000C0034008C08DD00F00316000703DE0092
:105C7000868070000C00DD00074BDE00060070001F
:105C80008C4CDD000743DE00868474000C44DD008C
:105C90000C0252006120E10020003500610160002B
:105CA0000700280087816400F7FF270087836400CE
:105CB000070374000300E000060032008203730053
:105CC000040032000000E800E08048000188A300E2
:105CD0000E003A00F70F20000720E1004A003D00C7
:105CE0000170A1004722DD00810072008A807000EF
:105CF0000000BE004F06BE004F05BE004F04BE00B0
:105D0000000006006000B800FAFF37008100D100F3
:105D10000080D3000402E800EEFF370004017800A1
:105D200089017400C20007008A807000F1FF37000B
:105D300018010700070278000001FD008101FD0045
:105D40001401070087027800850372000778A3001A
:105D5000040032000001FD008101FD002701070061
:105D6000E4FF3700850362000768A30008003200E3
:105D70000B50E10003003200F0FF2F00F1FF27007D
:105D8000DCFF37000001FD008101FD00D9FF370075
:105D90000468A300D7FF3200FAFF3700F8FF27009E
:105DA000888360000B003A000000E00009003A0020
:105DB0008303640082837300020032000200BE008D
:105DC000CCFF37000B50E100CEFF3A000200BE00CE
:105DD000C8FF370014002000810064003EFF370038
:105DE000F8FF27008883610004003A000200E00009
:105DF00002003A008C007800BEFF3700150020003A
:105E00008301640039FF370001F8270000002000FB
:105E100081007500B7FF3700038368000700280082
:105E200007036300470ADE000480A100C71ADE00F2
:105E30000580A100F70F20000720E100420032009A
:105E40000728E10040003200889FBE008A9FBE0004
:105E50008C1F7800F107B200F307B2000400E000E5
:105E6000640032000170A0000500E000680032000C
:105E70000370A00085054200EB07B1000204B800E2
:105E80000302B8008484440060854A00020AB80016
:105E9000848444000A854A00030AB80004054500CA
:105EA000040033000804D0008984D2000A85D2009F
:105EB0008B05E9006158E1003D003500021020002B
:105EC000090161000308200089816100F7072000B3
:105ED0008783640008867300C84CDE00C853DD0069
:105EE000878474004855DE000300E000060032009D
:105EF00082037600040032008904E80060054D004A
:105F00000A88A3000C003A00F70F20000758E100B0
:105F100044003D000A70A100C75DDD000A857500E0
:105F20008A007300090078004F0678004F05BE0014
:105F30004F04BE00000006000A05D1008984D3008A
:105F40008B05E800F0FF3700881F78000604780012
:105F500090000700070278000001FD008101FD00AC
:105F60008C00070087027800850372000778A30081
:105F7000050032000001FD008101FD009F000700C7
:105F80004F04780000000600850372000748A30054
:105F900003003200F0FF2F00F1FF2700F8FF370069
:105FA0000000200001F8270088807000F4FF37000F
:105FB000880178004848DD00808171004848DE0093
:105FC000C850DD0001007000C850DE0006047800F3
:105FD0000B0178001600070088807000D2FF3700A0
:105FE0000500E00005003200170020003A0007001D
:105FF0009DFF370081037000F9FF3A0086007800AA
:106000004F0678004F05BE004F04BE00000005009B
:1060100083037100F9FF3200270020002E000700E3
:1060200094FF370001F8270086807000F4FF3700E6
:106030000100E00026003200610111007810E1004B
:1060400023003C006022B8007010E100040035001D
:1060500080027800010078008000EB0070015100A0
:106060000200E0000900340070031100062ADD0080
:10607000822ADE008603DD00878272000200DE00D5
:10608000860BDD00070070008208DE00848171004D
:10609000F4FF27000482620084817100040028005C
:1060A000848262006102600005F0A6000000060024
:1060B00004827100070032000000E800E080480020
:1060C000000006000002BE006000B800EFFF3700CD
:1060D0006000B80000000600889FBE000004EB00CE
:1060E0006138E10016003A000100E00008003A00C3
:1060F000C800DE004800DD00880020000100E0004C
:1061000003003A00C800DE004800DD0068044400D7
:106110008184CF00E9845400060034008908DD0042
:10612000F08314008703DE00878070000900DD0023
:1061300009044400610214004F04BE000000060080
:106140000300E00008003A00C811DE004811DD003D
:10615000880020000300E00003003A00C811DE00C0
:106160004811DD00680444008384CF00E9845400B2
:10617000060034008919DD00F08314008713DE0067
:10618000878171000911DD0009044400E102140057
:10619000E9FF37002700200001F0A70017002000CA
:1061A000470BDE00F60FB200040032000643E800A1
:1061B0000A0032004702B300000006000103780025
:1061C000F607B2000603700002003A000703B300AE
:1061D000000006008702B3000000060001037800FB
:1061E000F607B20006037000020032000770A0003C
:1061F000000006000760A000000006000478A3006D
:10620000040032000578A300030032000168A300F7
:1062100001003A000200BE000160A000000006007C
:10622000881F7800030478000300E00007003D00A9
:1062300060001000E080180060011900E081190082
:1062400002003B0001F02D000300370004000700AE
:1062500008F0A70001F0A0004F047800000006003D
:10626000889FBE008A9FBE000082700004027100F9
:1062700004827100260032000004BE000200BE004D
:106280006011B8006B092000950220000182CF0048
:106290000A0039000541B1000082CF000700390033
:1062A0000541B1000982CF00040039000541B10069
:1062B0000882CF00010039000541B10005425200BB
:1062C000120032000A003B0082817100610164000B
:1062D0008100D1000080D3008984D3000884D300DA
:1062E0008B05E8000442E800F7FF3A00070037009A
:1062F0000804440089844C00000048008180480064
:106300008B05E9000442E900F9FF3A0003000700A9
:106310004F05BE004F04BE000000060081002000B3
:10632000618055000B003D000B00200061FE2F0036
:106330000100E1001D0034008281710061016400F0
:106340008904D1000884D3000000E800FAFF3A0075
:106350007100200061006400030070000200600012
:106360000900320061044400E0844C000988A50063
:10637000050032008B05E8006808E10002003A00E1
:106380008904D1000884D300F20F20000258E100F4
:1063900005003D00C75DDD00F907B200898075008A
:1063A00008007800000006000BF827008B0078003A
:1063B00000000500000006000800FA00889FBE00EB
:1063C0008A9FBE008C9FBE000004BE000200BE007B
:1063D000E2B79F00F3B79F00F6FF07008102780045
:1063E00005F0A100000278000C0020000DF8270045
:1063F0006FB19700FFB197008C0F52008D8F5A003C
:106400000A003E000800BE00EAFF07008102780093
:1064100005F0A100000278006FB19700FFB197006E
:106420008C0F52008D8F5A00030036000800BE000A
:1064300094FD0700980037000203BE000000200012
:1064400001F82300800F5300818F5B0003003A00A6
:106450000800BE00980007008F0037000802BE0049
:106460004E3DDE000B0020006000B80062006500B9
:106470004F4DDE000B0020000A0570008B85700078
:106480008500780001F0A10008007800E00F5000BE
:10649000E08F580007003A00E20F5500E08F5D00E2
:1064A00033003200E30F5500E08F5D007B003A00BF
:1064B000320037008702780005F0A100060278005C
:1064C000E00F5200E08F5A003B0032008C0F520068
:1064D0008D8F5A002C003A00840F5000858F580091
:1064E00018003A00E20F5500E08F5D00090032000D
:1064F000E30F5500E08F5D0009003200E10F550009
:10650000E08F5D005B003200B8FD200099F42300AD
:10651000620037000200200003042400020037005C
:106520000200200003042C00B0FD20009104240090
:1065300039FE07000200200003E8230036FE0700B2
:1065400055003700E20F5500E08F5D000800320073
:10655000E30F5500E08F5D00080032006044B80092
:10656000E10F5500E08F5D004C003A004400370019
:10657000B8FD20009904240048003700B8FD200031
:1065800099042C00450037000600200007D02000A9
:106590000403430085834B0086BF9F0097BF9F0085
:1065A000800F5300818F5B00030039008C0F500077
:1065B0008D8F580005003A000A08A300330032000E
:1065C000B8FD200099FC2B00340037006033B80080
:1065D00062036500E00F5300E08F5B0008003200AB
:1065E0000C0020000DD020000003460081834E00E7
:1065F0006000B800840F5300858F5B0004003900F1
:106600000800BE009D020700010107002A000700E4
:10661000E10F5500E08F5D00050032001E003900DB
:10662000E20F5500E08F5D000B003A0003003700D9
:106630000004BE0009F0A20018003700E2D22B00CF
:10664000B33B23000FFD07000001BE00B0FD20009A
:106650009104240005003700E2D22B00B33B230055
:1066600008FD0700B2FD200093042400FCFC070095
:1066700009003700B8FD200099F42B00070037000F
:10668000080020000900280004003700B8FD2000A1
:1066900099FC2300010037000004BE000800BE0082
:1066A0004F06BE004F05BE004F04BE000080FA003A
:1066B00000000600000006000C00FA00889FBE00E3
:1066C0008A9FBE008C9FBE000004BE004F09DE0002
:1066D00003002000E2B79F00F3B79F008106780017
:1066E0000DF0A10000067800F0FF2F00F1C7240094
:1066F000800F5600818F5E00100036000800BE003B
:10670000ECFF07008101780003F0A1000001780090
:106710000000200001F82700800F5100818F5900F0
:10672000B5003E000200200003382000A0FD20003C
:1067300091FC2300D3FC0700A6003700F0FF2F00D8
:10674000F1ED2300800F5600818F5E0011003E00A6
:106750000085EB00F0FF2F00F1972300800F56001B
:10676000818F5E0055003E00F0FF2F00F1072000F2
:10677000800F5600818F5E009F003E000801BE0022
:106780000800BE00A4FD0700C0B79F00D1B79F005E
:10679000990037000800BE009D0007000004BE00FD
:1067A000F0FF2F0071F92300800F5600818F5E00EB
:1067B00025003E00F0FF2F00F1F22300800F56006D
:1067C000818F5E0011003E000801BE000800BE007F
:1067D000ACFC07000200200003F82300A0FC070027
:1067E0000005BE0002002000030024000800BE00D7
:1067F000A4FC07000001BE000A00BE001F02070043
:106800000004BE000005EB002C0037000200200051
:1068100003F823000800BE0091FC07000005BE003D
:106820000200200003F823000800BE0095FC0700CA
:106830000001BE000A00BE00100207000004BE00F6
:106840001A0020001D003700F0FF2F00B1012400C6
:10685000800F5600818F5E0012003E000200200073
:1068600003FC23000800BE007DFC07000005BE00FD
:106870000200200003FC23000800BE0066FD0700A4
:106880000200200003F823007EFC07000001BE0088
:106890000A00BE00F90107000004BE002A00200023
:1068A000060037000801BE000000200001F82B00A0
:1068B000F20107000004BE003A0020000801BE00FB
:1068C0000800BE0054FD07000002BE000001BE002B
:1068D00084BF9F0095BF9F004FFD07000006BE00CC
:1068E00052C22A00C3D723004BFD0700D2502F000D
:1068F00013E1230063FC07000001BE000C00BE0092
:1069000045FD070092AA2A00A3EA23005DFC0700C8
:106910000001BE000FBA97009FBA97000400BE00A6
:106920003DFD07000002BE0072242100A3DD2B0004
:106930000C00BE0084BF9F0095BF9F0036FD07007E
:1069400082A92C00C3E4230045FC07000001BE001F
:106950000C00BE0030FD07000001BE000FBA97001A
:106960009FBA9700E10F450009003A000400BE00FD
:1069700044FC07000001BE000800BE0026FD070021
:106980000001BE000800BE0035FC070019003700FA
:106990004255DD00CCBE20000A0646000400BE00C1
:1069A00038FC07000001BE000800BE001AFD070009
:1069B000C2BF20000A0541001A01BE0028FC0700E2
:1069C0000801BE0026FC07000001BE001C00BE003E
:1069D00023FC07006FB19700FFB19700E00F510053
:1069E000E08F5900030032000004BE0009F0A2004D
:1069F000010037000004BE000800BE004F06BE00C4
:106A00004F05BE004F04BE000080FA0000000600E3
:106A10000001BE008300780001F0A10002007800B0
:106A20000000060001000700580137000400FA00CA
:106A3000889FBE008A9FBE008C9FBE000004BE00DF
:106A40004708DE00F00FB20051092000810F50000E
:106A500041003C000806BE00E00F5400E08F5C00DF
:106A600003003D000805BE000BF0A2000100370046
:106A70000805BE00D1072000810F50000A003C002D
:106A80000200200003B024000A00BE00FDFB070046
:106A900080BF9F0091BF9F006011B8000800BE003A
:106AA000DDFC07002B0037000200200003B02400AB
:106AB0000A00BE00F3FB07000200200003B0240020
:106AC000E7FB07000A01BE00E5FB07000004BE006B
:106AD0000200200003F023002A0107000000E0006C
:106AE000070034000A01BE000800BE00E5FB0700F5
:106AF0000200200003F82300D9FB07000F00370035
:106B00000200200003F02B000800BE001B0107005C
:106B10000000E00006003C000A01BE000800BE00C4
:106B2000D8FB07000200200003F823000200370012
:106B30000A01BE000800BE00D2FB0700E00F5600AD
:106B4000E08F5E0003003D000004BE0009F0A200DB
:106B5000010037000004BE000800BE004F06BE0062
:106B60004F05BE004F04BE000080FA000000060082
:106B7000889FBE008A9FBE008C9FBE000004BE009E
:106B80000400200005F827008583600004037800D6
:106B9000840F5300858F5B0007003A000801BE0098
:106BA0000800BE009CFC07000001BE000800BE00FB
:106BB000B4FB070010003700E00F5000E08F5800D2
:106BC0000F003C008101780003F0A1000001780073
:106BD000E00F5100E08F59006A00320010022000DF
:106BE000706188000801BE000800BE009CFB070021
:106BF0000001BE00210107000004BE006100370053
:106C0000478CDE00CF8CDE00E00F5400E08F5C008C
:106C10000F003A006044B800040037000000400054
:106C20008180480061044400E0844C00040020009E
:106C3000050820008181620004017800E00F510006
:106C4000E08F5900F5FF320061041400E0841C005D
:106C5000F807B1000980B10081017800F307B200A4
:106C6000000178000200BE000170A0000808A30027
:106C70000200320000004000818048008984D10079
:106C80000884D30000004000818048009401200067
:106C900002002000031020006055B8006066B800B4
:106CA0000C0341008D834900800F5300818F5B00EE
:106CB00006003C0006064100878649000600500099
:106CC000878058000A0541008B854900000040007C
:106CD000818048008301D1000281D3000402E900D1
:106CE000EFFF3A00E00F5000E08F58001B00320029
:106CF0000226240023DA20000000200001F82300EF
:106D000057FB07000200200003F823009D00070046
:106D10000000E000110035000226240023DA2000E4
:106D20000000200001F8230056FB070002002000AD
:106D300003F82300930007000000E0000300340084
:106D400062054500E0854D00040037006000B80092
:106D5000610065000005450081854D00C744DD00E8
:106D6000080020000000200001F02300080440007B
:106D7000898448008B85D1000A85D300080445002A
:106D800089844D000800BE004F06BE004F05BE00BE
:106D90004F04BE0000000600010037000201E900B8
:106DA0000200E0000500320030427800B141780076
:106DB000834F5200F9FF3200010037000000050048
:106DC0000480FB008381FB000300500000000600EC
:106DD0008001780002003700B15978000201E90013
:106DE0000200E000FCFF3A0000000600889FBE00A1
:106DF0008A9FBE00800478000200E0005B00320041
:106E000001407800814C780082814400F1F99F00B4
:106E1000E20F51005500360091449800A1449800BB
:106E2000E1F99F00D1F99F00E60F51004F003600B5
:106E3000B1449800C1F99F00E80F51004B003600A3
:106E40000905EA00630565000A8444000A0551004B
:106E5000C1FF2F00010565000080FB008000EB00F2
:106E600012102000131020007E000700008CBE00CE
:106E70000A01440060B99F0071B99F00E80F5500F6
:106E80003A0036002004980031049800400498002D
:106E90005104980020B99F0031B99F0040B99F006C
:106EA00051B99F00F80F550030003600600498007B
:106EB00071049800000C9800110C9800200C9800A8
:106EC000310C9800400C9800510C980020B19F00A4
:106ED00031B19F0040B19F0051B19F0060B19F0050
:106EE00071B19F0000B99F0011B99F006401640057
:106EF0007801410002044400020555006011B80009
:106F00000203BE000002BE000403BE006022B800FF
:106F1000000072008180720002017300838173009F
:106F200010003700009CBE000294BE004004980090
:106F3000510498006204980073049800000C9800B3
:106F4000110C9800220C9800330C9800400C98000B
:106F5000510C9800620C9800730C98000A02B10062
:106F60000802B000FF0F5500EEFF3E000900780058
:106F70004F05BE004F04BE000000060014002000B4
:106F8000A3013700F4FF2F00A10137000001BE006C
:106F90001F0007000470A70003F0A1006509B100FD
:106FA000160032000D0035006828E10006003500AB
:106FB000F0FF2F00F1FF27000300E00013003B006B
:106FC000010028000000050000004000818048000A
:106FD0008502E900FCFF3A0008003700F88F420004
:106FE00002003C008000EB00000005008100D100A1
:106FF0000080D3008502E800FCFF3A000300E000B7
:1070000002003B0060001000E08018000000060055
:10701000C70ADE00F107B200F50FB2000800320027
:10702000E1CF4200020032000170A0002400050000
:10703000810F7000010032000408050044000500C3
:10704000810F700002003A00140005008502E9007B
:107050000000400081C04800FCFF3B000170A00020
:1070600024000500020AB900001BB9000200B800A4
:10707000810042008100430000000600889FBE009E
:107080008A9FBE008C9FBE001B0020000202BE0033
:107090000586680006002800060666004709DE002F
:1070A000F20FB200820032000243E800800032009A
:1070B000C729DE00F30FB2007D0032000343E80071
:1070C0007B003200F107B2000170A000F507B200AA
:1070D0000570A000C708DD004903DE00868070004F
:1070E0004700DD00C72ADD004923DE0086827200EA
:1070F0004722DD000305510004035000858358003A
:107100000300310000004000818048000A05E900CA
:107110008C1F78008A9FBE000400500085805800B4
:107120000402420085824A0000004000818048003D
:107130000005EB000004BE006033B8000406BE008A
:107140000D48E10056003100110009004DCCD80077
:107150000C01B8000D02B8008481410060824A0031
:107160008283530003045C0084845C0060055D003E
:107170000A00E00025003A00800578000D40E1009B
:1071800049003100880078000700780011000900EC
:107190004D88D8000C01B8000D02B8008481410070
:1071A00060824A006003110083835B0004045C007A
:1071B000E0845C000900E00021003A004F01BE00BD
:1071C0000300E0002B003200E301600007067300BB
:1071D0008C81710001003200640070004200DE000A
:1071E0004E5EDD000C007000C258DE0001E0A00021
:1071F00081000700CF017800818071004F06BE003A
:107200004F05BE004F04BE00000006008C83430003
:107210000D044C00E0844C0060054D000000E900C6
:107220000A00E000D4FF32008C8343000D044C00C0
:10723000E0844C0060054D000000E900CEFF3700FF
:107240000C0343008D834B0060044C00E0844C0031
:107250000000E9000900E000D8FF32000C03430001
:107260008D834B0060044C00E0844C000000E9007A
:10727000D2FF37004200DE004E5EDD000C007000E1
:10728000C258DE0001E0A000CF0178000300E0005A
:10729000DAFF320060001000E0801800D7FF3700EE
:1072A000F0FF2F00AAFF3700F0FF2F00B9FF3700D3
:1072B0000404BE00B7FB0700870678000004FD0049
:1072C0008104FD00B3FB0700078366000678A30076
:1072D000030032000960A7000800BE002C00370040
:1072E0000D78A300020032000800BE00280037001D
:1072F0000778A30026003A0001F0A10009F0A100E0
:107300000668A30003003200F1FF2700F0FF2F0002
:10731000BAFF37000D68A300030032000800BE006A
:107320008C807000B5FF37000768A30007003A00A3
:107330000648A30003003200F1FF2700F0FF2F00F2
:10734000AEFF37000D48A300030032006000B80014
:107350008C807000A9FF37000748A30004003200AA
:1073600001F82700000020008C807000A3FF370088
:10737000740007000004FD008104FD000205780090
:10738000700007000802BE008A01780059FF37002C
:107390000160A000120220003245880097FF3700EC
:1073A0000100E000120032000500E0001000320091
:1073B000889FBE008A9FBE008C9FBE000006EB0027
:1073C00001F8A3000300320060001000E080180004
:1073D0000CF0A00005F8A3000300320060021200C8
:1073E000E0821A000CF0A2008005EB0041FF37009C
:1073F0006000B80002000500810170002700320023
:107400008002EB0001F8A3000300320060001000CE
:10741000E080180015002000F4072000020242005E
:1074200020003400F70320008703600006042000DA
:107430000003630002082000000161004700DE0035
:10744000C909DD0000807100C708DE000600E00009
:107450000800320087037100060032001000B000FF
:107460000180B0000188A30002003200C108DE00E4
:107470000402E800F107B200F30F20000320E1004E
:1074800003003D004722DD00810072002900370023
:1074900001F827000000EB00260037006000B8006C
:1074A00000000600680212007F20E10002003400A4
:1074B0006000B8001F0037006011B8007020E100C4
:1074C0000400350080017800010078008000EB00A6
:1074D000700252000400E00009003400F0031200C2
:1074E0000719DD008419DE000703DD0086817100C5
:1074F0000400DE00070BDD00060070008408DE00DB
:10750000F7FF2700838363008703710006002800CC
:1075100003036300070032000700E00003003A00A5
:107520006101600002817300020032001000B000AF
:107530000180B0000500A6000000060001F0A000D8
:10754000000006004F0ADE004709DE00F107B20026
:10755000F20FB2000B003200F207B1000170A00080
:10756000C708DD00C901DE00838070004700DD0030
:107570000400A6000000060060001000E080180073
:1075800000000600810F700001003A0000000600B4
:107590008182CF000500E00010003E008082CF0015
:1075A000EE8242007028E1000400390007003E002E
:1075B000800078000000EB000E003700708312009E
:1075C0008600DE000500DD000A00370070835200EF
:1075D0008600DD000000EB0006003700E28252006A
:1075E0008508DD00708312000603DE0086807000CF
:1075F0000500DD007507B0000501EA000400A600E3
:107600000000060060001000E08018000000060086
:10761000889FBE008A9FBE00841F78001700070065
:107620004F00780011003300F0FF2F00838F6C00B3
:1076300006003B00040565000A00A70008003700AB
:1076400009F0A6001000200008003700820F540047
:10765000838F5C00030039001000200001003E0011
:107660000000200009F0A7000000EA004F05BE005E
:107670004F04BE000000E000000006000004BE0051
:1076800063FE07000003BE000405BE000200BE004A
:107690005FFE0700844F7500000006000D0A000021
:1076A000000D00000A2A00002A2A0000204C0000D9
:1076B00065760000656C00002074000065730000B2
:1076C000742000002A2A00002A0D00000A00000091
:1076D000202000002A2A00002061000063630000CF
:1076E000656C0000657200006F6D0000657400003D
:1076F000657200002064000069640000206E0000D4
:107700006F740000206900006E6900007469000059
:10771000616C000069730000652000002D200000EE
:1077200063680000656300006B20000049320000C0
:1077300043320000206100006E64000020740000ED
:10774000686500000D0A00002020000020200000D5
:107750002064000065760000696300006520000079
:107760006164000064720000657300007320000013
:107770002874000068690000732000006275000032
:10778000696C0000642000007573000065730000E0
:10779000204C0000495300005F41000044440000B9
:1077A000525F0000312C00002030000078310000D2
:1077B00039290000202A00002A0D00000A000000DC
:1077C000202000004869000074200000456E000081
:1077D0007465000072200000746F000020720000C9
:1077E00065740000757200006E200000746F000068
:1077F0002074000068650000206D0000656E0000C8
:10780000752E00000D0A000000200000205200002C
:1078100061770000206300006F7500006E74000047
:1078200073200000616E00006420000064650000A9
:10783000726900007665000064200000616E00003F
:10784000676C0000657300002C2000006F6E000064
:107850006365000020610000207300006563000084
:107860006F6E0000642E00000D0A00002020000052
:1078700043200000746F0000207A00006572000051
:107880006F2C0000204500006E740000657200003F
:10789000207400006F200000726500007475000005
:1078A000726E0000207400006F20000074680000F9
:1078B000652000006D6500006E7500002E0D000053
:1078C0000A0D00000A00000020200000583D0000C2
:1078D00000200000205900003D0000002020000092
:1078E0005A3D0000002000002020000070690000C8
:1078F00074630000683D000000200000207200005A
:107900006F6C00006C3D000000200000646500000A
:10791000670D00000A0000000D0A00002020000092
:107920007A650000726F0000656400000D0A0000B7
:107930000D0A0000000D00000A2A00002A2A00009B
:10794000206C000065760000656C0000207400006B
:107950006573000074200000666900006E69000015
:107960007368000065640000202A00002A2A0000D5
:107970000D0A0000000D00000A2A00002A2A00005B
:10798000204D0000616E0000756100006C20000059
:1079900062650000616D00002062000072650000F9
:1079A000616B00002074000065730000742000000B
:1079B0002A2A00002A0D00000A20000020420000B0
:1079C00072650000616B00002065000061630000CB
:1079D0006820000062650000616D00002069000001
:1079E0006E20000074750000726E0000202D0000F3
:1079F0002074000068650000206D000061740000C4
:107A000063680000696E0000672000006C61000080
:107A10007365000072200000736800006F7500003D
:107A20006C640000206C000069670000687400004E
:107A30002E0D00000A20000020480000697400009C
:107A4000204500006E740000657200002074000084
:107A50006F2000007265000074750000726E0000F7
:107A6000207400006F200000746800006520000092
:107A70006D6500006E7500002E0D00000A0D0000FF
:107A80000A00000020200000465200004F4E000077
:107A90005420000062650000616D0000206200005B
:107AA000726F00006B6500006E0D00000A000000A0
:107AB00020200000465200004F4E000054200000DD
:107AC00062650000616D0000206300006C650000CD
:107AD000617200000D0A000000200000205200002A
:107AE0004541000052200000206200006561000056
:107AF0006D200000627200006F6B0000656E000078
:107B00000D0A000000200000205200004541000046
:107B10005220000020620000656100006D2000001E
:107B2000636C000065610000720D00000A00000037
:107B30000D0A00002A2A00002A20000062650000C9
:107B4000616D00002062000072650000616B000042
:107B50002074000065730000742000006669000056
:107B60006E6900007368000065640000202A000050
:107B70002A2A00000D0A0000000D00000A2A000059
:107B80002A2A000020450000563200003430000050
:107B900030200000706100007373000069760000FF
:107BA000652000006D6F000064650000202A000061
:107BB0002A2A00000D0A0000202000005265000063
:107BC0006C65000061730000696E000067200000B2
:107BD00074680000652000006C6F000063610000A5
:107BE0006C200000534D000042750000732000001F
:107BF000746F0000207400006865000020450000DC
:107C00005632000034300000302E00000D0A000013
:107C1000202000005769000072650000205300001A
:107C2000434C00002C200000534400004120000081
:107C3000616E000064200000474E000044200000F8
:107C40006F6E00006C790000202D0000206C000099
:107C50006561000076650000204500005632000096
:107C60003430000030200000564300004320000064
:107C700064690000736300006F6E00006E650000B1
:107C800063740000656400002C0D00000A200000F1
:107C9000207400006869000073200000626F00001B
:107CA00061720000642000007375000070700000B5
:107CB0006C690000657300002074000068650000B6
:107CC00020720000616900006C200000616E0000FD
:107CD00064200000746800006520000062750000E8
:107CE00073200000707500006C6C00002D750000A2
:107CF000707300002E0D00000A0D00000A20000025
:107D0000204C00006F6100006473000020630000DD
:107D1000616E0000206200006520000073770000A3
:107D2000697400006368000065640000207700004B
:107D3000686900006C65000020700000617200003E
:107D40006B650000642C0000207400006F200000B0
:107D50006D65000061730000757200006520000011
:107D6000636F00006D620000696E000061740000C6
:107D7000696F00006E7300003A0D00000A200000D9
:107D8000202000002032000020660000726F0000FA
:107D90006E740000206C00006173000065720000CA
:107DA00020200000203300002072000065610000E8
:107DB000722000006C6100007365000072200000FA
:107DC0002020000034200000626100006C6C000084
:107DD00020620000656100006D200000202000008E
:107DE0003520000049520000206C00006967000047
:107DF00068740000730D00000A0D00000A200000E6
:107E000020540000686500007265000020690000D1
:107E1000732000004E4F0000206B000065790000C9
:107E2000626F00006172000064200000657800004D
:107E3000697400002E20000054680000697300007F
:107E4000206D00006F64000065200000656E00007A
:107E500064730000206F00006E6C00007920000049
:107E600061740000207000006F77000065720000F0
:107E7000206400006F7700006E2E00000D0A0000E5
:107E800020200000546F000020660000696E000092
:107E900069730000683A0000205500004E5700004A
:107EA00049520000452000005448000045200000D1
:107EB00045560000323400003030000020460000FB
:107EC00049520000535400002C2000007468000048
:107ED000656E0000206800006F6C000064200000E8
:107EE0007468000065200000706F00007765000076
:107EF0007220000062750000747400006F6E000054
:107F00002E0D00000A200000205500006E770000B2
:107F100069720000696E0000672000006669000059
:107F200072730000742000006D6100007474000022
:107F300065720000732000002D200000616E0000BB
:107F40002045000056320000343000003020000090
:107F50006C65000066740000206400007269000017
:107F6000766900006E6700002074000068650000FC
:107F70002062000075730000206900006E7400002C
:107F80006F200000616E00000D0A0000202000003C
:107F9000756E0000706F000077650000726500006C
:107FA00064200000626F0000617200006420000025
:107FB00062610000636B00002D66000065650000D3
:107FC000647300002033000056330000207400006A
:107FD000687200006F750000676800002074000080
:107FE0006865000020500000494300002063000045
:107FF0006C6100006D70000020640000696F00007B
:1080000064650000732E00000D0A00000D0A0000D8
:108010000020000020530000444100002028000000
:108020005242000032290000207200006561000009
:108030006473000020000000484900004748000029
:108040000D0A0000004C00004F57000020200000E7
:108050002A2A000020730000746900006C6C000084
:1080600020680000656C0000642000002A2A0000DF
:108070000D0A00000020000020530000434C0000C7
:108080002028000052420000332900002072000026
:108090006561000064730000200000000D0A00000C
:1080A000202000006275000073200000726500004F
:1080B0006C6500006173000065640000202D000005
:1080C00020700000617200006B65000064200000F9
:1080D000756E0000746900006C200000706F000075
:1080E0007765000072200000646F0000776E00006A
:1080F0000D0A000000200000203E00002066000065
:10810000726F00006E740000206C0000617300004C
:10811000657200000D0A000000200000203E0000F3
:108120002072000065610000722000006C61000098
:1081300073650000720D00000A000000202000009E
:108140003E200000626100006C6C000020620000B4
:10815000656100006D0D00000A0000002020000095
:108160003E20000049520000206C000069670000BA
:1081700068740000730D00000A0000002020000059
:1081800070610000726B0000656400002C2000002C
:10819000002000006D6900006E0D00000A00000064
:1081A0000D0A00003D3D00003D3D00003D3D00004A
:1081B0003D3D00003D3D00003D20000052470000D5
:1081C0005320000042720000696E000067550000F5
:1081D000702000003D3D00003D3D00003D3D0000A1
:1081E0003D3D00003D3D00003D0D00000A00000047
:1081F0002D2D00002D2D00002D2D00002D2D000017
:108200002D2D00002D200000202000002020000047
:10821000202000002020000020200000202000005E
:108220002D2D00002D2D00002D2D00002D2D0000E6
:108230002D2D00002D0D00000A0000002D2D000046
:108240002D2D00002D2D00002D2D00002D2D0000C6
:108250002D2D00002056000065720000736900009B
:108260006F6E0000200000002E000000202D000096
:108270002D2D00002D2D00002D2D00002D2D000096
:108280002D0D00000A0000002D2D00002D20000003
:1082900055730000652000007769000074680000D5
:1082A000204100007070000020560000332E0000B6
:1082B00030200000616E0000642000007570000036
:1082C000202D00002D2D00002D0D00000A2D000096
:1082D0002D2D00002D2D00002D2D00002D2D000036
:1082E0002D2D00002D2D00002D2D00002D2D000026
:1082F0002D2D00002D2D00002D2D00002D2D000016
:108300002D2D00002D2D00002D2D00002D2D000005
:108310002D2D00000D0A000020200000302000005C
:1083200020530000686F000077200000616C00009F
:108330006C2000007374000061740000757300000D
:108340000D0A000020200000312000002042000023
:10835000617400007465000072790000204D000017
:10836000696E0000696D0000616C0000204600002D
:10837000756E000063740000696F00006E200000DD
:108380002D2000004E4F00005420000070720000AD
:108390006F64000075630000746900006F6E000078
:1083A0000D0A0000202000003220000020540000B0
:1083B0006F670000676C00006520000046720000D7
:1083C0006F6E0000742000006C6100007365000097
:1083D000720D00000A200000203300002020000061
:1083E000546F0000676700006C65000020520000B9
:1083F00065610000722000006C6100007365000080
:10840000720D00000A20000020340000202000002F
:10841000546F0000676700006C6500002042000098
:10842000616C00006C200000646500007465000051
:108430006374000020620000656100006D0D0000A3
:108440000A2000002035000020200000546F0000AA
:10845000676700006C6500002049000052200000A2
:108460006C69000067680000747300000D0A00006A
:108470002020000036200000204D0000616E00002A
:10848000756100006C20000062650000616D0000F5
:108490002D62000072650000616B00002074000016
:1084A00065730000740D00000A20000020370000F2
:1084B000202000005465000073740000204C000070
:1084C00065760000656C000020200000310D000082
:1084D0000A20000020380000202000004C6F00001F
:1084E0006164000020620000617400007465000097
:1084F0007279000020700000616300006B200000B2
:10850000707200006F640000756300007469000001
:108510006F6E0000204900006D610000676500007B
:108520000D0A00002020000039200000202000005B
:108530005442000044200000330D00000A200000D7
:10854000202000002020000020200000202000002B
:10855000202000002020000020200000202000001B
:10856000202000002020000020200000202000000B
:108570000D0A000020200000202000002020000024
:1085800020200000202000002020000020200000EB
:1085900020200000202000002020000020200000DB
:1085A00020200000200D00000A200000202D0000E7
:1085B0002D2D00002D2D00002D2D00002D2D000053
:1085C0002D2D00002D2D00002D2D00002D2D000043
:1085D0002D2D00002D2D00002D2000000D0A000083
:1085E00020200000452000002045000056320000F9
:1085F0003430000030200000706100007373000010
:1086000069760000652000006D6F00006465000061
:1086100020280000726500006C6500006173000096
:1086200065200000534D00004275000073290000D2
:108630000D0A0000202000005320000020530000FD
:10864000617600006520000053650000747400002E
:10865000696E0000677300000D0A00002020000012
:108660004C200000204C00006F61000064200000DE
:10867000507200006F6400007563000074690000B0
:108680006F6E0000206900006D61000067650000EA
:108690000D0A0000202000005820000020450000A6
:1086A0007869000074200000616E00006420000002
:1086B000706F00007765000072200000646F00009A
:1086C000776E0000200D00000A3D00003D3D0000D7
:1086D0003D3D00003D3D00003D3D00003D3D0000B2
:1086E0003D3D00003D3D00003D3D00003D3D0000A2
:1086F0003D3D00003D3D00003D3D00003D3D000092
:108700003D3D00003D3D00003D3D00003D3D000081
:108710000D0A0000536500006C65000063740000E2
:1087200020280000456E00007465000072200000E3
:10873000746F000020720000656400007261000028
:10874000772900003A200000000D00000A2A0000EE
:108750002A2A0000204D0000696E0000696D0000AB
:10876000756D0000206200006174000074650000F7
:108770007279000020700000616300006B2000002F
:1087800062720000696E0000672D000075700000C5
:10879000202A00002A2A00000D0A000020200000E4
:1087A000466900007865000064200000636F0000E7
:1087B0006E66000069670000757200006174000059
:1087C000696F00006E2000006F6E00006C79000081
:1087D000202D0000206E00006F2000006761000067
:1087E00075670000696E000067200000646100008A
:1087F000746100002E0D00000A0D00000A00000048
:10880000202000002A2A00002049000032430000F6
:108810003220000042550000532000005354000055
:10882000554300004B2000002D2000006E6F00001B
:1088300074680000696E0000672000006174000029
:10884000746500006D700000746500006420000015
:108850002A2A00000D0A0000002000002028000045
:1088600062720000696E0000672D000075700000E4
:1088700020720000657000006F72000074650000D7
:108880006420000065720000726F000072730000C7
:10889000202D0000206300006F6E0000746900004E
:1088A0006E750000696E000067200000616E0000B8
:1088B0007977000061790000290D00000A000000AE
:1088C000202000002A2A0000206F00006E650000B2
:1088D000206F0000722000006D6F000072650000C4
:1088E000206300006F6E00006669000067200000D2
:1088F0007772000069740000657300002046000074
:10890000414900004C450000442000002A2A000094
:108910000D0A0000000D00000A200000202D0000BC
:108920002D2D00002D2000006D6900006E690000F3
:108930006D7500006D20000062720000696E00001D
:10894000672D000075700000207200006573000044
:10895000756C0000742000002D2D00002D2D0000EE
:108960000D0A000000200000202A00002A2000003C
:1089700046410000494C000045440000202A000008
:108980002A200000656E0000747200006965000016
:1089900073200000777200006F6E000067200000F7
:1089A0006F720000207500006E72000065610000AB
:1089B00064610000626C0000653A00002000000065
:1089C0000D0A00002020000050610000636B0000D1
:1089D00020690000732000004E4F0000542000006A
:1089E0007361000066650000207400006F200000C5
:1089F0007368000069700000206F000072200000A2
:108A000066690000742E00000D0A000000200000BE
:108A1000204900004E4300004F4D0000504C000024
:108A200045540000452000002D2000007665000020
:108A30007269000066690000656400002073000030
:108A40006F20000066610000722C000020620000B0
:108A5000757400002000000020760000616C0000AA
:108A6000756500002873000029200000756E000065
:108A7000636F00006E660000696700007572000099
:108A8000656400002E0D00000A0000002020000098
:108A90004F4B0000202D0000206D0000696E00008B
:108AA000696D0000756D0000206300006F6E0000AE
:108AB000666900006775000072610000746900005B
:108AC0006F6E00002076000065720000696600008D
:108AD00069650000642E00000D0A000020200000DF
:108AE00050610000636B00002069000073200000EB
:108AF000667500006E630000746900006F6E000010
:108B0000616C00002E2000004E4F00005420000039
:108B10006761000075670000652D00006368000054
:108B200061720000616300007465000072690000FA
:108B300073650000642E00000D0A0000000D0000A7
:108B40000A2A00002A2A0000206D0000696E000039
:108B5000696D0000756D0000206200007269000000
:108B60006E6700002D75000070200000666900002F
:108B70006E6900007368000065640000202A000030
:108B80002A2A00000D0A0000000D00000A43000020
:108B900068650000636B000020460000726F0000F3
:108BA0006E740000206C00006173000065720000AC
:108BB000207400006F670000676C000065730000A0
:108BC0002E20000054750000726E0000206F00001F
:108BD0006666000020770000686500006E200000D7
:108BE000666900006E69000073680000656400003B
:108BF000207000006C6500006173000065210000BA
:108C0000212100000D0A0000000D00000A430000B1
:108C100068650000636B0000207200006561000061
:108C2000722000006C61000073650000722000007B
:108C3000746F0000676700006C650000732E000011
:108C400020540000757200006E2000006F66000066
:108C50006620000077680000656E00002066000056
:108C6000696E000069730000686500006420000000
:108C7000706C000065610000736500002121000038
:108C8000210D00000A0000000D0A000043680000EA
:108C9000656300006B2000006465000074650000DF
:108CA00063740000696F00006E20000062650000C0
:108CB000616D0000207400006F670000676C0000A9
:108CC000657300002E2000005377000069740000D7
:108CD0006368000020690000742000006F660000D7
:108CE0006620000077680000656E000020640000C8
:108CF0006F6E0000650D00000A0000000D0A000004
:108D000043680000656300006B20000049520000CA
:108D1000206C000069670000687400007320000088
:108D20006F6E00002C2000006D61000079200000B3
:108D30006E65000065640000206100002070000086
:108D4000686F00006E65000020630000616D000028
:108D50006572000061200000746F00002064000054
:108D60006F2000007468000069730000212000007B
:108D700054750000726E0000206F000066660000EF
:108D800020770000686500006E200000646F00001E
:108D90006E6500002021000021210000210D00004F
:108DA0000A0000000D0A000020200000617400008D
:108DB000746500006D700000746900006E6700004B
:108DC000207400006F2000007361000076650000D1
:108DD0002073000065740000746900006E67000075
:108DE000732000002E2E00002E2E00002E0D0000FD
:108DF0000A0000000D0A000020200000736500003A
:108E000074740000696E0000677300002073000036
:108E100061760000656400000D0A0000000D00008E
:108E20000A200000202A00002A20000053410000F0
:108E30005645000020460000414900004C45000016
:108E4000442000002A2A00000D0A0000000D000046
:108E50000A48000069740000204500006E7400009C
:108E600065720000207400006F2000006C6F00002D
:108E700061640000206E000065770000206900003A
:108E80006D610000676500000D0A0000000D000024
:108E90000A5200004753000020420000726900009F
:108EA0006E67000055700000206A000069670000CE
:108EB0003A200000686500006C6C00006F0D000037
:108EC0000A00000050650000727300006973000022
:108ED000746500006E740000206300006F6E000077
:108EE00066690000673A00002072000065730000A8
:108EF000746F00007265000064200000667200005C
:108F00006F6D0000206600006C6100007368000057
:108F10000D0A000000500000657200007369000037
:108F200073740000656E000074200000636F000021
:108F30006E660000696700003A2000006E6F000056
:108F40006E65000020730000746F00007265000001
:108F5000642000002D20000061700000706C000093
:108F6000796900006E6700002064000065660000FB
:108F7000617500006C740000730D00000A000000B1
:108F80005065000072730000697300007465000092
:108F90006E740000206300006F6E000066690000C0
:108FA000673A000020570000524900005454000066
:108FB000454E00000D0A00000050000065720000E0
:108FC0007369000073740000656E00007420000077
:108FD000636F00006E660000696700003A200000C1
:108FE0002A2A000020570000524900005445000082
:108FF00020460000414900004C450000442000008C
:109000002A2A00000D0A00000050000065720000CE
:109010007369000073740000656E00007420000026
:10902000636F00006E660000696700003A20000070
:10903000616C00007265000061640000792000002E
:1090400075700000207400006F2000006461000053
:10905000746500000D0A0000004900003243000062
:10906000322000006275000073200000756E000061
:109070007765000064670000653A0000206F00001B
:109080006B0D00000A00000049320000433200006E
:109090002062000075730000207500006E770000EC
:1090A00065640000676500003A200000425500003A
:1090B0005320000053540000494C00004C20000095
:1090C00053540000554300004B0D00000A000000FF
:1090D0000D0A00002A2A00002A2A00002A2A00007D
:1090E0002A2A00002A2A00002A2A00002A2A000030
:1090F0002A2A00002A2A00002A2A00002A2A000020
:109100002A2A00002A2A00002A2A00002A2A00000F
:109110002A2A00002A2A00002A0D00000A00000066
:109120000D0A00002A2A00002A2A00002A2A00002C
:109130002A2A000041750000746F0000206D0000B5
:109140006174000065640000207400006573000015
:1091500074730000206300006F6D0000706C0000ED
:1091600065740000652A00002A2A00002A0D00000C
:109170000A0000000D0A00002A2A00002A2A000026
:109180002A2A00002A4D0000616E0000756100006F
:109190006C20000062650000616D0000206200002C
:1091A00072650000616B00002074000065730000B0
:1091B000747300002A2A00002A2A00000D0A000009
:1091C000000D00000A2A00002A2A000020200000CA
:1091D0002042000072650000616B00002065000005
:1091E000616300006820000062650000616D00009E
:1091F000206900006E20000074750000726E00008F
:109200002C200000202000002A2A00002A2A00002A
:109210000D0A0000000D00000A2A00002A2A0000A2
:1092200020200000205600006572000069660000E2
:1092300079200000636F0000727200006573000007
:10924000706F00006E640000696E0000672000000F
:109250006C6100007365000072200000636F000005
:109260006D650000732000006F6E0000202000007C
:10927000202A00002A2A00002A0D00000A0000000F
:109280000D0A00002A2A00002A530000696D000020
:10929000756C0000746100006E6500006F75000061
:1092A000736C0000792000006272000065610000AC
:1092B0006B200000626F00007468000020620000F4
:1092C000656100006D730000207400006F200000D5
:1092D0006578000069740000202000002A2A000040
:1092E0002A2A00000D0A0000000D00000A2A0000D2
:1092F0002A2A00002020000020460000726F000093
:109300006E74000020420000656100006D200000C6
:10931000627200006F6B0000656E00003F2000006D
:109320002A2A00002A2A00000D0A0000000D000071
:109330000A2A00002A2A00002020000020520000F3
:10934000656100007220000042650000616D000050
:1093500020620000726F00006B6500006E3F00002D
:10936000202A00002A2A00002A0D00000A0000001E
:109370000D0A00002A2A00002A2A00002A2A0000DA
:109380002A5400006573000074730000204300003D
:109390006F6D0000706C000065740000652A0000AD
:1093A0002A2A00002A0D00000A0000000D0A000011
:1093B000003000007800000053450000414C0000E0
:1093C00045440000005500004E5300004541000098
:1093D0004C45000044000000465500004C4C000085
:1093E00020410000434300004553000053000000AB
:1093F000554E00004B4E00004F5700004E0000003D
:109400000042000051340000305A000035300000A6
:1094100020620000726900006E6700002D75000078
:10942000703A00000020000020530000425300006A
:10943000205600006F6C000074610000676500003A
:109440003A200000002000006D56000000200000BF
:10945000202A00002A200000534200005320000070
:10946000574F0000524400002052000045410000C8
:109470004420000046410000494C000045440000E3
:109480002028000074720000616E000073700000FC
:109490006F72000074290000202A00002A000000DA
:1094A00020200000507200006F6200006520000064
:1094B000726500006A650000637400006564000066
:1094C000202D00002061000073730000756D000006
:1094D000696E00006720000053450000414C000009
:1094E000454400002C200000736500006E640000FD
:1094F000696E000067200000756E00007365000053
:10950000616C0000206B00006579000073000000B2
:1095100020200000446500007669000063650000BB
:109520002074000079700000653A000020000000FF
:10953000202000002A2A000020500000524F000086
:109540004245000020460000414900004C45000013
:10955000442000002A2A000000200000202A0000E9
:109560002A2000004C610000746300006865000060
:10957000642000004655000053450000206F0000A5
:1095800072200000736100006665000074790000BD
:1095900020660000617500006C7400002066000009
:1095A0006F7500006E6400002E200000436C000008
:1095B00065610000726900006E67000020690000AC
:1095C000742000006E6500006564000073200000D8
:1095D0006100000020200000202000002067000023
:1095E000617500006765000020720000657300006F
:1095F000657400002C200000616E000064200000F3
:109600007468000069730000206200006F61000050
:10961000726400002069000073200000706F000079
:109620007765000072650000642000007468000027
:10963000726F000075670000682000007468000009
:109640006520000070610000636B000000200000D6
:109650002020000020200000464500005473000038
:10966000202D0000207300006F20000074680000AF
:1096700065200000756E000069740000205700002E
:10968000494C00004C200000706F0000776500001E
:1096900072200000646F0000776E0000206E0000F2
:1096A0006F7700002E2000005265000073740000E8
:1096B00061720000742000006974000020610000E5
:1096C0006E64000000200000202000002020000028
:1096D000727500006E20000074680000697300005D
:1096E0002061000067610000696E000020740000C6
:1096F0006F200000666900006E690000736800005A
:1097000020700000726F000076690000736900002D
:109710006F6E0000696E0000672E0000202A0000B6
:109720002A0000002020000053650000637500003F
:109730007269000074790000206D00006F64000001
:10974000653A000020000000202000002A2A0000C6
:10975000205500004E530000454100004C20000001
:1097600046410000494C000045440000202A00000A
:109770002A00000020200000444100002043000097
:109780006F6E00006669000067750000726100007E
:10979000746900006F6E00003A2000000020000095
:1097A0002834000020630000656C00006C2C000071
:1097B000204E00005229000000200000202A000056
:1097C0002A200000444600002057000052490000B3
:1097D0005445000020460000414900004C4500006F
:1097E000442000002A2A000000200000205400002D
:1097F000656D000070200000736F0000757200003E
:10980000636500003A200000696E00007465000086
:10981000726E0000616C000020280000626500008C
:109820006E630000682C0000206E00006F200000B6
:1098300074680000657200006D69000073740000B8
:109840006F7200007329000000200000202A000031
:109850002A200000544500004D5000002043000025
:109860004F4E0000464900004720000046410000DE
:10987000494C000045440000202A00002A00000056
:10988000202000002A2A0000204600004554000045
:10989000204500004E410000424C000045200000E1
:1098A00046410000494C000045440000202A0000C9
:1098B0002A000000202000004645000054730000EC
:1098C0003A20000043480000473D0000006F0000C0
:1098D0006E0000006F66000066000000204400007B
:1098E000534700003D0000002050000043480000A6
:1098F000473D000000200000204E00006F74000073
:10990000653A000020460000455400002068000031
:10991000656C0000642000006F660000662C00008B
:10992000204F000070650000726100007469000043
:109930006F6E0000537400006174000075730000C6
:109940003D000000205300006166000065740000C7
:10995000795300007461000074750000733D0000CD
:1099600000200000504600005374000061740000A5
:10997000757300003D000000202000004D660000CF
:1099800067200000537400006174000075730000CC
:10999000204900006E690000743A000020000000B9
:1099A0002028000046450000545F0000454E00009E
:1099B000207000006572000073690000737400007D
:1099C000656E00007429000000200000202A0000BD
:1099D0002A200000464500005420000050450000A9
:1099E000525300004953000054200000464100003B
:1099F000494C000045440000202A00002A000000D5
:109A0000202000002A2A000020430000454C0000CE
:109A10004C200000564F00004C540000414700000D
:109A2000452000005245000041440000204600004F
:109A3000414900004C450000442000002A2A000053
:109A40000020000020430000656C00006C20000036
:109A5000003A0000200000002020000053750000A4
:109A60006D3A000020000000425100003430000038
:109A70005A3500003020000062720000696E00005C
:109A8000672D000075700000206300006F6D0000FE
:109A9000706C000065740000652E0000004200003C
:109AA00051340000305A00003530000020620000C0
:109AB000726900006E6700002D75000070200000C4
:109AC000666900006E69000073680000656400004C
:109AD0002057000049540000482000004552000073
:109AE000524F0000525300002E000000444100007D
:109AF000204300006F6E00006669000067000000F0
:109B0000546500006D700000204500006E6100008B
:109B1000626C000065000000546500006D7000007C
:109B2000204D00006F640000650000004D660000DD
:109B3000672000005374000061740000757300001A
:109B4000204900006E6900007400000044650000B8
:109B500073690000676E0000204300006170000020
:109B6000206D0000416800000044000065730000A3
:109B7000696700006E200000436100007020000053
:109B8000635700006800000044650000736900002E
:109B9000676E0000205600006F6C000074610000CA
:109BA00067650000000000007D4A00000100000021
:109BB0000700000076CD00007B4A00000100000095
:109BC0000100000080CD00007C4A00000100000080
:109BD000000000008CCD00000046000002000000E4
:109BE0001800000096CD0000E548000002010000CA
:109BF000C4090000A6CD0000E748000002010000F3
:109C000068010000B5CD0000E94800000201000035
:109C100040380000C4CD0000004700006F6C000019
:109C2000646500006E200000696D0000616700003F
:109C3000653A0000002000002000000020400000E5
:109C4000002000003A200000004E00004F540000A9
:109C50002053000045540000202D0000207000001B
:109C6000616300006B200000766100006C750000ED
:109C700065200000726500007175000069720000C7
:109C80006564000000200000206F00006B000000F1
:109C9000202000004D490000534D000041540000B9
:109CA000434800002C200000776100006E74000023
:109CB00020000000202000004279000074650000B0
:109CC000206F000072640000657200002020000018
:109CD0003A2000004446000020000000206D0000F3
:109CE000416800002076000073200000534200000D
:109CF00053200000002000006D410000682000009B
:109D0000206F00006B000000206D00004168000023
:109D1000202000004D490000534D00004154000038
:109D200043480000007200006561000064200000EC
:109D300066610000696C0000656400002028000076
:109D400069320000633D000000290000004200006D
:109D500051340000305A00003530000020730000FC
:109D60007461000074750000733A00000020000068
:109D7000205600006F6C00007461000067650000F1
:109D800020200000203A000020000000206D00008C
:109D90005600000020200000444100002043000045
:109DA0006F6E000066690000672000003A20000026
:109DB00000200000205B0000434300003D00000045
:109DC00020630000656C00006C000000202A000089
:109DD0002A4E00004F540000203400002A2A0000C0
:109DE000002C0000204E0000523D000031200000F9
:109DF0006E6F00006E2D0000726500006D6F000038
:109E000076610000626C0000650000002C200000FC
:109E10004E5200003D30000020520000454D000031
:109E20004F560000414200004C4500002028000031
:109E3000757300006573000020500000524500005B
:109E400053200000706900006E290000002C000003
:109E5000205300004C450000455000003D310000FB
:109E600020280000756E0000657800007065000015
:109E70006374000065640000290000002C200000CD
:109E8000534C000045450000503D000030000000EC
:109E90002C2000006F740000686500007220000034
:109EA00062690000747300003D0000005D00000066
:109EB00020200000464500005473000020200000D0
:109EC00020200000202000003A2000000043000075
:109ED000484700003D0000006F6E0000006F00006A
:109EE000666600000020000044530000473D00006B
:109EF0000020000050430000484700003D000000E3
:109F000020200000204F00007065000072610000FA
:109F1000746900006F6E00005374000061740000EB
:109F2000757300003D00000020200000202000008C
:109F30002020000020200000202000002020000021
:109F4000202000005B0000002C20000000730000B7
:109F5000656300003D000000202000002A2A000068
:109F60002046000055530000452000004C410000F1
:109F70005443000048450000442000002D2000000C
:109F8000616C00006C200000464500005473000026
:109F900020680000656C0000642000006F6600000F
:109FA000662000002A2A000000200000202A00006D
:109FB0002A200000434800004152000047490000A9
:109FC0004E47000020440000495300004142000079
:109FD0004C450000442000002A2A00000020000018
:109FE000202A00002A20000050450000524D0000A9
:109FF000414E0000454E0000542000004641000044
:10A00000494C0000202A00002A0000002020000007
:10A0100043680000672000007265000071200000A6
:10A02000202000003A200000002000006D560000B3
:10A0300020200000002000006D41000000200000F2
:10A04000202000002A2A000020470000415500007F
:10A050004745000020490000532000004E4F0000FB
:10A0600054200000524500005155000045530000A7
:10A07000544900004E4700002043000048410000C2
:10A0800052470000452000002A2A0000002000005E
:10A090002043000075720000726500006E740000BD
:10A0A00020200000203A0000200000002D000000C9
:10A0B000206D00004120000020200000286E0000DC
:10A0C000656700006174000069760000652000008B
:10A0D0003D200000646900007363000068610000B7
:10A0E0007267000065290000002000002053000076
:10A0F0006F430000202F0000204600004343000073
:10A10000203A000020000000202500002020000050
:10A11000002000006D41000068200000667500000E
:10A120006C6C00002D630000686100007267000025
:10A130006520000063610000706100006369000039
:10A1400074790000002000002042000061740000CB
:10A15000745300007461000074750000733A0000CD
:10A1600020000000202000002D2D00002D200000E8
:10A1700063680000617200006765000020610000F4
:10A180006C6700006F72000069740000686D000069
:10A190002028000064610000746100002066000057
:10A1A0006C61000073680000292000002D2D000064
:10A1B0002D0000002020000020200000003A0000B8
:10A1C000200000002E0000002043000000200000BE
:10A1D00020530000616600006574000079200000D3
:10A1E00020200000203A0000200000002020000075
:10A1F0002A2A000020500000524F00005445000061
:10A2000043540000494F00004E200000414300002D
:10A210005449000056450000202A00002A00000092
:10A2200020200000286300006C65000061720000BF
:10A2300029000000202000005046000020530000AC
:10A240007461000074750000732000003A20000063
:10A2500000200000204300006861000072670000D9
:10A26000696E000067200000203A00002000000016
:10A27000202000005B0000006E6F00006E65000093
:10A2800000200000202A00002A200000434800008F
:10A290004152000047450000204900004E480000A0
:10A2A000494200004954000045440000202A0000B3
:10A2B0002A000000202000002A2A0000204300007D
:10A2C000484100005247000045200000535500005F
:10A2D00053500000454E000044450000442000005B
:10A2E0002A2A00000020000020540000656D0000B4
:10A2F000702000002020000020200000203A0000F4
:10A300002000000020200000436500006C6C00006D
:10A310002000000020200000202000003A20000043
:10A320000020000020500000616300006B2000004E
:10A33000737500006D200000203A0000200000002E
:10A3400020200000436500006C6C000073200000BA
:10A3500020200000202000003A2000000020000003
:10A360002042000075730000207200006573000039
:10A3700065740000733A0000200000005052000095
:10A380004553000000460000555300004500000002
:10A3900058430000484700000058000044530000A4
:10A3A000470000005046000000530000530000002A
:10A3B0005344000056000000534400004D000000CC
:10A3C000454D000053480000555400000043000074
:10A3D00042000000534C00004545000050000000C2
:10A3E000534C000045450000504D0000004900005E
:10A3F0004E49000054000000415500005448000040
:10A4000000420000545000005F4900004E5400001C
:10A41000005800004C0000004C45000044000000C3
:10A42000434100004C00000001000000000000005B
:10A43000BED100002000000000000000C3D10000D9
:10A440000040000000000000C8D100000020000013
:10A4500000000000CDD1000000100000000000004E
:10A46000D2D100000008000000000000D5D100009B
:10A470000004000000000000D8D10000000000002F
:10A4800001000000DCD100000000000000200000FE
:10A49000E0D100000000000000100000E7D1000043
:10A4A0000080000000000000EAD100000000000071
:10A4B00080000000F0D1000000000000000100005A
:10A4C000F7D100000000000004000000FCD10000F3
:10A4D000800000000000000001D200000000000029
:10A4E0004000000009D2000000000000020000004F
:10A4F0000CD20000000000001000000010D200008C
:10A500005431000020200000555400002F4C000062
:10A5100054200000202000000054000032200000E1
:10A52000204C0000542F0000535400004C20000029
:10A53000200000005435000020200000535400008B
:10A540004C2F000052540000202000000054000056
:10A550003620000020520000542F00005354000009
:10A56000482000002000000054330000202000009C
:10A5700053540000482F00004854000020200000E1
:10A58000005400003420000020480000542F000038
:10A590004F54000020200000200000005420000044
:10A5A0006879000073740000657200006573000034
:10A5B0006973000000430000686700005620000037
:10A5C0004C6F0000775400006D7000002000000008
:10A5D00043680000675600002053000074640000C8
:10A5E0004C6F000077200000004300006867000007
:10A5F00056200000537400006448000069670000A2
:10A600006800000043680000675600002048000012
:10A6100069670000685400006D700000004300008E
:10A620006867000056200000526500006354000077
:10A630006D700000200000005620000070720000C5
:10A64000656300006861000072670000652000001B
:10A6500000560000206C00006F77000020200000F2
:10A66000284C000056290000200000005620000061
:10A670006D65000064200000202800004D56000099
:10A6800029200000005600002068000069670000D3
:10A690006820000028480000562900002000000023
:10A6A0005620000068790000737400006572000095
:10A6B0006573000069730000000000000B4A000091
:10A6C00080D20000010000000D4A00008DD2000081
:10A6D000010000000F4A00009AD2000001000000B3
:10A6E000114A0000A7D2000001000000134A000038
:10A6F000B4D2000001000000154A0000C1D20000E1
:10A7000001000000174A0000CED200000200000045
:10A71000194A0000DBD2000000000000214A0000BE
:10A72000E8D2000000000000294A0000F5D2000035
:10A7300000000000314A000002D3000000000000C9
:10A74000394A00000FD3000000000000454A000015
:10A750001CD3000000000000474A000029D300007D
:10A7600000000000494A000036D30000000000004D
:10A770004B4A000043D30000000000004D4A000097
:10A7800050D300000300000050560000004C0000B1
:10A79000560000004D560000004800005600000022
:10A7A00055540000004C00005400000053540000B9
:10A7B0004C000000525400000053000054480000B8
:10A7C00000480000540000004F5400000049000001
:10A7D0004E00000053550000005600004354000096
:10A7E000004D000043480000470000004E430000B9
:10A7F00054000000434300004300000043560000A3
:10A80000520000004343000052000000000100001D
:10A8100000000000C4D3000000020000000000009F
:10A82000C7D300000004000000000000CAD30000ED
:10A830000008000000000000CDD30000010000006F
:10A8400000000000D0D30000020000000000000063
:10A85000D3D300000400000000000000D6D30000A5
:10A860000800000000000000DAD300001000000023
:10A8700000000000DDD30000200000000000000008
:10A88000E1D300004000000000000000E4D300001D
:10A890000010000000000000E7D3000000200000CE
:10A8A00000000000EAD3000000800000000000006B
:10A8B000EDD300000040000000000000F1D30000D4
:10A8C0000000000008000000F6D3000000000000B7
:10A8D00004000000FAD300000000000002000000A5
:10A8E000FED30000000000000100000002D40000C0
:10A8F0003F3E00003D3C000030310000323300009C
:10A90000343500003637000038390000414200007D
:10A910004344000045460000000000008081000024
:10A920008286000087990000A9AA000001010000AA
:10A930000401000012100000010100000200FA00F2
:10A94000000F78000400370000E823000100200019
:10A95000E61B07000060FE001E00780000F0A70064
:10A960000000EA000000EA004F00DE00004078002E
:10A970001E0FE9000004E000F3FF3A000080FA0037
:10A98000000006000400FA00100798000000EB0029
:10A99000000F780009003700703E20009E0078000C
:10A9A000808F50000A003E0000642000010020005B
:10A9B000CE1B07000060FE001E0FE8001E00900086
:10A9C00010007800E10F5000F3FF32000100370063
:10A9D000000000001E009000100078000040780089
:10A9E00000E8B7001E009000100078000010A200E0
:10A9F00000F0A7000000EA000000E9004F00DE00C0
:10AA0000004078000080FA00000006000000FA0014
:10AA100000C8BF000080FB00E60F500008003E00A9
:10AA2000110020008008DD00B004200000806000DC
:10AA30000000E0000200320010C0B3000100370047
:10AA40000040EB000080FA00000006000000FA0061
:10AA500004C8BF000004A2000004E00003003200AC
:10AA6000104080000000E800104088000C1507002E
:10AA700020032000B1FF07000080FA00000006005C
:10AA80000600FA0010079800210798000000EB006C
:10AA9000000F78000B003700F07C20009E0078004B
:10AAA000808F5000020036000040EB000C003700A1
:10AAB000000A2000010020008C1B07000060FE003F
:10AAC0001E0FE8001E009000900078002E009000FD
:10AAD000008060000000E000EFFF3A0010C0B3000B
:10AAE0000080FA00000006000400FA000000EB00FD
:10AAF0001007980010C0B30004E8B700E81407007E
:10AB0000500020008DFF07001602A8001100200051
:10AB100060212000DAFF07000040EB00004F7800C2
:10AB2000110037001662A80081002000602120007B
:10AB3000D3FF07000004A2000004E0000E003A006A
:10AB40008010800016A2A8001682A8000101200033
:10AB500060212000CAFF07000004A2000004E000FA
:10AB600007003A001E4FE8001E407800E84F5000F2
:10AB7000ECFF360003003700000000000100370042
:10AB8000000000001642A8004100200060212000C3
:10AB9000BBFF0700C21407005000200067FF07003A
:10ABA0000E80E8008000780090C0B30037000700F6
:10ABB000104798001E4090000004E00002003200A0
:10ABC00020C0B3000100370030C0B30005E8B70073
:10ABD0000468EF001E4090000080FA0000000600AC
:10ABE0000000FA0089FF07000004E00007003200BF
:10ABF00096FF070004C8BF000004A2000004E000A4
:10AC000004003200B8FF070002003700A000200057
:10AC10004AFF07000080FA00000006000800FA0062
:10AC200020079800614798000040EB00004F780033
:10AC30001000370010002000100798000E80E80078
:10AC400080017800B2002000EE4090002E009000BD
:10AC5000D51407000E80E8004AFF07000004E0005A
:10AC60000200320010C0B30006003700DCFF07000E
:10AC70001E4FE8001E407800E44F5000EDFF360004
:10AC80000040EB000080FA00000006001600FA0009
:10AC900020579800210F98000040EB00004F7800EB
:10ACA000230037001000200070079800F2004700D2
:10ACB0000E80E800B300200012C0B300401507006A
:10ACC000F00047000E80E80066004000B30020005E
:10ACD00022C0B30022150700EE0047000E80E800F6
:10ACE000010178008000780020C0B300E014070064
:10ACF0006E00470023FF07000004E0000A00320056
:10AD00000E5090008080FB001E5090000080FB00E1
:10AD10004800DD00810070002E08900001087800D6
:10AD200010C0B30006003700ADFF07001E4FE8005B
:10AD30001E407800E44F5000DAFF36000040EB0080
:10AD40000080FA00000006000800FA004047980062
:10AD500031079800CE409000014F78003E009000EF
:10AD600000407800104798003E0090004800DE0048
:10AD7000004078002047980031C0B3000E007800F2
:10AD8000A6FF07000080FA00000006000200FA009B
:10AD9000000F78009E0078000040EB00EAFF0700FB
:10ADA0000004A2000004E000020032000040EB00BA
:10ADB00003003700A0002000E0FE070010C0B30031
:10ADC0000080FA00000006002600FA001017980024
:10ADD00041679800CE60900000C2B30080CF500061
:10ADE000020036000040EB000F00370040C4B30003
:10ADF000004F7800CE609000114798004E609000A0
:10AE00008080FB000E80E800010178009E10900019
:10AE1000EFEF07004E60900000C0E800804078002F
:10AE20000E0078007DFF07000080FA000000060099
:10AE30004200FA00501F9800611F9800627F98003E
:10AE40000327980040C4B300404798000040EB003F
:10AE5000204798005E18900000407800206F98000E
:10AE60005E1890004800DE0000407800306F9800C7
:10AE7000A00220000E00400021C0B300D2FF070056
:10AE80000004A2000004E0000200320010002000D4
:10AE90005F003700A0002000A8FE07000040EB0084
:10AEA000104798002300370010002000401F980032
:10AEB000E4004700C00220000E004000B300200064
:10AEC00012C0B300BE140700E5004700C002200016
:10AED0000E00400066004000B300200052C2B300E4
:10AEE0009F140700810320008E804000C0022000D4
:10AEF0000E004000010178008000780020C0B300FF
:10AF00005B140700800320000E0040009DFE070038
:10AF1000204798002E4090000004A2000004E000AA
:10AF2000010032002EFF07001E4090000040E800A4
:10AF3000104798001E409000E44F500004003E006F
:10AF40002E4090000004A2000004E000D6FF3A006A
:10AF50002E4090000004A2000004E0000200320035
:10AF6000100020002A003700DE4090003147980092
:10AF70003E409000E14F500004003600BE4090007B
:10AF800040C2B30080CF50000200360020002000F5
:10AF90001F003700EE4090002E68900080CF5000D8
:10AFA00004003A00FE4090003E68900080CF5000C0
:10AFB0000200320020002000150037003E409000C3
:10AFC00000CFE9006E7890009E40780080CF50005E
:10AFD00002003600EE789000014F78009E80FB0062
:10AFE00065004700630040000101780080007800A0
:10AFF0006E18900076EF07000E2090000000E00031
:10B00000020032000E2090001E4878000000EB0085
:10B010000080FA00000006002800FA0020179800BF
:10B02000311798000040EB002067980021022000B3
:10B030008E8040000E80E8008101780002C2B300DB
:10B04000800078002E10900079FF0700000F780034
:10B050001E0078000000E000020032001E007800B0
:10B06000090037002E6090000004E00002003A0062
:10B070001000200004003700AE4090003E10900009
:10B08000014878000000EB000080FA000000060094
:10B090000800FA0020079800614798002E009000F1
:10B0A00000407800004F78002E0090004800DE003D
:10B0B0000040780010479800EE409000214798002B
:10B0C00031C0B3000E0078003FFF07000004A2006B
:10B0D0000004E000020032001000200003003700EE
:10B0E000800C200015FE07000000EB000080FA0035
:10B0F000000006002800FA00201798003117980079
:10B100000040EB0020679800210220008E80400064
:10B110000E80E8008101780002C2B3008000780050
:10B120002E10900042FF0700000F78001E007800EC
:10B130000000E000020032001E0078000E00370020
:10B140002E609000E14F500002003E0010002000F1
:10B15000090037002E4090008080FB003E409000A8
:10B160000080FB004800DD00810070003E10900070
:10B17000010878000000EB000080FA0000000600E3
:10B180000800FA0020079800310798002E00900070
:10B1900000407800004F78002E0090004800DE004C
:10B1A00000407800104798003E0090000040780072
:10B1B000204798003E0090004800DE0000407800E4
:10B1C0003047980041C0B3000E007800FEFE070033
:10B1D0000004A2000004E000020032001000200081
:10B1E00003003700800C2000D4FD07000000EB00B6
:10B1F0000080FA00000006000400FA001007980022
:10B20000160037000000EB00000F7800090037003F
:10B210001E0FE800F07022009E007800808F500022
:10B2200013003E00000A200001002000AF190700B3
:10B230000060FE00081807000004A2000004E000FF
:10B24000F3FF3A001E009000104078009E0090002E
:10B250008100E80011079800E71707001E00900022
:10B26000104078000004E000E6FF3A0001003700DB
:10B27000000000000080FA00000006000200FA0052
:10B28000000F78001E007800DBFF0700609D2C0097
:10B29000D9FF07000080FA00000006000800FA004D
:10B2A000889FBE0010079800210798006247980009
:10B2B000909D2C00D0FF07006E4090000040E900F8
:10B2C000004F7800180037001E00FB004202DD002E
:10B2D0001E019000AE019000F002120004003B003D
:10B2E0008502EA000518DE008000EB00040037004C
:10B2F000851ADD000410DE00008072008418DE0074
:10B30000000078006F0060008004EB00000478000B
:10B310000800BE00C2472D00000041001040780028
:10B32000B51707001E4FE9001E4078000004E0003A
:10B33000E5FF3D004F04BE000080FA00000006005B
:10B340000A00FA004007980050C0B300004F780090
:10B350000040EB00604798001E4FE9009E81FB0013
:10B360004E019000D0CC2C000010B8004308DE0045
:10B370006A00B90000007800000051000040780029
:10B380000043B0008040780003004700114098005F
:10B39000CE009000D0CC2C000008B8004308DE009E
:10B3A000400798004E0090000000E00003003200CB
:10B3B0001E4078000004E000E7FF3A001E80FB001A
:10B3C0008E00E800008040008BFF07000080FA003C
:10B3D000000006000A00FA00400798000040EB0059
:10B3E00060479800E60047000E80E8008101780081
:10B3F00042C0B30080007800100020008CFE0700DF
:10B40000000F78001E0078000000E000020032000B
:10B410001E007800150037006E409000E14F50008C
:10B4200002003E0010002000100037002E40900067
:10B430008080FB003E4090000080FB004800DD0063
:10B44000810070004E009000010878004E009000CE
:10B450009000780000502400808F500002003200DD
:10B4600030002000010037000000EB000080FA00EF
:10B47000000006000C00FA004007980051079800F1
:10B480000040EB0060479800E60047000E80E800AF
:10B490008101780042C0B300800078004E00900027
:10B4A00063FE0700000F78001E0078000000E00037
:10B4B000020032001E007800220037006E4090002B
:10B4C000E34F500002003E00100020001D00370036
:10B4D0002E4090000081FB008001EB003E40900078
:10B4E0000082FB008002EB004828DD00C820DE005F
:10B4F000810070004820DD00000171008181710031
:10B500004E4090000080FB008000EB00C000DD009A
:10B510000000200000017100818171005E409000F8
:10B520000080FB008000EB00C800DD000000200070
:10B5300000007100818071005E0190000089BE00F2
:10B540000000EB000080FA00000006000400FA0092
:10B55000889FBE008E00780040052000C5FF0700D0
:10B560000000E000020032000000EB002100370084
:10B570001E00BE004809DD004800DE00000071002A
:10B58000C808DE0000007800630060008004EB0063
:10B59000000478000800BE00220020000300200004
:10B5A000820F5000838F58000D00320032002000BF
:10B5B00003002000820F5000838F580006003200E5
:10B5C0001200200003002000820F5000838F5800DB
:10B5D000050032000600370010002000050037008B
:10B5E0002000200003003700300020000100370059
:10B5F0000000EB004F04BE000080FA0000000600CF
:10B600000200FA00D1FF0700000F78001E0078004A
:10B61000E20F5000030032001E007800E30F5000DC
:10B6200002003A000000EB00200037001E00780006
:10B630000000E00002003A00100020001B0037006C
:10B6400040412000D1FD07000004A2000004E000FA
:10B650000200320010002000140037002067230091
:10B66000CAFD07000004A2000004E000020032004E
:10B67000100020000D00370040062000AFFC07003E
:10B68000B2FF0700000F78001E007800E20F5000A4
:10B69000030032001E007800E30F500002003A0061
:10B6A0000000EB0001003700400020000080FA009D
:10B6B000000006000400FA000040EB00004F780094
:10B6C0000000EB00100798000E80E8008000780072
:10B6D00090C0B3006DFD0700A000200097FC07009C
:10B6E0008E007800D0A724004BFE07000000E00089
:10B6F000020032000000EB000A0037001E40780014
:10B7000006E8B7001E4078000080FB00670060007C
:10B71000E70F500002003A0020002000010037002F
:10B72000100020000080FA00000006000800FA0067
:10B73000300798006300470080007800D0A72400FD
:10B7400035FE0700000F78001E0078000000E000C2
:10B75000020032001E0078002B003700BE4090002F
:10B7600080CEB30000C060007040B3002047980056
:10B770003E0090000000E000030032003E00900018
:10B78000AE409000014878003E409000AE409000EE
:10B7900080CF500002003A000000EB001A00370092
:10B7A000AE409000D0A7240039FE0700000F7800BB
:10B7B0001E0078000000E000020032001E00780049
:10B7C000110037006400470080007800D0A72400F3
:10B7D00011FE0700000F78001E0078000000E00056
:10B7E000020032001E00780007003700CE409000B3
:10B7F0002E40900080CF5000020032005000200008
:10B80000010037000000EB000080FA000000060095
:10B810000A00FA00400798000040EB0060479800DB
:10B82000E6004700640047008101780022C0B300B1
:10B8300080007800700520007DFD0700000F780073
:10B840001E0078000000E000020032001E007800B8
:10B850003B0037006E409000E14F500002003E0078
:10B8600010002000360037004E4090008080FB0022
:10B870005E4090000080FB004800DD000100700089
:10B88000100798001E009000700060000000E000AB
:10B8900023003A00200220003CFD07000004A20023
:10B8A0000004E000020032001000200024003700F5
:10B8B0004006200021FC0700E60047006400470026
:10B8C0008101780022C0B30080007800700520005C
:10B8D00057FD0700000F78001E0078000000E00010
:10B8E000020032001E007800150037004E40900024
:10B8F0008080FB005E4090000080FB004800DD007F
:10B9000001007000100798001E0090007000600099
:10B910000000E00002003A0060002000080037004C
:10B920004E0090000000E00004003200CE009000C5
:10B9300040052000CFFE0700010037000000EB00AB
:10B940000080FA00000006000400FA000E80E80003
:10B9500080007800B0A72400AFFD0700000F78003A
:10B960001E0078000000E000020032001E00780097
:10B97000410037002E409000E14F50001800320087
:10B9800011C0B300B0A72400C1FD0700000F78006C
:10B990001E0078000000E000020032001E00780067
:10B9A000350037000E80E80080007800B0A7240042
:10B9B00099FD0700000F78001E0078000000E000ED
:10B9C000020032001E0078002B0037002E4090004D
:10B9D000E14F5000020032005000200026003700E6
:10B9E0000E80E80080007800C0A724008AFD0700D0
:10B9F000000F78001E0078000000E0000200320016
:10BA00001E0078001C0037002E4090000004E0006B
:10BA1000180032008040EB00C0A724009CFD070006
:10BA2000000F78001E0078000000E00002003200E5
:10BA30001E007800100037000E80E80080007800BB
:10BA4000C0A7240074FD0700000F78001E007800D6
:10BA50000000E000020032001E00780006003700FF
:10BA60002E4090000004E000020032005000200050
:10BA7000010037000000EB000080FA000000060023
:10BA80000800FA00300798000E80E8008000780077
:10BA90000060240097FD0700000F78001E0078006A
:10BAA0000000E000020032001E0078002E00370087
:10BAB0003E0090000000E000030032009E00900075
:10BAC0003E009000010878001E00900070006000A9
:10BAD0000000E000020032000000EB00220037000E
:10BAE0001E0090000040A00080007800006024004C
:10BAF000A3FD0700000F78001E0078000000E000A2
:10BB0000020032001E007800170037006400470072
:10BB1000800078000060240076FD0700000F7800A8
:10BB20001E0078000000E000020032001E007800D5
:10BB30000D0037002E009000700060000000E00053
:10BB400002003A0050002000070037003E0090003D
:10BB50000000E00003003200AE0090003E009000C4
:10BB6000010878000000EB000080FA0000000600E9
:10BB70000400FA00100798000040EB00004F780026
:10BB8000100037001E80FB00000040009E00900067
:10BB9000808040001E80FB0082472D0062407800BC
:10BBA0003AFC07000004A2000004E000020032009A
:10BBB0001000200007003700A00020005FFB0700F6
:10BBC0001E4FE8001E407800E34F5000EDFF3600A6
:10BBD0000000EB000080FA00000006000000FA0000
:10BBE0000003200069FC07000004A2000004E0003C
:10BBF000020032001000200008003700400620003C
:10BC00004EFB070051FE0700E10F500002003A0012
:10BC10000000EB0001003700400020000080FA0027
:10BC2000000006000200FA00000F78001E007800F5
:10BC3000E20F500006003200E30F50000600320011
:10BC4000E10F500006003A00C09D2C0005003700AF
:10BC5000309E2C0003003700C09E2C0001003700EE
:10BC6000809F2C000080FA00000006003800FA00D7
:10BC7000889FBE008A9FBE008C9FBE000000EB0024
:10BC8000500798006000B800200F9800310F98000E
:10BC90006000B800400F9800510F98000040EB0082
:10BCA000405F98000000EB004007980010C0B30010
:10BCB00007E8B70000C0EB0008E8B700E0CEB3002B
:10BCC00000E8B70000A02C006CFD070010A02C00BD
:10BCD0006AFD07000000EB00700F98007E0047002F
:10BCE0008000780090C0B300E8FB07000004E0008B
:10BCF000190032007E089000504088007E00470006
:10BD000080007800F0C3B300E0FB07000004E0000F
:10BD1000020032007E0890006040880020C0B3001E
:10BD200007E8B70030A12C0033FD07005040800029
:10BD300083FD070030A22C0050FD07006A00470079
:10BD4000A4FD0700300798003E0090000000E000CE
:10BD500007003A001100370070A22C0047FD0700D1
:10BD600010C0B30008E8B7001000200098013700A9
:10BD700000A52C0041FD07004041200003FC070006
:10BD80002067230001FC070040062000EBFA0700B3
:10BD90006A0047008FFD0700300798005E009000A2
:10BDA0007040880080A82C0013FD07005E00900002
:10BDB0008000EB0042C0B30038FD07003E00900059
:10BDC0000000E00002003A0000A02C000100370053
:10BDD00080A92C0029FD07003E0090000000E00033
:10BDE000050032003E0090000040780008E8B700EF
:10BDF0003E0090007601370030C0B30007E8B7007E
:10BE00006000B80000179800111798000002200089
:10BE10000E004000800078004005200095FD0700DE
:10BE20000000E0001D003A000E1090009E109000EF
:10BE300002822000030020008002780001027800C6
:10BE400082007800030078008180620000006200B8
:10BE500070179800611798006E109000FE10900007
:10BE6000E00F5000E08F58000C003200D0AA2C00E8
:10BE700002FD0700A0AE2C0000FD070070B22C00F0
:10BE8000FEFC070030B62C00FCFC0700100420006C
:10BE9000BEFB0700007D2000A8FA070020B92C0097
:10BEA000D5FC0700A9FD07005EFF0700F3FC0700B3
:10BEB000D3FD0700300798003E0090000000E0002E
:10BEC0000800320040BA2C00ECFC07004E00900045
:10BED0000000E00005003A00BE0090004107980015
:10BEE0000200370040C0B30007E8B7007C004700FD
:10BEF0000EFE0700300798004E58900012E8B70079
:10BF0000A0BB2C00BCFC07004E5890000080FB003A
:10BF10008000EB0022C0B300E0FC07003E00900070
:10BF20000000E00002003A00F0BC2C0001003700E5
:10BF3000D0BD2C00D1FC07003E0090000000E000C6
:10BF4000060032004E0090000000E00005003A00BC
:10BF5000BE009000410798000200370050C0B300B7
:10BF600007E8B70078FE0700300798003E00900011
:10BF70000000E00002003A0050BF2C000100370032
:10BF800050C22C009CFC070000A02C00BBFC07004A
:10BF90003E0090000000E000050032004E009000DE
:10BFA0000000E00002003A00BE0090004107980047
:10BFB0000000EB0020179800400220000E00400017
:10BFC0008000780080C0B30030FB07000004E00070
:10BFD000020032002E1090000041880074004700DB
:10BFE0000BFE0700300798003E0090000000E000C4
:10BFF0000800320000C42C00A0FC07004E00900096
:10C000000000E0007D003A00BE009000410798006B
:10C010007A00370060C0B30007E8B7002E08900030
:10C02000BE089000A0408800B1408800A0C52C0048
:10C0300071FC07002E089000BE08900000007800F8
:10C04000640060008000EB00111F9800001F980042
:10C050000E1890009E189000E00F5000E08F5800DE
:10C060000200320070C62C0001003700A0C62C0070
:10C0700061FC0700E0C62C005FFC07002E08900062
:10C08000BE08900000007800620060008000EB00B5
:10C09000311F9800201F98002E189000BE189000A5
:10C0A000E00F5000E08F58000200320070C62C00F4
:10C0B00001003700A0C62C004FFC070040C72C0031
:10C0C0004DFC07002E089000BE089000000078008C
:10C0D000680060008006EB00000678000C00BE00DF
:10C0E000E00F5000E08F58000200320070C62C00B4
:10C0F00001003700A0C62C0060FC07002E0890004D
:10C10000BE08900000007800640060008005EB002D
:10C11000000578000A00BE00E00F5000E08F5800D4
:10C120000A0032002E089000BE089000000078003F
:10C13000620060008004EB00000478000800BE008C
:10C14000E00F5000E08F58002C003A006000B8006B
:10C150003017980041179800780047008000780059
:10C1600010052000C3FC07000000E00004003A00B6
:10C170004E089000DE089000C0408800D140880042
:10C18000600220000E004000800078003005200092
:10C19000B8FC07000000E00004003A003E109000E8
:10C1A000CE109000E0408800F1408800B0C72C001D
:10C1B00011FC07002E089000BE08900082C0B3005A
:10C1C00036FC070020CA2C000BFC07004E0890002C
:10C1D000DE08900082C0B30030FC070010CB2C00BA
:10C1E00005FC07003E109000CE10900082C0B30006
:10C1F0002AFC070000A02C0020FC07000000EB0038
:10C2000050179800A00220000E0040001CFE0700FE
:10C21000300798003E0090000000E00002003A0065
:10C220005E10900080408800C0CB2C00F2FB07001D
:10C230005E1090008000EB0042C0B30017FC0700C6
:10C240003E0090000000E00002003A0000CD2C000B
:10C250000100370050CE2C0008FC07003E00900083
:10C260000000E000050032004E0090000000E000F9
:10C2700002003A00BE009000410798006C004700A1
:10C280003BFE0700300798003E0090000000E000F1
:10C290001200320000D02C00F8FB07004E00900086
:10C2A0000000E00003003A003E00900000407800EB
:10C2B000020037004E0090000040780008E8B70008
:10C2C0004E0090000000E00002003A003E009000A6
:10C2D000010037004E0090003D00370070C0B300F1
:10C2E00007E8B7006000B800008FBE000040EB0018
:10C2F000404798001D0037004E4090000080FB0032
:10C3000000004000EC004700008040001000780072
:10C310008000EB001E0F40005E97480010D22C00FA
:10C32000B5FB07004E4090000080FB000000E800D5
:10C3300003FC070090D22C00AFFB07004E4090009A
:10C340000080FB0000004000EC004700008040003F
:10C3500010007800FAFB070030A22C00C7FB070092
:10C360004E4090000040E800404798004E4090004A
:10C37000E34F5000E0FF3600C0D22C009EFB0700C8
:10C380001E007800EEFB070030A22C00BBFB07006C
:10C390004E0090000000E00002003A0040D32C0064
:10C3A00001003700F0D42C00B4FB07004E009000D1
:10C3B0000000E00002003A0080C0B30007E8B700C8
:10C3C0004E0090000040780008E8B7004E00900052
:10C3D0004F06BE004F05BE004F04BE000080FA00AD
:10C3E000000006000800FA002007980031079800B6
:10C3F0000040EB00204798002E0090002040900065
:10C40000E14F50000B003A002E0090001000780021
:10C410008E80E80000FB0700000F78002E4090009F
:10C420008080FB003E009000010878001E0078002C
:10C43000040037002E00900010007800BE0090002D
:10C440002CFB07000080FA00000006000E00FA0036
:10C4500050079800610798000040EB0010479800D3
:10C460000040EB00204798000000EB0020079800F8
:10C470000040EB00004F7800370037001E80FB00C3
:10C480004300DD008080E80040DD2C00008040009B
:10C49000104090000080FB006100600000407800C8
:10C4A0000004E0000C0032001E80FB004300DD00B1
:10C4B000E400400040DD2C000080400010007800C7
:10C4C0000000E00004003A002E4090000040E80028
:10C4D000204798001F0037001E80FB00C300DD00CE
:10C4E00040DD2C0000804000E8004700BDFF070051
:10C4F000300798003E0090000000E0000900320084
:10C500002E0090000000E00002003A00BE00900003
:10C51000210798001E4090000040E8001047980056
:10C520000C0037001E80FB004300DD00E4004000EB
:10C5300040DD2C0000804000900078004E0090000C
:10C54000808F5000030032001E4090000040E80041
:10C55000104798001E4FE8001E407800E64F50003C
:10C56000C6FF36009E4090002282200001497800DC
:10C57000AE40900032822000014978005E009000B9
:10C580000000E000030032005E0090001E419000B9
:10C59000024878006E0090000000E00003003200C6
:10C5A0006E009000AE409000014878002E00900090
:10C5B0000080FA00000006000A00FA000000EB000C
:10C5C000100798000040EB00004F7800560037003D
:10C5D0001E80FB00C300DD0040DD2C000080400019
:10C5E000200798002E009000304090000080FB0053
:10C5F00061006000004078000004E00004003200A8
:10C600002E009000200090000000E000400032006A
:10C6100068004700800078002E00900071FF07003E
:10C62000300798003E0090000000E00005003A004E
:10C630002E009000A00090004E009000808F5000CF
:10C64000350032002E00900020409000E14F500055
:10C6500007003A002E0090002000900080407800F3
:10C660002E0090001000780089FA070005003700BE
:10C670002E009000A00090002E0090001000780086
:10C68000BFFA0700300798003E0090000000E0006D
:10C69000060032001E0090000000E00020003A007A
:10C6A000BE009000110798001E0037006800470088
:10C6B000800078002E0090004AFF070030079800A5
:10C6C0003E0090000000E000060032001E009000D6
:10C6D0000000E00013003A00BE009000110798002F
:10C6E000100037002E009000A00090004E00900037
:10C6F000808F50000B0032001E0090000000E00010
:10C7000008003A005000200010079800050037008C
:10C7100000000000030037000000000001003700A7
:10C72000000000001E4FE8001E407800E64F500059
:10C73000A7FF36001E0090000080FA0000000600EF
:10C740000A00FA000000EB0040079800C0E02C004F
:10C75000CAFA0700D0E02C00C8FA07000040EB003E
:10C76000004F7800470037001E80FB00C300DD004B
:10C7700040DD2C000080400010079800B0E12C0044
:10C780009DFA07001E009000300090009AFA070002
:10C79000E0E12C0098FA07001E00900010007800DD
:10C7A0008000EB0042C0B300BCFA070010E22C008E
:10C7B00091FA07001E009000304090000080FB00BE
:10C7C00061006000004078000004E00007003200D3
:10C7D0001E009000200090000000E00003003A00DE
:10C7E00050E22C00A5FA070025003700660047003C
:10C7F000800078001E009000FAFE070020079800D5
:10C800002E0090000000E000020032003E00070011
:10C810001B0037001E0090002040900000404000A8
:10C82000004178003E0090008000EB009BFA07007A
:10C830001E009000A00090003E009000808F5000ED
:10C8400003003A0030E42C008CFA07000C0037009B
:10C8500080E42C0068FA07001E0090002040900041
:10C8600000404000004178001E0090002000900031
:10C870008000EB0089FA0700C0E02C007FFA070077
:10C880001E4FE8001E407800E64F5000B6FF36000D
:10C890006600470080007800508E240015FA0700DB
:10C8A0000000E00016003A006800470080007800B1
:10C8B00080C1B300F5F807000004E000100032006A
:10C8C000A0E52C004CFA07003E0090009CFA0700FF
:10C8D000E0E62C0048FA07004E00900098FA0700A6
:10C8E000BE0090004E009000808F500002003A0081
:10C8F000B0E72C000100370040E82C005FFA070089
:10C900000080FA00000006000000FA0030E92C0068
:10C9100039FA070000C8BF000080FB0088FA070052
:10C9200050EA2C0055FA07000080FA0000000600CB
:10C930005E00FA00889FBE008A9FBE008C9FBE00EA
:10C940000000EB00400F98006000B800101798003E
:10C95000211798000040EB006067980078004700BE
:10C960008000780090C0B300C8F8070070579800A6
:10C97000A0002000F1F70700C0E02C003FFA0700FC
:10C9800070EA2C003DFA070070EB2C001AFA070041
:10C990007E5090000004E000050032004E08900038
:10C9A00067FA070060EC2C0034FA0700010037003A
:10C9B000D5FF0700A0EC2C000FFA07006002200052
:10C9C0000E00400080007800D0A7240092F90700F4
:10C9D0000000E0003E003A006E60900012E8B700F0
:10C9E0006E6090000080FB008000EB0022C0B3006E
:10C9F0002AFA070090ED2C00FFF907006E60900006
:10CA00000080FB00630060000000E8004CFA0700B3
:10CA100000EE2C00F8F907006E6090000080FB002B
:10CA200063006000E30F50000200320060EE2C0053
:10CA3000F1F907006E6090000080FB006400600068
:10CA40000000E0000200320010EF2C00010037006F
:10CA500060F02C00E8F907006E6090000080FB0099
:10CA6000700060000000E0000200320070F22C0054
:10CA700001003700E0F32C00DFF9070080F42C0000
:10CA8000DDF907006E6090000080FB008000EB0085
:10CA9000820E20000300200080027800010278004E
:10CAA000820078000300780081806200000062004C
:10CAB00080047800010478000800BE0022C0B300A2
:10CAC000F6F9070060F52C00ECF9070001003700CB
:10CAD0008DFF070080F52C00C7F907002002200019
:10CAE0000E004000800078004005200061FA070039
:10CAF0000000E000B9003A001E109000AE10900057
:10CB0000A0408800B140880070F62C00BAF90700F8
:10CB10001E109000AE1090000000780064006000CD
:10CB20008005EB00000578000A00BE00E00F500011
:10CB3000E08F580002003200C0F62C0001003700E0
:10CB4000F0F62C00ACF9070030F72C00AAF907002A
:10CB50001E109000AE10900000007800620060008F
:10CB60008006EB00000678000C00BE00E00F5000CD
:10CB7000E08F580002003200C0F62C0001003700A0
:10CB8000F0F62C009CF9070090F72C009AF90700AA
:10CB90001E109000AE109000000078006800600049
:10CBA0008000EB0001279800701F98007E1890000D
:10CBB0008E209000E00F5000E08F580002003200FD
:10CBC000C0F62C0001003700F0F62C008AF90700AF
:10CBD00000F82C0088F907001E109000AE1090009D
:10CBE00082C0B300ADF90700C0E02C00A3F9070034
:10CBF0000040EB00004F980040F92C007EF9070040
:10CC00000040EB0070479800290037007E409000FC
:10CC10000080FB006600B9008000780040212D00F4
:10CC2000008040001000BE001E119000AE11900068
:10CC3000800278000102780082007800030078000A
:10CC40008180620000006200202798001127980070
:10CC50001E209000AE209000E00F5000E08F5800A2
:10CC6000100032000E4890000004E0000200320084
:10CC700040FA2C0060F907007E4090000080FB0025
:10CC80006600B90000007800E400400040212D005B
:10CC9000008040001000780057F9070010C0B30072
:10CCA000004F98007E4090000040E80070479800D8
:10CCB0007E409000F14F5000D4FF36000E489000A7
:10CCC0000004E0000200320040FA2C004AF907009C
:10CCD00070FA2C0048F907001CFA0700D1FB070086
:10CCE00045F9070060F52C0043F907001E1090007D
:10CCF000AE109000020220000300200080027800A5
:10CD000001027800820078000300780081806200D0
:10CD10000000620040279800312798003E209000D4
:10CD2000CE209000E00F5000E08F5800020032004B
:10CD3000C0FA2C0030F907001E109000AE109000D1
:10CD40000200240003002000800278000102780025
:10CD50000200780083007800008062008100620099
:10CD600061279800502798005E209000EE209000E8
:10CD7000E00F5000E08F58000200320050FD2C0000
:10CD80001DF907001E119000AE1190000000210057
:10CD90000100200002027800030178008001780081
:10CDA000810078000300620081006100012F98007B
:10CDB000702798007E2090008E289000E00F500091
:10CDC000E08F580002003200F0FE2C000AF9070044
:10CDD000C0E02C0029F9070001003700CAFE070057
:10CDE0000000EB00401798000000EB00501798007F
:10CDF00060002D0000F90700800220000E004000B6
:10CE00008000780050C1B300A0F707000004E000E4
:10CE10001A003200A00220000E00400080007800BE
:10CE200040C1B30099F707000004E000130032008E
:10CE30004E10900042F9070050012D00EEF8070057
:10CE40005E1090003EF90700B0012D00EAF80700DF
:10CE50004E1090000000E000030032005E109000D1
:10CE60000000E00002003A00F0012D00E2F80700A7
:10CE7000C0E02C0001F9070001003700A2FE070006
:10CE800070042D00DCF8070078004700800078006F
:10CE9000A0C0B3007DF707000004E0000F003200DF
:10CEA0004E089000500798005E0090000000E000DF
:10CEB00005003D0060052D00CFF807005E009000E2
:10CEC0000000EA00500798005E0090001CF907007F
:10CED00080052D00E9F80700010037008AFE0700F1
:10CEE00050072D00C4F80700780047008000780044
:10CEF000D0C0B30065F707000004E0001100320065
:10CF00004E0890000EF9070040082D00BAF80700FF
:10CF1000780047008000780000C1B3005BF707008D
:10CF20000004E000050032004E08900004F90700FC
:10CF300090082D00D1F807000300370072FE0700AB
:10CF40000100370070FE0700300A2D00AAF8070024
:10CF5000780047008000780060C1B3004BF70700FD
:10CF60000004E000070032004E0890008000EB0053
:10CF700042C0B300C9F80700C0E02C00BFF80700AA
:10CF80000100370060FE0700200B2D00BBF80700F2
:10CF90000040EB00404F98008D0037000000EB0090
:10CFA00060179800A00D2D0093F807004E489000E0
:10CFB0000080FB006600B900000078008080E80077
:10CFC000E0352D0000804000100078008AF807004E
:10CFD000F00D2D0088F807004E4890000080FB00FF
:10CFE0006600B90000007800E4004000E0352D0044
:10CFF0000080400010407800E34F500015003A00D8
:10D000000040EB00606F98004E4890000080FB00ED
:10D010006600B90080007800E0352D0000804000F7
:10D0200010007800E10220008E804000FAF707002F
:10D0300000F0A7000000EA000000E9004F00DE0059
:10D04000504F98006E6890000080FB0060179800B9
:10D050000F0037004E4890000080FB006600B900CA
:10D0600080007800E0352D0000804000100078003E
:10D07000C10220008E8040001EF8070000F0A700CB
:10D080000000EA000000E9004F00DE00504F980069
:10D090005E4890000004A2000004E000020032009C
:10D0A00019FE0700470037004E4890000080FB0043
:10D0B0006600B90000007800E4004000E0352D0073
:10D0C0000080400010407800E14F50000A0032001C
:10D0D0004E4890000080FB006600B9000000780018
:10D0E000E4004000E0352D00008040001040780052
:10D0F000E24F50002F003A004E4890000080FB00A5
:10D100006600B90000007800E4004000E0352D0022
:10D110000080400010407800E14F500005003A00C8
:10D120006E1090008000780040552F000080400075
:10D13000010037006E109000700798007E0090008C
:10D140000000E00005003D0060052D002AF8070002
:10D150007E0090000000EA00700798007E019000B9
:10D16000706626000090B900C288DE004F90DE0095
:10D170000080500072F80700200E2D001EF80700F6
:10D18000FE009000706626000089B9004299DE001A
:10D190004F88DE00000051006A01B90002007800EB
:10D1A0000080500066F80700400E2D0033F807009D
:10D1B000040037006E10900061F8070060EC2C004E
:10D1C0002EF807004E4890000040E800404F9800BD
:10D1D0004E489000F04F500070FF3600700E2D004A
:10D1E00005F80700000320000E00400080007800D2
:10D1F000100520009FF807000000E00012003A0030
:10D200000E1890009E189000C0408800D140880001
:10D210000E1890009E18900082C0B3001FF80700FF
:10D220000E1890009E189000E00F5000E08F5800FC
:10D2300002003200600F2D000100370000112D00A8
:10D240000EF8070001003700AFFD0700A0112D0008
:10D25000E9F70700000320000E004000800078007E
:10D260003005200083F807000000E00012003A00BB
:10D270000E1890009E189000E0408800F140880051
:10D280000E1890009E18900082C0B30003F80700AB
:10D290000E1890009E189000E00F5000E08F58008C
:10D2A00002003200F0FE2C000100370000112D00BA
:10D2B000F2F707000100370093FD070090122D00E0
:10D2C000CDF707000040EB00407F9800C10320002D
:10D2D0008E804000400320000E0040008101780055
:10D2E00082C0B3008000780050052000D0F607000F
:10D2F0000000E0009C003A004E7890000004E0003E
:10D30000990032006000B800100F9800210F9800BB
:10D3100010C0B300605798000040EB000057980021
:10D320001D0037000E5090000080FB0000004700F9
:10D33000407090000081FB008001EB000E509000D7
:10D340000080FB004300DD0000027800F0021200C4
:10D3500004003B008502EA008510DD000000EB00C0
:10D36000040037008512DE000410DD008418DD00A3
:10D37000818072001E099000AE09900000007100CB
:10D3800081807100100F9800210F98000E509000BE
:10D390000040E800005798004E7890008E509000B2
:10D3A00080CF5000030031000E509000E34F50003A
:10D3B000DCFF36004E789000E34F500003003E0043
:10D3C0004E789000004040000100370080C0B3005C
:10D3D000004178001E089000AE089000AFF70700EB
:10D3E00080132D0084F707000040EB0000579800E1
:10D3F0002A0037000E5090000080FB006600B90044
:10D400008000780060402D00008040001001BE00C8
:10D410001E089000AE089000020278000301780018
:10D4200080017800810078000300620081006100C3
:10D43000212F9800102F98001E289000AE289000F1
:10D44000E00F5000E08F5800110032006E50900045
:10D450000004A2000004E0000200320040FA2C00A8
:10D4600065F707000E5090000080FB006600B900D1
:10D4700000007800E400400060402D000080400083
:10D48000100078005CF707000040EB006057980040
:10D490000E5090000040E800005798000E50900099
:10D4A000F24F5000D3FF36006E5090000004E000B1
:10D4B00002003200C0132D004FF7070060F52C006A
:10D4C0004DF707001E099000AE09900000002100F2
:10D4D000010020000202780003017800800178003A
:10D4E000810078000300620081006100412F9800F4
:10D4F000302F98003E289000CE289000E00F50007A
:10D50000E08F58000200320010142D003AF7070097
:10D510001E099000AE0990000000220001002000CA
:10D520000202780003017800800178008100780011
:10D530000300620081006100612F9800502F980065
:10D540005E289000EE289000E00F5000E08F580019
:10D5500002003200A0152D0027F70700C0E02C00C4
:10D5600046F7070001003700E7FC070030172D00E1
:10D5700021F70700780047008000780080C0B300E2
:10D58000C2F507000004E000250032004E089000BC
:10D59000004188004E0890008000780040552F0020
:10D5A00000804000200798002E0090000000E0005E
:10D5B00005003D0060052D000FF707002E009000CC
:10D5C0000000EA00200798002E01900070662600F7
:10D5D0000090B900C288DE004F90DE00008050004D
:10D5E00057F70700200E2D0003F70700AE0090004C
:10D5F000706626000089B9004299DE004F88DE007F
:10D60000000051006A01B90002007800008050005B
:10D610004BF70700400E2D0018F7070001003700F8
:10D62000B9FC07007A00470051F907000000E0004C
:10D630002C003A006000B800008FBE000040EB00F4
:10D64000604798001D0037006E4090000080FB008E
:10D6500000004000FA004700008040001000780001
:10D660008000EB001E0F40005E97480020182D0040
:10D67000E1F607006E4090000080FB000000E8002B
:10D680002FF70700A0182D00DBF607006E40900072
:10D690000080FB0000004000FA00470000804000CE
:10D6A0001000780026F7070060EC2C00F3F6070066
:10D6B0006E4090000040E800604798006E40900087
:10D6C000E34F5000E0FF360010192D00CAF60700A6
:10D6D0001E0078001AF7070060EC2C00E7F6070040
:10D6E00003003700001A2D00C3F6070086FC070070
:10D6F000104080000000E00006003200F01A2D000B
:10D70000BDF60700104080000DF70700C0E02C00B8
:10D71000DAF607004F06BE004F05BE004F04BE00FC
:10D720000080FA00000006000000FA000600FC007D
:10D7300011028000F141B200110288000080FA005D
:10D74000000006000200FA00004F78001E41780039
:10D75000218A2000824878000080FA00000006003C
:10D760000200FA000000EB00000F7800070037000D
:10D77000F0E124009E007800808F50000A003E00F7
:10D78000000000000060FE001E0FE800113A80005B
:10D79000000027008080600000002200808F500081
:10D7A000F3FF3A0001003700000000000080FA009B
:10D7B000000006000400FA00100798001600370069
:10D7C0000000EB00000F7800090037001E0FE80092
:10D7D000F07022009E007800808F500013003E0001
:10D7E000000A200001002000401007000060FE0039
:10D7F000990E07000004A2000004E000F3FF3A00C5
:10D800001E009000104078009E0090008100E8000B
:10D8100011079800780E07001E0090001040780055
:10D820000004E000E6FF3A000100370000000000BD
:10D830000080FA00000006000400FA00204798006B
:10D840000000EB00000F7800090037001E0FE80011
:10D85000F07022009E007800808F50000B003E0088
:10D86000000A200001002000201007000060FE00D8
:10D87000790E07000004A2000004E000F3FF3A0064
:10D880002E4090005C0E07000100370000000000F1
:10D890000080FA00000006000200FA00000F780085
:10D8A0003D68EF001E0078000000E000100032002C
:10D8B0001E007800BFFF07000E00370051168000E1
:10D8C00000402000008060000000E00003003A00FB
:10D8D00068060700CD82A800CDA2A9000060FE0066
:10D8E0000010270021002000001007000100370071
:10D8F000000000003DC8BF000004A2000004E000DA
:10D90000EEFF3A00E0B42B00AAFF07003EC8BF00BC
:10D910000080FA00000006001600FA00881F780058
:10D92000100F9800210F98000040EB00004F780086
:10D930001E089000AE089000E00F5000E08F5800E5
:10D9400009003D00D0C2B300BBFF07001E089000D5
:10D95000AE08900060001000E080180010079800EA
:10D9600021079800040037001E099000AE099000BE
:10D9700012079800230798001E84FB001E009000E9
:10D98000AE009000A20020000300200031E007005C
:10D99000004078000043B000804078000800470055
:10D9A000614098001E4FE8001E009000AE009000FD
:10D9B000A20020000300200016E0070010079800D6
:10D9C000210798001E009000AE009000E00F50006C
:10D9D000E08F5800E8FF3A00050037001E4FE900CD
:10D9E0001E80FB00000047006040900092FF07008F
:10D9F0001E4078000004E000F8FF3A004F04780071
:10DA00000080FA00000006000E00FA00600798008F
:10DA10006E009000CF80DE00827020000289B90085
:10DA2000020178006003B90086017800030141001B
:10DA3000837020000300B8000101410082007800DB
:10DA4000E00F5000E08F580004003D00F2FF21007D
:10DA50000300200000004100818049004309DD00EF
:10DA60004D02DE0004027100CD8ADE00240798001A
:10DA7000350798002E009000BE009000A200200004
:10DA800003002000C2DF07004007980051079800FC
:10DA90002E009000BE009000A20020000300200095
:10DAA000CDDF0700008FBE001E00BE00E00F50005B
:10DAB000E08F580004003D001E00BE006000100012
:10DAC000E0801800008FBE002E009000BE00900085
:10DAD000E00F5000E08F580007003D004E0090001E
:10DAE000DE009000E00F5000E08F580002003A0086
:10DAF000D0C2B30050FF07004E009000DE0090003F
:10DB000085FF0700E0C2B3004BFF07001E00BE0008
:10DB100081FF07000080FA00000006000E00FA00F6
:10DB200010B52B0023FF0700040507000004A20026
:10DB30000004E0001700320080B62B001DFF070034
:10DB400000BE2B001BFF07003D68EF000C003700F4
:10DB50005116800000402000008060000000E000BE
:10DB600003003A00C3050700CD82A800CDA2A9009A
:10DB70000060FE0000102700210020005B0F07005E
:10DB80003DC8BF000004A2000004E000F0FF3A001E
:10DB90006D00370050C02B0006FF07003D68EF0006
:10DBA000010037000000000074050700C0AA200033
:10DBB000180F070010079800E0AA2000150F0700B3
:10DBC0002007980000AB2000120F070030079800D4
:10DBD00020AB20000F0F07004007980040AB20004B
:10DBE0000C0F07005007980040C62B00F1FE0700FD
:10DBF0001E009000CF80DE0047FF070090C62B007C
:10DC0000ECFE07002E009000CF80DE0042FF0700F0
:10DC1000E0C62B00E7FE07003E009000CF80DE004C
:10DC20003DFF070030C72B00E2FE07004E009000CA
:10DC300075FF0700D0C72B00DEFE07005E009000D6
:10DC400071FF070050C82B00DAFE07000040EB0010
:10DC5000004F78000D003700511680000040200072
:10DC6000008060000000E00003003A00810507002A
:10DC7000CD82A800CDA2A9000060FE000010270000
:10DC800021002000190F07001E4FE80030C6B30026
:10DC90009E40780080CF500004003E003DC8BF0089
:10DCA0000004A2000004E000EBFF3A003DC8BF0002
:10DCB0000004E000BBFF3200E183200091407800C7
:10DCC000414F98003D68EF00CE48900030C6B30049
:10DCD00080CF500004003200CE48900030C4B30022
:10DCE00080CF500016003A00B14180001E00900025
:10DCF00000805000B0418800C14180002E0090009B
:10DD000000805000C04188003A28EF00B0418000F8
:10DD100071B12000AE0E0700C041800091B120001B
:10DD2000AB0E0700D0418000B1B12000A80E070063
:10DD3000C0C82B009FFE0700000000009AFF3700BC
:10DD4000B0C92B009BFE07000080FA00000006000F
:10DD50000400FA000040EB00004F78000040EB00A8
:10DD600010479800B0CB2B0092FE0700C502A90017
:10DD70003D68EF003F0037000060FE005116800054
:10DD800000402000008060000000E00003003A0036
:10DD900038050700CD82A800CDA2A900101680008A
:10DDA0006100600000F0A7000000EA000000E90048
:10DDB0004F00DE00204798001016800062006000CF
:10DDC00000F0A7000000EA000000E9004F00DE00BC
:10DDD000304798002E4090000004E000020032001E
:10DDE000CC82A90001003700CC82A8003E40900000
:10DDF0000004E00002003200D442A9000100370014
:10DE0000D442A8002E4090009E4F500009003200DE
:10DE10002E4090000004E0000200320020D42B00CD
:10DE20000100370080D52B0062FE0700AE40900055
:10DE3000014F7800BE4090001E40900080CF5000FF
:10DE4000090032003E4090000004E0000200320071
:10DE5000D0D62B000100370030D82B0055FE07002C
:10DE6000BE409000114798000010270021002000BC
:10DE70009E0E07003DC8BF000004A2000004E000A1
:10DE8000BDFF3A00CC82A800D442A800C502A80079
:10DE900080D92B0047FE07000080FA000000060032
:10DEA0000000FA0017E2A9009A40A9009A20A900F0
:10DEB0008A40A9008A20A900C842A800C862A80018
:10DEC0000080FA00000006000400FA000000EB00E9
:10DED000000F78000000EB0010079800D0DB2B004B
:10DEE00034FE0700EEFF070090002C0031FE070013
:10DEF00050168000640060000000E0000200320064
:10DF0000C0012C000100370030022C0029FE070060
:10DF1000B0032C0027FE0700501680006800600048
:10DF20000000E00002003200C0012C0001003700B8
:10DF300030022C001FFE0700E0042C001DFE07002D
:10DF40003D68EF000100370000000000511680001E
:10DF500000402000008060000000E00003003A0064
:10DF6000C4040700CD82A800CDA2A9003DC8BF000F
:10DF70000004E000500032003EC8BF000080FB00FB
:10DF800031032000810F50001D00320031032000BA
:10DF9000810F500004003C0021032000810F50003D
:10DFA000080032004300370041032000810F500079
:10DFB0002200320051032000810F50002E00320059
:10DFC0003C003700601680004400DE0061406000C5
:10DFD0000004A200614060000080FB00610060005E
:10DFE0004400DD00611680000140A10001007000C6
:10DFF00060168800B0072C00EEFD07002D003700EA
:10E00000A01680004200DE00614060000004A20013
:10E01000614060000080FB00610060004200DD00A4
:10E02000A11680000120A10001007000A016880048
:10E03000D0082C00DFFD07001E00370020168000EE
:10E040004800DE00614060000004A2006140600002
:10E050000080FB00610060004800DD0021168000A8
:10E060000180A1000100700020168800E0092C004A
:10E07000D0FD07000F003700601680004B00DE0067
:10E08000614060000004A200614060000080FB006D
:10E09000610060004B00DD006116800001B0A1004E
:10E0A0000100700060168800E00A2C00C1FD070026
:10E0B000000000003D68EF000060FE000010270037
:10E0C00021002000090E07001E0FE800F076210055
:10E0D0009E007800808F50009BFF36000000EB0010
:10E0E000000F78001E0090000000E8001007980064
:10E0F000E00B2C00AFFD07001E0090008000EB003D
:10E1000005FE0700900C2C00AAFD07008FFF3700CA
:10E110000000FA00000D2C00A6FD0700800F2C0067
:10E12000A4FD0700E0112C00A2FD0700F00F200065
:10E1300001002000F8FD070040132C009DFD0700A2
:10E14000F00F200001002000F3FD070060132C00F9
:10E1500098FD070040142C0096FD07000080FA008F
:10E16000000006000600FA00404798004E4090006C
:10E170000080FB006101B90000FD2F00F1FF2F00BE
:10E180000200400083804800320420000300200089
:10E19000820F5000838F5800D4003E0000600100C1
:10E1A00043003700440037007F0037008D00370000
:10E1B0009B003700A9003700B7003700B8003700D0
:10E1C000C6003700CB003700CA003700C90037004F
:10E1D000C8003700C7003700C6003700C500370049
:10E1E000C4003700C3003700C2003700C100370049
:10E1F000C0003700AC003700BE003700BD0037005C
:10E20000BC003700BB003700BA003700B900370048
:10E21000B4003700B7003700B6003700B50037004C
:10E22000B4003700B3003700B2003700A000370059
:10E23000B0003700AF003700AE003700AD00370048
:10E24000AC003700AB003700AA003700A900370048
:10E25000A8003700A7003700A6003700A500370048
:10E26000A4003700A3003700A2003700A100370048
:10E27000A00037008C0037009E0037009D0037005B
:10E280009C0037009B0037009A0037009900370048
:10E29000940037009700370096003700950037004C
:10E2A0009400370093003700920037008000370059
:10E2B0009FF90700900037000040EB0020479800CE
:10E2C0000040EB0030479800503A2C0039FD070021
:10E2D00005F207000004A2000004E0000300320081
:10E2E00000402C0033FD0700830037005FF6070075
:10E2F000000F78001E0078000000E00002003200ED
:10E30000D0422C002BFD0700ABF807000000E00016
:10E310000200320000462C0026FD0700E300470003
:10E320000E80E80049F80700B0482C0021FD0700E6
:10E330002E4090000004E00009003200304B2C0019
:10E340001CFD07002E4090000080FB008000EB00C9
:10E3500071FD0700004E2C0016FD07000E0037006F
:10E360003E4090000004E0000900320070502C0094
:10E3700010FD07003E4090000080FB008000EB0095
:10E3800065FD0700C0522C000AFD0700020037009F
:10E3900060542C0007FD0700E9F80700F0592C0035
:10E3A00004FD070054003700505C2C0001FD0700FD
:10E3B000601680004400DE00614060000004A2009E
:10E3C000614060000080FB00610060004400DD00EF
:10E3D000611680000140A1000100700060168800F5
:10E3E0004500370050602C00F2FC0700A0168000AA
:10E3F0004200DE00614060000004A2006140600055
:10E400000080FB00610060004200DD00A11680007A
:10E410000120A10001007000A0168800360037001E
:10E4200040642C00E3FC0700201680004800DE005A
:10E43000614060000004A200614060000080FB00B9
:10E44000610060004800DD00211680000180A1000D
:10E45000010070002016880027003700E0672C00BC
:10E46000D4FC0700601680004B00DE0061406000B5
:10E470000004A200614060000080FB0061006000B9
:10E480004B00DD006116800001B0A10001007000AA
:10E4900060168800180037002DFE070016003700B0
:10E4A0009EFD07001400370087FE070012003700AA
:10E4B000206D2C00BFFC07007F0507000004E00072
:10E4C00003003200A06F2C00BAFC07000A003700DE
:10E4D000F0702C00B7FC07000700370010C0B30035
:10E4E0000600370020C0B300040037000000000021
:10E4F00001003700000000000040EB000080FA003F
:10E50000000006000200FA000100370000000000D1
:10E51000FFFE07000000EB00DFFC070011FF070013
:10E52000004F78001E4078000004E000F7FF320042
:10E530001E4078000080FA00000006000000FA008B
:10E54000CD82A800FAF8070070722C0099FC070031
:10E550005116800000402000008060000000E000B4
:10E5600003003A0043030700CD82A800CDA2A90012
:10E570000060FE0000502300C1002000DB0C0700FB
:10E58000F3FF37000A00FA00003A800061006000E3
:10E5900000F0A7000000EA000000E9004F00DE00E4
:10E5A000404798004E4090000004E0000400320014
:10E5B000C142A900C542A800D022A900D422A800C7
:10E5C000B70C070066FC0700D442A800CC82A80064
:10E5D0007068EF007168EF007268EF007428EF0058
:10E5E0007628EF007868EF002628EF002828EF0053
:10E5F0002A28EF002C28EF002E68EF0080B22000C0
:10E600008040EB000148780079030700830307008E
:10E61000A0C0B3008A0307001D0A0700C942A80072
:10E62000C142A900D022A900C542A8004E409000D6
:10E630000004E00002003200D422A80001003700EC
:10E64000D422A900CD82A800CDA2A9004007A9002C
:10E650004027A9006040A9006060A9008780A90048
:10E660008780A9009780A9008660A9000060FE004D
:10E670008780A9008780A9009780A9008660A900EB
:10E6800029FC07005A0307007368EF007068EF0069
:10E690000040EB0050479800590B0700D482A800B7
:10E6A00000D0270001002000900C0700B90A0700E5
:10E6B00000D02700010020008C0C07008560A90015
:10E6C0009560A80070742C003AFC0700ED04070068
:10E6D0000004E0000300320020762C0035FC070027
:10E6E00003003700B0782C0032FC0700FCD807008C
:10E6F00060B2200080C0EB000148780050B22000DA
:10E7000080C0EB000148780070B12000410C070088
:10E71000B041880090B120003E0C0700C041880045
:10E72000B0B120003B0C0700D0418800EF04070087
:10E730000004A2000004E00009003200DE0407002B
:10E740000004E00003003200007C2C0019FC0700EC
:10E7500005003700D07D2C0016FC070002003700B2
:10E7600050802C0013FC0700D022A900D422A8005E
:10E7700000502300C10020005C0C070061FF07006F
:10E78000E24F500001003A006CFF0700C502A800EC
:10E79000D5F007000004E00003003200D0822C0016
:10E7A00004FC07000200370040842C0001FC070035
:10E7B0000040EB00004F78001D003700601680001D
:10E7C0004C00DE00614060000004A2006140600077
:10E7D0000080FB00610060004C00DD0061168000DD
:10E7E00001C0A10001007000601688006016800062
:10E7F0004D00DE00614060000004A2006140600046
:10E800000080FB00610060004D00DD0061168000AB
:10E8100001D0A100010070006016880000202100D6
:10E82000A1072000310C07000060FE001E4FE80029
:10E830001E407800E94F5000E0FF3600CDA2A9004D
:10E84000CD82A900E800470067004700FFF60700F7
:10E850007E4090000004E0000500320003F5070050
:10E8600055F70700E800470067004700F7F6070084
:10E870007E4090000004E000030032001000200001
:10E8800010079800080037000E4890000004E000D0
:10E89000030032000000EB00100798000200370070
:10E8A0002000200010079800CD82A800CDA2A9006A
:10E8B0001FF80700A2F707000040EB006047980030
:10E8C0001E009000E10F500003003A00CD82A90025
:10E8D000CDA2A800050037001E009000E20F5000F6
:10E8E00002003200CD82A800CDA2A80000F02900CD
:10E8F00041022000FD0B07000060FE0080862C0016
:10E90000ACFB070000892C00AAFB0700A08B2C00A1
:10E91000A8FB0700108E2C00A6FB0700B0902C006F
:10E92000A4FB070000942C00A2FB0700C502A9006D
:10E930000300370000000000010037000000000065
:10E940000060FE0010168000610060000000E00022
:10E9500004003A0050972C0096FB0700CC82A900D7
:10E9600001003700CC82A800101680006200600011
:10E970000000E00004003A00D442A90070992C0085
:10E980008CFB070001003700D442A800101680005D
:10E99000610060000000E000E6FF3A001016800011
:10E9A000620060000000E000E4FF3A00D442A800EA
:10E9B000CC82A800809B2C007EFB07001E009000EC
:10E9C000E10F500003003A00CD82A900CDA2A800BB
:10E9D000050037001E009000E20F500002003200D8
:10E9E000CD82A800CDA2A800D4FE0700B4FF370056
:10E9F0000000FA00D462A8000010270021002000C7
:10EA0000BA0B0700D462A9000080FA0000000600DB
:10EA10000000FA006040A9006060A9008780A9009A
:10EA20008780A9009780A9008660A900D4C2A900A8
:10EA3000CD02A8000010270021002000AB0B07002A
:10EA4000CD02A9000400370000102700210020009B
:10EA5000A60B07000060FE001116800000202000B9
:10EA6000008060000000E000F7FF3200D4C2A80080
:10EA70001000370000A02600810120009B0B07003A
:10EA80000060FE00601680004C00DE006140600007
:10EA90000004A200614060000080FB006100600093
:10EAA0004C00DD006116800001C0A1000100700073
:10EAB0006016880011168000002020000080600091
:10EAC0000000E000EBFF3A00CD82A9001000370003
:10EAD00000A0260081012000840B07000060FE00DA
:10EAE000601680004C00DE00614060000004A2005F
:10EAF000614060000080FB00610060004C00DD00B0
:10EB00006116800001C0A10001007000601688003D
:10EB10001116800000202000008060000000E0004E
:10EB2000EBFF3200360A07000080FA000000060002
:10EB30000200FA00CDA2A9000040EB00004F7800CF
:10EB4000110037000060FE0000502300C1002000CB
:10EB5000660B0700601680004900DE00614060001F
:10EB60000004A200614060000080FB0061006000C2
:10EB70004900DD00611680000190A10001007000D5
:10EB8000601688001E4FE80070CCB3009E407800ED
:10EB900080CF5000EBFF3600CD22A900D422A80080
:10EBA0002A28EF002C28EF001200370051168000B1
:10EBB00000402000008060000000E00007003A00F4
:10EBC000504180006141800061004000E0804800C9
:10EBD0005041880061418800020037002A28EF0078
:10EBE0002C28EF0000502300C10020003F0B07003D
:10EBF0000060FE00524180006341800090002000D0
:10EC000001002000800F5100818F5900E7FF36007E
:10EC1000100037000060FE0000502300C1002000FB
:10EC2000320B0700601680004C00DE00614060007F
:10EC30000004A200614060000080FB0061006000F1
:10EC40004C00DD006116800001C0A10001007000D1
:10EC5000601688005116800000402000008060008F
:10EC60000000E000EBFF3200CD82A900D422A90011
:10EC70000080FA00000006000000FA0000E823000F
:10EC800001002000190B07000080FA0000000600B8
:10EC90000400FA00000F78001107980011003700F7
:10ECA00000E8230001002000100B07000060FE00B8
:10ECB0001E00900000F0A7000000EA000000E9003C
:10ECC0004F00DE00004078009E0090008100E900C7
:10ECD000110798000004E000020032000040EB0041
:10ECE000050037001E00780010007800E10F50008A
:10ECF000EBFF320010C0B3000080FA0000000600F5
:10ED00000800FA0040479800514798006247980071
:10ED100010002000000F7800DE409000214798008E
:10ED2000EE409000314798004E4090008080FB00FC
:10ED30000E80E8008E0178000101780021C0B30048
:10ED400099040700210320000E007800D0FF07007F
:10ED50000004E000050032001E007800E20F5000C1
:10ED600002003A0010002000010037000000EB0014
:10ED7000004078000080FA00000006001400FA004D
:10ED8000604F9800714F9800020F98002357980029
:10ED900010002000000F78006E4890000081FB00FA
:10EDA000EF0047000E80E8008201780012C0B30037
:10EDB000030507006E4890008080FB000E80E8008D
:10EDC00066004000810178002E5190008E0890006E
:10EDD000E30407000E80E8000E0178008000780050
:10EDE00020C0B300A2040700210320000E00780019
:10EDF000A7FF07000004E000050032001E007800B5
:10EE0000E20F500002003A0010C0B30029003700A2
:10EE100010002000000F78006E4890008080FB00FA
:10EE20006F0047008E0178000101780011C0B30027
:10EE30005D040700210320000E00780094FF070006
:10EE40000004A2000004E00003003A001E00780065
:10EE5000E20F5000020032000040EB0015003700C6
:10EE600010002000000F78006E4890000080FB002A
:10EE70008E01780000017800AE5090000E089000DE
:10EE800062040700210320000E00780080FF0700C5
:10EE90000004E000050032001E007800E20F500080
:10EEA00002003A0010002000010037000000EB00D3
:10EEB000004078000080FA00000006000400FA001C
:10EEC000004F7800114798001207980013C0B30054
:10EED0001E0190009E4090001E407800A7FF070092
:10EEE0000080FA00000006000200FA000040EB007B
:10EEF000004F7800A2C8BF000E017800F1C0B30037
:10EF0000EEFF07000004A2000004E000020032004F
:10EF10000040EB00070037009E40780040C4B3007B
:10EF200000C068000080FB000000E9004F00DE0028
:10EF3000004078000080FA00000006000000FA009F
:10EF400060AC200011CAB3000148780080C1B30052
:10EF5000A2E8B700218A20009140780070AC200020
:10EF600001487800A2C8BF000041EB0001C2B30015
:10EF700063FF07000004A2000004E0000500320067
:10EF800090AC200001CCB300014878000040EB00B9
:10EF900028003700A2C8BF00C2C0B30011C2B3002E
:10EFA00057FF07000004A2000004E0000500320043
:10EFB00080AC200021CCB300014878000040EB0079
:10EFC0001C003700A2C8BF0042CCB30051C2B3003E
:10EFD0004BFF07000004A2000004E000050032001F
:10EFE00090AC200011CCB300014878000040EB0049
:10EFF00010003700A2C8BF0042C2B30001C2B30074
:10F000003FFF07000004A2000004E00005003200FA
:10F0100090AC200011CCB300014878000040EB0018
:10F0200004003700A0AC20008040EB0001487800CD
:10F0300010C0B3000080FA00000006000C00FA00C7
:10F04000300798004107980052079800A2C8BF00F7
:10F0500063C0B3000E01780081C2B30047FF070010
:10F060000004A2000004E000020032000040EB00B7
:10F070002B0037001E4090000080FB00C800DD0020
:10F080001E4078000080FB000100700080007800C6
:10F090003E009000010878003E4090000080FB0098
:10F0A000C800DD002E4090000080FB0001007000D1
:10F0B000800078004E009000010878005E409000CB
:10F0C0000080FB00C800DD004E4090000080FB0087
:10F0D00001007000800078005E0090000108780058
:10F0E0003E00900010007800C280DE003E009000DC
:10F0F000010878004E00900010007800C280DE0009
:10F100004E009000010878005E009000100078002A
:10F11000C280DE005E0090000108780010C0B300DD
:10F120000080FA00000006000400FA002047980062
:10F130000040EB00004F780013C0B3000E017800D0
:10F14000F1C0B3002E4090000CFF07000004E00067
:10F15000060032009E40780040C4B30080CF5000CB
:10F1600002003A0010002000010037000000EB0010
:10F17000004078000080FA00000006000A00FA0053
:10F180000060FE0068014700E40047006600470099
:10F19000AAFF07000004E00015003200AE00900056
:10F1A000B04180000080400020079800BE00900021
:10F1B000C041800000804000300798004E00900061
:10F1C0000000EA00400798002E009000C1AA20002D
:10F1D0007F0907003E009000E1AA20007C0907009B
:10F1E0004E00900001AB20007909070012003700A3
:10F1F000C0AA200080C0EB0001487800D0AA2000FF
:10F2000080C0EB0001487800E0AA200080C0EB003D
:10F2100001487800F0AA200080C0EB000148780087
:10F2200000AB200080C0EB000148780010AB20004C
:10F2300080C0EB00014878004E019000BE009000B5
:10F240002E0090008E81E800030278008E01780085
:10F25000370507001E00780021AB20005C0907007D
:10F260001E00900041AB2000590907000080FA0001
:10F27000000006000200FA000040EB00004F78009A
:10F280000040EB00150007000004E0001100320010
:10F29000D422A900C542A9000100370000000000E7
:10F2A0000060FE0000502300C10020008F0907000D
:10F2B0001E4FE8001E407800FD4F5000F7FF36005B
:10F2C00040E7A8004007A8004027A8000060FE0013
:10F2D000FEFF37000080FA00000006000400FA007C
:10F2E000204798000040EB00004F78000040EB0002
:10F2F00010479800120037001E4FE8000060FE0023
:10F30000CD82A800CDA2A90000A026008101200086
:10F3100076090700CDA2A800CD82A90000502300E5
:10F32000C1002000710907001E407800E54F500021
:10F330000300360010C0B3001047980005003700E6
:10F340005116800000402000008060000000E000B6
:10F35000E9FF32002E4090000004E000050032007A
:10F36000C542A800D422A800CD82A800CDA2A90041
:10F3700002003700CDA2A800CD82A90000502300D2
:10F38000C100200059090700040037000060FE009A
:10F3900000502300C10020005409070051168000CE
:10F3A00000402000008060000000E000F7FF320015
:10F3B00000502300C10020004C0907000400370062
:10F3C0000060FE0000502300C10020004709070034
:10F3D0005116800000402000008060000000E00026
:10F3E000F7FF32001E4090000080FA000000060087
:10F3F0000000FA000A21EF00F009200070088800E0
:10F4000000002800900888008E21EF008C21EF007A
:10F410009021EF000080FA00000006000000FA00D2
:10F42000E0002000800C88000080FA000000060048
:10F430000000FA009021EF000080FA0000000600B2
:10F440000200FA00004F780000CAB3009E40780026
:10F4500080CF50000200360000CAB300004F780091
:10F460001E80FB00600C88000080FA00000006008F
:10F470000200FA00CD82A900CDA2A8000060FE0023
:10F4800023C0B3000E01780091C0B30060C3B30085
:10F490003AFE07000060FE009E40900000AB200096
:10F4A000014878009E40780010AB200001487800A9
:10F4B000CD82A800CDA2A9000080FA0000000600BD
:10F4C0000000FA00CD82A900CDA2A8002BFF070002
:10F4D000CD82A800CDA2A9000080FA00000006009D
:10F4E0000400FA00204798000040EB00004F78002D
:10F4F0000500370000A0260081012000FB0807005E
:10F500000060FE001E4FE8002E4090009E407800F4
:10F5100080CF5000F7FF39000080FA00000006009D
:10F520000A00FA0030079800410798000080EB00BD
:10F53000000F78000000EB00100798001F00370054
:10F54000BE0090001E009000008040001040780037
:10F550000080FB004800DD001E0F68000040EB004B
:10F56000404798000F0037001E0078000000E000C0
:10F5700006003D001E00780000004000800078007A
:10F5800010022100008F6800030037001E00780081
:10F5900000004000000F78004E4090000040E8005E
:10F5A000404798004E409000E74F5000EEFF360075
:10F5B0001E0090000000E800100798009E009000D8
:10F5C0004E009000808F5000DDFF39001E00780053
:10F5D0000080FA00000006000600FA00008FBE005E
:10F5E000220798002E0090008000EB003E014000B2
:10F5F000AE8148000200BE00D60307000080FA007A
:10F60000000006001A00FA00100F9800210F980061
:10F61000320F9800430F98000001EB001E08900085
:10F62000AE089000ECFF0700100798009E009000C5
:10F63000305C2A00808F5000020032000040EB0056
:10F640004C003700220020001E089000AE089000F9
:10F65000E1FF07008000EB002007980031079800C9
:10F66000420020001E089000AE089000DAFF07005C
:10F670008000EB00400798005107980062002000CE
:10F680001E089000AE089000D3FF070060079800A6
:10F69000820020001E089000AE089000CEFF0700F8
:10F6A00070079800EE00900000202000808F50002E
:10F6B000020032000040EB002E0037000000EB009B
:10F6C000000F7800140037009E0078007080400022
:10F6D000000178001E089000AE089000BEFF0700F1
:10F6E000000F98003E0890001E0040008E08900019
:10F6F00081407800014878001E00E800BE089000B4
:10F70000008040008E089000C808DE00814078002C
:10F71000014878001E8FE800F01F20009E0078004E
:10F72000808F5000E8FF3600012020003E08900046
:10F730007BFF0700FE009000810F500002003200A6
:10F740000040EB000B0037004E009000DE00900000
:10F75000C001DD00020020002E009000BE009000DD
:10F7600000007100818071004E0990000089BE0088
:10F7700010C0B3000080FA00000006000A02FA0080
:10F780006000B80010079A0021079A006000B800D6
:10F7900030079A0041079A00212020008E80400007
:10F7A0000E80E800810178000001780000002A0046
:10F7B0000100200093FF0700004F78006020200028
:10F7C0000E00400080017800828A200000402A005C
:10F7D000010020008BFF0700104798001E407800B2
:10F7E0000004E0001D0032001E4090000004A20052
:10F7F0000004E00009003A001E019200AE019200F0
:10F800003E009200CE00920000005100818059001D
:10F81000E00F5000E08F5800100034000E80E80028
:10F820000220200080007800808A200068DD070028
:10F8300000002A00010020001044880021448800B4
:10F840001E009200AE0092003044880041448800BF
:10F8500010C0B3008AE8B700190037001E409000BE
:10F860000004E0000B00320000402A0001002000EC
:10F8700010448800214488003E009200CE0092008F
:10F88000304488004144880010C0B3008AE8B700C3
:10F890000B003700022020008000EB00808A20004F
:10F8A00052DD070000402A000100200010448800BB
:10F8B000214488008628EF008828EF008A68EF003E
:10F8C00001202000808A200015FF07006044880086
:10F8D0008AC8BF000080FA00000006000200FA009B
:10F8E000000F7800F01F20009E007800808F5000ED
:10F8F00004003E00808A20001E0040001040780076
:10F90000010037000040EB000080FA000000060014
:10F910000400FA00000F780021479800F01F200033
:10F920009E007800808F500004003E00808A2000F6
:10F930001E004000AE409000014878000080FA00B0
:10F94000000006000600FA00000F7800110798007A
:10F9500022079800F01F20009E007800808F500042
:10F9600015003E001E0078006101B8002E009000D6
:10F970008000EB000201400083814800002020004D
:10F9800001002000800F5100818F590003003600D4
:10F99000002020001E00500020079800808A2000D0
:10F9A0001E0040002E019000800078001E00900094
:10F9B00007DD070001003700000000000080FA00AA
:10F9C000000006000600FA00000F780011079800FA
:10F9D00022079800F01F20009E007800808F5000C2
:10F9E00014003E001E0078006101B8002E00900057
:10F9F0008000EB00020140008381480000202000CD
:10FA000001002000800F5100818F59000300360053
:10FA1000002020001E00500020079800808A20004F
:10FA20001E0040002E0190009E009000E8DC0700C0
:10FA300001003700000000000080FA00000006000E
:10FA40000000FA008AC8BF000004A2000004E00021
:10FA500006003A0001202000808A2000B0FE070046
:10FA600061448000810F500002003200100020002D
:10FA7000010037000000EB00004078000080FA0031
:10FA8000000006000200FA003CFF0700004F78006B
:10FA90001E4078000004E000040032000210200044
:10FAA000818A200080AA2000C9DC07001E4078005F
:10FAB0000080FA00000006000000FA000B000700BA
:10FAC0000004E0000200320010C0B300050037005F
:10FAD0000210200081AA2000808A2000BCDC0700E0
:10FAE000140007000080FA00000006000000FA0081
:10FAF0008AC8BF000004A2000004E0000200320037
:10FB00000040EB00090037000210200081AA20000D
:10FB1000808A2000A0DC070000F0A7000000EA00B7
:10FB20000000E9004F00DE00004078000080FA008D
:10FB3000000006009602FA006000B800108F9A00DC
:10FB4000218F9A00124480002344800000002A0084
:10FB500001002000800F5100818F590003003A00FE
:10FB600000402A00010020000200370000002A00A7
:10FB700001002000200798003107980030448000E1
:10FB80004144800061004000E08048004007980048
:10FB90005107980001202000808A200060FE0700A5
:10FBA0006007980050052000A10A20004A020700C3
:10FBB0002E009000BE0090006C0207000004A2001E
:10FBC0000004E00003003200480207000040EB00A0
:10FBD000B10037000000EB00000F78007F00370015
:10FBE0000000EB0010079800680037001E00780046
:10FBF000C600DD001E0090000080400000004000B4
:10FC0000700798007E009000EF0F50003D003E000E
:10FC10007E009000E40F50001A003200E40F500004
:10FC200005003E000000E00008003200E20F500036
:10FC30000D0032002C003700E60F50001B00320090
:10FC4000E80F500020003200270037001E0090000F
:10FC5000000040000000470072004000315C2A00B4
:10FC60000108780046003700CE0090001E0090008A
:10FC700000004000000047007200400001087800CA
:10FC80003F0037004E009000DE0090004008DE008C
:10FC9000800078001E009000000040000000470037
:10FCA0007200400001087800350037001E00900007
:10FCB00000004000000047007200400001202000CA
:10FCC000010878002E0037001E0090000000400060
:10FCD0000000470072004000EE009000010878002C
:10FCE00000000000260037001E00900000004000C9
:10FCF00000004700720040008080EB00010878009F
:10FD00001F0037007E00900070005000000F980028
:10FD10008E089000F01F2000808F500012003E00DF
:10FD2000818A20000E08900000804000104078007A
:10FD30008080FB000E0890000000E800828A20000E
:10FD4000624078000080FB004800DD008100700008
:10FD50001E009000000040000000470072004000BC
:10FD600001087800060037001E00900000004000E7
:10FD700000004700720040008080EB00010878001E
:10FD80001E0090000000E800100798009E00900000
:10FD9000F0032000808F500094FF36001E00780092
:10FDA0004700DD006101B8002E009000BE00900009
:10FDB0000200400083804800720147003C020700B7
:10FDC0000004A2000004E00003003200C7010700A5
:10FDD0000040EB00300037001E0FE8001E007800E6
:10FDE000E40F50007EFF3600C001070021292000EB
:10FDF0008E804000200920000E0040008101780024
:10FE0000000178002E009000BE009000FDFD07006C
:10FE10000004A2000004E000020032000040EB00F9
:10FE20001D0037001E899200AE8992004E0090009E
:10FE3000DE009000800F5100818F590007003A00CA
:10FE4000200920000E00400002202000818A2000AE
:10FE5000D1DB07000000E000020032000040EB00B0
:10FE60000D0037002E019000BE0190001244880062
:10FE7000234488004E019000DE0190003244880047
:10FE80004344880010C0B3008AE8B700EE01900038
:10FE90006344880010C0B3000080FA000000060030
:10FEA0000000FA000084200081BA200011009800B0
:10FEB0000084200081BA200001087800008420001E
:10FEC000A00090000110A0002100980000842000F4
:10FED000A00090000100A1002100980000842000F3
:10FEE0008040EB0061409800F0312000A0108800B5
:10FEF00000002800B01088001822EF008A40A900F6
:10FF00008A20A9009A40A8009A20A8000080FA0040
:10FF1000000006000200FA0000842000E04090008B
:10FF2000014F78001E4078000080FA0000000600B3
:10FF30000000FA00604280006600400060428800D5
:10FF40004AC8BF000040E9004AE8B7004AC8BF00FD
:10FF50000004E00003003A00400020004042880016
:10FF60000200370010002000404288000080FA00A4
:10FF7000000006000200FA00000F78001642A800F8
:10FF800070428000200090000000E000030032007A
:10FF900070428000200090001E0878004828EF0082
:10FFA0000080FA00000006000800FA00000F780048
:10FFB000214798002207980033079800008420000A
:10FFC00020009000610060000000E0000A003A009C
:10FFD000AE0190002E4190009E00780060BC200091
:10FFE000770007003E01900061BC200010C0B30004
:10FFF0001F000700030037003E0090008000EB0068
:020000040001F9
:10000000010878000080FA00000006000800FA00ED
:10001000000F7800214798002207980033079800C6
:100020000084200020009000610060000000E000DB
:100030000A003A00AE0190002E4190009E00780028
:1000400000BC2000460007003E01900001BC2000DB
:1000500010C0B30006000700030037003E00900008
:100060008000EB00010878000080FA000000060024
:100070000600FA00004F7800110798002207980048
:100080000084200020009000610060000000E0007B
:100090002E003A002E009000110020000108780088
:1000A00000842000100078009E009000110098004D
:1000B00000842000100078001E4878000084200092
:1000C00010007800AE00900021009800008420000D
:1000D00010007800E600400000842000010878004D
:1000E000008420009000780000BC2000808F500029
:1000F00003003A000084200081BA20000108780043
:1001000000842000A00090000110A10021009800B0
:1001100000842000900090000084200010007800EF
:10012000808F500004003A0000842000A00090005E
:100130000100A00021009800404280000000E00083
:1001400005003A008A40A800030037002E00900006
:100150008000EB00010878000080FA000000060033
:100160000800FA00000F7800110798004247980035
:10017000330798003E0090000000400080007800A7
:100180001E007800010878001E007800100078003A
:10019000800078000100A0001E00780001087800AF
:1001A0001E007800CE409000214098001E0078008C
:1001B0009E009000210098000080FA0000000600D8
:1001C0000800FA00000F78001107980042479800D5
:1001D000330798003E009000000040008000780047
:1001E0001E007800010878001E007800CE409000C4
:1001F000214098001E0078009E0090002100980089
:100200000080FA00000006000000FA0000842000D0
:10021000200090006200600000F0A7000000EA00EB
:100220000000EA004F00DE00004078000080FA0085
:10023000000006000000FA0000842000200090006A
:100240006100600000F0A7000000EA000000EA0082
:100250004F00DE00004078000080FA000000060039
:100260000000FA0000002800301088000822EF008B
:1002700000052000250007000000EB001D0007001E
:100280005828EF000000EB00060007000000EB001C
:100290000A0007008600A9009600A8000080FA0066
:1002A000000006000200FA00000F78009E007800AF
:1002B000E14288000080FA00000006000200FA0017
:1002C000000F78009E007800D14288000080FA007C
:1002D000000006000000FA00E04280000080FA0002
:1002E000000006000000FA00D04280000080FA0002
:1002F000000006000200FA00000F78009E0078005F
:10030000611088000080FA00000006000200FA0078
:10031000000F7800F00720009E007800808F5000CA
:10032000020036000742A800010037000742A9007A
:100330005828EF009E007800511088000080FA00D5
:10034000000006000200FA00000F78001E0078008E
:10035000E10F500012003200E10F5000030039009D
:10036000E20F500015003200570037005043800064
:1003700081AA2000810040000000E800504388006E
:1003800001007800C7FF070051438000F00F2000F4
:10039000808F5000470036006A28EF004A0037007F
:1003A0006C28EF0010C0B30093E8B7006868EF0056
:1003B00020892000C1FF07004300370093C8BF0019
:1003C0000004E0001C003200604380000000E000F8
:1003D00008003A0092C8BF000080FB004800DD0022
:1003E00050438800604380000000E80060438800BC
:1003F0000A00370060438000E10F500007003A0018
:1004000092C8BF008080FB00504380000100700054
:10041000504388006C28EF009368EF005143800040
:10042000F00F2000808F50002400360000102000C4
:10043000504388002400370068C8BF000004E00073
:1004400002003A005043800020438800514380005E
:10045000F0072000808F50000A00360050438000D3
:10046000228920001241780081AA20008270780041
:1004700068C8BF000004E00002003A00504380005A
:1004800020438800504380000000E800504388006B
:1004900068C8BF000040E80068E8B700514380002A
:1004A000F00F2000808F5000060036006A28EF0011
:1004B00005003700000000000300370000000000C6
:1004C000010037000000000010C0B3000080FA00F7
:1004D000000006000000FE0042C220000019780063
:1004E00001097800000006000000FE000000EB009B
:1004F0008000EB00F8FF07006627EF000000060011
:100500000000FE00801F7800811F780041C220009B
:100510000600FC0031007800303B880011007800B4
:10052000303B880061E7A8000000000000000000E8
:10053000CF0078004F007800000006009201800094
:10054000910188009080BA001000BA0092018800E2
:100550000000060092018000910188001000BA009E
:1005600092018800000006000000FE0061E7AF0075
:10057000FEFF3700F23F2000000161000C003A004E
:1005800022042400023B880092018000910188002F
:100590000008BB00828202000000000061E7AF009B
:1005A000FEFF3700920188001000200061A7AF0015
:1005B000000020000000060061E7AF00FEFF3700EA
:1005C0000000A7000D003700940180009101880011
:1005D00031002400013B88000208BB000388BB00F7
:1005E000828202000000000061E7AF00FEFF3700DA
:1005F000940188001000200061A7AF0000002000D7
:100600000000060061E7AF00FEFF37000000A70012
:100610000E00370033002400033B88009301800064
:10062000910188000208BB00F20F20000288BB0085
:10063000828202000000000061E7AF00FEFF370089
:10064000930188001000200061A7AF000000200087
:100650000000060061E7AF00FEFF3700F30720004F
:100660008081610010003A0013002400033B8800E1
:100670009301800091018800040420003208BB002F
:100680003298BB001400B100FCFF3A0082820200E5
:100690000000000061E7AF00FEFF37009301880013
:1006A0001000200061A7AF0000002000000006003D
:1006B00061E7AF00FEFF3700F30720008081610093
:1006C00011003A0013002400033B880093018000CE
:1006D0009101880004042000F10F20003208BB00C3
:1006E0000198BB001400B100FCFF3A0082820200B6
:1006F0000000000061E7AF00FEFF370093018800B3
:100700001000200061A7AF000000200000000600DC
:10071000F23F2000000061000000060002C02F0030
:1007200000006100F2FF2F00810061000000060060
:100730002600FA00889FBE00600F9800710F980095
:100740000217980013179800241798006E0890005D
:10075000CF80DE009DD40700400798005107980025
:100760007E089000CF80DE0098D4070060079800D4
:10077000710798000E109000CF80DE0093D4070020
:10078000000F9800110F98000E0990009E0990002C
:100790006E009000FE00900007D7070002EE2200D6
:1007A000532624009CD50700200F9800310F980095
:1007B0006E019000FE0190006E009000FE0090001F
:1007C00095D507000004BE000E0990009E09900018
:1007D0000E0890009E0890008FD507000001BE0013
:1007E0000800BE00A7D40700E1D807004E01900022
:1007F000DE0190000202BE0005F0A2000001BE0072
:100800000400BE00ECD6070002EE220053262400AE
:1008100081D50700400F9800510F980012B62000B4
:10082000632324002E089000BE0890007AD50700AC
:100830007CD80700008FBE0012B62000632324007E
:100840004E089000DE08900073D5070075D80700A9
:100850002007980031079800F0FF210001002000D8
:100860001E01BE00800F5100818F5900030034002B
:10087000F0FF210001002000008FBE0000002E00CC
:10088000F1FF2F001E01BE00800F5100818F590023
:1008900003003D0000002E00F1FF2F00008FBE007E
:1008A0002E019000BE019000F0FF21000100200009
:1008B000800F5100818F590004003400F0FF2100A7
:1008C0000100200020079800310798002E019000B9
:1008D000BE01900000002E00F1FF2F00800F51009C
:1008E000818F590004003D0000002E00F1FF2F0011
:1008F00020079800310798002E009000BE0090005D
:1009000060001000E0801800200798003107980070
:10091000AE0090001E109000010878009E00780044
:100920002E109000010878004F04BE000080FA00ED
:10093000000006000000FA000621EF0030422F0000
:1009400060088800000328008008880084E0A9006F
:1009500094E0A800A0C220008040EB00014878008D
:100960000080FA00000006000000FA002104800068
:1009700000102000008060000000E000090032004C
:10098000B0C22000104078008040E800B0C22000D3
:1009900001487800A0C2200011C0B30001487800CF
:1009A0008500A9000080FA00000006000400FA009B
:1009B000008FBE001E007800600888001E00BE0088
:1009C0004008DE0000007800700888000080FA000F
:1009D000000006000400FA000080EB008080EB00BD
:1009E000008FBE00700880008000EB00C001DD00B9
:1009F00002002000600880008000EB00001F7100F2
:100A0000019771001E00BE000080FA000000060081
:100A10000400FA00008FBE001E00BE004008DE0089
:100A200000007800400888001E0078003008880028
:100A30000080FA00000006000800FA000080EB00C9
:100A40008080EB00008FBE003108800021079800F5
:100A500041088000310798003E0090008000EB00C4
:100A6000C001DD00020020002E0090008000EB009D
:100A7000001F7100019771001E00BE000080FA0087
:100A8000000006000000FA00A0C220008040EB0039
:100A90000148780011E1A8000080FA00000006007B
:100AA0000000FA0011E1A9000080FA000000060031
:100AB0000200FA00A0C22000104F78001E4078000B
:100AC0000004E00003003200A0C220008040EB00E0
:100AD000014878001E4078000080FA0000000600FF
:100AE0000000FA00B0C22000104078000080FB0037
:100AF0000080FA00000006000000FA00B0C22000EA
:100B00008040EB00014878000080FA0000000600F9
:100B10000000FA001821EF00400F2000E0088800D4
:100B20001421EF00F03F2200D00888008000280048
:100B3000F00888001FE1A9006000B8001D00070050
:100B40008780A9009780A8000080FA0000000600B6
:100B50000400FA00008FBE001E007800D008880054
:100B60001E00BE004008DE0000007800E00888009B
:100B70000080FA00000006000400FA000080EB008C
:100B80008080EB00008FBE00E00880008000EB005A
:100B9000C001DD0002002000D00880008000EB00D2
:100BA000001F7100019771001E00BE000080FA0056
:100BB000000006000400FA00008FBE001E00BE0008
:100BC0004008DE0000007800B00888001E007800B1
:100BD000A00888000080FA00000006000800FA0063
:100BE0000080EB008080EB00008FBE00A108800039
:100BF00021079800B1088000310798003E0090005E
:100C00008000EB00C001DD00020020002E009000FB
:100C10008000EB00001F7100019771001E00BE00F4
:100C20000080FA00000006000000FA000080FA00D0
:100C3000000006000200FA00000F78009780A9006B
:100C40009E007800014588009780A8000080FA0087
:100C5000000006000000FA00C0C220008040EB0047
:100C6000014878001FE1A8000080FA00000006009B
:100C70000000FA001FE1A9009780A9000080FA0097
:100C8000000006000200FA00C0C22000104F7800E9
:100C90001E4078000004E00003003200C0C22000C3
:100CA0008040EB00014878001E4078000080FA0088
:100CB000000006000000FA00D0C2200010407800BA
:100CC0000080FB000080FA00000006000000FA002F
:100CD000D0C220008040EB00014878000080FA007C
:100CE000000006008E080000040000000000000064
:100CF0009A08000002000000000000009C080000AC
:100D00000200000000000000280C000002000000AB
:100D1000000000009E08000002000000000000002B
:100D20002A0C000002000000000000002C0C000053
:100D30000200000000000000A00800000200000007
:100D400000000000A80B00002400000000000000CC
:100D5000400800001800000000000000A80A000081
:100D6000000100000000000058080000180000000A
:100D700000000000920800000400000002000000D3
:100D8000AA01010000000000A2080000020000000B
:100D90000200000019000000240800001C000000F0
:100DA0000000000000080000240000000000000017
:100DB000700800001200000000000000CC0B0000D2
:100DC0002000000000000000A40800000200000055
:100DD000000000000C0C00001000000002000000E9
:100DE000B024EA0024F82400FE246400256A2500CB
:100DF00004252200250000001C0C00000800000053
:100E00000000000096080000040000000000000040
:100E1000A808000000020000000000008208000096
:100E20000C00000000000000240C00000400000082
:100E300002000000FFFFFF00FF000000EC0B0000BD
:100E400020000000020000003863ED003EDA0F00D1
:100E5000493F5E00987B3F00DA0FC9003F693700C9
:100E6000AC31680021223300B40F14003368210034
:100E7000A23300002E0C0000020000000000000061
:100E8000A6080000020000000000000000000000B2
:100E90000000FA00A468EF00A568EF000080FA00E7
:100EA000000006000400FA0020479800314798002F
:100EB000A4C8BF000040E800674F6000A5C8BF009D
:100EC0009E40780080CF500003003A007C08A900C3
:100ED0000040EB001E0037000E00E8000001780023
:100EE000BE4090002E409000B60107000004A20012
:100EF0000004E000020032000040EB001400370064
:100F0000A4C8BF000080FB009E4090008180FB00D1
:100F10004201DD00C0BC2000000041000108780053
:100F2000A4C8BF000080FB00C200DD00E0BC2000C0
:100F300000804000BE409000014878009E4078004C
:100F4000428A2000014978007C08A80010C0B30044
:100F50000080FA00000006000200FA00000F78008E
:100F6000518A200091407800A4C8BF0080CF500073
:100F700003003A007C08A9000040EB001C00370089
:100F8000A5C8BF000080FB00C200DD00C0BC20007F
:100F900000804000900078001E0078000108780072
:100FA000A5C8BF000080FB004200DD008080E80093
:100FB000C0BC200000804000904078001E007800F7
:100FC00021409800A5C8BF000040E80067406000CD
:100FD000A5E8B700518A200091407800A4C8BF005E
:100FE00080CF500001003A007C08A90010C0B30077
:100FF0000080FA00000006000000FA00518A20007C
:1010000091407800A4C8BF0000C068000080FB00C9
:101010000000E9004F00DE00004078000080FA0088
:10102000000006000000FA000021EF000000280088
:10103000100888000002280020088800F044800082
:101040000000E00002003A00A0862800240007000B
:101050008460A9009460A80080C220008040EB005A
:10106000014878000080FA00000006000200FA0043
:10107000000F78009E0078001108880080C22000D0
:101080008040EB00014878000080FA000000060074
:101090000000FA00100880000080FA00000006003E
:1010A0000200FA00000F78009E0078000108880016
:1010B00080C220008040EB00014878000080FA00E8
:1010C000000006000000FA00000880000080FA001E
:1010D000000006000000FA000080FA000000060090
:1010E0000200FA00000F78009460A9009E007800CA
:1010F000F14488009460A8000080FA000000060017
:101100000000FA0080C220008040EB000148780017
:101110009460A80005E1A8000080FA000000060025
:101120000000FA0005E1A9009460A9000080FA001F
:10113000000006000200FA0080C22000104F780074
:101140001E4078000004E0000300320080C220004E
:101150008040EB00014878001E4078000080FA00D3
:10116000000006000000FA0090C220001040780045
:101170000080FB000080FA00000006000000FA007A
:1011800090C220008040EB00014878000080FA0007
:10119000000006000000FA00800020000011880016
:1011A0002222EF00200220004011880021E2A80046
:1011B0002342A8000080FA00000006000000FA00A8
:1011C0000000000010118000610060000000E000DD
:1011D000FCFF320010118000620060000000E0009F
:1011E000010032002222A900301180000040780066
:1011F0000080FA00000006000200FA00004F7800AC
:10120000000000001111800000202000008060001C
:101210000000E000FBFF3A001E80FB002011880068
:101220000080FA00000006000000FA0010118000A3
:1012300000407800614060000080FB0000F0A700E3
:101240000000EA000000EA004F00DE0000407800E5
:101250000080FA00000006000000FA001111800072
:1012600000202000008060000000E00007003A003D
:101270001111800000402000008060000000E000AC
:101280000200320010002000010037000000EB00D7
:10129000004078000080FA00000006000000FA001C
:1012A000101180004800DE00614060000080FB00FB
:1012B00000F0A7000000EA000000EA004F00DE0096
:1012C000004078000080FA00000006000000FA00EC
:1012D000101180000080FA00000006000000FA00F3
:1012E00021E2A8002342A8000080FA0000000600C6
:1012F0000000FA0021E2A9002342A9000080FA00C0
:10130000000006000000FA00C422EF00CC22EF002B
:10131000D422EF007029200000168800F04E24002F
:1013200040168800103A200080168800C982A90063
:101330006820EF006A20EF006A00A8006AA0A800F9
:10134000C622EF00CE22EF00D622EF00F0FF2100F0
:1013500060198800113A8000F00B200000816000C5
:10136000600420007105200023742000804978006B
:10137000814978008249780051368000F00F2E00B4
:10138000808060000040210001007000503688001D
:10139000A136800000FE2F00008060003000B30006
:1013A000A03688002135800000FE2F0000806000FC
:1013B0005001B30020358800103A80000001780009
:1013C0000260A0006004200071052000237420004A
:1013D0008049780081497800824978006040A900FE
:1013E0006060A9006200A90020B528001000070075
:1013F0008660A9009660A8000080FA000000060040
:101400000000FA006040A8006060A90020B5280034
:10141000070007008660A9009660A8000080FA0017
:10142000000006000000FA000080FA00000006003C
:101430000200FA00000F78009660A9009E00780074
:10144000D14488009660A8000080FA0000000600E1
:101450000200FA00000F78001E007800F4FF070079
:101460000080FA00000006000000FA008021EF0072
:101470008221EF00E0002000200C8800200C80007A
:1014800000407800674060000080FB00E044880076
:101490000080FA00000006000000FA000080FA0058
:1014A000000006000000FA002004800064006000D4
:1014B0000000E00002003200F7FF07008440A900AE
:1014C0000080FA00000006000000FA00E0448000FE
:1014D00000407800674060000080FB00670060000B
:1014E000220C800081FF2F0081006100010070004C
:1014F000200C88000080FA00000006000000FA00BE
:10150000210C800080FF2F0000806000200C8800EC
:101510000080FA00000006000200FA00000F7800C8
:101520009E007800010C88000080FA000000060090
:101530000200FA00000F78009E007800110C88006D
:101540000080FA00000006000000FA00200480007D
:101550004200DE00614060000080FB0000F0A70058
:101560000000EA000000EA004F00DE0000407800C2
:101570000080FA00000006000400FA00100798003E
:101580001E0090000000E0000A003A00200C8000DD
:101590004400DE00614060000080FB0000F0A70016
:1015A0000000EA000000EA004F00DE00004F780073
:1015B00001003700000000001E4078000080FA00A3
:1015C000000006000600FA00204798003147980006
:1015D000220798000040EB00004F78001100370010
:1015E0001E80FB00E1482D00E14078002E40900075
:1015F00080CF50000A003A001E80FB0061492D0098
:10160000E14078003E40900080CF500004003A0056
:101610002E0090001E48780010C0B300050037006F
:101620001E4FE8001E407800E74F5000ECFF3600E8
:101630000040EB000080FA00000006000600FA00FF
:10164000004F780011079800220798001E4078008C
:10165000E84F5000020036000040EB000B0037005E
:101660001E80FB00E1482D00E14078001E00900044
:10167000014878001E80FB0061492D00E1407800A0
:101680002E0090000148780010C0B3000080FA00DE
:10169000000006000000FA008660A9000080FA0041
:1016A000000006000000FA006000B80041FD0700DD
:1016B00068FD07006040A900F9FC07008780A900C9
:1016C0009780A80060B7280059FF070010C0B3003A
:1016D00070E8B70010C0B30071E8B7006060A80000
:1016E0008660A9000080FA00000006000000FA00F1
:1016F0005FFD070039FD0700A0438800B143880063
:101700006060A90020B5280049FF070010C0B300A1
:1017100072E8B70010C0B30070E8B7006040A800DE
:101720008780A9009780A9008660A9000080FA0040
:10173000000006000000FA0010C0B3007AE8B7000D
:101740008660A9000080FA00000006000000FA0090
:1017500061058000F0FF28000080600000C0A0004C
:10176000600588006105800080FF2F000080600018
:101770000000A00060058800E1058000F08F2F00C8
:10178000008060000090A000E005880081058000D6
:10179000F0FF28000080600000C0A00080058800E5
:1017A0009105800080FF2F00008060000000A000F5
:1017B0009005880021058000F0FF2800008060006F
:1017C00000C0A000200588000080FA00000006008C
:1017D0000600FA0010079800210798009E0090006C
:1017E000010F78001E007800804078002E009000E5
:1017F000014878002E0090000000E8009E0078006C
:10180000C808DE0081407800014878000080FA00B6
:10181000000006000200FA00000F78001E007800A9
:10182000104078008080FB001E00E8001040780027
:101830000080FB004800DD00010070000080FA001D
:10184000000006000000FA0000102300203A880083
:101850004827EF007027EF007227EF007427EF0092
:101860002200200080072000A109200033742000FE
:101870008049780081497800824978000001EB00B6
:101880006004200071052000237420008049780046
:1018900081497800824978000080FA000000060043
:1018A0000000FA0097FE0700C142A900C542A80047
:1018B000003A8000610060000000E00002003A0091
:1018C000D022A900D422A800DEFF07009FFF070056
:1018D0008FFC070017FC070071F9070060FA07008A
:1018E000D0FD07000080FA0000000600F03FB100C4
:1018F0000180B10006003500EE0309000000000081
:10190000403FB1000180B100FBFF3D001000B0007E
:10191000203FB000020035000080090000000000F8
:10192000000006000000FA000080FA000000060037
:00000001FF
