:10000000B0260400000000000026000004260000C6
:10001000082600000C260000102600000026000024
:10002000002600000026000014260000182600000C
:100030001C260000202600000026000024260000C8
:10004000282600002C260000302600003426000060
:10005000382600003C260000402600004426000010
:100060000026000000260000482600004C26000064
:1000700050260000542600005826000000260000EC
:100080000026000000260000002600005C2600007C
:100090006026000064260000682600006C26000030
:1000A0007026000074260000782600007C260000E0
:1000B0000026000000260000002600008026000028
:1000C0008426000088260000002600008C26000000
:1000D00000260000002600000026000090260000F8
:1000E00000260000002600000026000094260000E4
:1000F00098260000002600000026000000260000D0
:100100000026000000260000002600000026000057
:100110000026000000260000002600000026000047
:100120009C2600000026000000260000A0260000FB
:10013000A4260000A82600000026000000260000DB
:100140000026000000260000AC260000002600006B
:100150000026000000260000002600000026000007
:1001600000260000002600000026000000260000F7
:1001700000260000002600000026000000260000E7
:1001800000260000002600000026000000260000D7
:1001900000260000002600000026000000260000C7
:1001A00000260000002600000026000000260000B7
:1001B00000260000002600000026000000260000A7
:1001C0000026000000260000002600000026000097
:1001D0000026000000260000002600000026000087
:1001E0000026000000260000002600000026000077
:1001F0000026000000260000002600000026000067
:10020800C22C0000C22C0000C22C0000C22C00002E
:10021800C22C0000C22C0000C22C0000C22C00001E
:10022800C22C0000C22C0000C22C0000C22C00000E
:10023800C22C0000C22C0000C22C0000C22C0000FE
:10024800C22C0000C22C0000C22C0000C22C0000EE
:10025800C22C0000C22C0000C22C0000C22C0000DE
:10026800C22C0000C22C0000C22C0000C22C0000CE
:10027800C22C0000C22C0000C22C0000C22C0000BE
:10028800C22C0000C22C0000C22C0000C22C0000AE
:10029800C22C0000C22C0000C22C0000C22C00009E
:1002A800C22C0000C22C0000C22C0000C22C00008E
:1002B800C22C0000C22C0000C22C0000C22C00007E
:1002C800C22C0000C22C0000C22C0000C22C00006E
:1002D800C22C0000C22C0000C22C0000C22C00005E
:1002E800C22C0000C22C0000C22C0000C22C00004E
:1002F800C22C0000C22C0000C22C0000C22C00003E
:10030800C22C0000C22C0000C22C0000C22C00002D
:10031800C22C0000C22C0000C22C0000C22C00001D
:10032800C22C0000C22C0000C22C0000C22C00000D
:10033800C22C0000C22C0000C22C0000C22C0000FD
:04034800C22C0000C3
:104800000BDD000084F50000002400000000000023
:10481000FE9F000000000000B02604000000000021
:104820000000000002000000000000000200000084
:104830000200000004000000000000000000000072
:10484000000000000000FA009868EF009968EF008F
:104850000080FA00000006000400FA0020479800DB
:1048600098C8BF000040E800674F600099C8BF00CB
:104870009E40780080CF500002003A000040EB00DC
:104880000A00370098C8BF000080FB00E1C120008B
:104890002E419000827078001E41780081892000AE
:1048A000824878007E28A80010C0B3000080FA007B
:1048B000000006000200FA00918920009140780073
:1048C00098C8BF0080CF500003003A007E28A9009E
:1048D0000040EB001500370099C8BF000080FB00C6
:1048E000E1C12000614F780099C8BF000040E80096
:1048F0006740600099E8B7009189200091407800F6
:1049000098C8BF0080CF500001003A007E28A9005F
:104910001E80FB0080004000E0C0200000804000BE
:10492000100078000000010010C0B3000080FA0001
:10493000000006000000FA009189200091407800F4
:1049400098C8BF0000C068000080FB000000E900BC
:104950004F00DE00004078000080FA0000000600F2
:104960000200FA00A0B22000104F78001E80FB0069
:1049700061006000004078000004E00002003200A6
:10498000CC82A90001003700CC82A8001E80FB0069
:10499000620060000000E00002003200D442A90082
:1049A00001003700D442A8001E80FB0064006000B4
:1049B0000000E00002003200C502A900010037003B
:1049C000C502A80000B220001E4878000080FA004E
:1049D000000006000200FA00B0B22000104F78007C
:1049E000F0B120001E4878000080FA0000000600A8
:1049F0000000FA000080FA00000006000000FA0043
:104A00000080FA00000006000000FA0030B5200027
:104A10009040780060C5B30080CF500007003A0096
:104A200030B520008040EB0001487800CD82A9001D
:104A3000CDA2A800A0C0B30082E8B7000080FA00B1
:104A4000000006000000FA0082C8BF000004E00079
:104A50000700320040B5200090407800F0C2B3005B
:104A600080CF500002003A000000FE00FFFF370038
:104A700030B520008040EB000148780040B52000B0
:104A80008040EB0001487800CD82A900CDA2A800AB
:104A90000080FA00000006000000FA00CD82A800A5
:104AA000CDA2A90030B520008040EB00014878007D
:104AB00040B520008040EB00014878008268EF009C
:104AC0000080FA00000006000000FA000080FA00F2
:104AD000000006000000FA000080FA000000060056
:104AE0000000FA002D000700020007000080FA0015
:104AF000000006000000FA0090B2200011C0B300D0
:104B00000148780080B2200031C0B300014878002D
:104B100070B220008040EB000148780040B22000D5
:104B20008040EB000148780030B2200041CFB30054
:104B30000148780020B2200041C2B300014878004B
:104B400010B220008040EB0001487800E0B1200066
:104B50008040EB0001487800D0B120008040EB009D
:104B600001487800C0B120008040EB000148780087
:104B7000B0B120008040EB0001487800A0B12000D7
:104B80008040EB000148780090B120008040EB00AD
:104B9000014878000080FA00000006000200FA00D8
:104BA0000000EB00000F780005003700A0AA2000ED
:104BB0001E0040008040EB00014878001E0FE80016
:104BC000F00F20009E007800808F5000F7FF360025
:104BD0000080FA0000000600809FBE00EC805700B5
:104BE00031007800804488001100780092E8B70016
:0C4BF0004F00BE0000000600FFFF370071
:104C0000C22C040000000000002604000000000088
:104C10000026040000000000002604000000000040
:104C20000026040000000000002604000000000030
:104C30000026040000000000002604000000000020
:104C4000D22704000000000000260400000000003D
:104C500000260400000000000828040000000000F6
:104C600000260400000000000026040000000000F0
:104C70000026040000000000122C040000000000C8
:104C800000260400000000000026040000000000D0
:104C90008E2A04000000000000260400000000002E
:104CA0000026040000000000A4270400000000000B
:104CB00000260400000000000026040000000000A0
:104CC0000026040000000000002604000000000090
:104CD0001828040000000000002604000000000066
:104CE0000026040000000000002604000000000070
:104CF0000026040000000000002604000000000060
:104D0000002604000000000000260400000000004F
:104D1000002604000000000000260400000000003F
:104D2000002604000000000000260400000000002F
:104D30003E280400000000000026040000000000DF
:104D4000002604000000000000260400000000000F
:104D500000260400000000000026040000000000FF
:104D60002FC320000E7F22000E01880000000000EB
:104D7000000020000000E0000200320000012000DE
:104D80002002880014000700000307000000E00074
:104D900003003A00A0C127000100200002003700F4
:104DA0000000200001002000810F7000010032008F
:104DB00014000700000020000000E00002003200A4
:104DC00000000200000000006A680200000000000D
:104DD0000040DA000000FE004440A900403F2100EE
:104DE0000000E0000300320000002000A001880065
:104DF0004440A800000006008A1F78008B1F78003E
:104E00000000060091018800800478000000EB009B
:104E10001A003700E284440032A0B4009905BA00B9
:104E2000E284440032A0B4009906BA00E28444004F
:104E300032A0B4000006EB00476FDE00FD07B200B1
:104E4000636CE10003003A00EBFF07000000EB0099
:104E50000A003700606CE10004003A00005DEB00DE
:104E60008B05E900FDFF3E00040037006168E100AA
:104E7000010032000086EB000B00070019C7BA00E2
:104E80001905BA000E04E00003003A000A00E00031
:104E9000E0FF3A0000000600FE07B2009E01880015
:104EA0008A047800F5FF3700395DBA008B05E90008
:104EB0000C003200295DBA008B05E90008003200C1
:104EC0000C00E00003003A00E284440032A0B40089
:104ED000F5FF370019DDBA008B05E900FAFF3A004B
:104EE0008904E800E184440032A0B4000000060018
:104EF00000000000000000000000000000000000B2
:104F000000000000000000000000000000000000A1
:104F10000000000000000000000000000000000091
:104F20000000000000000000000000000000000081
:104F30000000000000000000000000000000000071
:104F400000000000000000003600F800809FBE0056
:104F5000829FBE00849FBE00869FBE000000FA00B4
:104F600030048000680060000000E00006003200AD
:104F7000E04480000000E00002003200E0448000D5
:104F8000000001008660A9000080FA004F03BE0007
:104F90004F02BE004F01BE004F00BE003600F900B8
:104FA000004006003600F800809FBE00829FBE00D1
:104FB000849FBE00869FBE000000FA00004580006E
:104FC0000000E00002003200004580000000010007
:104FD000B0C22000104078008040E800B0C220003D
:104FE00001487800A0C2200011C0B3000148780039
:104FF0008460A9000080FA004F03BE004F02BE008B
:105000004F01BE004F00BE003600F9000040060010
:10501000801F78000000FA0010C0B3007BE8B700E2
:1050200084E0A9000080FA004F00780000400600EC
:105030003600F800809FBE00829FBE00849FBE00A5
:10504000869FBE000000FA0010C0B3007AE8B700E7
:10505000DB2907006000B800AA2907008780A900A3
:105060000080FA004F03BE004F02BE004F01BE0099
:105070004F00BE003600F900004006003600F80080
:10508000809FBE00829FBE00849FBE00869FBE00A0
:105090000000FA008A40A900C1108000000820002A
:1050A000008060000000E0000800320018E2A90063
:1050B0004A28EF0080428000200090008000EB0032
:1050C000010878005028EF000D01370050428000A1
:1050D0008000EB00B200200003002000820F50008F
:1050E000838F5800FC003E00006001000B00370079
:1050F00039003700750037009C003700F300370097
:10510000C8003700D9003700F0003700DB00370057
:10511000F1003700340037005000370020842000B1
:1051200020009000620060000000E000F3003A0000
:1051300020842000100090008042880020842000FD
:1051400010009000104078004CE8B7002084200048
:105150001000900010009000704288002084200011
:1051600010009000E600400020842000110098000C
:10517000208420009000900020BC2000808F5000F0
:1051800003003A0020842000A1BA200011009800FA
:1051900020842000A00090000100A10021009800C0
:1051A00020842000900090002084200010007800CF
:1051B000808F500004003A0020842000A00090005E
:1051C0000110A000210098001602A8002000200075
:1051D00050428800CA0037001622A8002000200094
:1051E00050428800C6003700C1108000000028002F
:1051F000008060000000E0000800320020842000F1
:10520000604090008040E8002084200061409800C9
:10521000400020002B260700B90037009042800094
:105220008000D100F00F2000008060009010880006
:105230009042800061006000004078000004E000BF
:1052400003003200B000200050428800AC0037005C
:105250003000200050428800A9003700C1108000B3
:1052600000002800008060000000E000080032001C
:1052700020842000604090008040E80020842000CE
:1052800061409800400020000E2607009C00370077
:105290001622A800904280004800DE00E600600070
:1052A000000F2000010070009042880090428000B2
:1052B0000000A0009042880010C0B30054E8B7007E
:1052C00020002000504288008D00370054C8BF00E5
:1052D000E14F50000A003200704280001000780058
:1052E000904288007042800020009000B042880008
:1052F000704280002040900058E8B700010037005D
:105300005468EF0091428000F00F2000808F500021
:1053100009003600904280004800DE00E600600090
:10532000000F20000100700090108800A0002000F5
:105330005042880072003700904280009010880030
:105340009042800061006000004078000004E000AE
:1053500003003200500020005042880068003700EF
:10536000300020005042880065003700C1108000E6
:1053700000002800008060000000E000090032000A
:1053800020842000604090008040E80020842000BD
:105390006140980019E2A90050002000C9250700CB
:1053A0005700370058C8BF008080FB008100E9002B
:1053B000CF08DE00814078000040E90058E8B700DF
:1053C0000104E000100032007042800066004000DE
:1053D000704288004CC8BF000040E9004CE8B700AC
:1053E0004CC8BF000004E00003003A002000200089
:1053F000B4250700420037001622A8002000200034
:10540000504288003E003700B04280009040780053
:105410008180FB00911088000000E800B042880005
:1054200037003700C11080000000280000806000B5
:105430000000E0000900320020842000604090005D
:105440008040E80020842000614098004000200057
:105450009C25070019E2A900290037001662A80060
:105460008000200050428800250037008000200086
:10547000504288001662A80021003700B042800028
:105480008110800081407800014878000000E80029
:10549000B042880058C8BF000040E90058E8B70093
:1054A00058C8BF000004E0000400320016A2A900A2
:1054B00060002000504288000200370016A2A800B9
:1054C0006F2507001682A8000D003700200020007D
:1054D0007C2507000A0037002084200060409000EF
:1054E0008040E80020842000614098006000200097
:1054F00074250700000000000100370000000000D4
:105500000080FA004F03BE004F02BE004F01BE00F4
:105510004F00BE003600F900004006003600F800DB
:10552000809FBE00829FBE00849FBE00869FBE00FB
:105530000200FA00D0428000E20F500088003200E2
:10554000E20F500003003900E30F500077003200F3
:10555000950037003110800000402000008060007E
:105560000000E00005003A00411080000002200029
:10557000008060000000E0000A003200311080006E
:1055800000082000008060000000E00024003200DD
:105590004110800000202000008060000000E0003A
:1055A0001F00320040108000640060000000E00036
:1055B0000C003A001000200036260700E042800070
:1055C0000000E00004003200E04280000110800092
:1055D000814078000148780010002000D042880007
:1055E0003600370000108000004F78000000EB000C
:1055F00028260700F04280000000E000050032008D
:10560000F0428000104078000080FB0010108800FD
:105610000782A80020002000D04288002700370021
:105620003110800000402000008060000000E00099
:105630002200320041108000000220000080600043
:105640000000E0001D003A0040108000640060008F
:105650000000E00004003A007068EF003000200015
:10566000D04288001300370070C8BF000004E0007B
:105670000D0032000000EB0006260700F04280001B
:105680000000E00005003200F04280001040780089
:105690000080FB00101088000782A8002000200076
:1056A000D0428800030037007068EF00300020000F
:1056B000D042880000108000004F7800D042800067
:1056C000E10F500039003A00411080000002200034
:1056D000008060000000E0003600320041108000D1
:1056E00000042000008060000000E0000B003A0091
:1056F000E04280000000E00004003200E042800050
:1057000001108000814078000148780020002000CE
:10571000E025070096E8B700290037000010800058
:10572000004F780008C2A900250037003000200093
:10573000D825070096E8B70010C0B30070E8B7009E
:1057400096C8BF000004E000020032000010800094
:10575000004F780010002000D04288001800370069
:105760004110800000002800008060000000E00080
:105770000B003A000000EB00C6250700F042800055
:105780000000E0000D003200F04280001040780080
:105790000080FB00101088000782A8000800370076
:1057A0005A28EF0006003700FFFF37000000000016
:1057B0000300370000000000010037000000000077
:1057C0008600A90040108000700060000000E0002A
:1057D00004003A0040108000680060000000E00013
:1057E000090032006AC8BF000004E0000600320071
:1057F000A18620009140780030438000004078006E
:105800007C2807006A68EF000080FA004F03BE00A2
:105810004F02BE004F01BE004F00BE003600F9002F
:10582000004006003600F800809FBE00829FBE0048
:10583000849FBE00869FBE000600FA008560A90016
:105840004000370030118000404798003EC8BF003C
:105850000004E0000D003A004E409000E94F500077
:105860000A0032003FC8BF000004A2000004E000AC
:10587000310032004E4190000184200082487800BF
:1058800010C0B3003FE8B7002E0037003EC8BF008D
:105890000040E8003EE8B7003EC8BF00EA4F5000B5
:1058A000270036003E68EF0090C0B300B71A07002B
:1058B0000040EB00004F7800030037000040EB0091
:1058C000B21A07001E4FE8001E407800E94F500052
:1058D000FAFF360010C0B300AC1A07000000EB005E
:1058E0001007980007003700000A20000100200080
:1058F000D22A07000060FE001E0090000000E800B1
:1059000010079800392907000004A2000004E000F5
:10591000040032009E009000F0702200808F500042
:10592000F1FF360000D0270001002000C32A070045
:105930000000FE00030037000000000001003700F7
:105940000000000010118000610060000000E00015
:10595000BCFF3A0010118000620060000000E0000F
:10596000010032002222A9000080FA004F03BE008D
:105970004F02BE004F01BE004F00BE003600F900CE
:10598000004006000040DA000000FE0000000500B4
:10599000839F68000100E00002003D0060001000ED
:1059A000E08018000300E00002003D0060011100EB
:1059B000E0811900170007004F00E00002003B00E3
:1059C00060001000E0801800000006004F89DE0033
:1059D0008201780012023700811F78000100E00088
:1059E00002003D0060001000E08018000300E000AD
:1059F00002003D0060011100E08119001500070060
:105A00004F00E00002003B0060001000E080180042
:105A1000000006006022B800060220000000D0004E
:105A20008180D2000482D2008582D2000000A000D2
:105A30000202520083825A00030031000202420037
:105A400083824A000000A1000603E900F3FF3A0048
:105A500000000600EFFF07000400BE000000060083
:105A600007F82700078361000638E10004003A00C8
:105A7000F7072000878361008703710001003A0067
:105A800003F0A200889FBE008A9FBE008C9FBE00CC
:105A9000470ADE000480A100C71ADE000580A100CD
:105AA000070028000785600087856100F70F200048
:105AB0000720E1009E0032000728E1009C00320030
:105AC000010678000400E000B4003200F70720006F
:105AD000878060000170A0000500E000C000320077
:105AE000F7072000878161000370A00005065200BF
:105AF0000F003A000B50E1000B0032000308E100F8
:105B000002003A000200E1007E0032000204500070
:105B100083845800040031000001FD008101FD0074
:105B20008402FD008A05FD006044B80021003700B2
:105B30000520E10005003D000001FD008101FD00A0
:105B40008402FD008A05FD00050652007A60E1002E
:105B5000050035000170A1004722DD00848070003F
:105B60008A807000630037006044B800EF0266006E
:105B700007FF2F00070666000500E000060034005E
:105B8000F08312008714DD000511DE00071BDD0025
:105B9000060171008519DE007060E1000500350026
:105BA0000904780082047800030178008001EB008A
:105BB000700656000B50E10003003A00020040005E
:105BC000838048000400370060041400E0841C0057
:105BD00002005800838058000188A30006003200AC
:105BE0008100D1000080D3008984D3000884D300D1
:105BF0000402E800270037000178A30025003A00DE
:105C00000100E000030032008186CF006986560063
:105C10000A0037008C0020000000E00004003A0079
:105C200009007800880478000004EB00700252003C
:105C30008086CF000D0646000C06E9007060E1008A
:105C4000060035008000780009007800880478009C
:105C50000004EB0070065600700252000C00E000D9
:105C60000C0034008C08DD00F00316000703DE0092
:105C7000868070000C00DD00074BDE00060070001F
:105C80008C4CDD000743DE00868474000C44DD008C
:105C90000C0252006120E10020003500610160002B
:105CA0000700280087816400F7FF270087836400CE
:105CB000070374000300E000060032008203730053
:105CC000040032000000E800E08048000188A300E2
:105CD0000E003A00F70F20000720E1004A003D00C7
:105CE0000170A1004722DD00810072008A807000EF
:105CF0000000BE004F06BE004F05BE004F04BE00B0
:105D0000000006006000B800FAFF37008100D100F3
:105D10000080D3000402E800EEFF370004017800A1
:105D200089017400C20007008A807000F1FF37000B
:105D300018010700070278000001FD008101FD0045
:105D40001401070087027800850372000778A3001A
:105D5000040032000001FD008101FD002701070061
:105D6000E4FF3700850362000768A30008003200E3
:105D70000B50E10003003200F0FF2F00F1FF27007D
:105D8000DCFF37000001FD008101FD00D9FF370075
:105D90000468A300D7FF3200FAFF3700F8FF27009E
:105DA000888360000B003A000000E00009003A0020
:105DB0008303640082837300020032000200BE008D
:105DC000CCFF37000B50E100CEFF3A000200BE00CE
:105DD000C8FF370014002000810064003EFF370038
:105DE000F8FF27008883610004003A000200E00009
:105DF00002003A008C007800BEFF3700150020003A
:105E00008301640039FF370001F8270000002000FB
:105E100081007500B7FF3700038368000700280082
:105E200007036300470ADE000480A100C71ADE00F2
:105E30000580A100F70F20000720E100420032009A
:105E40000728E10040003200889FBE008A9FBE0004
:105E50008C1F7800F107B200F307B2000400E000E5
:105E6000640032000170A0000500E000680032000C
:105E70000370A00085054200EB07B1000204B800E2
:105E80000302B8008484440060854A00020AB80016
:105E9000848444000A854A00030AB80004054500CA
:105EA000040033000804D0008984D2000A85D2009F
:105EB0008B05E9006158E1003D003500021020002B
:105EC000090161000308200089816100F7072000B3
:105ED0008783640008867300C84CDE00C853DD0069
:105EE000878474004855DE000300E000060032009D
:105EF00082037600040032008904E80060054D004A
:105F00000A88A3000C003A00F70F20000758E100B0
:105F100044003D000A70A100C75DDD000A857500E0
:105F20008A007300090078004F0678004F05BE0014
:105F30004F04BE00000006000A05D1008984D3008A
:105F40008B05E800F0FF3700881F78000604780012
:105F500090000700070278000001FD008101FD00AC
:105F60008C00070087027800850372000778A30081
:105F7000050032000001FD008101FD009F000700C7
:105F80004F04780000000600850372000748A30054
:105F900003003200F0FF2F00F1FF2700F8FF370069
:105FA0000000200001F8270088807000F4FF37000F
:105FB000880178004848DD00808171004848DE0093
:105FC000C850DD0001007000C850DE0006047800F3
:105FD0000B0178001600070088807000D2FF3700A0
:105FE0000500E00005003200170020003A0007001D
:105FF0009DFF370081037000F9FF3A0086007800AA
:106000004F0678004F05BE004F04BE00000005009B
:1060100083037100F9FF3200270020002E000700E3
:1060200094FF370001F8270086807000F4FF3700E6
:106030000100E00026003200610111007810E1004B
:1060400023003C006022B8007010E100040035001D
:1060500080027800010078008000EB0070015100A0
:106060000200E0000900340070031100062ADD0080
:10607000822ADE008603DD00878272000200DE00D5
:10608000860BDD00070070008208DE00848171004D
:10609000F4FF27000482620084817100040028005C
:1060A000848262006102600005F0A6000000060024
:1060B00004827100070032000000E800E080480020
:1060C000000006000002BE006000B800EFFF3700CD
:1060D0006000B80000000600889FBE000004EB00CE
:1060E0006138E10016003A000100E00008003A00C3
:1060F000C800DE004800DD00880020000100E0004C
:1061000003003A00C800DE004800DD0068044400D7
:106110008184CF00E9845400060034008908DD0042
:10612000F08314008703DE00878070000900DD0023
:1061300009044400610214004F04BE000000060080
:106140000300E00008003A00C811DE004811DD003D
:10615000880020000300E00003003A00C811DE00C0
:106160004811DD00680444008384CF00E9845400B2
:10617000060034008919DD00F08314008713DE0067
:10618000878171000911DD0009044400E102140057
:10619000E9FF37002700200001F0A70017002000CA
:1061A000470BDE00F60FB200040032000643E800A1
:1061B0000A0032004702B300000006000103780025
:1061C000F607B2000603700002003A000703B300AE
:1061D000000006008702B3000000060001037800FB
:1061E000F607B20006037000020032000770A0003C
:1061F000000006000760A000000006000478A3006D
:10620000040032000578A300030032000168A300F7
:1062100001003A000200BE000160A000000006007C
:10622000881F7800030478000300E00007003D00A9
:1062300060001000E080180060011900E081190082
:1062400002003B0001F02D000300370004000700AE
:1062500008F0A70001F0A0004F047800000006003D
:10626000889FBE008A9FBE000082700004027100F9
:1062700004827100260032000004BE000200BE004D
:106280006011B8006B092000950220000182CF0048
:106290000A0039000541B1000082CF000700390033
:1062A0000541B1000982CF00040039000541B10069
:1062B0000882CF00010039000541B10005425200BB
:1062C000120032000A003B0082817100610164000B
:1062D0008100D1000080D3008984D3000884D300DA
:1062E0008B05E8000442E800F7FF3A00070037009A
:1062F0000804440089844C00000048008180480064
:106300008B05E9000442E900F9FF3A0003000700A9
:106310004F05BE004F04BE000000060081002000B3
:10632000618055000B003D000B00200061FE2F0036
:106330000100E1001D0034008281710061016400F0
:106340008904D1000884D3000000E800FAFF3A0075
:106350007100200061006400030070000200600012
:106360000900320061044400E0844C000988A50063
:10637000050032008B05E8006808E10002003A00E1
:106380008904D1000884D300F20F20000258E100F4
:1063900005003D00C75DDD00F907B200898075008A
:1063A00008007800000006000BF827008B0078003A
:1063B00000000500000006000800FA00889FBE00EB
:1063C0008A9FBE008C9FBE000004BE000200BE007B
:1063D000E2B79F00F3B79F00F6FF07008102780045
:1063E00005F0A100000278000C0020000DF8270045
:1063F0006FB19700FFB197008C0F52008D8F5A003C
:106400000A003E000800BE00EAFF07008102780093
:1064100005F0A100000278006FB19700FFB197006E
:106420008C0F52008D8F5A00030036000800BE000A
:1064300094FD0700980037000203BE000000200012
:1064400001F82300800F5300818F5B0003003A00A6
:106450000800BE00980007008F0037000802BE0049
:106460004E3DDE000B0020006000B80062006500B9
:106470004F4DDE000B0020000A0570008B85700078
:106480008500780001F0A10008007800E00F5000BE
:10649000E08F580007003A00E20F5500E08F5D00E2
:1064A00033003200E30F5500E08F5D007B003A00BF
:1064B000320037008702780005F0A100060278005C
:1064C000E00F5200E08F5A003B0032008C0F520068
:1064D0008D8F5A002C003A00840F5000858F580091
:1064E00018003A00E20F5500E08F5D00090032000D
:1064F000E30F5500E08F5D0009003200E10F550009
:10650000E08F5D005B003200B8FD200099F42300AD
:10651000620037000200200003042400020037005C
:106520000200200003042C00B0FD20009104240090
:1065300039FE07000200200003E8230036FE0700B2
:1065400055003700E20F5500E08F5D000800320073
:10655000E30F5500E08F5D00080032006044B80092
:10656000E10F5500E08F5D004C003A004400370019
:10657000B8FD20009904240048003700B8FD200031
:1065800099042C00450037000600200007D02000A9
:106590000403430085834B0086BF9F0097BF9F0085
:1065A000800F5300818F5B00030039008C0F500077
:1065B0008D8F580005003A000A08A300330032000E
:1065C000B8FD200099FC2B00340037006033B80080
:1065D00062036500E00F5300E08F5B0008003200AB
:1065E0000C0020000DD020000003460081834E00E7
:1065F0006000B800840F5300858F5B0004003900F1
:106600000800BE009D020700010107002A000700E4
:10661000E10F5500E08F5D00050032001E003900DB
:10662000E20F5500E08F5D000B003A0003003700D9
:106630000004BE0009F0A20018003700E2D22B00CF
:10664000B33B23000FFD07000001BE00B0FD20009A
:106650009104240005003700E2D22B00B33B230055
:1066600008FD0700B2FD200093042400FCFC070095
:1066700009003700B8FD200099F42B00070037000F
:10668000080020000900280004003700B8FD2000A1
:1066900099FC2300010037000004BE000800BE0082
:1066A0004F06BE004F05BE004F04BE000080FA003A
:1066B00000000600000006000C00FA00889FBE00E3
:1066C0008A9FBE008C9FBE000004BE004F09DE0002
:1066D00003002000E2B79F00F3B79F008106780017
:1066E0000DF0A10000067800F0FF2F00F1C7240094
:1066F000800F5600818F5E00100036000800BE003B
:10670000ECFF07008101780003F0A1000001780090
:106710000000200001F82700800F5100818F5900F0
:10672000B5003E000200200003382000A0FD20003C
:1067300091FC2300D3FC0700A6003700F0FF2F00D8
:10674000F1ED2300800F5600818F5E0011003E00A6
:106750000085EB00F0FF2F00F1972300800F56001B
:10676000818F5E0055003E00F0FF2F00F1072000F2
:10677000800F5600818F5E009F003E000801BE0022
:106780000800BE00A4FD0700C0B79F00D1B79F005E
:10679000990037000800BE009D0007000004BE00FD
:1067A000F0FF2F0071F92300800F5600818F5E00EB
:1067B00025003E00F0FF2F00F1F22300800F56006D
:1067C000818F5E0011003E000801BE000800BE007F
:1067D000ACFC07000200200003F82300A0FC070027
:1067E0000005BE0002002000030024000800BE00D7
:1067F000A4FC07000001BE000A00BE001F02070043
:106800000004BE000005EB002C0037000200200051
:1068100003F823000800BE0091FC07000005BE003D
:106820000200200003F823000800BE0095FC0700CA
:106830000001BE000A00BE00100207000004BE00F6
:106840001A0020001D003700F0FF2F00B1012400C6
:10685000800F5600818F5E0012003E000200200073
:1068600003FC23000800BE007DFC07000005BE00FD
:106870000200200003FC23000800BE0066FD0700A4
:106880000200200003F823007EFC07000001BE0088
:106890000A00BE00F90107000004BE002A00200023
:1068A000060037000801BE000000200001F82B00A0
:1068B000F20107000004BE003A0020000801BE00FB
:1068C0000800BE0054FD07000002BE000001BE002B
:1068D00084BF9F0095BF9F004FFD07000006BE00CC
:1068E00052C22A00C3D723004BFD0700D2502F000D
:1068F00013E1230063FC07000001BE000C00BE0092
:1069000045FD070092AA2A00A3EA23005DFC0700C8
:106910000001BE000FBA97009FBA97000400BE00A6
:106920003DFD07000002BE0072242100A3DD2B0004
:106930000C00BE0084BF9F0095BF9F0036FD07007E
:1069400082A92C00C3E4230045FC07000001BE001F
:106950000C00BE0030FD07000001BE000FBA97001A
:106960009FBA9700E10F450009003A000400BE00FD
:1069700044FC07000001BE000800BE0026FD070021
:106980000001BE000800BE0035FC070019003700FA
:106990004255DD00ECBE20000A0646000400BE00A1
:1069A00038FC07000001BE000800BE001AFD070009
:1069B000E2BF20000A0541001A01BE0028FC0700C2
:1069C0000801BE0026FC07000001BE001C00BE003E
:1069D00023FC07006FB19700FFB19700E00F510053
:1069E000E08F5900030032000004BE0009F0A2004D
:1069F000010037000004BE000800BE004F06BE00C4
:106A00004F05BE004F04BE000080FA0000000600E3
:106A10000001BE008300780001F0A10002007800B0
:106A20000000060001000700580137000400FA00CA
:106A3000889FBE008A9FBE008C9FBE000004BE00DF
:106A40004708DE00F00FB20051092000810F50000E
:106A500041003C000806BE00E00F5400E08F5C00DF
:106A600003003D000805BE000BF0A2000100370046
:106A70000805BE00D1072000810F50000A003C002D
:106A80000200200003B024000A00BE00FDFB070046
:106A900080BF9F0091BF9F006011B8000800BE003A
:106AA000DDFC07002B0037000200200003B02400AB
:106AB0000A00BE00F3FB07000200200003B0240020
:106AC000E7FB07000A01BE00E5FB07000004BE006B
:106AD0000200200003F023002A0107000000E0006C
:106AE000070034000A01BE000800BE00E5FB0700F5
:106AF0000200200003F82300D9FB07000F00370035
:106B00000200200003F02B000800BE001B0107005C
:106B10000000E00006003C000A01BE000800BE00C4
:106B2000D8FB07000200200003F823000200370012
:106B30000A01BE000800BE00D2FB0700E00F5600AD
:106B4000E08F5E0003003D000004BE0009F0A200DB
:106B5000010037000004BE000800BE004F06BE0062
:106B60004F05BE004F04BE000080FA000000060082
:106B7000889FBE008A9FBE008C9FBE000004BE009E
:106B80000400200005F827008583600004037800D6
:106B9000840F5300858F5B0007003A000801BE0098
:106BA0000800BE009CFC07000001BE000800BE00FB
:106BB000B4FB070010003700E00F5000E08F5800D2
:106BC0000F003C008101780003F0A1000001780073
:106BD000E00F5100E08F59006A00320010022000DF
:106BE000806188000801BE000800BE009CFB070011
:106BF0000001BE00210107000004BE006100370053
:106C0000478CDE00CF8CDE00E00F5400E08F5C008C
:106C10000F003A006044B800040037000000400054
:106C20008180480061044400E0844C00040020009E
:106C3000050820008181620004017800E00F510006
:106C4000E08F5900F5FF320061041400E0841C005D
:106C5000F807B1000980B10081017800F307B200A4
:106C6000000178000200BE000170A0000808A30027
:106C70000200320000004000818048008984D10079
:106C80000884D30000004000818048009401200067
:106C900002002000031020006055B8006066B800B4
:106CA0000C0341008D834900800F5300818F5B00EE
:106CB00006003C0006064100878649000600500099
:106CC000878058000A0541008B854900000040007C
:106CD000818048008301D1000281D3000402E900D1
:106CE000EFFF3A00E00F5000E08F58001B00320029
:106CF0000226240023DA20000000200001F82300EF
:106D000057FB07000200200003F823009D00070046
:106D10000000E000110035000226240023DA2000E4
:106D20000000200001F8230056FB070002002000AD
:106D300003F82300930007000000E0000300340084
:106D400062054500E0854D00040037006000B80092
:106D5000610065000005450081854D00C744DD00E8
:106D6000080020000000200001F02300080440007B
:106D7000898448008B85D1000A85D300080445002A
:106D800089844D000800BE004F06BE004F05BE00BE
:106D90004F04BE0000000600010037000201E900B8
:106DA0000200E0000500320030427800B141780076
:106DB000834F5200F9FF3200010037000000050048
:106DC0000480FB008381FB000300500000000600EC
:106DD0008001780002003700B15978000201E90013
:106DE0000200E000FCFF3A0000000600889FBE00A1
:106DF0008A9FBE00800478000200E0005B00320041
:106E000001407800814C780082814400F1F99F00B4
:106E1000E20F51005500360091449800A1449800BB
:106E2000E1F99F00D1F99F00E60F51004F003600B5
:106E3000B1449800C1F99F00E80F51004B003600A3
:106E40000905EA00630565000A8444000A0551004B
:106E5000C1FF2F00010565000080FB008000EB00F2
:106E600012102000131020007E000700008CBE00CE
:106E70000A01440060B99F0071B99F00E80F5500F6
:106E80003A0036002004980031049800400498002D
:106E90005104980020B99F0031B99F0040B99F006C
:106EA00051B99F00F80F550030003600600498007B
:106EB00071049800000C9800110C9800200C9800A8
:106EC000310C9800400C9800510C980020B19F00A4
:106ED00031B19F0040B19F0051B19F0060B19F0050
:106EE00071B19F0000B99F0011B99F006401640057
:106EF0007801410002044400020555006011B80009
:106F00000203BE000002BE000403BE006022B800FF
:106F1000000072008180720002017300838173009F
:106F200010003700009CBE000294BE004004980090
:106F3000510498006204980073049800000C9800B3
:106F4000110C9800220C9800330C9800400C98000B
:106F5000510C9800620C9800730C98000A02B10062
:106F60000802B000FF0F5500EEFF3E000900780058
:106F70004F05BE004F04BE000000060014002000B4
:106F8000A3013700F4FF2F00A10137000001BE006C
:106F90001F0007000470A70003F0A1006509B100FD
:106FA000160032000D0035006828E10006003500AB
:106FB000F0FF2F00F1FF27000300E00013003B006B
:106FC000010028000000050000004000818048000A
:106FD0008502E900FCFF3A0008003700F88F420004
:106FE00002003C008000EB00000005008100D100A1
:106FF0000080D3008502E800FCFF3A000300E000B7
:1070000002003B0060001000E08018000000060055
:10701000C70ADE00F107B200F50FB2000800320027
:10702000E1CF4200020032000170A0002400050000
:10703000810F7000010032000408050044000500C3
:10704000810F700002003A00140005008502E9007B
:107050000000400081C04800FCFF3B000170A00020
:1070600024000500020AB900001BB9000200B800A4
:10707000810042008100430000000600889FBE009E
:107080008A9FBE008C9FBE001B0020000202BE0033
:107090000586680006002800060666004709DE002F
:1070A000F20FB200820032000243E800800032009A
:1070B000C729DE00F30FB2007D0032000343E80071
:1070C0007B003200F107B2000170A000F507B200AA
:1070D0000570A000C708DD004903DE00868070004F
:1070E0004700DD00C72ADD004923DE0086827200EA
:1070F0004722DD000305510004035000858358003A
:107100000300310000004000818048000A05E900CA
:107110008C1F78008A9FBE000400500085805800B4
:107120000402420085824A0000004000818048003D
:107130000005EB000004BE006033B8000406BE008A
:107140000D48E10056003100110009004DCCD80077
:107150000C01B8000D02B8008481410060824A0031
:107160008283530003045C0084845C0060055D003E
:107170000A00E00025003A00800578000D40E1009B
:1071800049003100880078000700780011000900EC
:107190004D88D8000C01B8000D02B8008481410070
:1071A00060824A006003110083835B0004045C007A
:1071B000E0845C000900E00021003A004F01BE00BD
:1071C0000300E0002B003200E301600007067300BB
:1071D0008C81710001003200640070004200DE000A
:1071E0004E5EDD000C007000C258DE0001E0A00021
:1071F00081000700CF017800818071004F06BE003A
:107200004F05BE004F04BE00000006008C83430003
:107210000D044C00E0844C0060054D000000E900C6
:107220000A00E000D4FF32008C8343000D044C00C0
:10723000E0844C0060054D000000E900CEFF3700FF
:107240000C0343008D834B0060044C00E0844C0031
:107250000000E9000900E000D8FF32000C03430001
:107260008D834B0060044C00E0844C000000E9007A
:10727000D2FF37004200DE004E5EDD000C007000E1
:10728000C258DE0001E0A000CF0178000300E0005A
:10729000DAFF320060001000E0801800D7FF3700EE
:1072A000F0FF2F00AAFF3700F0FF2F00B9FF3700D3
:1072B0000404BE00B7FB0700870678000004FD0049
:1072C0008104FD00B3FB0700078366000678A30076
:1072D000030032000960A7000800BE002C00370040
:1072E0000D78A300020032000800BE00280037001D
:1072F0000778A30026003A0001F0A10009F0A100E0
:107300000668A30003003200F1FF2700F0FF2F0002
:10731000BAFF37000D68A300030032000800BE006A
:107320008C807000B5FF37000768A30007003A00A3
:107330000648A30003003200F1FF2700F0FF2F00F2
:10734000AEFF37000D48A300030032006000B80014
:107350008C807000A9FF37000748A30004003200AA
:1073600001F82700000020008C807000A3FF370088
:10737000740007000004FD008104FD000205780090
:10738000700007000802BE008A01780059FF37002C
:107390000160A000120220004245880097FF3700DC
:1073A0000100E000120032000500E0001000320091
:1073B000889FBE008A9FBE008C9FBE000006EB0027
:1073C00001F8A3000300320060001000E080180004
:1073D0000CF0A00005F8A3000300320060021200C8
:1073E000E0821A000CF0A2008005EB0041FF37009C
:1073F0006000B80002000500810170002700320023
:107400008002EB0001F8A3000300320060001000CE
:10741000E080180015002000F4072000020242005E
:1074200020003400F70320008703600006042000DA
:107430000003630002082000000161004700DE0035
:10744000C909DD0000807100C708DE000600E00009
:107450000800320087037100060032001000B000FF
:107460000180B0000188A30002003200C108DE00E4
:107470000402E800F107B200F30F20000320E1004E
:1074800003003D004722DD00810072002900370023
:1074900001F827000000EB00260037006000B8006C
:1074A00000000600680212007F20E10002003400A4
:1074B0006000B8001F0037006011B8007020E100C4
:1074C0000400350080017800010078008000EB00A6
:1074D000700252000400E00009003400F0031200C2
:1074E0000719DD008419DE000703DD0086817100C5
:1074F0000400DE00070BDD00060070008408DE00DB
:10750000F7FF2700838363008703710006002800CC
:1075100003036300070032000700E00003003A00A5
:107520006101600002817300020032001000B000AF
:107530000180B0000500A6000000060001F0A000D8
:10754000000006004F0ADE004709DE00F107B20026
:10755000F20FB2000B003200F207B1000170A00080
:10756000C708DD00C901DE00838070004700DD0030
:107570000400A6000000060060001000E080180073
:1075800000000600810F700001003A0000000600B4
:107590008182CF000500E00010003E008082CF0015
:1075A000EE8242007028E1000400390007003E002E
:1075B000800078000000EB000E003700708312009E
:1075C0008600DE000500DD000A00370070835200EF
:1075D0008600DD000000EB0006003700E28252006A
:1075E0008508DD00708312000603DE0086807000CF
:1075F0000500DD007507B0000501EA000400A600E3
:107600000000060060001000E08018000000060086
:10761000889FBE008A9FBE00841F78001700070065
:107620004F00780011003300F0FF2F00838F6C00B3
:1076300006003B00040565000A00A70008003700AB
:1076400009F0A6001000200008003700820F540047
:10765000838F5C00030039001000200001003E0011
:107660000000200009F0A7000000EA004F05BE005E
:107670004F04BE000000E000000006000004BE0051
:1076800063FE07000003BE000405BE000200BE004A
:107690005FFE0700844F7500000006000D0A000021
:1076A000000D00000A2A00002A2A0000204C0000D9
:1076B00065760000656C00002074000065730000B2
:1076C000742000002A2A00002A0D00000A00000091
:1076D000202000002A2A00002061000063630000CF
:1076E000656C0000657200006F6D0000657400003D
:1076F000657200002064000069640000206E0000D4
:107700006F740000206900006E6900007469000059
:10771000616C000069730000652000002D200000EE
:1077200063680000656300006B20000049320000C0
:1077300043320000206100006E64000020740000ED
:10774000686500000D0A00002020000020200000D5
:107750002064000065760000696300006520000079
:107760006164000064720000657300007320000013
:107770002874000068690000732000006275000032
:10778000696C0000642000007573000065730000E0
:10779000204C0000495300005F41000044440000B9
:1077A000525F0000312C00002030000078310000D2
:1077B00039290000202A00002A0D00000A000000DC
:1077C000202000004869000074200000456E000081
:1077D0007465000072200000746F000020720000C9
:1077E00065740000757200006E200000746F000068
:1077F0002074000068650000206D0000656E0000C8
:10780000752E00000D0A000000200000205200002C
:1078100061770000206300006F7500006E74000047
:1078200073200000616E00006420000064650000A9
:10783000726900007665000064200000616E00003F
:10784000676C0000657300002C2000006F6E000064
:107850006365000020610000207300006563000084
:107860006F6E0000642E00000D0A00002020000052
:1078700043200000746F0000207A00006572000051
:107880006F2C0000204500006E740000657200003F
:10789000207400006F200000726500007475000005
:1078A000726E0000207400006F20000074680000F9
:1078B000652000006D6500006E7500002E0D000053
:1078C0000A0D00000A00000020200000583D0000C2
:1078D00000200000205900003D0000002020000092
:1078E0005A3D0000002000002020000070690000C8
:1078F00074630000683D000000200000207200005A
:107900006F6C00006C3D000000200000646500000A
:10791000670D00000A0000000D0A00002020000092
:107920007A650000726F0000656400000D0A0000B7
:107930000D0A0000000D00000A2A00002A2A00009B
:10794000206C000065760000656C0000207400006B
:107950006573000074200000666900006E69000015
:107960007368000065640000202A00002A2A0000D5
:107970000D0A0000000D00000A2A00002A2A00005B
:10798000204D0000616E0000756100006C20000059
:1079900062650000616D00002062000072650000F9
:1079A000616B00002074000065730000742000000B
:1079B0002A2A00002A0D00000A20000020420000B0
:1079C00072650000616B00002065000061630000CB
:1079D0006820000062650000616D00002069000001
:1079E0006E20000074750000726E0000202D0000F3
:1079F0002074000068650000206D000061740000C4
:107A000063680000696E0000672000006C61000080
:107A10007365000072200000736800006F7500003D
:107A20006C640000206C000069670000687400004E
:107A30002E0D00000A20000020480000697400009C
:107A4000204500006E740000657200002074000084
:107A50006F2000007265000074750000726E0000F7
:107A6000207400006F200000746800006520000092
:107A70006D6500006E7500002E0D00000A0D0000FF
:107A80000A00000020200000465200004F4E000077
:107A90005420000062650000616D0000206200005B
:107AA000726F00006B6500006E0D00000A000000A0
:107AB00020200000465200004F4E000054200000DD
:107AC00062650000616D0000206300006C650000CD
:107AD000617200000D0A000000200000205200002A
:107AE0004541000052200000206200006561000056
:107AF0006D200000627200006F6B0000656E000078
:107B00000D0A000000200000205200004541000046
:107B10005220000020620000656100006D2000001E
:107B2000636C000065610000720D00000A00000037
:107B30000D0A00002A2A00002A20000062650000C9
:107B4000616D00002062000072650000616B000042
:107B50002074000065730000742000006669000056
:107B60006E6900007368000065640000202A000050
:107B70002A2A00000D0A0000000D00000A2A000059
:107B80002A2A000020450000563200003430000050
:107B900030200000706100007373000069760000FF
:107BA000652000006D6F000064650000202A000061
:107BB0002A2A00000D0A0000202000005265000063
:107BC0006C65000061730000696E000067200000B2
:107BD00074680000652000006C6F000063610000A5
:107BE0006C200000534D000042750000732000001F
:107BF000746F0000207400006865000020450000DC
:107C00005632000034300000302E00000D0A000013
:107C1000202000005769000072650000205300001A
:107C2000434C00002C200000534400004120000081
:107C3000616E000064200000474E000044200000F8
:107C40006F6E00006C790000202D0000206C000099
:107C50006561000076650000204500005632000096
:107C60003430000030200000564300004320000064
:107C700064690000736300006F6E00006E650000B1
:107C800063740000656400002C0D00000A200000F1
:107C9000207400006869000073200000626F00001B
:107CA00061720000642000007375000070700000B5
:107CB0006C690000657300002074000068650000B6
:107CC00020720000616900006C200000616E0000FD
:107CD00064200000746800006520000062750000E8
:107CE00073200000707500006C6C00002D750000A2
:107CF000707300002E0D00000A0D00000A20000025
:107D0000204C00006F6100006473000020630000DD
:107D1000616E0000206200006520000073770000A3
:107D2000697400006368000065640000207700004B
:107D3000686900006C65000020700000617200003E
:107D40006B650000642C0000207400006F200000B0
:107D50006D65000061730000757200006520000011
:107D6000636F00006D620000696E000061740000C6
:107D7000696F00006E7300003A0D00000A200000D9
:107D8000202000002032000020660000726F0000FA
:107D90006E740000206C00006173000065720000CA
:107DA00020200000203300002072000065610000E8
:107DB000722000006C6100007365000072200000FA
:107DC0002020000034200000626100006C6C000084
:107DD00020620000656100006D200000202000008E
:107DE0003520000049520000206C00006967000047
:107DF00068740000730D00000A0D00000A200000E6
:107E000020540000686500007265000020690000D1
:107E1000732000004E4F0000206B000065790000C9
:107E2000626F00006172000064200000657800004D
:107E3000697400002E20000054680000697300007F
:107E4000206D00006F64000065200000656E00007A
:107E500064730000206F00006E6C00007920000049
:107E600061740000207000006F77000065720000F0
:107E7000206400006F7700006E2E00000D0A0000E5
:107E800020200000546F000020660000696E000092
:107E900069730000683A0000205500004E5700004A
:107EA00049520000452000005448000045200000D1
:107EB00045560000323400003030000020460000FB
:107EC00049520000535400002C2000007468000048
:107ED000656E0000206800006F6C000064200000E8
:107EE0007468000065200000706F00007765000076
:107EF0007220000062750000747400006F6E000054
:107F00002E0D00000A200000205500006E770000B2
:107F100069720000696E0000672000006669000059
:107F200072730000742000006D6100007474000022
:107F300065720000732000002D200000616E0000BB
:107F40002045000056320000343000003020000090
:107F50006C65000066740000206400007269000017
:107F6000766900006E6700002074000068650000FC
:107F70002062000075730000206900006E7400002C
:107F80006F200000616E00000D0A0000202000003C
:107F9000756E0000706F000077650000726500006C
:107FA00064200000626F0000617200006420000025
:107FB00062610000636B00002D66000065650000D3
:107FC000647300002033000056330000207400006A
:107FD000687200006F750000676800002074000080
:107FE0006865000020500000494300002063000045
:107FF0006C6100006D70000020640000696F00007B
:1080000064650000732E00000D0A00000D0A0000D8
:108010000020000020530000444100002028000000
:108020005242000032290000207200006561000009
:108030006473000020000000484900004748000029
:108040000D0A0000004C00004F57000020200000E7
:108050002A2A000020730000746900006C6C000084
:1080600020680000656C0000642000002A2A0000DF
:108070000D0A00000020000020530000434C0000C7
:108080002028000052420000332900002072000026
:108090006561000064730000200000000D0A00000C
:1080A000202000006275000073200000726500004F
:1080B0006C6500006173000065640000202D000005
:1080C00020700000617200006B65000064200000F9
:1080D000756E0000746900006C200000706F000075
:1080E0007765000072200000646F0000776E00006A
:1080F0000D0A000000200000203E00002066000065
:10810000726F00006E740000206C0000617300004C
:10811000657200000D0A000000200000203E0000F3
:108120002072000065610000722000006C61000098
:1081300073650000720D00000A000000202000009E
:108140003E200000626100006C6C000020620000B4
:10815000656100006D0D00000A0000002020000095
:108160003E20000049520000206C000069670000BA
:1081700068740000730D00000A0000002020000059
:1081800070610000726B0000656400002C2000002C
:10819000002000006D6900006E0D00000A00000064
:1081A0000D0A00003D3D00003D3D00003D3D00004A
:1081B0003D3D00003D3D00003D20000052470000D5
:1081C0005320000042720000696E000067550000F5
:1081D000702000003D3D00003D3D00003D3D0000A1
:1081E0003D3D00003D3D00003D0D00000A00000047
:1081F0002D2D00002D2D00002D2D00002D2D000017
:108200002D2D00002D200000202000002020000047
:10821000202000002020000020200000202000005E
:108220002D2D00002D2D00002D2D00002D2D0000E6
:108230002D2D00002D0D00000A0000002D2D000046
:108240002D2D00002D2D00002D2D00002D2D0000C6
:108250002D2D00002056000065720000736900009B
:108260006F6E0000200000002E000000202D000096
:108270002D2D00002D2D00002D2D00002D2D000096
:108280002D0D00000A0000002D2D00002D20000003
:1082900055730000652000007769000074680000D5
:1082A000204100007070000020560000332E0000B6
:1082B00030200000616E0000642000007570000036
:1082C000202D00002D2D00002D0D00000A2D000096
:1082D0002D2D00002D2D00002D2D00002D2D000036
:1082E0002D2D00002D2D00002D2D00002D2D000026
:1082F0002D2D00002D2D00002D2D00002D2D000016
:108300002D2D00002D2D00002D2D00002D2D000005
:108310002D2D00000D0A000020200000302000005C
:1083200020530000686F000077200000616C00009F
:108330006C2000007374000061740000757300000D
:108340000D0A000020200000312000002042000023
:10835000617400007465000072790000204D000017
:10836000696E0000696D0000616C0000204600002D
:10837000756E000063740000696F00006E200000DD
:1083800042720000696E00006720000075700000F6
:108390000D0A0000202000003220000020540000C0
:1083A0006F670000676C00006520000046720000E7
:1083B0006F6E0000742000006C61000073650000A7
:1083C000720D00000A200000203300002020000071
:1083D000546F0000676700006C65000020520000C9
:1083E00065610000722000006C6100007365000090
:1083F000720D00000A200000203400002020000040
:10840000546F0000676700006C65000020420000A8
:10841000616C00006C200000646500007465000061
:108420006374000020620000656100006D0D0000B3
:108430000A2000002035000020200000546F0000BA
:10844000676700006C6500002049000052200000B2
:108450006C69000067680000747300000D0A00007A
:108460002020000036200000204D0000616E00003A
:10847000756100006C20000062650000616D000005
:108480002D62000072650000616B00002074000026
:1084900065730000740D00000A2000002037000002
:1084A000202000005465000073740000204C000080
:1084B00065760000656C000020200000310D000092
:1084C0000A20000020380000202000004361000046
:1084D0006C69000062720000617400006520000099
:1084E0004C650000766500006C0D00000A2000005D
:1084F00020390000202000002054000042440000E9
:10850000203300000D0A0000202000002020000081
:10851000202000002020000020200000202000005B
:10852000202000002020000020200000202000004B
:108530002020000020200000200D00000A20000064
:10854000202000002020000020200000202000002B
:10855000202000002020000020200000202000001B
:10856000202000002020000020200000202000000B
:108570000D0A0000202000002D2D00002D2D0000F0
:108580002D2D00002D2D00002D2D00002D2D000083
:108590002D2D00002D2D00002D2D00002D2D000073
:1085A0002D2D0000200D00000A20000020450000B5
:1085B000202000004556000032340000303000001A
:1085C0002070000061730000736900007665000090
:1085D000206D00006F64000065200000287200001C
:1085E000656C0000656100007365000020530000A9
:1085F0004D42000075730000290D00000A200000A4
:108600002053000020200000536100007665000028
:108610002053000065740000746900006E6700005C
:10862000730D00000A200000204C000020200000F4
:108630004C6F00006164000020500000726F000069
:108640006475000063740000696F00006E20000014
:10865000696D000061670000650D00000A200000E0
:1086600020580000202000004578000069740000B8
:10867000206100006E640000207000006F77000031
:1086800065720000206400006F7700006E2000001B
:108690000D0A00003D3D00003D3D00003D3D000055
:1086A0003D3D00003D3D00003D3D00003D3D0000E2
:1086B0003D3D00003D3D00003D3D00003D3D0000D2
:1086C0003D3D00003D3D00003D3D00003D3D0000C2
:1086D0003D3D00003D3D00003D0D00000A530000FF
:1086E000656C0000656300007420000028450000F0
:1086F0006E74000065720000207400006F2000009E
:10870000726500006472000061770000293A000081
:10871000200000000D0A00002A2A00002A20000084
:108720004D6900006E6900006D7500006D2000004D
:10873000626100007474000065720000792000001E
:1087400070610000636B000020620000726900002D
:108750006E6700002D750000702000002A2A0000BE
:108760002A0D00000A200000204600006978000061
:1087700065640000206300006F6E00006669000001
:108780006775000072610000746900006F6E000080
:10879000206F00006E6C0000792000002D2000008A
:1087A0006E6F0000206700006175000067690000BF
:1087B0006E6700002064000061740000612E0000FC
:1087C0000D0A00000D0A000000200000202A000011
:1087D0002A200000493200004332000020420000FD
:1087E000555300002053000054550000434B000037
:1087F000202D0000206E00006F74000068690000EA
:108800006E6700002061000074740000656D000058
:108810007074000065640000202A00002A0D00002A
:108820000A00000020200000286200007269000099
:108830006E6700002D75000070200000726500005A
:10884000706F000072740000656400002065000015
:10885000727200006F720000732000002D20000073
:10886000636F00006E740000696E0000756900009F
:108870006E670000206100006E79000077610000E3
:10888000792900000D0A000000200000202A0000C5
:108890002A2000006F6E0000652000006F7200004B
:1088A000206D00006F72000065200000636F000003
:1088B0006E660000696700002077000072690000A2
:1088C000746500007320000046410000494C000020
:1088D00045440000202A00002A0D00000A00000084
:1088E0000D0A0000202000002D2D00002D2D00007D
:1088F000206D0000696E0000696D0000756D00005C
:1089000020620000726900006E6700002D75000093
:108910007020000072650000737500006C74000028
:10892000202D00002D2D00002D0D00000A0000005C
:10893000202000002A2A00002046000041490000B3
:108940004C450000442000002A2A00002065000059
:108950006E740000726900006573000020770000EB
:10896000726F00006E670000206F00007220000030
:10897000756E0000726500006164000061620000B5
:108980006C6500003A200000000D00000A20000085
:1089900020500000616300006B200000697300003C
:1089A000204E00004F54000020730000616600005C
:1089B00065200000746F00002073000068690000EB
:1089C000702000006F7200002066000069740000D3
:1089D0002E0D00000A00000020200000494E00007B
:1089E000434F00004D5000004C450000544500002E
:1089F000202D0000207600006572000069660000EE
:108A00006965000064200000736F000020660000AC
:108A1000617200002C2000006275000074200000CC
:108A200000200000766100006C75000065280000E1
:108A300073290000207500006E6300006F6E000057
:108A4000666900006775000072650000642E000012
:108A50000D0A000000200000204F00004B20000005
:108A60002D2000006D6900006E6900006D7500002A
:108A70006D200000636F00006E66000069670000F3
:108A80007572000061740000696F00006E200000C4
:108A90007665000072690000666900006564000088
:108AA0002E0D00000A20000020500000616300002D
:108AB0006B2000006973000020660000756E0000E6
:108AC00063740000696F00006E6100006C2E00008E
:108AD000204E00004F540000206700006175000028
:108AE000676500002D63000068610000726100008E
:108AF0006374000065720000697300006564000023
:108B00002E0D00000A0000000D0A00002A2A0000B5
:108B10002A2000006D6900006E6900006D7500007C
:108B20006D20000062720000696E0000672D000079
:108B30007570000020660000696E00006973000017
:108B400068650000642000002A2A00002A0D000049
:108B50000A0000000D0A0000436800006563000081
:108B60006B200000467200006F6E00007420000051
:108B70006C6100007365000072200000746F0000DB
:108B8000676700006C650000732E00002054000031
:108B9000757200006E2000006F6600006620000005
:108BA00077680000656E000020660000696E0000B6
:108BB000697300006865000064200000706C0000AC
:108BC000656100007365000021210000210D000097
:108BD0000A0000000D0A0000436800006563000001
:108BE0006B2000007265000061720000206C0000C4
:108BF0006173000065720000207400006F67000060
:108C0000676C0000657300002E20000054750000A2
:108C1000726E0000206F0000666600002077000082
:108C2000686500006E200000666900006E69000043
:108C30007368000065640000207000006C6500002F
:108C40006173000065210000212100000D0A000071
:108C5000000D00000A43000068650000636B00001F
:108C60002064000065740000656300007469000002
:108C70006F6E000020620000656100006D20000042
:108C8000746F0000676700006C650000732E0000C1
:108C90002053000077690000746300006820000022
:108CA00069740000206F00006666000020770000F5
:108CB000686500006E200000646F00006E650000B3
:108CC0000D0A0000000D00000A4300006865000066
:108CD000636B000020490000522000006C69000016
:108CE0006768000074730000206F00006E2C0000A5
:108CF000206D000061790000206E000065650000B5
:108D00006420000061200000706800006F6E0000A9
:108D100065200000636100006D6500007261000065
:108D2000207400006F200000646F000020740000B9
:108D30006869000073210000205400007572000073
:108D40006E2000006F66000066200000776800005B
:108D5000656E0000206400006F6E0000652000005A
:108D600021210000212100000D0A0000000D00005B
:108D70000A2000002061000074740000656D00008E
:108D800070740000696E000067200000746F0000BE
:108D9000207300006176000065200000736500000C
:108DA00074740000696E000067730000202E0000DC
:108DB0002E2E00002E2E00000D0A0000000D0000D7
:108DC0000A20000020730000657400007469000030
:108DD0006E6700007320000073610000766500007C
:108DE000640D00000A0000000D0A000020200000B1
:108DF0002A2A0000205300004156000045200000B0
:108E000046410000494C000045440000202A000073
:108E10002A0D00000A0000000D0A00004869000049
:108E200074200000456E0000746500007220000090
:108E3000746F0000206C00006F610000642000006F
:108E40006E65000077200000696D0000616700001A
:108E5000650D00000A0000000D0A000052470000E6
:108E60005320000042720000696E00006755000048
:108E7000702000006A690000673A00002068000066
:108E8000656C00006C6F00000D0A000000500000CF
:108E9000657200007369000073740000656E000065
:108EA00074200000636F00006E66000069670000B8
:108EB0003A20000072650000737400006F720000B9
:108EC0006564000020660000726F00006D200000E5
:108ED000666C000061730000680D00000A0000006D
:108EE0005065000072730000697300007465000033
:108EF0006E740000206300006F6E00006669000061
:108F0000673A0000206E00006F6E000065200000D0
:108F1000737400006F72000065640000202D000073
:108F200020610000707000006C790000696E000024
:108F3000672000006465000066610000756C000039
:108F4000747300000D0A00000050000065720000FC
:108F50007369000073740000656E000074200000E7
:108F6000636F00006E660000696700003A20000031
:108F70005752000049540000544500004E0D0000B7
:108F80000A00000050650000727300006973000061
:108F9000746500006E740000206300006F6E0000B6
:108FA00066690000673A0000202A00002A200000BD
:108FB000575200004954000045200000464100007F
:108FC000494C000045440000202A00002A0D000002
:108FD0000A00000050650000727300006973000011
:108FE000746500006E740000206300006F6E000066
:108FF00066690000673A0000206100006C720000A2
:109000006561000064790000207500007020000098
:10901000746F00002064000061740000650D0000A2
:109020000A000000493200004332000020620000C4
:1090300075730000207500006E7700006564000005
:10904000676500003A2000006F6B00000D0A000009
:109050000049000032430000322000006275000029
:1090600073200000756E00007765000064670000E3
:10907000653A0000204200005553000020530000D4
:10908000544900004C4C000020530000545500008F
:10909000434B00000D0A0000000D00000A2A0000EA
:1090A0002A2A00002A2A00002A2A00002A2A000070
:1090B0002A2A00002A2A00002A2A00002A2A000060
:1090C0002A2A00002A2A00002A2A00002A2A000050
:1090D0002A2A00002A2A00002A2A00002A2A000040
:1090E0002A2A00000D0A0000000D00000A2A0000D4
:1090F0002A2A00002A2A00002A2A00002A41000009
:10910000757400006F2000006D6100007465000040
:109110006420000074650000737400007320000078
:10912000636F00006D7000006C65000074650000E6
:109130002A2A00002A2A00000D0A0000000D000063
:109140000A2A00002A2A00002A2A00002A2A0000EF
:109150004D6100006E750000616C0000206200002F
:10916000656100006D200000627200006561000012
:109170006B2000007465000073740000732A000007
:109180002A2A00002A0D00000A0000000D0A000033
:109190002A2A00002A20000020200000427200003D
:1091A000656100006B2000006561000063680000DD
:1091B00020620000656100006D200000696E000003
:1091C00020740000757200006E2C0000202000004A
:1091D000202A00002A2A00002A0D00000A000000B0
:1091E0000D0A00002A2A00002A200000202000008A
:1091F0005665000072690000667900002063000077
:109200006F72000072650000737000006F6E0000E6
:10921000646900006E670000206C0000617300004C
:1092200065720000206300006F6D00006573000030
:10923000206F00006E200000202000002A2A00007D
:109240002A2A00000D0A0000000D00000A2A000072
:109250002A2A0000536900006D7500006C7400003C
:10926000616E0000656F0000757300006C7900008E
:109270002062000072650000616B00002062000047
:109280006F7400006820000062650000616D0000DE
:1092900073200000746F00002065000078690000F2
:1092A00074200000202A00002A2A00002A0D000055
:1092B0000A0000000D0A00002A2A00002A200000EF
:1092C00020200000467200006F6E00007420000035
:1092D00042650000616D000020620000726F0000B6
:1092E0006B6500006E3F0000202A00002A2A000063
:1092F0002A0D00000A0000000D0A00002A2A0000C2
:109300002A20000020200000526500006172000049
:1093100020420000656100006D20000062720000C4
:109320006F6B0000656E00003F2000002A2A0000DD
:109330002A2A00000D0A0000000D00000A2A000081
:109340002A2A00002A2A00002A2A00005465000068
:109350007374000073200000436F00006D70000004
:109360006C650000746500002A2A00002A2A0000AB
:109370000D0A0000000000000D0A0000003000008F
:109380007800000053450000414C000045440000B7
:10939000005500004E530000454100004C450000C0
:1093A00044000000465500004C4C000020410000E5
:1093B000434300004553000053000000554E000099
:1093C0004B4E00004F5700004E00000000420000CE
:1093D00051340000305A0000353000002062000097
:1093E000726900006E6700002D750000703A000081
:1093F00000200000205300004253000020560000CF
:109400006F6C000074610000676500003A20000086
:10941000002000006D56000000200000202A0000FF
:109420002A2000005342000053200000574F000044
:10943000524400002052000045410000442000003A
:1094400046410000494C000045440000202800002F
:1094500074720000616E0000737000006F72000093
:1094600074290000202A00002A00000020200000AB
:10947000507200006F6200006520000072650000FD
:109480006A6500006374000065640000202D000020
:109490002061000073730000756D0000696E0000AC
:1094A0006720000053450000414C00004544000087
:1094B0002C200000736500006E640000696E0000DF
:1094C00067200000756E000073650000616C00008D
:1094D000206B000065790000730000002020000070
:1094E0004465000076690000636500002074000098
:1094F00079700000653A0000200000002020000084
:109500002A2A000020500000524F0000424500006F
:1095100020460000414900004C4500004420000066
:109520002A2A000000200000204400006576000088
:10953000696300006520000072650000736500002B
:1095400074200000286300006C6500006172000058
:10955000696E0000672000006C6100007463000009
:109560006865000064200000465500005345000077
:109570002F700000726F00007465000063740000BB
:10958000696F00006E730000292E00002E2E00006F
:109590000020000020530000656300007572000089
:1095A00069740000792000006D6F000064650000A0
:1095B0003A20000000200000202A00002A2000009D
:1095C000554E000053450000414C0000204600006D
:1095D000414900004C450000442000002A2A0000B8
:1095E000002000002044000041200000436F0000E4
:1095F0006E6600006967000075720000617400000B
:10960000696F00006E3A0000200000002028000072
:1096100034200000636500006C6C00002C2000000A
:109620004E52000029000000202000002A2A0000DD
:10963000204400004620000057520000495400001A
:109640004520000046410000494C00004544000010
:10965000202A00002A00000020200000546500009D
:109660006D700000207300006F75000072630000D1
:10967000653A0000206900006E7400006572000009
:109680006E6100006C20000028620000656E000022
:10969000636800002C2000006E6F00002074000042
:1096A00068650000726D000069730000746F00004F
:1096B0007273000029000000202000002A2A000008
:1096C00020540000454D000050200000434F000092
:1096D0004E46000049470000204600004149000076
:1096E0004C450000442000002A2A00000020000011
:1096F000202A00002A2000004645000054200000D7
:10970000454E0000414200004C450000204600004C
:10971000414900004C450000442000002A2A000076
:10972000002000002046000045540000733A00006D
:1097300020430000484700003D0000006F6E00001D
:10974000006F000066660000002000004453000027
:10975000473D000000200000504300004847000043
:109760003D000000202000004E6F000074650000E6
:109770003A200000464500005420000068650000C3
:109780006C640000206F0000666600002C20000062
:109790004F7000006572000061740000696F000086
:1097A0006E5300007461000074750000733D00008A
:1097B000002000005361000066650000747900001D
:1097C0005374000061740000757300003D000000D8
:1097D00020500000465300007461000074750000C2
:1097E000733D000000200000204D0000666700006F
:1097F00020530000746100007475000073200000A5
:10980000496E0000697400003A200000002000004A
:1098100028460000455400005F4500004E2000002F
:1098200070650000727300006973000074650000C9
:109830006E74000029000000202000002A2A000089
:109840002046000045540000205000004552000012
:1098500053490000535400002046000041490000D5
:109860004C450000442000002A2A0000002000008F
:10987000202A00002A200000434500004C4C000034
:10988000205600004F4C00005441000047450000A6
:1098900020520000454100004420000046410000E5
:1098A000494C000045440000202A00002A00000026
:1098B00020200000436500006C6C000020000000C8
:1098C0003A2000000020000020530000756D0000C9
:1098D0003A2000000042000051340000305A0000DD
:1098E0003530000020620000726900006E670000E1
:1098F0002D75000070200000636F00006D70000087
:109900006C650000746500002E00000042510000EC
:10991000343000005A350000302000006272000030
:10992000696E0000672D0000757000002066000061
:10993000696E000069730000686500006420000023
:1099400057490000544800002045000052520000D2
:109950004F520000532E0000004400004120000040
:10996000436F00006E66000069670000005400004D
:10997000656D000070200000456E0000616200000F
:109980006C65000000540000656D00007020000050
:109990004D6F000064650000004D00006667000028
:1099A00020530000746100007475000073200000F3
:1099B000496E0000697400000044000065730000F7
:1099C000696700006E200000436100007020000005
:1099D0006D410000680000004465000073690000EC
:1099E000676E0000204300006170000020630000EB
:1099F00057680000004400006573000069670000BC
:109A00006E200000566F00006C740000616700005B
:109A1000650000007D4A0000010000000700000012
:109A2000ADCC00007B4A00000100000001000000F6
:109A3000B7CC00007C4A00000100000000000000DC
:109A4000C3CC000000460000020000001800000027
:109A5000CDCC0000E548000002010000C409000070
:109A6000DDCC0000E74800000201000068010000B2
:109A7000ECCC0000E9480000020100004038000082
:109A8000FBCC0000004700006F6C00006465000024
:109A90006E200000696D000061670000653A0000FB
:109AA00000200000200000002040000000200000F6
:109AB0003A200000004E00004F54000020530000E8
:109AC00045540000202D000020700000616300005C
:109AD0006B200000766100006C75000065200000BE
:109AE0007265000071750000697200006564000015
:109AF00000200000206F00006B000000202000000C
:109B00004D490000534D00004154000043480000FF
:109B10002C200000776100006E740000200000001F
:109B2000202000004279000074650000206F0000D2
:109B30007264000065720000202000003A200000DE
:109B40004446000020000000206D00004168000035
:109B500020760000732000005342000053200000D4
:109B6000002000006D41000068200000206F000010
:109B70006B000000206D0000416800002020000004
:109B80004D490000534D000041540000434800007F
:109B90000072000065610000642000006661000042
:109BA000696C000065640000202800006932000034
:109BB000633D000000290000004200005134000015
:109BC000305A00003530000020730000746100003E
:109BD00074750000733A0000002000002056000059
:109BE0006F6C0000746100006765000020200000B9
:109BF000203A000020000000206D00005600000008
:109C00002020000044410000204300006F6E00004F
:109C100066690000672000003A2000000020000074
:109C2000205B0000434300003D0000002063000073
:109C3000656C00006C000000202A00002A4E000025
:109C40004F540000203400002A2A0000002C00009D
:109C5000204E0000523D0000312000006E6F0000D9
:109C60006E2D0000726500006D6F000076610000CF
:109C7000626C0000650000002C2000004E520000C5
:109C80003D30000020520000454D00004F560000BE
:109C9000414200004C450000202800007573000080
:109CA0006573000020500000524500005320000062
:109CB000706900006E290000002C00002053000095
:109CC0004C450000455000003D31000020280000B8
:109CD000756E000065780000706500006374000018
:109CE00065640000290000002C200000534C000097
:109CF00045450000503D0000300000002C200000D1
:109D00006F74000068650000722000006269000046
:109D1000747300003D0000005D0000002020000082
:109D20004645000054730000202000002020000061
:109D3000202000003A2000000043000048470000B7
:109D40003D0000006F6E0000006F000066660000BE
:109D50000020000044530000473D000000200000A8
:109D600050430000484700003D0000002020000054
:109D7000204F0000706500007261000074690000EF
:109D80006F6E000053740000617400007573000072
:109D90003D00000020200000546500006D700000B0
:109DA0002020000020200000202000003A20000099
:109DB000002D0000002E00000020000043000000E5
:109DC00020200000436500006C6C000020000000B3
:109DD00020200000202000003A2000000020000089
:109DE00020500000616300006B20000073750000CC
:109DF0006D200000203A000020000000202000001C
:109E0000436500006C6C00007320000020200000FF
:109E1000202000003A200000002000002042000026
:109E20007573000020720000657300006574000007
:109E3000733A0000200000003F3E00003D3C00005F
:109E40003031000032330000343500003637000076
:109E500038390000414200004344000045460000FC
:109E600000000000808100008286000087990000C9
:109E7000A9AA000001010000040100001210000066
:109E8000010100000200FA00000F78000400370012
:109E900000E8230001002000681907000060FE00B0
:109EA0001E00780000F0A7000000EA000000EA00B1
:109EB0004F00DE00004078001E0FE9000004E000C3
:109EC000F3FF3A000080FA00000006000400FA00E8
:109ED000100798000000EB00000F78000900370021
:109EE000703E20009E007800808F50000A003E00E7
:109EF0000064200001002000501907000060FE00EF
:109F00001E0FE8001E00900010007800E10F5000C6
:109F1000F3FF320001003700000000001E00900037
:109F2000100078000040780000E8B7001E009000A4
:109F3000100078000010A20000F0A7000000EA0066
:109F40000000E9004F00DE00004078000080FA00C9
:109F5000000006000000FA0000C8BF000080FB00FF
:109F6000E60F500008003E00110020008008DD00D0
:109F7000B0042000008060000000E0000200320019
:109F800010C0B300010037000040EB000080FA0071
:109F9000000006000000FA0004C8BF000004A20090
:109FA0000004E00003003200104080000000E800E0
:109FB000104088008E12070020032000B1FF070028
:109FC0000080FA00000006000600FA001007980062
:109FD000210798000000EB00000F78000B0037000D
:109FE000F07C20009E007800808F50000200360038
:109FF0000040EB000C003700000A200001002000A8
:10A000000E1907000060FE001E0FE8001E00900001
:10A01000900078002E009000008060000000E000BA
:10A02000EFFF3A0010C0B3000080FA000000060005
:10A030000400FA000000EB001007980010C0B30005
:10A0400004E8B7006A120700500020008DFF0700E7
:10A050001602A8001100200060212000DAFF07008E
:10A060000040EB00004F7800110037001662A80096
:10A070008100200060212000D3FF07000004A2001F
:10A080000004E0000E003A008010800016A2A80034
:10A090001682A8000101200060212000CAFF0700ED
:10A0A0000004A2000004E00007003A001E4FE80090
:10A0B0001E407800E84F5000ECFF360003003700E8
:10A0C0000000000001003700000000001642A80058
:10A0D0004100200060212000BBFF07004412070060
:10A0E0005000200067FF07000E80E8008000780025
:10A0F00090C0B30037000700104798001E40900042
:10A100000004E0000200320020C0B300010037006C
:10A1100030C0B30005E8B7000468EF001E409000AF
:10A120000080FA00000006000000FA0089FF070026
:10A130000004E0000700320096FF070004C8BF00DB
:10A140000004A2000004E00004003200B8FF070091
:10A1500002003700A00020004AFF07000080FA003C
:10A16000000006000800FA002007980061479800E8
:10A170000040EB00004F7800100037001000200076
:10A18000100798000E80E80080017800B2002000DF
:10A19000EE4090002E009000571207000E80E8005D
:10A1A0004AFF07000004E0000200320010C0B300C4
:10A1B00006003700DCFF07001E4FE8001E40780055
:10A1C000E44F5000EDFF36000040EB000080FA0045
:10A1D000000006001600FA0020579800210F980092
:10A1E0000040EB00004F78002300370010002000F3
:10A1F00070079800F20047000E80E800B3002000CE
:10A2000012C0B300C2120700F00047000E80E80041
:10A2100066004000B300200022C0B300A412070073
:10A22000EE0047000E80E800010178008000780011
:10A2300020C0B300621207006E00470023FF070032
:10A240000004E0000A0032000E5090008080FB0005
:10A250001E5090000080FB004800DD00810070006F
:10A260002E0890000108780010C0B30006003700E7
:10A27000ADFF07001E4FE8001E407800E44F50007D
:10A28000DAFF36000040EB000080FA000000060014
:10A290000800FA004047980031079800CE4090002F
:10A2A000014F78003E009000004078001047980071
:10A2B0003E0090004800DE000040780020479800F3
:10A2C00031C0B3000E007800A6FF07000080FA003E
:10A2D000000006000200FA00000F78009E007800DF
:10A2E0000040EB00EAFF07000004A2000004E000C9
:10A2F000020032000040EB0003003700A000200005
:10A30000E0FE070010C0B3000080FA000000060065
:10A310002600FA001017980041679800CE60900060
:10A3200000C2B30080CF5000020036000040EB00B6
:10A330000F00370040C4B300004F7800CE6090009B
:10A34000114798004E6090008080FB000E80E8006E
:10A35000010178009E1090009DF207004E60900071
:10A3600000C0E800804078000E0078007DFF070004
:10A370000080FA00000006004200FA00501F98001A
:10A38000611F9800627F98000327980040C4B300C3
:10A39000404798000040EB00204798005E1890006E
:10A3A00000407800206F98005E1890004800DE00A2
:10A3B00000407800306F9800A00220000E0040009E
:10A3C00021C0B300D2FF07000004A2000004E00097
:10A3D00002003200100020005F003700A0002000C3
:10A3E000A8FE07000040EB0010479800230037004C
:10A3F00010002000401F9800E4004700C002200029
:10A400000E004000B300200012C0B300401207004D
:10A41000E5004700C00220000E004000660040003A
:10A42000B300200052C2B3002112070081032000B4
:10A430008E804000C00220000E0040000101780024
:10A440008000780020C0B300DD11070080032000E9
:10A450000E0040009DFE0700204798002E4090000F
:10A460000004A2000004E000010032002EFF0700FB
:10A470001E4090000040E800104798001E409000E9
:10A48000E44F500004003E002E4090000004A20063
:10A490000004E000D6FF3A002E4090000004A20025
:10A4A0000004E00002003200100020002A00370003
:10A4B000DE409000314798003E409000E14F500050
:10A4C00004003600BE40900040C2B30080CF500070
:10A4D00002003600200020001F003700EE409000F0
:10A4E0002E68900080CF500004003A00FE4090009B
:10A4F0003E68900080CF5000020032002000200013
:10A50000150037003E40900000CFE9006E789000C3
:10A510009E40780080CF500002003600EE78900018
:10A52000014F78009E80FB006500470063004000FB
:10A5300001017800800078006E18900024F2070076
:10A540000E2090000000E000020032000E2090007B
:10A550001E4878000000EB000080FA0000000600B2
:10A560002800FA0020179800311798000040EB00EF
:10A5700020679800210220008E8040000E80E800B5
:10A580008101780002C2B300800078002E10900094
:10A5900079FF0700000F78001E0078000000E0003F
:10A5A000020032001E007800090037002E60900083
:10A5B0000004E00002003A00100020000400370010
:10A5C000AE4090003E109000014878000000EB0083
:10A5D0000080FA00000006000800FA00200798003A
:10A5E000614798002E00900000407800004F7800EE
:10A5F0002E0090004800DE000040780010479800D0
:10A60000EE4090002147980031C0B3000E00780062
:10A610003FFF07000004A2000004E0000200320037
:10A620001000200003003700800C200015FE0700FA
:10A630000000EB000080FA00000006002800FA008D
:10A6400020179800311798000040EB002067980011
:10A65000210220008E8040000E80E80081017800F9
:10A6600002C2B300800078002E10900042FF070065
:10A67000000F78001E0078000000E00002003200A9
:10A680001E0078000E0037002E609000E14F500051
:10A6900002003E0010002000090037002E4090000C
:10A6A0008080FB003E4090000080FB004800DD0001
:10A6B000810070003E109000010878000000EB005F
:10A6C0000080FA00000006000800FA002007980049
:10A6D000310798002E00900000407800004F78006D
:10A6E0002E0090004800DE000040780010479800DF
:10A6F0003E00900000407800204798003E00900007
:10A700004800DE00004078003047980041C0B300A8
:10A710000E007800FEFE07000004A2000004E00026
:10A72000020032001000200003003700800C2000DF
:10A73000D4FD07000000EB000080FA0000000600D6
:10A740000400FA0010079800160037000000EB0024
:10A75000000F7800090037001E0FE800F07022009B
:10A760009E007800808F500013003E00000A2000F9
:10A7700001002000311707000060FE008A15070065
:10A780000004A2000004E000F3FF3A001E00900065
:10A79000104078009E0090008100E80011079800AA
:10A7A000691507001E009000104078000004E000CA
:10A7B000E6FF3A0001003700000000000080FA00C8
:10A7C000000006000200FA00000F78001E0078006A
:10A7D000DBFF0700C09B2C00D9FF07000080FA00B8
:10A7E000000006000800FA00889FBE0010079800CD
:10A7F0002107980062479800F09B2C00D0FF0700CB
:10A800006E4090000040E900004F780018003700CB
:10A810001E00FB004202DD001E019000AE01900010
:10A82000F002120004003B008502EA000518DE0079
:10A830008000EB0004003700851ADD000410DE0004
:10A84000008072008418DE00000078006F00600055
:10A850008004EB00000478000800BE0002F22C0027
:10A860000000410010407800371507001E4FE90036
:10A870001E4078000004E000E5FF3D004F04BE00EC
:10A880000080FA00000006000A00FA004007980065
:10A8900050C0B300004F78000040EB0060479800C4
:10A8A0001E4FE9009E81FB004E019000D0CC2C0091
:10A8B0000010B8004308DE006A00B900000078000C
:10A8C00000005100004078000043B0008040780054
:10A8D0000300470011409800CE009000D0CC2C001F
:10A8E0000008B8004308DE00400798004E009000C2
:10A8F0000000E000030032001E4078000004E00089
:10A90000E7FF3A001E80FB008E00E8000080400058
:10A910008BFF07000080FA00000006000A00FA0022
:10A92000400798000040EB0060479800E6004700B1
:10A930000E80E8008101780042C0B30080007800FA
:10A94000100020008CFE0700000F78001E00780029
:10A950000000E000020032001E0078001500370001
:10A960006E409000E14F500002003E0010002000B9
:10A97000100037002E4090008080FB003E40900089
:10A980000080FB004800DD00810070004E00900058
:10A99000010878004E0090009000780000502400DC
:10A9A000808F50000200320030002000010037008C
:10A9B0000000EB000080FA00000006000C00FA0026
:10A9C00040079800510798000040EB00604798004E
:10A9D000E60047000E80E8008101780042C0B30025
:10A9E000800078004E00900063FE0700000F7800A2
:10A9F0001E0078000000E000020032001E00780017
:10AA0000220037006E409000E34F500002003E00ED
:10AA1000100020001D0037002E4090000081FB0038
:10AA20008001EB003E4090000082FB008002EB00C2
:10AA30004828DD00C820DE00810070004820DD00CD
:10AA400000017100818171004E4090000080FB0088
:10AA50008000EB00C000DD0000002000000171005C
:10AA6000818171005E4090000080FB008000EB005F
:10AA7000C800DD000000200000007100818071002E
:10AA80005E0190000089BE000000EB000080FA002B
:10AA9000000006000400FA00889FBE008E007800C7
:10AAA00040052000C5FF07000000E0000200320062
:10AAB0000000EB00210037001E00BE004809DD0049
:10AAC0004800DE0000007100C808DE0000007800C9
:10AAD000630060008004EB00000478000800BE0002
:10AAE0002200200003002000820F5000838F5800B6
:10AAF0000D0032003200200003002000820F5000C1
:10AB0000838F58000600320012002000030020004E
:10AB1000820F5000838F5800050032000600370076
:10AB2000100020000500370020002000030037003F
:10AB300030002000010037000000EB004F04BE0091
:10AB40000080FA00000006000200FA00D1FF0700B2
:10AB5000000F78001E007800E20F50000300320062
:10AB60001E007800E30F500002003A000000EB00E6
:10AB7000200037001E0078000000E00002003A00CC
:10AB8000100020001B00370040412000D1FD0700CD
:10AB90000004A2000004E0000200320010002000C7
:10ABA0001400370020672300CAFD07000004A2003C
:10ABB0000004E00002003200100020000D00370009
:10ABC00040062000AFFC0700B2FF0700000F78002E
:10ABD0001E007800E20F5000030032001E007800D3
:10ABE000E30F500002003A000000EB0001003700C4
:10ABF000400020000080FA00000006000400FA0077
:10AC00000040EB00004F78000000EB0010079800B8
:10AC10000E80E8008000780090C0B3006DFD070052
:10AC2000A000200097FC07008E007800D0A7240029
:10AC30004BFE07000000E000020032000000EB00C5
:10AC40000A0037001E40780006E8B7001E40780072
:10AC50000080FB0067006000E70F500002003A0030
:10AC60002000200001003700100020000080FA00C2
:10AC7000000006000800FA00300798006300470053
:10AC800080007800D0A7240035FE0700000F780070
:10AC90001E0078000000E000020032001E00780074
:10ACA000290037003E4090007040B30020479800D4
:10ACB0003E0090000000E000030032003E009000E3
:10ACC000AE409000014878003E409000AE409000B9
:10ACD00080CF500002003A000000EB001A0037005D
:10ACE000AE409000D0A724003BFE0700000F780084
:10ACF0001E0078000000E000020032001E00780014
:10AD0000110037006400470080007800D0A72400BD
:10AD100013FE0700000F78001E0078000000E0001E
:10AD2000020032001E00780007003700CE4090007D
:10AD30002E40900080CF50000200320050002000D2
:10AD4000010037000000EB000080FA000000060060
:10AD50000A00FA00400798000040EB0060479800A6
:10AD6000E6004700640047008101780022C0B3007C
:10AD700080007800700520007FFD0700000F78003C
:10AD80001E0078000000E000020032001E00780083
:10AD90003B0037006E409000E14F500002003E0043
:10ADA00010002000360037004E4090008080FB00ED
:10ADB0005E4090000080FB004800DD000100700054
:10ADC000100798001E009000700060000000E00076
:10ADD00023003A00200220003EFD07000004A200EC
:10ADE0000004E000020032001000200024003700C0
:10ADF0004006200023FC0700E600470064004700EF
:10AE00008101780022C0B300800078007005200026
:10AE100059FD0700000F78001E0078000000E000D8
:10AE2000020032001E007800150037004E409000EE
:10AE30008080FB005E4090000080FB004800DD0049
:10AE400001007000100798001E0090007000600064
:10AE50000000E00002003A00600020000800370017
:10AE60004E0090000000E00004003200CE00900090
:10AE700040052000D1FE0700010037000000EB0074
:10AE80000080FA00000006000400FA000E80E800CE
:10AE900080007800B0A72400B1FD0700000F780003
:10AEA0001E0078000000E000020032001E00780062
:10AEB000410037002E409000E14F50001800320052
:10AEC00011C0B300B0A72400C3FD0700000F780035
:10AED0001E0078000000E000020032001E00780032
:10AEE000350037000E80E80080007800B0A724000D
:10AEF0009BFD0700000F78001E0078000000E000B6
:10AF0000020032001E0078002B0037002E40900017
:10AF1000E14F5000020032005000200026003700B0
:10AF20000E80E80080007800C0A724008CFD070098
:10AF3000000F78001E0078000000E00002003200E0
:10AF40001E0078001C0037002E4090000004E00036
:10AF5000180032008040EB00C0A724009EFD0700CF
:10AF6000000F78001E0078000000E00002003200B0
:10AF70001E007800100037000E80E8008000780086
:10AF8000C0A7240076FD0700000F78001E0078009F
:10AF90000000E000020032001E00780006003700CA
:10AFA0002E4090000004E00002003200500020001B
:10AFB000010037000000EB000080FA0000000600EE
:10AFC0000800FA00300798000E80E8008000780042
:10AFD0000060240099FD0700000F78001E00780033
:10AFE0000000E000020032001E0078002E00370052
:10AFF0003E0090000000E000030032009E00900040
:10B000003E009000010878001E0090007000600073
:10B010000000E000020032000000EB0022003700D8
:10B020001E0090000040A000800078000060240016
:10B03000A5FD0700000F78001E0078000000E0006A
:10B04000020032001E00780017003700640047003D
:10B05000800078000060240078FD0700000F780071
:10B060001E0078000000E000020032001E007800A0
:10B070000D0037002E009000700060000000E0001E
:10B0800002003A0050002000070037003E00900008
:10B090000000E00003003200AE0090003E0090008F
:10B0A000010878000000EB000080FA0000000600B4
:10B0B0000400FA00100798000040EB00004F7800F1
:10B0C000100037001E80FB00000040009E00900032
:10B0D000808040001E80FB00C2F12C00624078009E
:10B0E0003CFC07000004A2000004E0000200320063
:10B0F0001000200007003700A000200061FB0700BF
:10B100001E4FE8001E407800E34F5000EDFF360070
:10B110000000EB000080FA00000006000000FA00CA
:10B12000000320006BFC07000004A2000004E00004
:10B130000200320010002000080037004006200006
:10B1400050FB070053FE0700E10F500002003A00D9
:10B150000000EB0001003700400020000080FA00F2
:10B16000000006000200FA00000F78001E007800C0
:10B17000E20F500006003200E30F500006003200DC
:10B18000E10F500006003A00209C2C00050037001B
:10B19000909C2C0003003700209D2C0001003700FC
:10B1A000E09D2C000080FA00000006003000FA004C
:10B1B000889FBE008A9FBE008C9FBE000000EB00EF
:10B1C000500798006000B800200F9800310F9800D9
:10B1D0006000B800400F9800510F98000040EB004D
:10B1E000405F98000000EB004007980010C0B300DB
:10B1F00007E8B70000C0EB0008E8B700E0CEB300F6
:10B2000000E8B700609E2C006EFD0700709E2C00C9
:10B210006CFD07000000EB00700F98007E004700F7
:10B220008000780090C0B300EAFB07000004E00053
:10B23000190032007E089000504088007E004700D0
:10B2400080007800F0C3B300E2FB07000004E000D8
:10B25000020032007E0890006040880020C0B300E9
:10B2600007E8B700909F2C0035FD07005040800094
:10B2700085FD070090A02C0052FD07006A004700E2
:10B28000A6FD0700300798003E0090000000E00097
:10B2900007003A0011003700D0A02C0049FD07003C
:10B2A00010C0B30008E8B700100020007D0137008F
:10B2B00060A32C0043FD07004041200005FC07006F
:10B2C0002067230003FC070040062000EDFA07007A
:10B2D0006A00470091FD0700300798005E0090006B
:10B2E00070408800E0A62C0015FD07005E0090006D
:10B2F0008000EB0042C0B3003AFD07003E00900022
:10B300000000E00002003A00609E2C0001003700BF
:10B31000E0A72C002BFD07003E0090000000E0009D
:10B32000050032003E0090000040780008E8B700B9
:10B330003E0090005B01370030C0B30007E8B70063
:10B3400024C8BF000004A2000004E000080032008E
:10B3500010C0B30024E8B70030A92C0019FD070085
:10B3600010042000DBFB0700007D2000C5FA070069
:10B3700090AC2C00F2FC0700C6FD070079FF070027
:10B3800010FD0700F0FD0700300798003E00900018
:10B390000000E00008003200B0AD2C0009FD0700FD
:10B3A0004E0090000000E00005003A00BE00900052
:10B3B000410798000200370040C0B30007E8B7001B
:10B3C0007C0047002BFE0700300798004E58900085
:10B3D00012E8B70010AF2C00D9FC07004E589000BF
:10B3E0000080FB008000EB0022C0B300FDFC0700E2
:10B3F0003E0090000000E00002003A0060B02C0027
:10B400000100370040B12C00EEFC07003E00900028
:10B410000000E000060032004E0090000000E00056
:10B4200005003A00BE009000410798000200370076
:10B4300050C0B30007E8B70093FE0700300798003C
:10B440003E0090000000E00002003A00C0B22C0074
:10B4500001003700C0B52C00B9FC0700609E2C002D
:10B46000D8FC07003E0090000000E000050032001C
:10B470004E0090000000E00002003A00BE00900084
:10B48000410798000000EB00001798000002200020
:10B490000E0040008000780080C0B3004DFB070024
:10B4A0000004E000020032000E109000004188000D
:10B4B0007400470026FE0700300798003E00900009
:10B4C0000000E0000800320070B72C00BDFC07004F
:10B4D0004E0090000000E0007D003A00BE009000A9
:10B4E000410798007A00370060C0B30007E8B70052
:10B4F0002E089000BE089000A0408800B14088004F
:10B5000010B92C008EFC07002E089000BE08900099
:10B5100000007800640060008000EB005117980084
:10B52000401798004E109000DE109000E00F500081
:10B53000E08F580002003200E0B92C000100370013
:10B5400010BA2C007EFC070050BA2C007CFC0700CF
:10B550002E089000BE089000000078006200600095
:10B560008000EB0071179800601798006E10900033
:10B57000FE109000E00F5000E08F580002003200F3
:10B58000E0B92C000100370010BA2C006CFC070059
:10B59000B0BA2C006AFC07002E089000BE0890008C
:10B5A00000007800680060008006EB00000678006C
:10B5B0000C00BE00E00F5000E08F58000200320087
:10B5C000E0B92C000100370010BA2C007DFC070008
:10B5D0002E089000BE089000000078006400600013
:10B5E0008005EB00000578000A00BE00E00F500067
:10B5F000E08F58000A0032002E089000BE0890002C
:10B6000000007800620060008004EB000004780015
:10B610000800BE00E00F5000E08F58002C003A00F8
:10B620006000B800101798002117980078004700B4
:10B630008000780010052000E0FC07000000E0001A
:10B6400004003A004E089000DE089000C0408800D8
:10B65000D1408800200220000E00400080007800C9
:10B6600030052000D5FC07000000E00004003A008F
:10B670001E109000AE109000E0408800F14088005D
:10B6800020BB2C002EFC07002E089000BE08900066
:10B6900082C0B30053FC070090BD2C0028FC0700BB
:10B6A0004E089000DE08900082C0B3004DFC0700F9
:10B6B00080BE2C0022FC07001E109000AE109000EF
:10B6C00082C0B30047FC0700609E2C003DFC0700D1
:10B6D0000000EB0030179800600220000E004000D0
:10B6E00037FE0700300798003E0090000000E000A1
:10B6F00002003A003E1090008040880030BF2C00CD
:10B700000FFC07003E1090008000EB0042C0B30029
:10B7100034FC07003E0090000000E00002003A0008
:10B7200070C02C0001003700C0C12C0025FC0700B0
:10B730003E0090000000E000050032004E00900046
:10B740000000E00002003A00BE00900041079800AF
:10B750006C00470056FE0700300798003E0090003E
:10B760000000E0001200320070C32C0015FC07003E
:10B770004E0090000000E00003003A003E00900000
:10B7800000407800020037004E0090000040780032
:10B7900008E8B7004E0090000000E00002003A0008
:10B7A0003E009000010037004E0090003D00370041
:10B7B00070C0B30007E8B7006000B800008FBE009B
:10B7C0000040EB00404798001D0037004E409000BD
:10B7D0000080FB0000004000EC00470000804000BB
:10B7E000100078008000EB001E0F40005E974800BC
:10B7F00080C52C00D2FB07004E4090000080FB006B
:10B800000000E80020FC070000C62C00CCFB07006D
:10B810004E4090000080FB0000004000EC0047001C
:10B82000008040001000780017FC070090A02C005A
:10B83000E4FB07004E4090000040E80040479800BD
:10B840004E409000E34F5000E0FF360030C62C0021
:10B85000BBFB07001E0078000BFC070090A02C002B
:10B86000D8FB07004E0090000000E00002003A0004
:10B87000B0C62C000100370060C82C00D1FB0700C7
:10B880004E0090000000E00002003A0080C0B300CB
:10B8900007E8B7004E0090000040780008E8B700C5
:10B8A0004E0090004F06BE004F05BE004F04BE0084
:10B8B0000080FA00000006000800FA002007980047
:10B8C000310798000040EB00204798002E009000C0
:10B8D00020409000E14F50000B003A002E009000F5
:10B8E000100078008E80E8001DFB0700000F780034
:10B8F0002E4090008080FB003E0090000108780000
:10B900001E007800040037002E0090001000780020
:10B91000BE00900049FB07000080FA00000006000E
:10B920000E00FA0050079800610798000040EB00F5
:10B93000104798000040EB00204798000000EB0003
:10B94000200798000040EB00004F780037003700D8
:10B950001E80FB004300DD008080E800A0D02C00AA
:10B9600000804000104090000080FB0061006000FB
:10B97000004078000004E0000C0032001E80FB0054
:10B980004300DD00E4004000A0D02C000080400017
:10B99000100078000000E00004003A002E40900003
:10B9A0000040E800204798001F0037001E80FB0081
:10B9B000C300DD00A0D02C0000804000E80047005C
:10B9C000BDFF0700300798003E0090000000E00037
:10B9D000090032002E0090000000E00002003A0052
:10B9E000BE009000210798001E4090000040E80033
:10B9F000104798000C0037001E80FB004300DD005C
:10BA0000E4004000A0D02C000080400090007800AE
:10BA10004E009000808F5000030032001E409000C6
:10BA20000040E800104798001E4FE8001E407800D4
:10BA3000E64F5000C6FF36009E4090002282200054
:10BA400001497800AE409000328220000149780020
:10BA50005E0090000000E000030032005E009000F5
:10BA60001E419000024878006E0090000000E00047
:10BA7000030032006E009000AE4090000148780054
:10BA80002E0090000080FA00000006000A00FA0074
:10BA90000000EB00100798000040EB00004F78001A
:10BAA000560037001E80FB00C300DD00A0D02C0034
:10BAB00000804000200798002E0090003040900049
:10BAC0000080FB0061006000004078000004E0009E
:10BAD000040032002E009000200090000000E000E2
:10BAE0004000320068004700800078002E0090007F
:10BAF00071FF0700300798003E0090000000E00052
:10BB000005003A002E009000A00090004E0090002A
:10BB1000808F5000350032002E00900020409000B1
:10BB2000E14F500007003A002E00900020009000E6
:10BB3000804078002E00900010007800A6FA0700E0
:10BB4000050037002E009000A00090002E0090000D
:10BB500010007800DCFA0700300798003E009000E3
:10BB60000000E000060032001E0090000000E0002F
:10BB700020003A00BE009000110798001E00370018
:10BB800068004700800078002E0090004AFF070000
:10BB9000300798003E0090000000E00006003200F0
:10BBA0001E0090000000E00013003A00BE0090006C
:10BBB00011079800100037002E009000A0009000A0
:10BBC0004E009000808F50000B0032001E0090004D
:10BBD0000000E00008003A00500020001007980024
:10BBE00005003700000000000300370000000000DF
:10BBF00001003700000000001E4FE8001E407800E2
:10BC0000E64F5000A7FF36001E0090000080FA00AB
:10BC1000000006000A00FA000000EB004007980050
:10BC200020D42C00E7FA070030D42C00E5FA0700F6
:10BC30000040EB00004F7800470037001E80FB00FB
:10BC4000C300DD00A0D02C00008040001007980049
:10BC500010D52C00BAFA07001E00900030009000AA
:10BC6000B7FA070040D52C00B5FA07001E00900077
:10BC7000100078008000EB0042C0B300D9FA070042
:10BC800070D52C00AEFA07001E00900030409000E6
:10BC90000080FB0061006000004078000004E000CC
:10BCA000070032001E009000200090000000E0001D
:10BCB00003003A00B0D52C00C2FA07002500370077
:10BCC00066004700800078001E009000FAFE070022
:10BCD000200798002E0090000000E00002003200D3
:10BCE0003E0007001B0037001E009000204090001F
:10BCF00000404000004178003E0090008000EB00D2
:10BD0000B8FA07001E009000A00090003E009000CE
:10BD1000808F500003003A0090D72C00A9FA07004A
:10BD20000C003700E0D72C0085FA07001E009000B9
:10BD30002040900000404000004178001E0090002C
:10BD4000200090008000EB00A6FA070020D42C0011
:10BD50009CFA07001E4FE8001E407800E64F500096
:10BD6000B6FF36006600470080007800508E240041
:10BD700032FA07000000E00016003A0068004700B1
:10BD80008000780080C1B30012F907000004E000D1
:10BD90001000320000D92C0069FA07003E00900024
:10BDA000B9FA070040DA2C0065FA07004E0090004F
:10BDB000B5FA0700BE0090004E009000808F500042
:10BDC00002003A0010DB2C0001003700A0DB2C0041
:10BDD0007CFA07000080FA00000006000000FA006C
:10BDE00090DC2C0056FA070000C8BF000080FB0062
:10BDF000A5FA0700B0DD2C0072FA07000080FA00F7
:10BE0000000006001C00FA00889FBE008A9FBE004A
:10BE10008C9FBE000000EB00400798006000B80057
:10BE2000100F9800210F98000040EB006057980019
:10BE3000680047008000780090C0B300E5F8070074
:10BE400070479800A00020000EF8070020D42C00B6
:10BE50005CFA0700D0DD2C005AFA0700D0DE2C0077
:10BE600037FA07007E4090000004E0000500320031
:10BE70004E00900084FA0700C0DF2C0051FA070042
:10BE800001003700D5FF070000E02C002CFA070066
:10BE90007600470080007800D0A72400B0F90700A2
:10BEA0000000E0003F003A006E50900012E8B7003A
:10BEB0006E5090000080FB008000EB0022C0B300B9
:10BEC00048FA0700F0E02C001DFA07006E509000C1
:10BED0000080FB00630060000000E8006AFA0700D1
:10BEE00060E12C0016FA07006E5090000080FB0005
:10BEF00063006000E30F500002003200C0E12C003C
:10BF00000FFA07006E5090000080FB006400600094
:10BF10000000E0000200320070E22C000100370057
:10BF2000C0E32C0006FA07006E5090000080FB0072
:10BF3000700060000000E00002003200D0E52C003C
:10BF40000100370040E72C00FDF90700E0E72C0076
:10BF5000FBF907006E5090000081FB008001EB00B0
:10BF6000800E20000100200002027800030178000A
:10BF70008001780081007800030062008100610088
:10BF8000510F9800400F98004E089000DE08900076
:10BF900022C0B30013FA0700C0E82C0009FA07001A
:10BFA000010037008DFF0700E0E82C00E4F90700EE
:10BFB0007200470080007800400520007FFA0700EB
:10BFC0000000E0003D003A001E089000AE0890001E
:10BFD000A0408800B1408800D0E92C00D8F90700C3
:10BFE0001E089000AE089000000078006400600019
:10BFF0008006EB00000678000C00BE00E00F500049
:10C00000E08F58000200320020EA2C0001003700C7
:10C0100050EA2C00CAF9070090EA2C00C8F9070082
:10C020001E089000AE0890000000780062006000DA
:10C030008005EB00000578000A00BE00E00F50000C
:10C04000E08F58000200320020EA2C000100370087
:10C0500050EA2C00BAF90700F0EA2C00B8F9070002
:10C060001E089000AE089000000078006800600094
:10C070008004EB00000478000800BE00E00F5000D0
:10C08000E08F58000200320020EA2C000100370047
:10C0900050EA2C00AAF9070060EB2C00A8F9070071
:10C0A0001E089000AE08900082C0B300CDF90700D2
:10C0B00020D42C00C3F907000100370047FF070018
:10C0C000A0EC2C009EF90700680047008000780073
:10C0D00080C0B3003FF807000004E00025003200F4
:10C0E0004E009000004188004E00900080007800D3
:10C0F00040552F0000804000200798002E0090003F
:10C100000000E00005003D0090ED2C008CF90700D8
:10C110002E0090000000EA00200798002E019000F9
:10C12000706626000090B900C288DE004F90DE00E5
:10C1300000805000D4F90700B0ED2C0080F9070012
:10C14000AE009000706626000089B9004299DE00BA
:10C150004F88DE00000051006A01B900020078003B
:10C1600000805000C8F90700D0ED2C0095F90700B9
:10C170000100370019FF07006A004700CCFB0700E9
:10C180000000E0002C003A006000B800008FBE0004
:10C190000040EB00604798001D0037006E409000A3
:10C1A0000080FB0000004000EA00470000804000E3
:10C1B000100078008000EB001E0F40005E974800E2
:10C1C00000EE2C005EF907006E4090000080FB003E
:10C1D0000000E800ACF9070080EE2C0058F90700D9
:10C1E0006E4090000080FB0000004000EA00470025
:10C1F0000080400010007800A3F90700C0DF2C0089
:10C2000070F907006E4090000040E8006047980019
:10C210006E409000E34F5000E0FF3600F0EE2C003F
:10C2200047F907001E00780097F90700C0DF2C00CF
:10C2300064F9070003003700E0EF2C0040F9070025
:10C24000E6FE0700104080000000E000060032001B
:10C25000D0F02C003AF90700104080008AF907005E
:10C2600020D42C0057F907004F06BE004F05BE0032
:10C270004F04BE000080FA00000006000000FA0033
:10C280000600FC0011028000F141B200110288009A
:10C290000080FA00000006000200FA00004F78005B
:10C2A0001E417800418A2000824878000080FA0010
:10C2B000000006000200FA000000EB00000F78000A
:10C2C00007003700F0E124009E007800808F5000C6
:10C2D0000A003E00000000000060FE001E0FE800A3
:10C2E000113A8000000027008080600000002200DA
:10C2F000808F5000F3FF3A0001003700000000007B
:10C300000080FA00000006000400FA001007980000
:10C31000160037000000EB00000F7800090037001E
:10C320001E0FE800F07022009E007800808F500001
:10C3300013003E00000A2000010020003F1007000B
:10C340000060FE00980E07000004A2000004E00058
:10C35000F3FF3A001E009000104078009E0090000D
:10C360008100E80011079800770E07001E0090007A
:10C37000104078000004E000E6FF3A0001003700BA
:10C38000000000000080FA00000006000400FA002F
:10C39000204798000000EB00000F780009003700EC
:10C3A0001E0FE800F07022009E007800808F500081
:10C3B0000B003E00000A2000010020001F100700B3
:10C3C0000060FE00780E07000004A2000004E000F8
:10C3D000F3FF3A002E4090005B0E0700010037008B
:10C3E000000000000080FA00000006000200FA00D1
:10C3F000000F78003F68EF001E0078000000E000AA
:10C40000100032001E007800BFFF07000E0037004A
:10C410005116800000402000008060000000E00015
:10C4200003003A0067060700CD82A800CDA2A9004C
:10C430000060FE000010270021002000FF0F070011
:10C4400001003700000000003FC8BF000004A20048
:10C450000004E000EEFF3A00E0B42B00AAFF070062
:10C4600040C8BF000080FA00000006001600FA0075
:10C47000881F7800100F9800210F98000040EB00F3
:10C48000004F78001E089000AE089000E00F5000AA
:10C49000E08F580009003D00D0C2B300BBFF070089
:10C4A0001E089000AE08900060001000E0801800A8
:10C4B0001007980021079800040037001E0990001B
:10C4C000AE09900012079800230798001E84FB0015
:10C4D0001E009000AE009000A2002000030020008B
:10C4E0005CE50700004078000043B0008040780021
:10C4F00008004700614098001E4FE8001E009000B1
:10C50000AE009000A20020000300200041E50700DB
:10C5100010079800210798001E009000AE009000C0
:10C52000E00F5000E08F5800E8FF3A0005003700A8
:10C530001E4FE9001E80FB00000047006040900095
:10C5400092FF07001E4078000004E000F8FF3A0068
:10C550004F0478000080FA00000006000E00FA0088
:10C56000600798006E009000CF80DE00827020008F
:10C570000289B900020178006003B90086017800E1
:10C5800003014100837020000300B8000101410055
:10C5900082007800E00F5000E08F580004003D005A
:10C5A000F2FF2100030020000000410081804900CB
:10C5B0004309DD004D02DE0004027100CD8ADE0079
:10C5C00024079800350798002E009000BE009000C8
:10C5D000A200200003002000EDE4070040079800BF
:10C5E000510798002E009000BE009000A20020008D
:10C5F00003002000F8E40700008FBE001E00BE000C
:10C60000E00F5000E08F580004003D001E00BE0007
:10C6100060001000E0801800008FBE002E00900027
:10C62000BE009000E00F5000E08F580007003D0072
:10C630004E009000DE009000E00F5000E08F5800A8
:10C6400002003A00D0C2B30050FF07004E00900035
:10C65000DE00900085FF0700E0C2B3004BFF07003B
:10C660001E00BE0081FF07000080FA0000000600E7
:10C670000E00FA0010B52B0023FF0700030507008A
:10C680000004A2000004E0001700320080B62B0076
:10C690001DFF070000BE2B001BFF07003F68EF00D7
:10C6A0000C00370051168000004020000080600020
:10C6B0000000E00003003A00C2050700CD82A80098
:10C6C000CDA2A9000060FE0000102700210020007C
:10C6D0005A0F07003FC8BF000004A2000004E0009A
:10C6E000F0FF3A006D00370050C02B0006FF070036
:10C6F0003F68EF00010037000000000073050700ED
:10C70000E0AA2000170F07001007980000AB2000D8
:10C71000140F07002007980020AB2000110F07001E
:10C720003007980040AB20000E0F0700400798002C
:10C7300060AB20000B0F07005007980040C62B008D
:10C74000F1FE07001E009000CF80DE0047FF0700CB
:10C7500090C62B00ECFE07002E009000CF80DE007C
:10C7600042FF0700E0C62B00E7FE07003E009000F6
:10C77000CF80DE003DFF070030C72B00E2FE070040
:10C780004E00900075FF0700D0C72B00DEFE0700AB
:10C790005E00900071FF070050C82B00DAFE070012
:10C7A0000040EB00004F78000D003700511680006C
:10C7B00000402000008060000000E00003003A001C
:10C7C00080050700CD82A800CDA2A9000060FE0070
:10C7D0000010270021002000180F07001E4FE8005E
:10C7E00030C6B3009E40780080CF500004003E0069
:10C7F0003FC8BF000004A2000004E000EBFF3A00C5
:10C800003FC8BF000004E000BBFF320001842000ED
:10C8100091407800414F98003F68EF00CE4890006B
:10C8200030C6B30080CF500004003200CE489000E4
:10C8300030C4B30080CF500016003A00C1418000E0
:10C840001E00900000805000C0418800D14180004F
:10C850002E00900000805000D04188003C28EF005E
:10C86000C041800091B12000AD0E0700D041800092
:10C87000B1B12000AA0E0700E0418000D1B1200034
:10C88000A70E0700C0C82B009FFE07000000000095
:10C890009AFF3700B0C92B009BFE07000080FA000A
:10C8A000000006000400FA000040EB00004F780092
:10C8B0000040EB0010479800B0CB2B0092FE070021
:10C8C000C502A9003F68EF003F0037000060FE008E
:10C8D0005116800000402000008060000000E00051
:10C8E00003003A0037050700CD82A800CDA2A900B9
:10C8F000101680006100600000F0A7000000EA0050
:10C900000000E9004F00DE0020479800101680006C
:10C910006200600000F0A7000000EA000000E900EB
:10C920004F00DE00304798002E4090000004E000E9
:10C9300002003200CC82A90001003700CC82A8009E
:10C940003E4090000004E00002003200D442A90002
:10C9500001003700D442A8002E4090009E4F5000A6
:10C96000090032002E4090000004E0000200320076
:10C9700020D42B000100370080D52B0062FE070079
:10C98000AE409000014F7800BE4090001E409000E5
:10C9900080CF5000090032003E4090000004E000CB
:10C9A00002003200D0D62B000100370030D82B0017
:10C9B00055FE0700BE409000114798000010270068
:10C9C000210020009D0E07003FC8BF000004A20008
:10C9D0000004E000BDFF3A00CC82A800D442A800C9
:10C9E000C502A80080D92B0047FE07000080FA008E
:10C9F000000006000000FA0017E2A9009A40A90012
:10CA00009A20A9008A40A9008A20A900C842A8004B
:10CA1000C862A8000080FA00000006000400FA00C6
:10CA20000000EB00000F78000000EB0010079800FA
:10CA3000D0DB2B0034FE0700EEFF070090002C0037
:10CA400031FE070050168000640060000000E00026
:10CA500002003200C0012C000100370030022C001F
:10CA600029FE0700B0032C0027FE070050168000A7
:10CA7000680060000000E00002003200C0012C00ED
:10CA80000100370030022C001FFE0700E0042C00DC
:10CA90001DFE07003F68EF000100370000000000A6
:10CAA0005116800000402000008060000000E0007F
:10CAB00003003A00C3040700CD82A800CDA2A9005C
:10CAC0003FC8BF000004E0005000320040C8BF0073
:10CAD0000080FB0031032000810F50001D00320058
:10CAE00031032000810F500004003C00210320008E
:10CAF000810F50000800320043003700410320003E
:10CB0000810F50002200320051032000810F50009D
:10CB10002E0032003C003700601680004400DE002A
:10CB2000614060000004A200614060000080FB00E2
:10CB3000610060004400DD00611680000140A1003A
:10CB40000100700060168800B0072C00EEFD0700A1
:10CB50002D003700A01680004200DE00614060001A
:10CB60000004A200614060000080FB0061006000E2
:10CB70004200DD00A11680000120A100010070002C
:10CB8000A0168800D0082C00DFFD07001E0037002B
:10CB9000201680004800DE00614060000004A20012
:10CBA000614060000080FB00610060004800DD0023
:10CBB000211680000180A10001007000201688006D
:10CBC000E0092C00D0FD07000F0037006016800040
:10CBD0004B00DE00614060000004A2006140600084
:10CBE0000080FB00610060004B00DD0061168000EA
:10CBF00001B0A1000100700060168800E00A2C005E
:10CC0000C1FD0700000000003F68EF000060FE006B
:10CC10000010270021002000080E07001E0FE8006A
:10CC2000F07621009E007800808F50009BFF360038
:10CC30000000EB00000F78001E0090000000E800EC
:10CC400010079800E00B2C00AFFD07001E009000BD
:10CC50008000EB0005FE0700900C2C00AAFD0700E9
:10CC60008FFF37000000FA00000D2C00A6FD070022
:10CC7000800F2C00A4FD0700E0112C00A2FD07008E
:10CC80003000200001002000F8FD070040132C00B8
:10CC90009DFD07006000B800F4FD070060132C0044
:10CCA00099FD070040142C0097FD07000080FA0052
:10CCB000000006000600FA00404798004E40900031
:10CCC0000080FB006101B90000FD2F00F1FF2F0083
:10CCD000020040008380480032042000030020004E
:10CCE000820F5000838F5800D4003E000060010086
:10CCF00043003700440037007F0037008D003700C5
:10CD00009B003700A9003700B7003700B800370094
:10CD1000C6003700CB003700CA003700C900370013
:10CD2000C8003700C7003700C6003700C50037000D
:10CD3000C4003700C3003700C2003700C10037000D
:10CD4000C0003700AC003700BE003700BD00370020
:10CD5000BC003700BB003700BA003700B90037000D
:10CD6000B4003700B7003700B6003700B500370011
:10CD7000B4003700B3003700B2003700A00037001E
:10CD8000B0003700AF003700AE003700AD0037000D
:10CD9000AC003700AB003700AA003700A90037000D
:10CDA000A8003700A7003700A6003700A50037000D
:10CDB000A4003700A3003700A2003700A10037000D
:10CDC000A00037008C0037009E0037009D00370020
:10CDD0009C0037009B0037009A003700990037000D
:10CDE0009400370097003700960037009500370011
:10CDF000940037009300370092003700800037001E
:10CE000000FC0700900037000040EB00204798002E
:10CE10000040EB0030479800A0382C003AFD070096
:10CE200083F407000004A2000004E00003003200C5
:10CE3000503E2C0034FD070083003700DBF807006C
:10CE4000000F78001E0078000000E00002003200B1
:10CE500020412C002CFD07000CFB07000000E00027
:10CE60000200320050442C0027FD0700E300470079
:10CE70000E80E800AAFA070000472C0022FD0700F8
:10CE80002E4090000004E0000900320080492C0090
:10CE90001DFD07002E4090000080FB008000EB008D
:10CEA00072FD0700504C2C0017FD07000E003700E4
:10CEB0003E4090000004E00009003200C04E2C000B
:10CEC00011FD07003E4090000080FB008000EB0059
:10CED00066FD070010512C000BFD07000200370013
:10CEE000B0522C0008FD07004AFB070040582C00F8
:10CEF00005FD070054003700A05A2C0002FD070072
:10CF0000601680004400DE00614060000004A20062
:10CF1000614060000080FB00610060004400DD00B3
:10CF2000611680000140A1000100700060168800B9
:10CF300045003700A05E2C00F3FC0700A01680001F
:10CF40004200DE00614060000004A2006140600019
:10CF50000080FB00610060004200DD00A11680003F
:10CF60000120A10001007000A016880036003700E3
:10CF700090622C00E4FC0700201680004800DE00D0
:10CF8000614060000004A200614060000080FB007E
:10CF9000610060004800DD00211680000180A100D2
:10CFA00001007000201688002700370030662C0032
:10CFB000D5FC0700601680004B00DE006140600079
:10CFC0000004A200614060000080FB00610060007E
:10CFD0004B00DD006116800001B0A100010070006F
:10CFE00060168800180037002EFE07001600370074
:10CFF0009FFD07001400370088FE0700120037006D
:10D00000706B2C00C0FC07007F0507000004E000E7
:10D0100003003200F06D2C00BBFC07000A00370053
:10D02000406F2C00B8FC07000700370010C0B300A9
:10D030000600370020C0B3000400370000000000E5
:10D0400001003700000000000040EB000080FA0003
:10D05000000006000200FA00010037000000000096
:10D0600000FF07000000EB00E0FC070011FF0700D5
:10D07000004F78001E4078000004E000F7FF320007
:10D080001E4078000080FA00000006000000FA0050
:10D09000CD82A8005BFB0700C0702C009AFC070043
:10D0A0005116800000402000008060000000E00079
:10D0B00003003A0043030700CD82A800CDA2A900D7
:10D0C0000060FE0000502300C1002000DB0C0700C0
:10D0D000F3FF37000A00FA00003A800061006000A8
:10D0E00000F0A7000000EA000000E9004F00DE00A9
:10D0F000404798004E4090000004E00004003200D9
:10D10000C142A900C542A800D022A900D422A8008B
:10D11000B70C070067FC0700D442A800CC82A80027
:10D120007268EF007368EF007468EF007628EF0014
:10D130007828EF007A68EF002828EF002A28EF000F
:10D140002C28EF002E28EF003068EF00A0B220005E
:10D150008040EB0001487800790307008303070053
:10D16000A0C0B3008A0307001D0A0700C942A80037
:10D17000C142A900D022A900C542A8004E4090009B
:10D180000004E00002003200D422A80001003700B1
:10D19000D422A900CD82A800CDA2A9004007A900F1
:10D1A0004027A9006040A9006060A9008780A9000D
:10D1B0008780A9009780A9008660A9000060FE0012
:10D1C0008780A9008780A9009780A9008660A900B0
:10D1D0002AFC07005A0307007568EF007268EF0029
:10D1E0000040EB0050479800590B0700D482A8007C
:10D1F00000D0270001002000900C0700B90A0700AA
:10D2000000D02700010020008C0C07008560A900D9
:10D210009560A800C0722C003BFC0700ED040700DD
:10D220000004E0000300320070742C0036FC07009C
:10D230000300370000772C0033FC070028DE0700CE
:10D2400080B2200031C0B3000148780070B22000E5
:10D250008040EB000148780090B12000410C0700AD
:10D26000C0418800B0B120003E0C0700D0418800CA
:10D27000D0B120003B0C0700E0418800EF0407001C
:10D280000004A2000004E00009003200DE040700F0
:10D290000004E00003003200507A2C001AFC070062
:10D2A00005003700207C2C0017FC07000200370027
:10D2B000A07E2C0014FC0700D022A900D422A800D4
:10D2C00000502300C10020005C0C070061FF070034
:10D2D000E24F500001003A006CFF0700C502A800B1
:10D2E00053F307000004E0000300320020812C000B
:10D2F00005FC07000200370090822C0002FC0700AA
:10D300000040EB00004F78001D00370060168000E1
:10D310004C00DE00614060000004A200614060003B
:10D320000080FB00610060004C00DD0061168000A1
:10D3300001C0A10001007000601688006016800026
:10D340004D00DE00614060000004A200614060000A
:10D350000080FB00610060004D00DD006116800070
:10D3600001D0A1000100700060168800002021009B
:10D37000A1072000310C07000060FE001E4FE800EE
:10D380001E407800E94F5000E0FF3600CDA2A90012
:10D39000CD82A900E80047006700470060F9070058
:10D3A0007E4090000004E000050032007FF7070097
:10D3B000B6F90700E80047006700470058F9070082
:10D3C0007E4090000004E0000300320010002000C6
:10D3D00010079800080037000E4890000004E00095
:10D3E000030032000000EB00100798000200370035
:10D3F0002000200010079800CD82A800CDA2A9002F
:10D4000080FA070003FA07000040EB00604798002D
:10D410001E009000E10F500003003A00CD82A900E9
:10D42000CDA2A800050037001E009000E20F5000BA
:10D4300002003200CD82A800CDA2A80000F0290091
:10D4400041022000FD0B07000060FE00D0842C008C
:10D45000ADFB070050872C00ABFB0700F0892C00C8
:10D46000A9FB0700608C2C00A7FB0700008F2C0095
:10D47000A5FB070050922C00A3FB0700C502A900E2
:10D48000030037000000000001003700000000002A
:10D490000060FE0010168000610060000000E000E7
:10D4A00004003A00A0952C0097FB0700CC82A9004D
:10D4B00001003700CC82A8001016800062006000D6
:10D4C0000000E00004003A00D442A900C0972C00FC
:10D4D0008DFB070001003700D442A8001016800021
:10D4E000610060000000E000E6FF3A0010168000D6
:10D4F000620060000000E000E4FF3A00D442A800AF
:10D50000CC82A800D0992C007FFB07001E00900061
:10D51000E10F500003003A00CD82A900CDA2A8007F
:10D52000050037001E009000E20F5000020032009C
:10D53000CD82A800CDA2A800D4FE0700B4FF37001A
:10D540000000FA00D462A80000102700210020008B
:10D55000BA0B0700D462A9000080FA0000000600A0
:10D560000000FA006040A9006060A9008780A9005F
:10D570008780A9009780A9008660A900D4C2A9006D
:10D58000CD02A8000010270021002000AB0B0700EF
:10D59000CD02A90004003700001027002100200060
:10D5A000A60B07000060FE0011168000002020007E
:10D5B000008060000000E000F7FF3200D4C2A80045
:10D5C0001000370000A02600810120009B0B0700FF
:10D5D0000060FE00601680004C00DE0061406000CC
:10D5E0000004A200614060000080FB006100600058
:10D5F0004C00DD006116800001C0A1000100700038
:10D600006016880011168000002020000080600055
:10D610000000E000EBFF3A00CD82A90010003700C7
:10D6200000A0260081012000840B07000060FE009E
:10D63000601680004C00DE00614060000004A20023
:10D64000614060000080FB00610060004C00DD0074
:10D650006116800001C0A100010070006016880002
:10D660001116800000202000008060000000E00013
:10D67000EBFF3200360A07000080FA0000000600C7
:10D680000200FA00CDA2A9000040EB00004F780094
:10D69000110037000060FE0000502300C100200090
:10D6A000660B0700601680004900DE0061406000E4
:10D6B0000004A200614060000080FB006100600087
:10D6C0004900DD00611680000190A100010070009A
:10D6D000601688001E4FE80070CCB3009E407800B2
:10D6E00080CF5000EBFF3600CD22A900D422A80045
:10D6F0002C28EF002E28EF00120037005116800072
:10D7000000402000008060000000E00007003A00B8
:10D71000604180007141800061004000E08048006D
:10D720006041880071418800020037002C28EF001A
:10D730002E28EF0000502300C10020003F0B0700FF
:10D740000060FE0062418000734180009000200074
:10D7500001002000800F5100818F5900E7FF360043
:10D76000100037000060FE0000502300C1002000C0
:10D77000320B0700601680004C00DE006140600044
:10D780000004A200614060000080FB0061006000B6
:10D790004C00DD006116800001C0A1000100700096
:10D7A0006016880051168000004020000080600054
:10D7B0000000E000EBFF3200CD82A900D422A900D6
:10D7C0000080FA00000006000000FA0000E82300D4
:10D7D00001002000190B07000080FA00000006007D
:10D7E0000400FA00000F78001107980011003700BC
:10D7F00000E8230001002000100B07000060FE007D
:10D800001E00900000F0A7000000EA000000E90000
:10D810004F00DE00004078009E0090008100E9008B
:10D82000110798000004E000020032000040EB0005
:10D83000050037001E00780010007800E10F50004E
:10D84000EBFF320010C0B3000080FA0000000600B9
:10D850000800FA0040479800514798006247980036
:10D8600010002000000F7800DE4090002147980053
:10D87000EE409000314798004E4090008080FB00C1
:10D880000E80E8008E0178000101780021C0B3000D
:10D8900099040700210320000E007800D0FF070044
:10D8A0000004E000050032001E007800E20F500086
:10D8B00002003A0010002000010037000000EB00D9
:10D8C000004078000080FA00000006001400FA0012
:10D8D000604F9800714F9800020F980023579800EE
:10D8E00010002000000F78006E4890000081FB00BF
:10D8F000EF0047000E80E8008201780012C0B300FC
:10D90000030507006E4890008080FB000E80E80051
:10D9100066004000810178002E5190008E08900032
:10D92000E30407000E80E8000E0178008000780014
:10D9300020C0B300A2040700210320000E007800DD
:10D94000A7FF07000004E000050032001E00780079
:10D95000E20F500002003A0010C0B3002900370067
:10D9600010002000000F78006E4890008080FB00BF
:10D970006F0047008E0178000101780011C0B300EC
:10D980005D040700210320000E00780094FF0700CB
:10D990000004A2000004E00003003A001E0078002A
:10D9A000E20F5000020032000040EB00150037008B
:10D9B00010002000000F78006E4890000080FB00EF
:10D9C0008E01780000017800AE5090000E089000A3
:10D9D00062040700210320000E00780080FF07008A
:10D9E0000004E000050032001E007800E20F500045
:10D9F00002003A0010002000010037000000EB0098
:10DA0000004078000080FA00000006000400FA00E0
:10DA1000004F7800114798001207980013C0B30018
:10DA20001E0190009E4090001E407800A7FF070056
:10DA30000080FA00000006000200FA000040EB003F
:10DA4000004F7800A4C8BF000E017800F1C0B300F9
:10DA5000EEFF07000004A2000004E0000200320014
:10DA60000040EB00070037009E40780040C4B30040
:10DA700000C068000080FB000000E9004F00DE00ED
:10DA8000004078000080FA00000006000000FA0064
:10DA900080AC200011CAB3000148780080C1B300F7
:10DAA000A4E8B700418A20009140780090AC2000A3
:10DAB00001487800A4C8BF000041EB0001C2B300D8
:10DAC00063FF07000004A2000004E000050032002C
:10DAD000B0AC200001CCB300014878000040EB005E
:10DAE00028003700A4C8BF00C2C0B30011C2B300F1
:10DAF00057FF07000004A2000004E0000500320008
:10DB0000A0AC200021CCB300014878000040EB001D
:10DB10001C003700A4C8BF0042CCB30051C2B30000
:10DB20004BFF07000004A2000004E00005003200E3
:10DB3000B0AC200011CCB300014878000040EB00ED
:10DB400010003700A4C8BF0042C2B30001C2B30036
:10DB50003FFF07000004A2000004E00005003200BF
:10DB6000B0AC200011CCB300014878000040EB00BD
:10DB700004003700C0AC20008040EB000148780072
:10DB800010C0B3000080FA00000006000C00FA008C
:10DB9000300798004107980052079800A4C8BF00BA
:10DBA00063C0B3000E01780081C2B30047FF0700D5
:10DBB0000004A2000004E000020032000040EB007C
:10DBC0002B0037001E4090000080FB00C800DD00E5
:10DBD0001E4078000080FB0001007000800078008B
:10DBE0003E009000010878003E4090000080FB005D
:10DBF000C800DD002E4090000080FB000100700096
:10DC0000800078004E009000010878005E4090008F
:10DC10000080FB00C800DD004E4090000080FB004B
:10DC200001007000800078005E009000010878001C
:10DC30003E00900010007800C280DE003E009000A0
:10DC4000010878004E00900010007800C280DE00CD
:10DC50004E009000010878005E00900010007800EF
:10DC6000C280DE005E0090000108780010C0B300A2
:10DC70000080FA00000006000400FA002047980027
:10DC80000040EB00004F780013C0B3000E01780095
:10DC9000F1C0B3002E4090000CFF07000004E0002C
:10DCA000060032009E40780040C4B30080CF500090
:10DCB00002003A0010002000010037000000EB00D5
:10DCC000004078000080FA00000006000A00FA0018
:10DCD0000060FE0068014700E4004700660047005E
:10DCE000AAFF07000004E00015003200AE0090001B
:10DCF000C04180000080400020079800BE009000D6
:10DD0000D041800000804000300798004E00900015
:10DD10000000EA00400798002E009000E1AA2000D1
:10DD20007F0907003E00900001AB20007C0907003E
:10DD30004E00900021AB2000790907001200370047
:10DD4000E0AA200080C0EB0001487800F0AA200083
:10DD500080C0EB000148780000AB200080C0EB00E1
:10DD60000148780010AB200080C0EB00014878002B
:10DD700020AB200080C0EB000148780030AB2000D1
:10DD800080C0EB00014878004E019000BE0090007A
:10DD90002E0090008E81E800030278008E0178004A
:10DDA000370507001E00780041AB20005C09070022
:10DDB0001E00900061AB2000590907000080FA00A6
:10DDC000000006000200FA000040EB00004F78005F
:10DDD0000040EB00150007000004E00011003200D5
:10DDE000D422A900C542A9000100370000000000AC
:10DDF0000060FE0000502300C10020008F090700D2
:10DE00001E4FE8001E407800FD4F5000F7FF36001F
:10DE100040E7A8004007A8004027A8000060FE00D7
:10DE2000FEFF37000080FA00000006000400FA0040
:10DE3000204798000040EB00004F78000040EB00C6
:10DE400010479800120037001E4FE8000060FE00E7
:10DE5000CD82A800CDA2A90000A02600810120004B
:10DE600076090700CDA2A800CD82A90000502300AA
:10DE7000C1002000710907001E407800E54F5000E6
:10DE80000300360010C0B3001047980005003700AB
:10DE90005116800000402000008060000000E0007B
:10DEA000E9FF32002E4090000004E000050032003F
:10DEB000C542A800D422A800CD82A800CDA2A90006
:10DEC00002003700CDA2A800CD82A9000050230097
:10DED000C100200059090700040037000060FE005F
:10DEE00000502300C1002000540907005116800093
:10DEF00000402000008060000000E000F7FF3200DA
:10DF000000502300C10020004C0907000400370026
:10DF10000060FE0000502300C100200047090700F8
:10DF20005116800000402000008060000000E000EA
:10DF3000F7FF32001E4090000080FA00000006004B
:10DF40000000FA000A21EF00F009200070088800A4
:10DF500000002800900888008E21EF008C21EF003F
:10DF60009021EF000080FA00000006000000FA0097
:10DF7000E0002000800C88000080FA00000006000D
:10DF80000000FA009021EF000080FA000000060077
:10DF90000200FA00004F780000CAB3009E407800EB
:10DFA00080CF50000200360000CAB300004F780056
:10DFB0001E80FB00600C88000080FA000000060054
:10DFC0000200FA00CD82A900CDA2A8000060FE00E8
:10DFD00023C0B3000E01780091C0B30060C3B3004A
:10DFE0003AFE07000060FE009E40900020AB20003B
:10DFF000014878009E40780030AB2000014878004E
:10E00000CD82A800CDA2A9000080FA000000060081
:10E010000000FA00CD82A900CDA2A8002BFF0700C6
:10E02000CD82A800CDA2A9000080FA000000060061
:10E030000400FA00204798000040EB00004F7800F1
:10E040000500370000A0260081012000FB08070022
:10E050000060FE001E4FE8002E4090009E407800B9
:10E0600080CF5000F7FF39000080FA000000060062
:10E070000A00FA0030079800410798000080EB0082
:10E08000000F78000000EB00100798001F00370019
:10E09000BE0090001E0090000080400010407800FC
:10E0A0000080FB004800DD001E0F68000040EB0010
:10E0B000404798000F0037001E0078000000E00085
:10E0C00006003D001E00780000004000800078003F
:10E0D00010022100008F6800030037001E00780046
:10E0E00000004000000F78004E4090000040E80023
:10E0F000404798004E409000E74F5000EEFF36003A
:10E100001E0090000000E800100798009E0090009C
:10E110004E009000808F5000DDFF39001E00780017
:10E120000080FA00000006000600FA00008FBE0022
:10E13000220798002E0090008000EB003E01400076
:10E14000AE8148000200BE00D60307000080FA003E
:10E15000000006001A00FA00100F9800210F980026
:10E16000320F9800430F98000001EB001E0890004A
:10E17000AE089000ECFF0700100798009E0090008A
:10E18000305C2A00808F5000020032000040EB001B
:10E190004C003700220020001E089000AE089000BE
:10E1A000E1FF07008000EB0020079800310798008E
:10E1B000420020001E089000AE089000DAFF070021
:10E1C0008000EB0040079800510798006200200093
:10E1D0001E089000AE089000D3FF0700600798006B
:10E1E000820020001E089000AE089000CEFF0700BD
:10E1F00070079800EE00900000202000808F5000F3
:10E20000020032000040EB002E0037000000EB005F
:10E21000000F7800140037009E00780070804000E6
:10E22000000178001E089000AE089000BEFF0700B5
:10E23000000F98003E0890001E0040008E089000DD
:10E2400081407800014878001E00E800BE08900078
:10E25000008040008E089000C808DE0081407800F1
:10E26000014878001E8FE800F01F20009E00780013
:10E27000808F5000E8FF3600012020003E0890000B
:10E280007BFF0700FE009000810F5000020032006B
:10E290000040EB000B0037004E009000DE009000C5
:10E2A000C001DD00020020002E009000BE009000A2
:10E2B00000007100818071004E0990000089BE004D
:10E2C00010C0B3000080FA00000006000A02FA0045
:10E2D0006000B80010079A0021079A006000B8009B
:10E2E00030079A0041079A00212020008E804000CC
:10E2F0000E80E800810178000001780000002A000B
:10E300000100200093FF0700004F780060202000EC
:10E310000E00400080017800A28A200000402A0000
:10E32000010020008BFF0700104798001E40780076
:10E330000004E0001D0032001E4090000004A20016
:10E340000004E00009003A001E019200AE019200B4
:10E350003E009200CE0092000000510081805900E2
:10E36000E00F5000E08F5800100034000E80E800ED
:10E370000220200080007800A08A200094E207009C
:10E3800000002A0001002000204488003144880059
:10E390001E009200AE009200404488005144880064
:10E3A00010C0B3008CE8B700190037001E40900081
:10E3B0000004E0000B00320000402A0001002000B1
:10E3C00020448800314488003E009200CE00920034
:10E3D000404488005144880010C0B3008CE8B70066
:10E3E0000B003700022020008000EB00A08A2000F4
:10E3F0007EE2070000402A0001002000204488003F
:10E40000314488008828EF008A28EF008C68EF00EC
:10E4100001202000A08A200015FF0700704488001A
:10E420008CC8BF000080FA00000006000200FA005D
:10E43000000F7800F01F20009E007800808F5000B1
:10E4400004003E00A08A20001E004000104078001A
:10E45000010037000040EB000080FA0000000600D9
:10E460000400FA00000F780021479800F01F2000F8
:10E470009E007800808F500004003E00A08A20009B
:10E480001E004000AE409000014878000080FA0075
:10E49000000006000600FA00000F7800110798003F
:10E4A00022079800F01F20009E007800808F500007
:10E4B00015003E001E0078006101B8002E0090009B
:10E4C0008000EB0002014000838148000020200012
:10E4D00001002000800F5100818F59000300360099
:10E4E000002020001E00500020079800A08A200075
:10E4F0001E0040002E019000800078001E00900059
:10E5000033E2070001003700000000000080FA003D
:10E51000000006000600FA00000F780011079800BE
:10E5200022079800F01F20009E007800808F500086
:10E5300014003E001E0078006101B8002E0090001B
:10E540008000EB0002014000838148000020200091
:10E5500001002000800F5100818F59000300360018
:10E56000002020001E00500020079800A08A2000F4
:10E570001E0040002E0190009E00900014E2070053
:10E5800001003700000000000080FA0000000600D3
:10E590000000FA008CC8BF000004A2000004E000E4
:10E5A00006003A0001202000A08A2000B0FE0700EB
:10E5B00071448000810F50000200320010002000E2
:10E5C000010037000000EB00004078000080FA00F6
:10E5D000000006000200FA003CFF0700004F780030
:10E5E0001E4078000004E000040032000210200009
:10E5F000A18A2000A0AA2000F5E107001E407800B3
:10E600000080FA00000006000000FA000B0007007E
:10E610000004E0000200320010C0B3000500370023
:10E6200002102000A1AA2000A08A2000E8E1070033
:10E63000140007000080FA00000006000000FA0045
:10E640008CC8BF000004A2000004E00002003200F9
:10E650000040EB000900370002102000A1AA2000B2
:10E66000A08A2000CCE1070000F0A7000000EA002B
:10E670000000E9004F00DE00004078000080FA0052
:10E68000000006009602FA006000B800108F9A00A1
:10E69000218F9A00224480003344800000002A0029
:10E6A00001002000800F5100818F590003003A00C3
:10E6B00000402A00010020000200370000002A006C
:10E6C0000100200020079800310798004044800096
:10E6D0005144800061004000E080480040079800FD
:10E6E0005107980001202000A08A200060FE07004A
:10E6F0006007980050052000A10A20004A02070088
:10E700002E009000BE0090006C0207000004A200E2
:10E710000004E00003003200480207000040EB0064
:10E72000B10037000000EB00000F78007F003700D9
:10E730000000EB0010079800680037001E0078000A
:10E74000C600DD001E009000008040000000400078
:10E75000700798007E009000EF0F50003D003E00D3
:10E760007E009000E40F50001A003200E40F5000C9
:10E7700005003E000000E00008003200E20F5000FB
:10E780000D0032002C003700E60F50001B00320055
:10E79000E80F500020003200270037001E009000D4
:10E7A000000040000000470072004000315C2A0079
:10E7B0000108780046003700CE0090001E0090004F
:10E7C000000040000000470072004000010878008F
:10E7D0003F0037004E009000DE0090004008DE0051
:10E7E000800078001E0090000000400000004700FC
:10E7F0007200400001087800350037001E009000CC
:10E80000000040000000470072004000012020008E
:10E81000010878002E0037001E0090000000400024
:10E820000000470072004000EE00900001087800F0
:10E8300000000000260037001E009000000040008D
:10E8400000004700720040008080EB000108780063
:10E850001F0037007E00900070005000000F9800ED
:10E860008E089000F01F2000808F500012003E00A4
:10E87000A18A20000E08900000804000104078001F
:10E880008080FB000E0890000000E800A28A2000B3
:10E89000624078000080FB004800DD0081007000CD
:10E8A0001E00900000004000000047007200400081
:10E8B00001087800060037001E00900000004000AC
:10E8C00000004700720040008080EB0001087800E3
:10E8D0001E0090000000E800100798009E009000C5
:10E8E000F0032000808F500094FF36001E00780057
:10E8F0004700DD006101B8002E009000BE009000CE
:10E900000200400083804800720147003C0207007B
:10E910000004A2000004E00003003200C701070069
:10E920000040EB00300037001E0FE8001E007800AA
:10E93000E40F50007EFF3600C001070021292000AF
:10E940008E804000200920000E00400081017800E8
:10E95000000178002E009000BE009000FDFD070031
:10E960000004A2000004E000020032000040EB00BE
:10E970001D0037001E899200AE8992004E00900063
:10E98000DE009000800F5100818F590007003A008F
:10E99000200920000E00400002202000A18A200053
:10E9A000FDE007000000E000020032000040EB0044
:10E9B0000D0037002E019000BE0190002244880017
:10E9C000334488004E019000DE01900042448800EC
:10E9D0005344880010C0B3008CE8B700EE019000EB
:10E9E0007344880010C0B3000080FA0000000600E5
:10E9F0000000FA0020842000A1BA20001100980035
:10EA000020842000A1BA2000010878002084200082
:10EA1000A00090000110A000210098002084200098
:10EA2000A00090000100A100210098002084200097
:10EA30008040EB0061409800F0312000A010880079
:10EA400000002800B01088001822EF008A40A900BA
:10EA50008A20A9009A40A8009A20A8000080FA0005
:10EA6000000006000200FA0020842000E040900030
:10EA7000014F78001E4078000080FA000000060078
:10EA80000000FA007042800066004000704288007A
:10EA90004CC8BF000040E9004CE8B7004CC8BF00BC
:10EAA0000004E00003003A004000200050428800CB
:10EAB0000200370010002000504288000080FA0059
:10EAC000000006000200FA00000F78001642A800BD
:10EAD00080428000200090000000E000030032002F
:10EAE00080428000200090001E0878004A28EF0035
:10EAF0000080FA00000006000800FA00000F78000D
:10EB000021479800220798003307980020842000AE
:10EB100020009000610060000000E0000A003A0060
:10EB2000AE0190002E4190009E00780080BC200035
:10EB3000770007003E01900081BC200010C0B300A8
:10EB40001F000700030037003E0090008000EB002C
:10EB5000010878000080FA00000006000800FA00B2
:10EB6000000F78002147980022079800330798008B
:10EB70002084200020009000610060000000E00080
:10EB80000A003A00AE0190002E4190009E007800ED
:10EB900020BC2000460007003E01900021BC200060
:10EBA00010C0B30006000700030037003E009000CD
:10EBB0008000EB00010878000080FA0000000600E9
:10EBC0000600FA00004F780011079800220798000D
:10EBD0002084200020009000610060000000E00020
:10EBE0002E003A002E00900011002000010878004D
:10EBF00020842000100078009E00900011009800F2
:10EC000020842000100078001E4878002084200016
:10EC100010007800AE0090002100980020842000B1
:10EC200010007800E60040002084200001087800F1
:10EC3000208420009000780020BC2000808F5000AD
:10EC400003003A0020842000A1BA200001087800C7
:10EC500020842000A00090000110A1002100980055
:10EC60002084200090009000208420001000780074
:10EC7000808F500004003A0020842000A000900003
:10EC80000100A00021009800504280000000E00038
:10EC900005003A008A40A800030037002E009000CB
:10ECA0008000EB00010878000080FA0000000600F8
:10ECB0000800FA00000F78001107980042479800FA
:10ECC000330798003E00900000004000800078006C
:10ECD0001E007800010878001E00780010007800FF
:10ECE000800078000100A0001E0078000108780074
:10ECF0001E007800CE409000214098001E00780051
:10ED00009E009000210098000080FA00000006009C
:10ED10000800FA00000F7800110798004247980099
:10ED2000330798003E00900000004000800078000B
:10ED30001E007800010878001E007800CE40900088
:10ED4000214098001E0078009E009000210098004D
:10ED50000080FA00000006000000FA002084200075
:10ED6000200090006200600000F0A7000000EA00B0
:10ED70000000EA004F00DE00004078000080FA004A
:10ED8000000006000000FA0020842000200090000F
:10ED90006100600000F0A7000000EA000000EA0047
:10EDA0004F00DE00004078000080FA0000000600FE
:10EDB0000000FA0000002800301088000822EF0050
:10EDC00000052000250007000000EB001D000700E3
:10EDD0005A28EF000000EB00060007000000EB00DF
:10EDE0000A0007008600A9009600A8000080FA002B
:10EDF000000006000200FA00000F78009E00780074
:10EE0000F14288000080FA00000006000200FA00CB
:10EE1000000F78009E007800E14288000080FA0030
:10EE2000000006000000FA00F04280000080FA00B6
:10EE3000000006000000FA00E04280000080FA00B6
:10EE4000000006000200FA00000F78009E00780023
:10EE5000611088000080FA00000006000200FA003D
:10EE6000000F7800F00720009E007800808F50008F
:10EE7000020036000742A800010037000742A9003F
:10EE80005A28EF009E007800511088000080FA0098
:10EE9000000006000200FA00000F78001E00780053
:10EEA000E10F500012003200E10F50000300390062
:10EEB000E20F500015003200570037006043800019
:10EEC000A1AA2000810040000000E8006043880003
:10EED00001007800C7FF070061438000F00F2000A9
:10EEE000808F5000470036006C28EF004A00370042
:10EEF0006E28EF0010C0B30095E8B7006A68EF0015
:10EF000040892000C1FF07004300370095C8BF00BB
:10EF10000004E0001C003200704380000000E000AC
:10EF200008003A0094C8BF000080FB004800DD00E4
:10EF300060438800704380000000E8007043880050
:10EF40000A00370070438000E10F500007003A00CC
:10EF500094C8BF008080FB00604380000100700007
:10EF6000604388006E28EF009568EF0061438000E1
:10EF7000F00F2000808F5000240036000010200089
:10EF800060438800240037006AC8BF000004E00026
:10EF900002003A00604380003043880061438000F3
:10EFA000F0072000808F50000A0036006043800088
:10EFB0004289200012417800A1AA200082707800C6
:10EFC0006AC8BF000004E00002003A00604380000D
:10EFD00030438800604380000000E8006043880000
:10EFE0006AC8BF000040E8006AE8B70061438000DB
:10EFF000F00F2000808F5000060036006C28EF00D4
:10F00000050037000000000003003700000000008A
:10F01000010037000000000010C0B3000080FA00BB
:10F02000000006000000FE0062C220000019780007
:10F0300001097800000006000000FE000000EB005F
:10F040008000EB00F8FF07006627EF0000000600D5
:10F050000000FE00801F7800811F780061C2200040
:10F060000600FC0031007800303B88001100780079
:10F07000303B880061E7A8000000000000000000AD
:10F08000CF0078004F007800000006009201800059
:10F09000910188009080BA001000BA0092018800A7
:10F0A0000000060092018000910188001000BA0063
:10F0B00092018800000006000000FE0061E7AF003A
:10F0C000FEFF3700F23F2000000161000C003A0013
:10F0D00022042400023B88009201800091018800F4
:10F0E0000008BB002A7802000000000061E7AF00C2
:10F0F000FEFF3700920188001000200061A7AF00DA
:10F10000000020000000060061E7AF00FEFF3700AE
:10F110000000A7000D0037009401800091018800D5
:10F1200031002400013B88000208BB000388BB00BB
:10F130002A7802000000000061E7AF00FEFF370000
:10F14000940188001000200061A7AF00000020009B
:10F150000000060061E7AF00FEFF37000000A700D7
:10F160000E00370033002400033B88009301800029
:10F17000910188000208BB00F20F20000288BB004A
:10F180002A7802000000000061E7AF00FEFF3700B0
:10F19000930188001000200061A7AF00000020004C
:10F1A0000000060061E7AF00FEFF3700F307200014
:10F1B0008081610010003A0013002400033B8800A6
:10F1C0009301800091018800040420003208BB00F4
:10F1D0003298BB001400B100FCFF3A002A7802000C
:10F1E0000000000061E7AF00FEFF370093018800D8
:10F1F0001000200061A7AF00000020000000060002
:10F2000061E7AF00FEFF3700F30720008081610057
:10F2100011003A0013002400033B88009301800092
:10F220009101880004042000F10F20003208BB0087
:10F230000198BB001400B100FCFF3A002A780200DC
:10F240000000000061E7AF00FEFF37009301880077
:10F250001000200061A7AF000000200000000600A1
:10F26000F23F2000000061000000060002C02F00F5
:10F2700000006100F2FF2F00810061000000060025
:10F280002600FA00889FBE00600F9800710F98005A
:10F290000217980013179800241798006E08900022
:10F2A000CF80DE00C9D907004007980051079800B9
:10F2B0007E089000CF80DE00C4D907006007980068
:10F2C000710798000E109000CF80DE00BFD90700B4
:10F2D000000F9800110F98000E0990009E099000F1
:10F2E0006E009000FE00900033DC070002EE22006A
:10F2F00053262400C8DA0700200F9800310F980029
:10F300006E019000FE0190006E009000FE009000E3
:10F31000C1DA07000004BE000E0990009E099000AB
:10F320000E0890009E089000BBDA07000001BE00A6
:10F330000800BE00D3D907000DDE07004E01900083
:10F34000DE0190000202BE0005F0A2000001BE0036
:10F350000400BE0018DC070002EE22005326240041
:10F36000ADDA0700400F9800510F980012B6200048
:10F37000632324002E089000BE089000A6DA070040
:10F38000A8DD0700008FBE0012B620006323240012
:10F390004E089000DE0890009FDA0700A1DD07000C
:10F3A0002007980031079800F0FF2100010020009D
:10F3B0001E01BE00800F5100818F590003003400F0
:10F3C000F0FF210001002000008FBE0000002E0091
:10F3D000F1FF2F001E01BE00800F5100818F5900E8
:10F3E00003003D0000002E00F1FF2F00008FBE0043
:10F3F0002E019000BE019000F0FF210001002000CE
:10F40000800F5100818F590004003400F0FF21006B
:10F410000100200020079800310798002E0190007D
:10F42000BE01900000002E00F1FF2F00800F510060
:10F43000818F590004003D0000002E00F1FF2F00D5
:10F4400020079800310798002E009000BE00900021
:10F4500060001000E0801800200798003107980035
:10F46000AE0090001E109000010878009E00780009
:10F470002E109000010878004F04BE000080FA00B2
:10F48000000006000000FA000621EF0030422F00C5
:10F4900060088800000328008008880084E0A90034
:10F4A00094E0A800C0C220008040EB000148780032
:10F4B0000080FA00000006000000FA00210480002D
:10F4C00000102000008060000000E0000900320011
:10F4D000D0C22000104078008040E800D0C2200058
:10F4E00001487800C0C2200011C0B3000148780074
:10F4F0008500A9000080FA00000006000400FA0060
:10F50000008FBE001E007800600888001E00BE004C
:10F510004008DE0000007800700888000080FA00D3
:10F52000000006000400FA000080EB008080EB0081
:10F53000008FBE00700880008000EB00C001DD007D
:10F5400002002000600880008000EB00001F7100B6
:10F55000019771001E00BE000080FA000000060046
:10F560000400FA00008FBE001E00BE004008DE004E
:10F5700000007800400888001E00780030088800ED
:10F580000080FA00000006000800FA000080EB008E
:10F590008080EB00008FBE003108800021079800BA
:10F5A00041088000310798003E0090008000EB0089
:10F5B000C001DD00020020002E0090008000EB0062
:10F5C000001F7100019771001E00BE000080FA004C
:10F5D000000006000000FA00C0C220008040EB00DE
:10F5E0000148780011E1A8000080FA000000060040
:10F5F0000000FA0011E1A9000080FA0000000600F6
:10F600000200FA00C0C22000104F78001E407800AF
:10F610000004E00003003200C0C220008040EB0084
:10F62000014878001E4078000080FA0000000600C3
:10F630000000FA00D0C22000104078000080FB00DB
:10F640000080FA00000006000000FA00D0C220008E
:10F650008040EB00014878000080FA0000000600BE
:10F660000000FA001821EF00400F2000E008880099
:10F670001421EF00F03F2200D0088800800028000D
:10F68000F00888001FE1A9006000B8001D00070015
:10F690008780A9009780A8000080FA00000006007B
:10F6A0000400FA00008FBE001E007800D008880019
:10F6B0001E00BE004008DE0000007800E008880060
:10F6C0000080FA00000006000400FA000080EB0051
:10F6D0008080EB00008FBE00E00880008000EB001F
:10F6E000C001DD0002002000D00880008000EB0097
:10F6F000001F7100019771001E00BE000080FA001B
:10F70000000006000400FA00008FBE001E00BE00CC
:10F710004008DE0000007800B00888001E00780075
:10F72000A00888000080FA00000006000800FA0027
:10F730000080EB008080EB00008FBE00A1088000FD
:10F7400021079800B1088000310798003E00900022
:10F750008000EB00C001DD00020020002E009000C0
:10F760008000EB00001F7100019771001E00BE00B9
:10F770000080FA00000006000000FA000080FA0095
:10F78000000006000200FA00000F78009780A90030
:10F790009E007800114588009780A8000080FA003C
:10F7A000000006000000FA00E0C220008040EB00EC
:10F7B000014878001FE1A8000080FA000000060060
:10F7C0000000FA001FE1A9009780A9000080FA005C
:10F7D000000006000200FA00E0C22000104F78008E
:10F7E0001E4078000004E00003003200E0C2200068
:10F7F0008040EB00014878001E4078000080FA004D
:10F80000000006000000FA00F0C22000104078005E
:10F810000080FB000080FA00000006000000FA00F3
:10F82000F0C220008040EB00014878000080FA0020
:10F830000000060090080000040000000000000026
:10F840009C08000002000000000000009E0800006C
:10F8500002000000000000002A0C0000020000006E
:10F8600000000000A00800000200000000000000EE
:10F870002C0C000002000000000000002E0C000014
:10F880000200000000000000A208000002000000CA
:10F8900000000000AA0B000024000000000000008F
:10F8A000420800001800000000000000AA0A000042
:10F8B00000010000000000005A08000018000000CD
:10F8C0000000000094080000040000000200000096
:10F8D000AA01010000000000A408000002000000CE
:10F8E0000200000019000000260800001C000000B3
:10F8F00000000000000800002600000000000000DA
:10F90000720800001200000000000000CE0B000092
:10F910002000000000000000A60800000200000017
:10F92000000000000E0C00001000000002000000AB
:10F93000B024EA0024F82400FE246400256A25008F
:10F9400004252200250000001E0C00000800000015
:10F950000000000098080000040000000000000003
:10F96000AA08000000020000000000008408000057
:10F970000C00000000000000260C00000400000045
:10F9800002000000FFFFFF00FF000000EE0B000080
:10F9900020000000020000003863ED003EDA0F0096
:10F9A000493F5E00987B3F00DA0FC9003F6937008E
:10F9B000AC31680021223300B40F140033682100F9
:10F9C000A2330000300C0000020000000000000024
:10F9D000A808000002000000000000000000000075
:10F9E0000000FA00A668EF00A768EF000080FA00A8
:10F9F000000006000400FA002047980031479800F4
:10FA0000A6C8BF000040E800674F6000A7C8BF005D
:10FA10009E40780080CF500003003A007E08A90085
:10FA20000040EB001E0037000E00E80000017800E7
:10FA3000BE4090002E409000B60107000004A200D6
:10FA40000004E000020032000040EB001400370028
:10FA5000A6C8BF000080FB009E4090008180FB0094
:10FA60004201DD00E0BC20000000410001087800F8
:10FA7000A6C8BF000080FB00C200DD0000BD200062
:10FA800000804000BE409000014878009E40780011
:10FA9000628A2000014978007E08A80010C0B300E7
:10FAA0000080FA00000006000200FA00000F780053
:10FAB000718A200091407800A6C8BF0080CF500016
:10FAC00003003A007E08A9000040EB001C0037004C
:10FAD000A7C8BF000080FB00C200DD00E0BC200022
:10FAE00000804000900078001E0078000108780037
:10FAF000A7C8BF000080FB004200DD008080E80056
:10FB0000E0BC200000804000904078001E0078009B
:10FB100021409800A7C8BF000040E800674060008F
:10FB2000A7E8B700718A200091407800A6C8BF00FE
:10FB300080CF500001003A007E08A90010C0B30039
:10FB40000080FA00000006000000FA00718A200020
:10FB500091407800A6C8BF0000C068000080FB008C
:10FB60000000E9004F00DE00004078000080FA004D
:10FB7000000006000000FA000021EF00000028004D
:10FB80001008880000022800200888000045800036
:10FB90000000E00002003A0020E1270024000700F6
:10FBA0008460A9009460A800A0C220008040EB00FF
:10FBB000014878000080FA00000006000200FA0008
:10FBC000000F78009E00780011088800A0C2200075
:10FBD0008040EB00014878000080FA000000060039
:10FBE0000000FA00100880000080FA000000060003
:10FBF0000200FA00000F78009E00780001088800DB
:10FC0000A0C220008040EB00014878000080FA008C
:10FC1000000006000000FA00000880000080FA00E2
:10FC2000000006000000FA000080FA000000060054
:10FC30000200FA00000F78009460A9009E0078008E
:10FC4000014588009460A8000080FA0000000600CA
:10FC50000000FA00A0C220008040EB0001487800BC
:10FC60009460A80005E1A8000080FA0000000600EA
:10FC70000000FA0005E1A9009460A9000080FA00E4
:10FC8000000006000200FA00A0C22000104F780019
:10FC90001E4078000004E00003003200A0C22000F3
:10FCA0008040EB00014878001E4078000080FA0098
:10FCB000000006000000FA00B0C2200010407800EA
:10FCC0000080FB000080FA00000006000000FA003F
:10FCD000B0C220008040EB00014878000080FA00AC
:10FCE000000006000000FA008000200000118800DB
:10FCF0002222EF00200220004011880021E2A8000B
:10FD00002342A8000080FA00000006000000FA006C
:10FD10000000000010118000610060000000E000A1
:10FD2000FCFF320010118000620060000000E00063
:10FD3000010032002222A90030118000004078002A
:10FD40000080FA00000006000200FA00004F780070
:10FD500000000000111180000020200000806000E1
:10FD60000000E000FBFF3A001E80FB00201188002D
:10FD70000080FA00000006000000FA001011800068
:10FD800000407800614060000080FB0000F0A700A8
:10FD90000000EA000000EA004F00DE0000407800AA
:10FDA0000080FA00000006000000FA001111800037
:10FDB00000202000008060000000E00007003A0002
:10FDC0001111800000402000008060000000E00071
:10FDD0000200320010002000010037000000EB009C
:10FDE000004078000080FA00000006000000FA00E1
:10FDF000101180004800DE00614060000080FB00C0
:10FE000000F0A7000000EA000000EA004F00DE005A
:10FE1000004078000080FA00000006000000FA00B0
:10FE2000101180000080FA00000006000000FA00B7
:10FE300021E2A8002342A8000080FA00000006008A
:10FE40000000FA0021E2A9002342A9000080FA0084
:10FE5000000006000000FA00C422EF00CC22EF00F0
:10FE6000D422EF007029200000168800F04E2400F4
:10FE700040168800103A200080168800C982A90028
:10FE80006820EF006A20EF006A00A8006AA0A800BE
:10FE9000C622EF00CE22EF00D622EF00F0FF2100B5
:10FEA00060198800113A8000F00B2000008160008A
:10FEB0006004200071052000237420008049780030
:10FEC000814978008249780051368000F00F2E0079
:10FED00080806000004021000100700050368800E2
:10FEE000A136800000FE2F00008060003000B300CB
:10FEF000A03688002135800000FE2F0000806000C1
:10FF00005001B30020358800103A800000017800CD
:10FF10000260A0006004200071052000237420000E
:10FF20008049780081497800824978006040A900C2
:10FF30006060A9006200A900A00F2800100007005F
:10FF40008660A9009660A8000080FA000000060004
:10FF50000000FA006040A8006060A900A00F28001F
:10FF6000070007008660A9009660A8000080FA00DC
:10FF7000000006000000FA000080FA000000060001
:10FF80000200FA00000F78009660A9009E00780039
:10FF9000E14488009660A8000080FA000000060096
:10FFA0000200FA00000F78001E007800F4FF07003E
:10FFB0000080FA00000006000000FA008021EF0037
:10FFC0008221EF00E0002000200C8800200C80003F
:10FFD00000407800674060000080FB00F04488002B
:10FFE0000080FA00000006000000FA000080FA001D
:10FFF000000006000000FA00200480006400600099
:020000040001F9
:100000000000E00002003200F7FF07008440A90072
:100010000080FA00000006000000FA00F0448000B2
:1000200000407800674060000080FB0067006000CF
:10003000220C800081FF2F00810061000100700010
:10004000200C88000080FA00000006000000FA0082
:10005000210C800080FF2F0000806000200C8800B1
:100060000080FA00000006000200FA00000F78008D
:100070009E007800010C88000080FA000000060055
:100080000200FA00000F78009E007800110C880032
:100090000080FA00000006000000FA002004800042
:1000A0004200DE00614060000080FB0000F0A7001D
:1000B0000000EA000000EA004F00DE000040780087
:1000C0000080FA00000006000400FA001007980003
:1000D0001E0090000000E0000A003A00200C8000A2
:1000E0004400DE00614060000080FB0000F0A700DB
:1000F0000000EA000000EA004F00DE00004F780038
:1001000001003700000000001E4078000080FA0067
:10011000000006000600FA002047980031479800CA
:10012000220798000040EB00004F780011003700D4
:100130001E80FB0021F32C00E14078002E4090004F
:1001400080CF50000A003A001E80FB00A1F32C0073
:10015000E14078003E40900080CF500004003A001B
:100160002E0090001E48780010C0B3000500370034
:100170001E4FE8001E407800E74F5000ECFF3600AD
:100180000040EB000080FA00000006000600FA00C4
:10019000004F780011079800220798001E40780051
:1001A000E84F5000020036000040EB000B00370023
:1001B0001E80FB0021F32C00E14078001E0090001F
:1001C000014878001E80FB00A1F32C00E14078007C
:1001D0002E0090000148780010C0B3000080FA00A3
:1001E000000006000000FA008660A9000080FA0006
:1001F000000006000000FA006000B80041FD0700A2
:1002000068FD07006040A900F9FC07008780A9008D
:100210009780A800E011280059FF070010C0B30024
:1002200072E8B70010C0B30073E8B7006060A800C0
:100230008660A9000080FA00000006000000FA00B5
:100240005FFD070039FD0700B0438800C143880007
:100250006060A900A00F280049FF070010C0B3008C
:1002600074E8B70010C0B30072E8B7006040A8009F
:100270008780A9009780A9008660A9000080FA0005
:10028000000006000000FA0010C0B3007CE8B700D0
:100290008660A9000080FA00000006000000FA0055
:1002A00061058000F0FF28000080600000C0A00011
:1002B000600588006105800080FF2F0000806000DD
:1002C0000000A00060058800E1058000F08F2F008D
:1002D000008060000090A000E0058800810580009B
:1002E000F0FF28000080600000C0A00080058800AA
:1002F0009105800080FF2F00008060000000A000BA
:100300009005880021058000F0FF28000080600033
:1003100000C0A000200588000080FA000000060050
:100320000600FA0010079800210798009E00900030
:10033000010F78001E007800804078002E009000A9
:10034000014878002E0090000000E8009E00780030
:10035000C808DE0081407800014878000080FA007B
:10036000000006000200FA00000F78001E0078006E
:10037000104078008080FB001E00E80010407800EC
:100380000080FB004800DD00010070000080FA00E2
:10039000000006000000FA0000102300203A880048
:1003A0004827EF007027EF007227EF007427EF0057
:1003B0002200200080072000A109200033742000C3
:1003C0008049780081497800824978000001EB007B
:1003D000600420007105200023742000804978000B
:1003E00081497800824978000080FA000000060008
:1003F0000000FA0097FE0700C142A900C542A8000C
:10040000003A8000610060000000E00002003A0055
:10041000D022A900D422A800DEFF07009FFF07001A
:100420008FFC070017FC070071F9070060FA07004E
:10043000D0FD07000080FA0000000600F03FB10088
:100440000180B10006003500EE0309000000000045
:10045000403FB1000180B100FBFF3D001000B00043
:10046000203FB000020035000080090000000000BD
:10047000000006000000FA000080FA0000000600FC
:00000001FF
